X_cm-1,subtracted_Y,subtracted_E,pureMeOH_raw_Y,pureMeOH_raw_E,emptyAlcan_Y,emptyAlcan_E
-2.010340000000000060e+01,5.662179999999999297e-03,3.144103410688172794e-03,8.391759999999999844e-03,3.034409999999999972e-03,2.729580000000000114e-03,8.232509999999999958e-04
-1.998239999999999839e+01,1.127293999999999866e-02,3.899289852911809115e-03,1.296959999999999953e-02,3.845809999999999854e-03,1.696660000000000008e-03,6.435889999999999667e-04
-1.986139999999999972e+01,4.949310000000000168e-03,2.826624882386235497e-03,6.700580000000000251e-03,2.748510000000000016e-03,1.751270000000000084e-03,6.599250000000000081e-04
-1.974040000000000106e+01,3.651920000000000339e-03,2.693082041127043032e-03,5.794040000000000301e-03,2.591940000000000043e-03,2.142119999999999962e-03,7.311210000000000495e-04
-1.961939999999999884e+01,-8.732900000000000905e-04,1.893378130426143875e-03,2.352449999999999854e-03,1.663970000000000076e-03,3.225739999999999944e-03,9.033739999999999739e-04
-1.949849999999999994e+01,1.037603999999999957e-02,4.065699574750327935e-03,1.371750000000000053e-02,3.963669999999999867e-03,3.341460000000000090e-03,9.051149999999999560e-04
-1.937750000000000128e+01,4.778299999999999215e-03,3.085310006777924972e-03,7.819929999999999243e-03,2.957679999999999858e-03,3.041630000000000028e-03,8.782180000000000542e-04
-1.925649999999999906e+01,2.924290000000000396e-03,2.907567966862339547e-03,6.707000000000000288e-03,2.739000000000000115e-03,3.782709999999999892e-03,9.756180000000000364e-04
-1.913550000000000040e+01,4.417449999999999849e-03,2.948061823270502636e-03,6.942130000000000349e-03,2.837140000000000148e-03,2.524680000000000066e-03,8.010650000000000019e-04
-1.901450000000000173e+01,9.055199999999999361e-04,2.796170707467625013e-03,5.732339999999999831e-03,2.567219999999999832e-03,4.826819999999999895e-03,1.108129999999999922e-03
-1.889349999999999952e+01,8.325209999999999555e-03,3.692589272711087681e-03,1.134049999999999989e-02,3.588449999999999973e-03,3.015289999999999897e-03,8.707710000000000016e-04
-1.877260000000000062e+01,5.055419999999999706e-03,2.969441447756800134e-03,7.155919999999999642e-03,2.878050000000000053e-03,2.100499999999999937e-03,7.310339999999999807e-04
-1.865159999999999840e+01,6.371899999999999786e-03,3.332233542169725764e-03,9.024249999999999286e-03,3.232319999999999898e-03,2.652349999999999933e-03,8.098689999999999535e-04
-1.853059999999999974e+01,5.983799999999999189e-03,3.118762157463117815e-03,8.024089999999999348e-03,3.034129999999999900e-03,2.040290000000000159e-03,7.216180000000000424e-04
-1.840960000000000107e+01,9.527809999999999405e-03,3.946675758919270492e-03,1.281279999999999919e-02,3.839899999999999824e-03,3.284989999999999785e-03,9.118210000000000507e-04
-1.828859999999999886e+01,1.788108000000000058e-02,4.894180345010694204e-03,2.038819999999999869e-02,4.829439999999999948e-03,2.507119999999999835e-03,7.934170000000000372e-04
-1.816760000000000019e+01,5.033730000000000149e-03,3.358564929400651138e-03,9.056599999999999720e-03,3.204250000000000067e-03,4.022869999999999571e-03,1.006350000000000040e-03
-1.804670000000000130e+01,8.509840000000001153e-03,4.158239689868779496e-03,1.382040000000000005e-02,3.993280000000000093e-03,5.310559999999999760e-03,1.159599999999999997e-03
-1.792569999999999908e+01,6.701780000000000063e-03,3.553486285287309199e-03,1.025910000000000016e-02,3.424289999999999973e-03,3.557320000000000100e-03,9.494749999999999718e-04
-1.780470000000000041e+01,1.209049000000000235e-02,4.469773601928849448e-03,1.663780000000000120e-02,4.340179999999999906e-03,4.547309999999999720e-03,1.068509999999999946e-03
-1.768370000000000175e+01,8.489999999999999283e-04,2.954484435599551498e-03,6.226240000000000073e-03,2.710390000000000021e-03,5.377240000000000145e-03,1.175910000000000063e-03
-1.756269999999999953e+01,1.143637999999999946e-02,4.747949256363214084e-03,1.771249999999999908e-02,4.577689999999999711e-03,6.276119999999999616e-03,1.260070000000000070e-03
-1.744170000000000087e+01,8.887090000000000267e-03,3.896239553851893293e-03,1.250800000000000002e-02,3.776269999999999974e-03,3.620910000000000187e-03,9.594099999999999503e-04
-1.732079999999999842e+01,8.889270000000001198e-03,4.255859177569202255e-03,1.416889999999999990e-02,4.094630000000000145e-03,5.279629999999999566e-03,1.160320000000000058e-03
-1.719979999999999976e+01,4.639119999999999182e-03,3.262366894859620049e-03,8.340449999999999253e-03,3.112769999999999947e-03,3.701330000000000071e-03,9.765760000000000499e-04
-1.707880000000000109e+01,1.048030999999999963e-02,4.616093871629994676e-03,1.650559999999999874e-02,4.446109999999999646e-03,6.025289999999999986e-03,1.241139999999999952e-03
-1.695779999999999887e+01,1.184359000000000106e-02,4.710155607960314628e-03,1.761290000000000078e-02,4.552360000000000087e-03,5.769309999999999716e-03,1.208960000000000026e-03
-1.683680000000000021e+01,1.310904000000000236e-02,4.865760032225181948e-03,1.882210000000000133e-02,4.711840000000000125e-03,5.713059999999999840e-03,1.214159999999999935e-03
-1.671580000000000155e+01,1.566796000000000161e-02,5.197858227356725105e-03,2.141720000000000082e-02,5.051059999999999578e-03,5.749240000000000080e-03,1.226590000000000059e-03
-1.659489999999999910e+01,2.202548999999999826e-02,5.815142370681907619e-03,2.717549999999999827e-02,5.699319999999999907e-03,5.150010000000000004e-03,1.154829999999999919e-03
-1.647390000000000043e+01,1.523093000000000016e-02,5.650816260019432546e-03,2.452980000000000091e-02,5.434020000000000343e-03,9.298870000000000746e-03,1.550209999999999999e-03
-1.635290000000000177e+01,2.426035999999999818e-02,6.318383559400299852e-03,3.129069999999999768e-02,6.172490000000000095e-03,7.030340000000000374e-03,1.349939999999999994e-03
-1.623189999999999955e+01,2.296230000000000146e-02,5.835621930728548956e-03,2.759980000000000072e-02,5.730279999999999922e-03,4.637500000000000129e-03,1.103800000000000050e-03
-1.611090000000000089e+01,2.980094000000000146e-02,6.407295720361594511e-03,3.327340000000000159e-02,6.335160000000000270e-03,3.472460000000000130e-03,9.587419999999999493e-04
-1.598990000000000045e+01,2.751704999999999776e-02,6.679542511714406210e-03,3.510569999999999663e-02,6.530270000000000345e-03,7.588649999999999736e-03,1.404230000000000018e-03
-1.586899999999999977e+01,2.777975000000000236e-02,6.507968921783509157e-03,3.321410000000000334e-02,6.397380000000000254e-03,5.434350000000000118e-03,1.194650000000000009e-03
-1.574799999999999933e+01,2.543360000000000065e-02,6.305721604336810872e-03,3.171840000000000076e-02,6.173750000000000418e-03,6.284800000000000109e-03,1.283330000000000061e-03
-1.562700000000000067e+01,4.300499999999999462e-02,7.890671264537638466e-03,4.964219999999999744e-02,7.778450000000000121e-03,6.637200000000000218e-03,1.326050000000000059e-03
-1.550600000000000023e+01,4.307240999999999848e-02,7.947013399258868321e-03,5.047839999999999966e-02,7.823959999999999596e-03,7.405990000000000316e-03,1.393080000000000099e-03
-1.538499999999999979e+01,3.512433000000000222e-02,7.175895190490173825e-03,4.111030000000000240e-02,7.065400000000000326e-03,5.985970000000000180e-03,1.254429999999999955e-03
-1.526399999999999935e+01,4.291164000000000089e-02,7.844343746024903460e-03,4.908529999999999838e-02,7.741030000000000307e-03,6.173660000000000085e-03,1.268929999999999928e-03
-1.514310000000000045e+01,7.213102999999999876e-02,1.015407383455527168e-02,8.048980000000000024e-02,1.004389999999999970e-02,8.358769999999999742e-03,1.491740000000000080e-03
-1.502210000000000001e+01,8.941550000000000886e-02,1.142846887468308183e-02,1.012620000000000048e-01,1.128909999999999983e-02,1.184649999999999939e-02,1.779360000000000013e-03
-1.490109999999999957e+01,1.063966300000000059e-01,1.211860623347833614e-02,1.154270000000000018e-01,1.201870000000000022e-02,9.030369999999999370e-03,1.552889999999999913e-03
-1.478009999999999913e+01,8.243780000000000552e-02,1.101146153400628207e-02,9.465020000000000377e-02,1.086349999999999989e-02,1.221239999999999999e-02,1.799070000000000053e-03
-1.465910000000000046e+01,9.409531000000000145e-02,1.149568719705350989e-02,1.028550000000000020e-01,1.139309999999999976e-02,8.759690000000000532e-03,1.532350000000000032e-03
-1.453810000000000002e+01,1.107085000000000014e-01,1.262217590809524420e-02,1.236860000000000043e-01,1.248250000000000054e-02,1.297749999999999945e-02,1.872570000000000050e-03
-1.441719999999999935e+01,1.438136000000000136e-01,1.409619016926559436e-02,1.555060000000000053e-01,1.398259999999999954e-02,1.169240000000000036e-02,1.785909999999999928e-03
-1.429620000000000068e+01,1.147234999999999921e-01,1.285629991128474023e-02,1.279099999999999959e-01,1.271560000000000051e-02,1.318650000000000030e-02,1.896829999999999957e-03
-1.417520000000000024e+01,1.312876000000000043e-01,1.347295876903436586e-02,1.425339999999999940e-01,1.335919999999999989e-02,1.124640000000000015e-02,1.747110000000000069e-03
-1.405419999999999980e+01,1.048039000000000054e-01,1.244933280276899062e-02,1.198680000000000023e-01,1.228489999999999964e-02,1.506410000000000041e-02,2.016710000000000117e-03
-1.393319999999999936e+01,1.232578000000000007e-01,1.358319729666031088e-02,1.412039999999999962e-01,1.340279999999999944e-02,1.794619999999999896e-02,2.206399999999999854e-03
-1.381220000000000070e+01,1.402386000000000188e-01,1.425200063754208414e-02,1.573710000000000109e-01,1.408650000000000006e-02,1.713239999999999902e-02,2.165649999999999867e-03
-1.369130000000000003e+01,1.610691000000000206e-01,1.558892093054872058e-02,1.844860000000000111e-01,1.538169999999999989e-02,2.341690000000000091e-02,2.533329999999999870e-03
-1.357029999999999959e+01,2.027090000000000003e-01,1.706386128315921097e-02,2.235520000000000007e-01,1.689529999999999851e-02,2.084300000000000042e-02,2.392529999999999917e-03
-1.344929999999999914e+01,1.928458999999999868e-01,1.657522127744000956e-02,2.115209999999999868e-01,1.641719999999999985e-02,1.867510000000000003e-02,2.283310000000000201e-03
-1.332830000000000048e+01,1.613172000000000217e-01,1.544385137428161067e-02,1.832640000000000102e-01,1.524610000000000028e-02,2.194679999999999895e-02,2.463529999999999800e-03
-1.320730000000000004e+01,2.352100999999999775e-01,1.812221900585300749e-02,2.526749999999999829e-01,1.798920000000000033e-02,1.746489999999999848e-02,2.191690000000000044e-03
-1.308629999999999960e+01,1.904157999999999962e-01,1.644937957372253137e-02,2.090440000000000076e-01,1.629469999999999877e-02,1.862820000000000101e-02,2.250520000000000211e-03
-1.296540000000000070e+01,2.101786999999999961e-01,1.725378251289844123e-02,2.299279999999999935e-01,1.709530000000000077e-02,1.974930000000000088e-02,2.333179999999999803e-03
-1.284440000000000026e+01,1.933490999999999960e-01,1.684754362898045754e-02,2.183259999999999923e-01,1.664209999999999995e-02,2.497689999999999980e-02,2.623020000000000213e-03
-1.272339999999999982e+01,2.175978999999999830e-01,1.756546397209307955e-02,2.391359999999999875e-01,1.739529999999999896e-02,2.153810000000000099e-02,2.439070000000000214e-03
-1.260239999999999938e+01,2.026695000000000024e-01,1.699528187969825965e-02,2.224200000000000066e-01,1.683370000000000005e-02,1.975050000000000069e-02,2.337979999999999919e-03
-1.248140000000000072e+01,2.214782000000000139e-01,1.772015646596835151e-02,2.425930000000000031e-01,1.755429999999999838e-02,2.111479999999999954e-02,2.418780000000000149e-03
-1.236040000000000028e+01,2.434663999999999995e-01,1.830354551692103121e-02,2.607119999999999993e-01,1.817320000000000046e-02,1.724559999999999982e-02,2.180500000000000146e-03
-1.223949999999999960e+01,2.285806999999999978e-01,1.792207467705678181e-02,2.493140000000000078e-01,1.776130000000000070e-02,2.073329999999999965e-02,2.395200000000000107e-03
-1.211849999999999916e+01,3.046579000000000370e-01,2.062688144126736262e-02,3.285410000000000275e-01,2.046620000000000036e-02,2.388310000000000086e-02,2.569609999999999950e-03
-1.199750000000000050e+01,2.582310999999999912e-01,1.917018572710238455e-02,2.846369999999999734e-01,1.897909999999999875e-02,2.640589999999999951e-02,2.699959999999999947e-03
-1.187650000000000006e+01,2.672215000000000007e-01,1.928304072786498832e-02,2.889840000000000186e-01,1.912689999999999876e-02,2.176250000000000059e-02,2.448950000000000085e-03
-1.175549999999999962e+01,2.733691000000000315e-01,1.941342394402388941e-02,2.938350000000000128e-01,1.926680000000000059e-02,2.046589999999999868e-02,2.381480000000000055e-03
-1.163449999999999918e+01,3.097177000000000402e-01,2.070498619420935507e-02,3.333670000000000244e-01,2.054620000000000057e-02,2.364930000000000157e-02,2.559319999999999911e-03
-1.151360000000000028e+01,2.905221000000000053e-01,2.021095379818577467e-02,3.177599999999999869e-01,2.002419999999999894e-02,2.723789999999999892e-02,2.741180000000000179e-03
-1.139259999999999984e+01,2.929404999999999926e-01,2.044352731280979496e-02,3.233599999999999808e-01,2.023710000000000092e-02,3.041949999999999862e-02,2.897859999999999932e-03
-1.127159999999999940e+01,2.909362000000000337e-01,2.052767154025024812e-02,3.232010000000000161e-01,2.030950000000000116e-02,3.226480000000000320e-02,2.984880000000000085e-03
-1.115060000000000073e+01,2.938058000000000058e-01,2.028207065394458178e-02,3.197940000000000227e-01,2.010450000000000084e-02,2.598819999999999950e-02,2.677960000000000063e-03
-1.102960000000000029e+01,3.303629000000000149e-01,2.153438039902703938e-02,3.596699999999999897e-01,2.134609999999999980e-02,2.930709999999999912e-02,2.841400000000000002e-03
-1.090859999999999985e+01,3.467660000000000187e-01,2.198973072345589141e-02,3.750180000000000180e-01,2.181169999999999984e-02,2.825199999999999934e-02,2.792489999999999903e-03
-1.078769999999999918e+01,3.884221999999999952e-01,2.309360951382221500e-02,4.145019999999999816e-01,2.293800000000000006e-02,2.607980000000000020e-02,2.676369999999999964e-03
-1.066670000000000051e+01,3.397757000000000138e-01,2.192012976868750254e-02,3.726900000000000213e-01,2.171100000000000113e-02,3.291430000000000050e-02,3.020689999999999920e-03
-1.054570000000000007e+01,3.695895000000000152e-01,2.285981775976353089e-02,4.047580000000000067e-01,2.264539999999999956e-02,3.516849999999999837e-02,3.123640000000000010e-03
-1.042469999999999963e+01,3.609109999999999818e-01,2.248610039491063042e-02,3.933059999999999889e-01,2.228609999999999966e-02,3.239500000000000018e-02,2.992400000000000095e-03
-1.030369999999999919e+01,4.385322999999999860e-01,2.453713415500881345e-02,4.680949999999999833e-01,2.436999999999999930e-02,2.956270000000000078e-02,2.859029999999999818e-03
-1.018280000000000030e+01,4.144565000000000055e-01,2.400588992810722549e-02,4.487809999999999855e-01,2.380689999999999890e-02,3.432450000000000084e-02,3.084519999999999883e-03
-1.006179999999999986e+01,4.138146999999999798e-01,2.403315311715256350e-02,4.502689999999999748e-01,2.382249999999999993e-02,3.645430000000000198e-02,3.175050000000000008e-03
-9.940780000000000172e+00,3.968229000000000339e-01,2.365186984483256746e-02,4.342400000000000149e-01,2.343260000000000134e-02,3.741710000000000175e-02,3.213129999999999806e-03
-9.819800000000000750e+00,4.185539000000000343e-01,2.416096742951531762e-02,4.530040000000000178e-01,2.396229999999999888e-02,3.445009999999999739e-02,3.092010000000000071e-03
-9.698819999999999553e+00,4.470504999999999618e-01,2.490891213512946498e-02,4.828339999999999854e-01,2.470939999999999942e-02,3.578350000000000281e-02,3.146340000000000074e-03
-9.577830000000000510e+00,4.777289000000000119e-01,2.585376668249522378e-02,5.200759999999999827e-01,2.562580000000000066e-02,4.234709999999999863e-02,3.425730000000000094e-03
-9.456849999999999312e+00,4.529444000000000248e-01,2.511204487587779047e-02,4.917290000000000272e-01,2.489639999999999909e-02,3.878460000000000241e-02,3.283910000000000128e-03
-9.335869999999999891e+00,4.542897000000000185e-01,2.515790917730644990e-02,4.914749999999999952e-01,2.495150000000000146e-02,3.718529999999999752e-02,3.216060000000000186e-03
-9.214880000000000848e+00,5.057665999999999551e-01,2.636687509731860252e-02,5.406659999999999799e-01,2.618349999999999844e-02,3.489939999999999709e-02,3.104260000000000179e-03
-9.093899999999999650e+00,5.068960999999999606e-01,2.655104408327664881e-02,5.487090000000000023e-01,2.633239999999999886e-02,4.181290000000000007e-02,3.400390000000000097e-03
-8.972920000000000229e+00,5.228095999999999854e-01,2.689453658336763212e-02,5.614350000000000174e-01,2.669509999999999939e-02,3.862539999999999724e-02,3.269209999999999824e-03
-8.851940000000000808e+00,5.438297000000000825e-01,2.753750337448912511e-02,5.886550000000000393e-01,2.731029999999999916e-02,4.482529999999999848e-02,3.530099999999999991e-03
-8.730949999999999989e+00,5.330394000000000521e-01,2.719869830726463419e-02,5.756499999999999950e-01,2.698100000000000151e-02,4.261059999999999848e-02,3.434360000000000017e-03
-8.609970000000000567e+00,5.735626000000000335e-01,2.802828507409791531e-02,6.120229999999999837e-01,2.783630000000000132e-02,3.846039999999999875e-02,3.274930000000000115e-03
-8.488989999999999370e+00,5.450636999999999288e-01,2.741309245922648324e-02,5.852279999999999704e-01,2.720929999999999876e-02,4.016430000000000000e-02,3.336410000000000157e-03
-8.368000000000000327e+00,5.918647000000000213e-01,2.866251578404973091e-02,6.377190000000000358e-01,2.843969999999999831e-02,4.585430000000000061e-02,3.566970000000000036e-03
-8.247019999999999129e+00,6.349560000000000759e-01,2.974244095570503094e-02,6.866830000000000434e-01,2.949960000000000082e-02,5.172700000000000214e-02,3.792939999999999853e-03
-8.126039999999999708e+00,5.692082000000000530e-01,2.822921182194784370e-02,6.191330000000000444e-01,2.798339999999999855e-02,4.992479999999999835e-02,3.717219999999999813e-03
-8.005050000000000665e+00,6.574803999999999649e-01,3.010835872630887589e-02,7.059299999999999464e-01,2.988379999999999856e-02,4.844960000000000239e-02,3.670389999999999937e-03
-7.884070000000000356e+00,6.231457999999999720e-01,2.942834805466320799e-02,6.727379999999999471e-01,2.919209999999999861e-02,4.959220000000000295e-02,3.721420000000000023e-03
-7.763090000000000046e+00,6.691725999999998953e-01,3.053524495648430107e-02,7.227209999999999468e-01,3.028930000000000164e-02,5.354840000000000294e-02,3.867750000000000094e-03
-7.642100000000000115e+00,6.843833000000000277e-01,3.056526227170969223e-02,7.265449999999999964e-01,3.037329999999999891e-02,4.216170000000000334e-02,3.420219999999999858e-03
-7.521119999999999806e+00,6.961732000000000475e-01,3.109310669402625196e-02,7.501740000000000075e-01,3.085109999999999936e-02,5.400080000000000158e-02,3.871809999999999835e-03
-7.400140000000000384e+00,6.379614000000000118e-01,2.992899673468691138e-02,6.936790000000000456e-01,2.966819999999999874e-02,5.571759999999999907e-02,3.942430000000000240e-03
-7.279149999999999565e+00,7.623571000000000097e-01,3.236888254049095220e-02,8.139060000000000183e-01,3.214700000000000196e-02,5.154890000000000166e-02,3.783509999999999911e-03
-7.158170000000000144e+00,7.853808999999999374e-01,3.316330142441943629e-02,8.505549999999999500e-01,3.288869999999999988e-02,6.517409999999999870e-02,4.258869999999999670e-03
-7.037189999999999834e+00,7.383513000000000437e-01,3.209288387555721267e-02,7.973190000000000000e-01,3.183640000000000081e-02,5.896769999999999790e-02,4.049299999999999601e-03
-6.916199999999999903e+00,8.329104999999999981e-01,3.409282197912047452e-02,9.009930000000000438e-01,3.381309999999999871e-02,6.808250000000000413e-02,4.358299999999999848e-03
-6.795219999999999594e+00,8.596305999999999115e-01,3.433513042157988054e-02,9.148309999999999498e-01,3.411109999999999837e-02,5.520039999999999669e-02,3.915870000000000115e-03
-6.674240000000000173e+00,8.378687000000000218e-01,3.424984290160174721e-02,9.071339999999999959e-01,3.396559999999999857e-02,6.926530000000000187e-02,4.403380000000000141e-03
-6.553259999999999863e+00,8.263359000000000121e-01,3.381243241048476067e-02,8.887979999999999769e-01,3.355500000000000149e-02,6.246209999999999957e-02,4.164440000000000155e-03
-6.432269999999999932e+00,9.038253000000000537e-01,3.545078064697588377e-02,9.744000000000000439e-01,3.517279999999999712e-02,7.057470000000000410e-02,4.430800000000000363e-03
-6.311289999999999623e+00,9.408959999999999546e-01,3.577403703529837692e-02,9.971299999999999608e-01,3.555409999999999821e-02,5.623399999999999926e-02,3.960769999999999742e-03
-6.190310000000000201e+00,9.302018999999999149e-01,3.576694689895127538e-02,9.935629999999999740e-01,3.551900000000000196e-02,6.336110000000000353e-02,4.204180000000000070e-03
-6.069320000000000270e+00,1.027085199999999920e+00,3.754624430881069869e-02,1.097239999999999993e+00,3.728639999999999732e-02,7.015480000000000327e-02,4.409630000000000320e-03
-5.948339999999999961e+00,1.017754999999999965e+00,3.761566284392846293e-02,1.098330000000000028e+00,3.731600000000000195e-02,8.057499999999999385e-02,4.738589999999999990e-03
-5.827359999999999651e+00,1.061181200000000047e+00,3.839467234063079909e-02,1.143420000000000103e+00,3.809509999999999980e-02,8.223880000000000079e-02,4.786880000000000301e-03
-5.706369999999999720e+00,1.044512600000000013e+00,3.789775639410465635e-02,1.119429999999999925e+00,3.762309999999999960e-02,7.491739999999999511e-02,4.554370000000000293e-03
-5.585390000000000299e+00,1.106205300000000058e+00,3.922747677982997561e-02,1.193640000000000034e+00,3.891639999999999683e-02,8.743470000000000408e-02,4.930389999999999773e-03
-5.464409999999999989e+00,1.224623699999999982e+00,4.120305494169212296e-02,1.318999999999999950e+00,4.088239999999999930e-02,9.437629999999999630e-02,5.130410000000000179e-03
-5.343420000000000059e+00,1.230002700000000004e+00,4.130539423018378398e-02,1.328710000000000058e+00,4.097250000000000197e-02,9.870729999999999782e-02,5.233530000000000126e-03
-5.222439999999999749e+00,1.170474999999999932e+00,4.059158613616866557e-02,1.282030000000000003e+00,4.020839999999999831e-02,1.115550000000000014e-01,5.564300000000000322e-03
-5.101460000000000328e+00,1.303504999999999914e+00,4.272835662699420861e-02,1.420679999999999943e+00,4.234860000000000013e-02,1.171750000000000014e-01,5.684060000000000328e-03
-4.980470000000000397e+00,1.442507999999999901e+00,4.469554483306027032e-02,1.559169999999999945e+00,4.433320000000000316e-02,1.166620000000000018e-01,5.679710000000000140e-03
-4.859490000000000087e+00,1.559820999999999902e+00,4.653566649920896914e-02,1.695230000000000015e+00,4.613249999999999990e-02,1.354090000000000016e-01,6.112339999999999961e-03
-4.738509999999999778e+00,1.697839000000000098e+00,4.845154307563795393e-02,1.838680000000000092e+00,4.804830000000000212e-02,1.408409999999999940e-01,6.238020000000000370e-03
-4.617519999999999847e+00,1.809442999999999913e+00,5.022866211765947969e-02,1.980399999999999938e+00,4.975770000000000193e-02,1.709569999999999979e-01,6.862199999999999724e-03
-4.496540000000000425e+00,2.086108000000000295e+00,5.365498055303067476e-02,2.271380000000000177e+00,5.317809999999999898e-02,1.852719999999999922e-01,7.137690000000000354e-03
-4.375560000000000116e+00,2.323421999999999876e+00,5.655413516354838854e-02,2.530699999999999950e+00,5.604900000000000160e-02,2.072779999999999900e-01,7.541869999999999997e-03
-4.254570000000000185e+00,2.591107000000000049e+00,5.991614828261576653e-02,2.837190000000000101e+00,5.935250000000000248e-02,2.460829999999999962e-01,8.199120000000000713e-03
-4.133589999999999876e+00,3.076627999999999918e+00,6.506612039642520329e-02,3.356069999999999887e+00,6.447469999999999590e-02,2.794420000000000237e-01,8.752889999999999282e-03
-4.012609999999999566e+00,3.334573999999999927e+00,6.815059627009950605e-02,3.684909999999999908e+00,6.744310000000000582e-02,3.503359999999999808e-01,9.794489999999999447e-03
-3.891630000000000145e+00,3.981086000000000347e+00,7.470139958595153895e-02,4.428910000000000124e+00,7.387630000000000585e-02,4.478239999999999998e-01,1.107209999999999965e-02
-3.770640000000000214e+00,4.600198999999999927e+00,8.039401601711411438e-02,5.128709999999999880e+00,7.948800000000000310e-02,5.285109999999999530e-01,1.203560000000000046e-02
-3.649659999999999904e+00,5.505633999999999695e+00,8.846530987370133936e-02,6.210560000000000080e+00,8.736309999999999909e-02,7.049260000000000526e-01,1.392119999999999989e-02
-3.528680000000000039e+00,6.312148999999999788e+00,9.519693763693241884e-02,7.181639999999999802e+00,9.393010000000000248e-02,8.694910000000000139e-01,1.547879999999999916e-02
-3.407690000000000108e+00,7.678580000000000183e+00,1.053543194256410243e-01,8.784620000000000317e+00,1.038990000000000052e-01,1.106039999999999912e+00,1.745079999999999895e-02
-3.286709999999999798e+00,9.325720000000000454e+00,1.164994149549258423e-01,1.071589999999999954e+01,1.148409999999999986e-01,1.390179999999999971e+00,1.958719999999999906e-02
-3.165729999999999933e+00,1.128662999999999883e+01,1.284927852682787586e-01,1.301099999999999923e+01,1.266249999999999876e-01,1.724369999999999958e+00,2.182900000000000118e-02
-3.044740000000000002e+00,1.372538999999999909e+01,1.421073181217631654e-01,1.585769999999999946e+01,1.400129999999999986e-01,2.132309999999999928e+00,2.430739999999999984e-02
-2.923760000000000137e+00,1.630631000000000341e+01,1.554479204910763634e-01,1.893230000000000146e+01,1.530920000000000059e-01,2.625989999999999824e+00,2.696099999999999886e-02
-2.802779999999999827e+00,1.996898999999999802e+01,1.724186343341113370e-01,2.326069999999999993e+01,1.697559999999999902e-01,3.291710000000000136e+00,3.018420000000000131e-02
-2.681789999999999896e+00,2.485712000000000188e+01,1.909357235377654727e-01,2.856230000000000047e+01,1.882280000000000064e-01,3.705179999999999918e+00,3.204169999999999935e-02
-2.560810000000000031e+00,3.056137000000000015e+01,2.097450652906046320e-01,3.447769999999999868e+01,2.071340000000000126e-01,3.916329999999999867e+00,3.299239999999999812e-02
-2.439830000000000165e+00,3.788200999999999397e+01,2.311472035292878036e-01,4.192029999999999745e+01,2.286990000000000134e-01,4.038289999999999935e+00,3.355289999999999662e-02
-2.318839999999999790e+00,4.642398000000000025e+01,2.538986194724185963e-01,5.059539999999999793e+01,2.515930000000000111e-01,4.171420000000000350e+00,3.413900000000000268e-02
-2.197859999999999925e+00,5.526066999999999751e+01,2.761341450841601763e-01,5.973479999999999990e+01,2.738570000000000171e-01,4.474129999999999718e+00,3.538940000000000141e-02
-2.076880000000000059e+00,6.431524999999999181e+01,2.973851464920364562e-01,6.912069999999999936e+01,2.951099999999999834e-01,4.805450000000000443e+00,3.671529999999999933e-02
-1.955889999999999906e+00,7.395489999999999498e+01,3.183875810084463298e-01,7.904229999999999734e+01,3.161359999999999726e-01,5.087399999999999700e+00,3.779790000000000233e-02
-1.834910000000000041e+00,8.237873000000000445e+01,3.358621094848450173e-01,8.775790000000000646e+01,3.336020000000000096e-01,5.379170000000000229e+00,3.889809999999999796e-02
-1.713929999999999954e+00,9.166258999999999446e+01,3.538754245893461214e-01,9.727009999999999934e+01,3.516349999999999754e-01,5.607510000000000439e+00,3.975730000000000236e-02
-1.592950000000000088e+00,1.012142000000000053e+02,3.719388819473570251e-01,1.070610000000000070e+02,3.697119999999999851e-01,5.846799999999999997e+00,4.063950000000000201e-02
-1.471959999999999935e+00,1.139900099999999981e+02,3.943845893670923086e-01,1.200109999999999957e+02,3.922180000000000111e-01,6.020990000000000286e+00,4.128249999999999975e-02
-1.350980000000000070e+00,1.281925200000000018e+02,4.183973362477944602e-01,1.343770000000000095e+02,4.162969999999999726e-01,6.184479999999999755e+00,4.187049999999999800e-02
-1.229999999999999982e+00,1.448482700000000136e+02,4.449419227059301929e-01,1.510910000000000082e+02,4.429449999999999776e-01,6.242729999999999890e+00,4.210749999999999910e-02
-1.109010000000000051e+00,1.600582499999999868e+02,4.676048024039637374e-01,1.662599999999999909e+02,4.657149999999999901e-01,6.201749999999999652e+00,4.199750000000000011e-02
-9.880290000000000461e-01,1.722534500000000151e+02,4.851793974318777680e-01,1.784610000000000127e+02,4.833549999999999791e-01,6.207550000000000345e+00,4.203559999999999935e-02
-8.670459999999999834e-01,1.791028100000000052e+02,4.950165086683978588e-01,1.852959999999999923e+02,4.932320000000000038e-01,6.193190000000000417e+00,4.199449999999999711e-02
-7.460630000000000317e-01,1.802481300000000033e+02,4.965805328506646132e-01,1.863609999999999900e+02,4.948239999999999861e-01,6.112870000000000026e+00,4.173049999999999676e-02
-6.250799999999999690e-01,1.770142799999999852e+02,4.919656925831413785e-01,1.829989999999999952e+02,4.902299999999999991e-01,5.984720000000000262e+00,4.128910000000000219e-02
-5.040970000000000173e-01,1.735066500000000076e+02,4.868291132845692926e-01,1.792390000000000043e+02,4.851500000000000257e-01,5.732350000000000279e+00,4.039879999999999860e-02
-3.831129999999999813e-01,1.696550700000000234e+02,4.816061384170264303e-01,1.753660000000000139e+02,4.799140000000000073e-01,5.710930000000000284e+00,4.033640000000000142e-02
-2.621299999999999741e-01,1.676551399999999887e+02,4.790163637231613092e-01,1.732649999999999864e+02,4.773459999999999925e-01,5.609860000000000291e+00,3.996840000000000115e-02
-1.411469999999999947e-01,1.646032899999999870e+02,4.748968036653437030e-01,1.701479999999999961e+02,4.732310000000000128e-01,5.544710000000000250e+00,3.974160000000000192e-02
-2.016389999999999849e-02,1.616827700000000050e+02,4.714919056232460548e-01,1.672560000000000002e+02,4.698049999999999726e-01,5.573229999999999684e+00,3.984820000000000029e-02
1.008190000000000058e-01,1.552639700000000005e+02,4.629385462142464047e-01,1.608880000000000052e+02,4.612029999999999741e-01,5.624030000000000307e+00,4.004859999999999670e-02
2.218019999999999992e-01,1.490310499999999934e+02,4.543400916839829273e-01,1.546879999999999882e+02,4.525609999999999911e-01,5.656950000000000145e+00,4.016789999999999944e-02
3.427859999999999796e-01,1.405141600000000039e+02,4.423332104467060932e-01,1.464209999999999923e+02,4.404219999999999802e-01,5.906839999999999868e+00,4.107469999999999871e-02
4.637689999999999868e-01,1.304722199999999930e+02,4.275374987986551023e-01,1.364319999999999879e+02,4.255390000000000006e-01,5.959780000000000300e+00,4.129010000000000319e-02
5.847520000000000495e-01,1.198339999999999890e+02,4.112752450658804237e-01,1.259779999999999944e+02,4.091299999999999937e-01,6.144000000000000128e+00,4.195200000000000318e-02
7.057350000000000012e-01,1.080541199999999975e+02,3.919736308343202968e-01,1.142469999999999999e+02,3.897019999999999929e-01,6.192879999999999718e+00,4.213879999999999709e-02
8.267179999999999529e-01,9.825866999999999507e+01,3.752887892444430329e-01,1.044579999999999984e+02,3.729089999999999905e-01,6.199329999999999785e+00,4.219660000000000077e-02
9.477010000000000156e-01,8.820579000000000747e+01,3.570014326034140484e-01,9.433220000000000027e+01,3.545260000000000078e-01,6.126409999999999911e+00,4.196830000000000005e-02
1.068680000000000074e+00,7.771161999999999637e+01,3.366460967169528917e-01,8.377400000000000091e+01,3.340449999999999808e-01,6.062380000000000102e+00,4.176760000000000195e-02
1.189670000000000005e+00,6.839673000000000513e+01,3.170609370077777656e-01,7.422050000000000125e+01,3.144040000000000168e-01,5.823769999999999669e+00,4.096049999999999691e-02
1.310650000000000093e+00,5.917199999999999704e+01,2.959707765844628025e-01,6.465949999999999420e+01,2.932879999999999932e-01,5.487499999999999822e+00,3.975990000000000080e-02
1.431629999999999958e+00,5.022116000000000469e+01,2.742557367090249221e-01,5.544850000000000279e+01,2.714949999999999863e-01,5.227339999999999876e+00,3.881590000000000040e-02
1.552619999999999889e+00,4.131768000000000285e+01,2.507240405673935024e-01,4.632090000000000174e+01,2.478289999999999937e-01,5.003219999999999779e+00,3.799120000000000275e-02
1.673599999999999977e+00,3.408436999999999983e+01,2.292214388892103716e-01,3.868930000000000291e+01,2.263050000000000062e-01,4.604930000000000412e+00,3.644880000000000342e-02
1.794580000000000064e+00,2.801773999999999987e+01,2.095981404841417151e-01,3.230369999999999919e+01,2.066260000000000041e-01,4.285960000000000214e+00,3.517209999999999781e-02
1.915569999999999995e+00,2.318865999999999872e+01,1.922344313442573838e-01,2.711430000000000007e+01,1.892620000000000136e-01,3.925640000000000018e+00,3.367450000000000304e-02
2.036550000000000082e+00,1.976482000000000028e+01,1.790846259761010306e-01,2.346600000000000108e+01,1.760750000000000093e-01,3.701179999999999914e+00,3.269400000000000084e-02
2.157529999999999948e+00,1.695651000000000153e+01,1.679577324506376923e-01,2.054729999999999990e+01,1.648399999999999865e-01,3.590790000000000148e+00,3.221140000000000114e-02
2.278519999999999879e+00,1.451315999999999917e+01,1.574158645209878526e-01,1.797469999999999857e+01,1.542040000000000077e-01,3.461539999999999839e+00,3.163669999999999677e-02
2.399500000000000188e+00,1.322631999999999941e+01,1.520029681857890669e-01,1.668759999999999977e+01,1.486740000000000006e-01,3.461279999999999912e+00,3.163769999999999777e-02
2.520480000000000054e+00,1.206798000000000037e+01,1.462017121263974873e-01,1.540760000000000041e+01,1.428570000000000118e-01,3.339620000000000033e+00,3.109369999999999842e-02
2.641469999999999985e+00,1.116692000000000107e+01,1.423635233312592618e-01,1.454490000000000016e+01,1.388840000000000074e-01,3.377979999999999983e+00,3.128269999999999662e-02
2.762449999999999850e+00,1.002224000000000004e+01,1.369638262879655233e-01,1.339530000000000065e+01,1.333449999999999913e-01,3.373060000000000169e+00,3.127619999999999706e-02
2.883430000000000160e+00,8.655200000000000671e+00,1.299687956653057530e-01,1.199070000000000036e+01,1.261889999999999956e-01,3.335500000000000131e+00,3.111629999999999951e-02
3.004420000000000091e+00,7.751479999999999038e+00,1.249713305010793363e-01,1.102689999999999948e+01,1.211040000000000033e-01,3.275419999999999998e+00,3.084889999999999854e-02
3.125399999999999956e+00,6.515670000000000073e+00,1.183067190575412819e-01,9.797330000000000538e+00,1.142070000000000030e-01,3.281660000000000021e+00,3.087459999999999857e-02
3.246379999999999821e+00,5.326540000000000497e+00,1.111997100809619943e-01,8.578070000000000306e+00,1.068619999999999987e-01,3.251529999999999809e+00,3.075529999999999931e-02
3.367360000000000131e+00,4.361499999999999488e+00,1.043564252757347016e-01,7.492630000000000123e+00,9.989130000000000231e-02,3.131130000000000191e+00,3.019919999999999896e-02
3.488350000000000062e+00,3.893440000000000456e+00,1.012261998919746081e-01,7.003300000000000303e+00,9.664609999999999868e-02,3.109859999999999847e+00,3.010439999999999991e-02
3.609329999999999927e+00,3.297930000000000028e+00,9.653871066660253686e-02,6.322000000000000064e+00,9.185509999999999509e-02,3.024070000000000036e+00,2.970460000000000114e-02
3.730309999999999793e+00,2.908420000000000005e+00,9.257980716792404974e-02,5.786950000000000038e+00,8.792389999999999928e-02,2.878530000000000033e+00,2.898979999999999960e-02
3.851300000000000168e+00,2.534750000000000281e+00,8.895515673202987472e-02,5.312990000000000101e+00,8.426609999999999656e-02,2.778239999999999821e+00,2.849990000000000162e-02
3.972280000000000033e+00,2.464999999999999858e+00,8.739113149925455126e-02,5.124789999999999957e+00,8.281739999999999935e-02,2.659790000000000099e+00,2.790139999999999981e-02
4.093259999999999899e+00,2.364770000000000039e+00,8.420789909860000588e-02,4.770010000000000083e+00,7.991560000000000330e-02,2.405240000000000045e+00,2.654180000000000081e-02
4.214249999999999829e+00,1.941849999999999632e+00,7.980774818255430281e-02,4.249259999999999593e+00,7.544860000000000455e-02,2.307409999999999961e+00,2.601509999999999934e-02
4.335230000000000139e+00,1.926740000000000563e+00,7.823271230680935162e-02,4.089540000000000397e+00,7.406319999999999570e-02,2.162799999999999834e+00,2.519920000000000146e-02
4.456209999999999560e+00,2.010619999999999852e+00,7.731952011555684456e-02,4.014269999999999783e+00,7.341369999999999840e-02,2.003649999999999931e+00,2.426390000000000144e-02
4.577200000000000379e+00,1.947310000000000096e+00,7.469607370036258909e-02,3.755759999999999987e+00,7.104549999999999754e-02,1.808449999999999891e+00,2.306599999999999970e-02
4.698179999999999801e+00,1.967229999999999812e+00,7.347542729988032484e-02,3.644499999999999851e+00,7.003629999999999578e-02,1.677270000000000039e+00,2.221609999999999904e-02
4.819160000000000110e+00,1.794610000000000039e+00,7.078115934265276354e-02,3.372910000000000075e+00,6.741949999999999332e-02,1.578300000000000036e+00,2.155419999999999905e-02
4.940150000000000041e+00,1.890380000000000171e+00,7.018316926735355954e-02,3.336990000000000123e+00,6.707710000000000061e-02,1.446609999999999951e+00,2.064799999999999969e-02
5.061130000000000351e+00,1.663280000000000092e+00,6.708139427367322549e-02,3.031680000000000152e+00,6.400430000000000008e-02,1.368400000000000061e+00,2.008389999999999828e-02
5.182109999999999772e+00,1.516070000000000029e+00,6.434410927544183256e-02,2.783100000000000129e+00,6.136810000000000181e-02,1.267030000000000101e+00,1.934220000000000036e-02
5.303099999999999703e+00,1.518809999999999771e+00,6.256459714766809954e-02,2.640569999999999862e+00,5.985759999999999692e-02,1.121760000000000090e+00,1.820429999999999965e-02
5.424080000000000013e+00,1.494329999999999714e+00,6.083409489825586380e-02,2.505869999999999820e+00,5.832280000000000103e-02,1.011540000000000106e+00,1.729850000000000138e-02
5.545060000000000322e+00,1.529084999999999805e+00,6.024584490776106749e-02,2.467779999999999863e+00,5.789110000000000089e-02,9.386949999999999461e-01,1.667880000000000057e-02
5.666050000000000253e+00,1.496177999999999786e+00,5.876110727956034702e-02,2.352599999999999802e+00,5.655740000000000073e-02,8.564220000000000166e-01,1.594140000000000140e-02
5.787029999999999674e+00,1.434212999999999738e+00,5.718482803768845657e-02,2.228629999999999889e+00,5.508169999999999733e-02,7.944170000000000398e-01,1.536590000000000004e-02
5.908009999999999984e+00,1.399543999999999899e+00,5.558353893393259276e-02,2.110679999999999890e+00,5.364590000000000330e-02,7.111359999999999904e-01,1.454809999999999957e-02
6.028990000000000293e+00,1.481166999999999900e+00,5.590682707952580877e-02,2.145119999999999916e+00,5.410990000000000244e-02,6.639530000000000154e-01,1.406029999999999953e-02
6.149980000000000224e+00,1.425110000000000099e+00,5.437186926343438170e-02,2.035579999999999945e+00,5.267120000000000135e-02,6.104699999999999571e-01,1.349239999999999988e-02
6.270959999999999646e+00,1.445526999999999784e+00,5.443373975109554869e-02,2.037679999999999936e+00,5.278479999999999978e-02,5.921530000000000404e-01,1.329649999999999929e-02
6.391939999999999955e+00,1.352932000000000023e+00,5.292776936259453030e-02,1.922739999999999894e+00,5.129369999999999763e-02,5.698079999999999812e-01,1.305010000000000024e-02
6.512929999999999886e+00,1.383067000000000046e+00,5.272853547226586529e-02,1.912539999999999907e+00,5.120319999999999733e-02,5.294729999999999714e-01,1.259090000000000036e-02
6.633910000000000196e+00,1.266960000000000086e+00,5.110981936516700158e-02,1.791250000000000009e+00,4.954770000000000008e-02,5.242900000000000338e-01,1.253950000000000030e-02
6.754889999999999617e+00,1.264022999999999897e+00,5.090696467842097117e-02,1.775700000000000056e+00,4.937539999999999984e-02,5.116770000000000485e-01,1.239310000000000064e-02
6.875880000000000436e+00,1.208423000000000247e+00,5.044579971890623266e-02,1.736830000000000096e+00,4.884720000000000034e-02,5.284069999999999601e-01,1.259880000000000028e-02
6.996859999999999857e+00,1.162192000000000114e+00,5.018052678280689877e-02,1.709810000000000052e+00,4.851280000000000175e-02,5.476180000000000492e-01,1.282939999999999948e-02
7.117840000000000167e+00,1.164083000000000201e+00,4.985732557548589600e-02,1.690150000000000041e+00,4.824269999999999947e-02,5.260669999999999513e-01,1.258549999999999947e-02
7.238830000000000098e+00,1.227160000000000029e+00,5.089699588561195226e-02,1.761800000000000033e+00,4.928930000000000117e-02,5.346400000000000041e-01,1.269130000000000084e-02
7.359810000000000407e+00,1.207978999999999914e+00,5.034049501474931188e-02,1.722779999999999978e+00,4.877480000000000010e-02,5.148009999999999531e-01,1.245729999999999928e-02
7.480789999999999829e+00,1.217546000000000017e+00,4.976027685061649997e-02,1.689589999999999925e+00,4.830759999999999915e-02,4.720440000000000191e-01,1.193570000000000048e-02
7.601779999999999760e+00,1.269177999999999917e+00,5.026389544762720901e-02,1.727020000000000000e+00,4.886739999999999834e-02,4.578420000000000267e-01,1.176589999999999928e-02
7.722760000000000069e+00,1.154976000000000003e+00,4.803121487741070922e-02,1.576629999999999976e+00,4.668320000000000108e-02,4.216539999999999733e-01,1.129939999999999937e-02
7.843740000000000379e+00,1.226671999999999985e+00,4.903897335517944794e-02,1.644139999999999935e+00,4.772869999999999890e-02,4.174680000000000057e-01,1.126019999999999972e-02
7.964730000000000310e+00,1.229654000000000025e+00,4.872995600870167615e-02,1.625019999999999909e+00,4.748100000000000237e-02,3.953659999999999952e-01,1.096190000000000012e-02
8.085710000000000619e+00,1.110665000000000013e+00,4.718190475213987489e-02,1.514729999999999910e+00,4.585999999999999799e-02,4.040650000000000075e-01,1.109019999999999971e-02
8.206690000000000040e+00,1.180574999999999930e+00,4.802725825788934505e-02,1.571609999999999951e+00,4.676990000000000314e-02,3.910350000000000215e-01,1.091759999999999953e-02
8.327669999999999462e+00,1.111091000000000051e+00,4.695932128576817827e-02,1.499109999999999943e+00,4.567990000000000245e-02,3.880190000000000028e-01,1.088689999999999970e-02
8.448660000000000281e+00,1.010250000000000092e+00,4.520492906243743503e-02,1.382500000000000062e+00,4.392950000000000327e-02,3.722500000000000253e-01,1.066229999999999956e-02
8.569639999999999702e+00,1.044848999999999917e+00,4.576509746575440490e-02,1.415319999999999911e+00,4.450910000000000283e-02,3.704709999999999948e-01,1.064820000000000003e-02
8.690619999999999123e+00,8.570689999999998587e-01,4.302618588836337743e-02,1.237379999999999924e+00,4.164989999999999665e-02,3.803110000000000102e-01,1.079530000000000073e-02
8.811609999999999943e+00,7.848770000000000469e-01,4.149125176479977195e-02,1.146190000000000042e+00,4.013350000000000251e-02,3.613129999999999953e-01,1.052739999999999926e-02
8.932589999999999364e+00,6.692909999999998583e-01,3.972430888310078678e-02,1.039709999999999912e+00,3.826500000000000040e-02,3.704189999999999983e-01,1.066819999999999921e-02
9.053570000000000562e+00,6.567269999999999497e-01,3.913268661783905755e-02,1.007919999999999927e+00,3.772629999999999734e-02,3.511929999999999774e-01,1.039679999999999944e-02
9.174559999999999604e+00,6.185920000000000307e-01,3.833790593407522540e-02,9.632049999999999779e-01,3.692499999999999949e-02,3.446130000000000027e-01,1.031209999999999939e-02
9.295540000000000802e+00,6.372579999999999911e-01,3.840657256629391447e-02,9.676869999999999639e-01,3.705230000000000329e-02,3.304289999999999727e-01,1.010899999999999993e-02
9.416520000000000223e+00,6.278310000000000279e-01,3.722442639047645468e-02,9.154660000000000020e-01,3.600790000000000241e-02,2.876349999999999740e-01,9.438699999999999521e-03
9.537509999999999266e+00,5.381650000000000045e-01,3.575056685130460765e-02,8.331129999999999924e-01,3.444749999999999895e-02,2.949479999999999880e-01,9.564140000000000488e-03
9.658490000000000464e+00,5.832939999999999792e-01,3.626402809172748348e-02,8.610090000000000243e-01,3.505370000000000014e-02,2.777149999999999896e-01,9.290740000000000456e-03
9.779469999999999885e+00,5.462940000000000573e-01,3.519631132418424291e-02,8.103780000000000427e-01,3.400659999999999794e-02,2.640839999999999854e-01,9.073670000000000693e-03
9.900460000000000704e+00,5.352839999999999820e-01,3.483501229843904978e-02,7.926039999999999752e-01,3.366210000000000035e-02,2.573199999999999932e-01,8.963320000000000315e-03
1.002139999999999986e+01,5.082139999999999436e-01,3.427060875029943471e-02,7.642139999999999489e-01,3.308040000000000286e-02,2.560000000000000053e-01,8.953310000000000782e-03
1.014240000000000030e+01,4.503160000000000496e-01,3.264050705138631797e-02,6.906870000000000509e-01,3.146619999999999973e-02,2.403710000000000013e-01,8.676460000000000422e-03
1.026340000000000074e+01,4.111340000000000550e-01,3.164807028991815235e-02,6.443060000000000453e-01,3.046849999999999906e-02,2.331719999999999904e-01,8.559840000000000851e-03
1.038439999999999941e+01,4.970730000000000426e-01,3.344138264620648282e-02,7.257510000000000350e-01,3.234730000000000244e-02,2.286779999999999924e-01,8.484000000000000222e-03
1.050539999999999985e+01,4.454810000000000159e-01,3.216099663924611857e-02,6.697030000000000483e-01,3.104169999999999846e-02,2.242220000000000046e-01,8.410859999999999170e-03
1.062640000000000029e+01,3.714849999999999541e-01,3.039803051061203132e-02,5.914639999999999898e-01,2.923219999999999985e-02,2.199790000000000079e-01,8.337789999999999438e-03
1.074729999999999919e+01,4.185699999999999976e-01,3.144822969306221294e-02,6.344440000000000079e-01,3.034169999999999923e-02,2.158740000000000103e-01,8.268759999999999999e-03
1.086829999999999963e+01,4.041739999999999222e-01,3.117212542164714273e-02,6.234229999999999494e-01,3.003650000000000070e-02,2.192489999999999994e-01,8.337270000000000791e-03
1.098930000000000007e+01,3.382979999999999876e-01,2.996286421804330788e-02,5.686299999999999688e-01,2.871419999999999875e-02,2.303320000000000090e-01,8.559670000000000126e-03
1.111030000000000051e+01,3.192210000000000325e-01,2.945874959533924253e-02,5.468260000000000343e-01,2.820160000000000028e-02,2.276050000000000018e-01,8.513969999999999178e-03
1.123129999999999917e+01,3.402760000000000229e-01,2.961906517581032461e-02,5.556020000000000403e-01,2.843619999999999828e-02,2.153259999999999896e-01,8.286830000000000238e-03
1.135229999999999961e+01,3.683239999999999847e-01,3.018249658316057848e-02,5.790159999999999751e-01,2.904469999999999968e-02,2.106919999999999904e-01,8.209050000000000721e-03
1.147320000000000029e+01,3.305510000000000392e-01,2.927573196948114048e-02,5.403970000000000162e-01,2.810340000000000060e-02,2.098460000000000047e-01,8.201669999999999447e-03
1.159420000000000073e+01,4.000449999999999839e-01,3.094343878434328149e-02,6.084680000000000089e-01,2.984169999999999878e-02,2.084229999999999972e-01,8.183479999999999921e-03
1.171519999999999939e+01,3.536670000000000091e-01,2.959747053778244777e-02,5.552770000000000206e-01,2.848070000000000115e-02,2.016100000000000114e-01,8.053569999999999479e-03
1.183619999999999983e+01,3.784270000000000134e-01,3.009919603876488881e-02,5.746310000000000029e-01,2.902930000000000094e-02,1.962039999999999895e-01,7.953699999999999312e-03
1.195720000000000027e+01,3.876290000000000013e-01,3.009416361899595882e-02,5.745069999999999899e-01,2.907509999999999956e-02,1.868779999999999886e-01,7.765130000000000296e-03
1.207820000000000071e+01,3.437799999999999745e-01,2.912118204765218668e-02,5.347439999999999971e-01,2.804150000000000045e-02,1.909639999999999949e-01,7.856049999999999839e-03
1.219909999999999961e+01,3.821620000000000572e-01,2.974358010042503497e-02,5.615210000000000479e-01,2.875000000000000125e-02,1.793589999999999907e-01,7.623519999999999949e-03
1.232010000000000005e+01,3.688469999999999249e-01,2.917862383981808042e-02,5.388429999999999609e-01,2.821780000000000121e-02,1.699960000000000082e-01,7.426160000000000226e-03
1.244110000000000049e+01,3.603779999999999761e-01,2.906430763305570264e-02,5.331879999999999953e-01,2.807880000000000098e-02,1.728099999999999914e-01,7.504330000000000028e-03
1.256209999999999916e+01,4.126690000000000080e-01,3.007672630784307896e-02,5.737659999999999982e-01,2.919000000000000067e-02,1.610969999999999902e-01,7.249369999999999772e-03
1.268309999999999960e+01,3.364540000000000308e-01,2.860831964185243589e-02,5.128679999999999906e-01,2.758089999999999847e-02,1.764139999999999875e-01,7.598019999999999601e-03
1.280410000000000004e+01,4.038580000000000503e-01,2.965415432258353828e-02,5.562580000000000302e-01,2.879860000000000059e-02,1.524000000000000077e-01,7.071739999999999970e-03
1.292500000000000071e+01,3.334040000000000337e-01,2.832389624066752529e-02,5.010510000000000241e-01,2.733359999999999956e-02,1.676469999999999905e-01,7.424110000000000258e-03
1.304599999999999937e+01,3.458640000000000048e-01,2.880599371774735309e-02,5.188840000000000119e-01,2.780070000000000111e-02,1.730200000000000071e-01,7.543629999999999954e-03
1.316699999999999982e+01,3.416939999999999422e-01,2.860975650340981391e-02,5.116119999999999557e-01,2.761270000000000044e-02,1.699180000000000135e-01,7.487119999999999886e-03
1.328800000000000026e+01,3.307169999999999277e-01,2.848192610505125011e-02,5.044309999999999627e-01,2.745749999999999927e-02,1.737140000000000073e-01,7.570059999999999983e-03
1.340900000000000070e+01,3.903769999999999740e-01,2.956173113362781449e-02,5.488290000000000113e-01,2.866039999999999907e-02,1.584520000000000095e-01,7.244129999999999667e-03
1.352999999999999936e+01,3.096510000000000096e-01,2.768470074337087833e-02,4.747569999999999846e-01,2.667910000000000073e-02,1.651060000000000028e-01,7.393799999999999852e-03
1.365090000000000003e+01,3.074999999999999956e-01,2.725260786641161420e-02,4.610929999999999751e-01,2.630040000000000155e-02,1.535930000000000073e-01,7.140979999999999897e-03
1.377190000000000047e+01,3.278490000000000015e-01,2.759675743543251944e-02,4.748229999999999951e-01,2.669670000000000029e-02,1.469739999999999935e-01,6.990510000000000126e-03
1.389289999999999914e+01,2.709600000000000342e-01,2.584689506081726609e-02,4.131020000000000247e-01,2.491480000000000083e-02,1.421419999999999906e-01,6.878569999999999650e-03
1.401389999999999958e+01,3.498989999999999601e-01,2.782661239870207193e-02,4.848029999999999839e-01,2.700839999999999838e-02,1.349039999999999961e-01,6.698260000000000151e-03
1.413490000000000002e+01,3.196060000000000012e-01,2.706333348688775425e-02,4.545420000000000016e-01,2.621940000000000034e-02,1.349360000000000004e-01,6.705749999999999905e-03
1.425590000000000046e+01,2.625210000000000043e-01,2.544803194163548776e-02,3.991990000000000260e-01,2.453500000000000125e-02,1.366779999999999939e-01,6.755449999999999650e-03
1.437679999999999936e+01,3.283530000000000060e-01,2.677656128303446126e-02,4.479810000000000181e-01,2.602020000000000027e-02,1.196279999999999982e-01,6.319289999999999977e-03
1.449779999999999980e+01,3.316359999999999864e-01,2.644991735410339231e-02,4.388679999999999803e-01,2.576229999999999840e-02,1.072319999999999940e-01,5.991830000000000073e-03
1.461880000000000024e+01,2.819630000000000192e-01,2.511937922081076968e-02,3.921760000000000246e-01,2.437349999999999933e-02,1.102130000000000054e-01,6.075829999999999946e-03
1.473980000000000068e+01,3.032150000000000123e-01,2.584231213300388838e-02,4.153379999999999850e-01,2.510300000000000031e-02,1.121230000000000004e-01,6.137140000000000130e-03
1.486079999999999934e+01,3.181829999999999936e-01,2.600556896925925593e-02,4.222110000000000030e-01,2.532509999999999969e-02,1.040279999999999955e-01,5.910069999999999907e-03
1.498170000000000002e+01,3.146135000000000459e-01,2.576839460941251700e-02,4.137700000000000267e-01,2.511510000000000131e-02,9.915649999999999464e-02,5.765580000000000184e-03
1.510270000000000046e+01,3.370960000000000067e-01,2.649230834049951314e-02,4.383290000000000242e-01,2.584159999999999929e-02,1.012330000000000035e-01,5.835589999999999875e-03
1.522369999999999912e+01,2.897885999999999518e-01,2.490533186046714823e-02,3.855859999999999843e-01,2.425019999999999953e-02,9.579740000000000477e-02,5.674799999999999810e-03
1.534469999999999956e+01,2.890700000000000491e-01,2.513950255876993417e-02,3.900950000000000251e-01,2.445280000000000023e-02,1.010250000000000037e-01,5.835680000000000207e-03
1.546570000000000000e+01,3.291725999999999819e-01,2.595725628671874397e-02,4.200869999999999882e-01,2.535979999999999832e-02,9.091440000000000632e-02,5.537120000000000410e-03
1.558670000000000044e+01,3.150451000000000223e-01,2.521044311376537464e-02,3.965580000000000216e-01,2.465820000000000164e-02,8.151289999999999925e-02,5.247820000000000262e-03
1.570759999999999934e+01,3.175118000000000107e-01,2.532677296258052657e-02,3.991730000000000000e-01,2.477590000000000001e-02,8.166120000000000323e-02,5.253589999999999822e-03
1.582859999999999978e+01,2.888638000000000039e-01,2.452341041542957858e-02,3.715189999999999881e-01,2.394560000000000091e-02,8.265519999999999812e-02,5.292060000000000340e-03
1.594960000000000022e+01,2.859205999999999692e-01,2.441059221486443012e-02,3.686809999999999810e-01,2.382949999999999999e-02,8.276039999999999786e-02,5.294519999999999608e-03
1.607059999999999889e+01,3.135940000000000394e-01,2.499691456104332840e-02,3.891510000000000247e-01,2.447939999999999838e-02,7.555699999999999916e-02,5.060109999999999608e-03
1.619160000000000110e+01,2.848247999999999891e-01,2.396406827655938807e-02,3.564649999999999763e-01,2.345020000000000091e-02,7.164020000000000110e-02,4.936059999999999927e-03
1.631259999999999977e+01,3.006222000000000616e-01,2.462175652751241034e-02,3.755820000000000269e-01,2.409820000000000018e-02,7.495979999999999310e-02,5.050510000000000242e-03
1.643349999999999866e+01,2.928294999999999648e-01,2.419349187334478291e-02,3.627699999999999814e-01,2.369459999999999969e-02,6.994050000000000267e-02,4.887840000000000067e-03
1.655450000000000088e+01,2.839808999999999806e-01,2.392450862008455026e-02,3.533729999999999927e-01,2.342429999999999859e-02,6.939209999999999823e-02,4.866650000000000142e-03
1.667549999999999955e+01,2.887934999999999808e-01,2.415399572252177260e-02,3.602469999999999839e-01,2.364240000000000091e-02,7.145350000000000312e-02,4.944940000000000099e-03
1.679650000000000176e+01,3.253224999999999589e-01,2.534234439372174547e-02,3.975509999999999877e-01,2.484839999999999965e-02,7.222850000000000104e-02,4.979100000000000192e-03
1.691750000000000043e+01,2.999453000000000258e-01,2.410986612469882481e-02,3.605010000000000159e-01,2.367489999999999872e-02,6.055569999999999703e-02,4.559030000000000374e-03
1.703849999999999909e+01,2.969311000000000034e-01,2.433586739136289756e-02,3.651780000000000026e-01,2.384879999999999986e-02,6.824689999999999923e-02,4.844499999999999848e-03
1.715940000000000154e+01,3.264483999999999719e-01,2.481041934700822793e-02,3.825379999999999892e-01,2.442000000000000073e-02,5.608960000000000334e-02,4.384120000000000031e-03
1.728040000000000020e+01,2.305227999999999722e-01,2.214996980990267469e-02,2.999049999999999772e-01,2.160449999999999871e-02,6.938220000000000498e-02,4.885360000000000050e-03
1.740139999999999887e+01,2.825598999999999750e-01,2.344160504935828906e-02,3.390119999999999800e-01,2.302190000000000139e-02,5.645209999999999811e-02,4.415989999999999846e-03
1.752240000000000109e+01,2.487402999999999975e-01,2.221384469064281372e-02,3.034020000000000050e-01,2.178549999999999931e-02,5.466170000000000057e-02,4.341300000000000194e-03
1.764339999999999975e+01,3.031495000000000162e-01,2.396743926893525958e-02,3.559860000000000246e-01,2.358309999999999920e-02,5.283650000000000152e-02,4.274990000000000213e-03
1.776439999999999841e+01,2.343177000000000176e-01,2.170772161058133823e-02,2.881690000000000085e-01,2.127400000000000124e-02,5.385129999999999778e-02,4.317650000000000134e-03
1.788530000000000086e+01,2.766599000000000141e-01,2.277253760098114227e-02,3.204400000000000026e-01,2.243619999999999989e-02,4.378010000000000235e-02,3.899409999999999855e-03
1.800629999999999953e+01,2.756920999999999955e-01,2.317884915336393403e-02,3.296410000000000173e-01,2.277070000000000136e-02,5.394890000000000102e-02,4.330620000000000303e-03
1.812730000000000175e+01,2.891575999999999591e-01,2.369812939537844707e-02,3.440099999999999825e-01,2.329060000000000158e-02,5.485240000000000254e-02,4.375989999999999741e-03
1.824830000000000041e+01,2.855840000000000045e-01,2.329290652945870468e-02,3.317180000000000129e-01,2.294469999999999843e-02,4.613400000000000140e-02,4.012510000000000382e-03
1.836929999999999907e+01,2.551714999999999955e-01,2.225415393517353804e-02,3.032500000000000195e-01,2.187489999999999921e-02,4.807850000000000318e-02,4.090980000000000137e-03
1.849030000000000129e+01,2.527945999999999804e-01,2.194371683886756422e-02,2.936579999999999746e-01,2.161549999999999930e-02,4.086340000000000111e-02,3.781119999999999794e-03
1.861120000000000019e+01,2.814296000000000020e-01,2.325063278821675253e-02,3.293679999999999941e-01,2.288569999999999841e-02,4.793839999999999907e-02,4.103250000000000126e-03
1.873219999999999885e+01,2.737982999999999945e-01,2.283421461229617408e-02,3.184119999999999728e-01,2.248680000000000123e-02,4.461369999999999919e-02,3.968020000000000054e-03
1.885320000000000107e+01,3.274002999999999775e-01,2.453605151663364181e-02,3.697759999999999936e-01,2.423089999999999966e-02,4.237570000000000225e-02,3.857629999999999913e-03
1.897419999999999973e+01,2.884081000000000006e-01,2.291831818529448811e-02,3.224779999999999869e-01,2.265529999999999974e-02,3.406990000000000018e-02,3.462180000000000032e-03
1.909519999999999840e+01,2.856736000000000275e-01,2.307197921803848945e-02,3.257050000000000223e-01,2.276490000000000111e-02,4.003140000000000170e-02,3.751739999999999936e-03
1.921620000000000061e+01,2.912062000000000261e-01,2.307727211554476757e-02,3.275230000000000086e-01,2.279830000000000051e-02,3.631680000000000325e-02,3.577429999999999933e-03
1.933709999999999951e+01,3.012581000000000286e-01,2.387822807587698659e-02,3.458200000000000163e-01,2.354629999999999918e-02,4.456190000000000151e-02,3.967560000000000184e-03
1.945810000000000173e+01,2.895595000000000252e-01,2.315607684005431890e-02,3.257590000000000208e-01,2.287799999999999903e-02,3.619950000000000251e-02,3.577850000000000041e-03
1.957910000000000039e+01,3.287338999999999678e-01,2.437399090054807177e-02,3.633509999999999796e-01,2.412210000000000049e-02,3.461709999999999787e-02,3.495100000000000116e-03
1.970009999999999906e+01,3.089538000000000006e-01,2.362170044359422974e-02,3.408849999999999936e-01,2.338109999999999841e-02,3.193119999999999986e-02,3.362870000000000009e-03
1.982110000000000127e+01,3.364692999999999712e-01,2.456510694733690658e-02,3.679209999999999980e-01,2.433729999999999921e-02,3.145169999999999910e-02,3.337709999999999809e-03
1.994209999999999994e+01,2.721328999999999554e-01,2.261102088787898812e-02,3.092269999999999741e-01,2.231779999999999875e-02,3.709409999999999791e-02,3.629610000000000128e-03
2.006299999999999883e+01,2.666820999999999775e-01,2.250958314202197719e-02,3.074479999999999991e-01,2.218629999999999908e-02,4.076590000000000075e-02,3.801240000000000001e-03
2.018400000000000105e+01,3.093170000000000086e-01,2.385948558917396281e-02,3.465420000000000167e-01,2.358029999999999848e-02,3.722500000000000114e-02,3.639299999999999827e-03
2.030499999999999972e+01,2.804279000000000077e-01,2.279589658249922893e-02,3.151019999999999932e-01,2.252380000000000007e-02,3.467409999999999937e-02,3.511600000000000138e-03
2.042599999999999838e+01,2.687499999999999889e-01,2.222387076896371882e-02,2.997670000000000057e-01,2.197330000000000116e-02,3.101699999999999943e-02,3.327839999999999878e-03
2.054700000000000060e+01,3.079426000000000108e-01,2.381223185688607219e-02,3.430460000000000176e-01,2.354969999999999980e-02,3.510339999999999988e-02,3.526189999999999793e-03
2.066799999999999926e+01,3.219551999999999969e-01,2.445090790252173879e-02,3.606179999999999941e-01,2.416700000000000098e-02,3.866279999999999717e-02,3.715239999999999862e-03
2.078890000000000171e+01,3.376436000000000437e-01,2.481673016238037863e-02,3.722400000000000153e-01,2.456679999999999975e-02,3.459639999999999938e-02,3.513179999999999862e-03
2.090990000000000038e+01,3.171059999999999990e-01,2.392952745065393336e-02,3.470770000000000244e-01,2.370540000000000147e-02,2.997100000000000111e-02,3.267459999999999809e-03
2.103089999999999904e+01,3.474951000000000012e-01,2.520737081541031890e-02,3.838329999999999798e-01,2.494779999999999914e-02,3.633789999999999937e-02,3.608160000000000013e-03
2.115190000000000126e+01,3.176086000000000187e-01,2.450772158556564079e-02,3.612360000000000015e-01,2.418570000000000095e-02,4.362739999999999674e-02,3.959840000000000061e-03
2.127289999999999992e+01,3.136113999999999846e-01,2.398178326137570884e-02,3.465110000000000134e-01,2.373460000000000153e-02,3.289960000000000107e-02,3.434340000000000136e-03
2.139389999999999858e+01,3.232289000000000412e-01,2.439482890095562989e-02,3.577600000000000224e-01,2.413890000000000133e-02,3.453110000000000207e-02,3.524370000000000194e-03
2.151480000000000103e+01,2.963010999999999839e-01,2.351958241132057204e-02,3.321629999999999860e-01,2.324410000000000018e-02,3.586190000000000211e-02,3.589230000000000111e-03
2.163579999999999970e+01,3.294390999999999847e-01,2.464872415327819602e-02,3.647670000000000079e-01,2.438799999999999996e-02,3.532790000000000236e-02,3.575619999999999840e-03
2.175679999999999836e+01,3.142610999999999599e-01,2.393783303162589846e-02,3.445829999999999727e-01,2.370840000000000100e-02,3.032189999999999885e-02,3.306299999999999864e-03
2.187780000000000058e+01,3.192977000000000176e-01,2.436366605526557594e-02,3.554880000000000262e-01,2.409450000000000133e-02,3.619030000000000163e-02,3.611549999999999830e-03
2.199879999999999924e+01,2.907843999999999984e-01,2.346019508519910091e-02,3.277510000000000145e-01,2.317469999999999947e-02,3.696660000000000224e-02,3.648839999999999983e-03
2.211980000000000146e+01,3.296005000000000185e-01,2.486786378136248213e-02,3.680849999999999955e-01,2.458710000000000062e-02,3.848449999999999788e-02,3.726279999999999783e-03
2.224070000000000036e+01,3.126297999999999577e-01,2.394042092586510725e-02,3.428959999999999786e-01,2.371059999999999834e-02,3.026620000000000005e-02,3.309260000000000066e-03
2.236169999999999902e+01,3.411694000000000115e-01,2.524334421907089426e-02,3.802050000000000152e-01,2.496179999999999927e-02,3.903559999999999669e-02,3.759649999999999798e-03
2.248270000000000124e+01,3.320329000000000197e-01,2.493997766523659357e-02,3.692300000000000026e-01,2.466720000000000024e-02,3.719709999999999683e-02,3.678550000000000049e-03
2.260369999999999990e+01,3.703280999999999934e-01,2.602597627009599693e-02,4.038019999999999943e-01,2.579180000000000014e-02,3.347390000000000088e-02,3.483459999999999855e-03
2.272469999999999857e+01,3.455962999999999674e-01,2.519931805401884328e-02,3.776789999999999869e-01,2.496639999999999970e-02,3.208269999999999872e-02,3.418259999999999788e-03
2.284570000000000078e+01,3.797187000000000201e-01,2.612482817069042285e-02,4.084760000000000058e-01,2.592399999999999913e-02,2.875729999999999953e-02,3.233090000000000096e-03
2.296659999999999968e+01,3.496749999999999581e-01,2.499261398459352856e-02,3.736809999999999854e-01,2.481649999999999828e-02,2.400599999999999956e-02,2.961769999999999854e-03
2.308759999999999835e+01,3.426486000000000254e-01,2.511057959875876572e-02,3.741650000000000253e-01,2.488140000000000143e-02,3.151639999999999997e-02,3.384840000000000071e-03
2.320860000000000056e+01,3.606454000000000049e-01,2.565971324420637453e-02,3.905689999999999995e-01,2.544609999999999927e-02,2.992360000000000159e-02,3.304070000000000097e-03
2.332959999999999923e+01,3.400669000000000053e-01,2.501220249963805389e-02,3.705490000000000173e-01,2.478829999999999922e-02,3.048210000000000156e-02,3.339229999999999889e-03
2.345060000000000144e+01,3.838850000000000318e-01,2.631002189348385922e-02,4.118970000000000131e-01,2.611399999999999832e-02,2.801199999999999871e-02,3.205659999999999933e-03
2.357160000000000011e+01,4.067989000000000188e-01,2.728527726113296956e-02,4.400700000000000167e-01,2.706039999999999834e-02,3.327109999999999790e-02,3.495869999999999880e-03
2.369249999999999901e+01,3.558171999999999446e-01,2.587386772755283226e-02,3.927649999999999753e-01,2.561130000000000004e-02,3.694780000000000286e-02,3.676730000000000016e-03
2.381350000000000122e+01,3.831995999999999736e-01,2.680564528721702047e-02,4.227380000000000027e-01,2.653360000000000093e-02,3.953840000000000132e-02,3.809289999999999898e-03
2.393449999999999989e+01,3.514148999999999745e-01,2.556210593598266106e-02,3.838289999999999758e-01,2.532770000000000160e-02,3.241410000000000124e-02,3.453819999999999807e-03
2.405549999999999855e+01,3.418001000000000511e-01,2.539849530580306006e-02,3.778790000000000204e-01,2.513510000000000050e-02,3.607889999999999708e-02,3.648329999999999976e-03
2.415630000000000166e+01,3.681166000000000160e-01,3.223769521650857867e-02,4.075810000000000266e-01,3.189650000000000124e-02,3.946439999999999670e-02,4.677849999999999890e-03
2.425710000000000122e+01,3.828526999999999902e-01,1.372011153347158473e-02,4.118249999999999966e-01,1.361470000000000041e-02,2.897229999999999944e-02,1.697469999999999968e-03
2.437839999999999918e+01,3.891506000000000132e-01,1.380065750731101874e-02,4.205849999999999866e-01,1.368729999999999947e-02,3.143440000000000123e-02,1.765209999999999913e-03
2.450029999999999930e+01,3.904281000000000557e-01,1.379110811318655545e-02,4.229840000000000266e-01,1.367430000000000034e-02,3.255589999999999873e-02,1.791140000000000093e-03
2.462280000000000157e+01,3.728309000000000206e-01,1.341890095622216145e-02,4.033329999999999971e-01,1.330740000000000048e-02,3.050210000000000074e-02,1.726270000000000018e-03
2.474589999999999890e+01,3.882295999999999525e-01,1.370937291797476830e-02,4.214049999999999740e-01,1.359020000000000020e-02,3.317540000000000072e-02,1.803710000000000035e-03
2.486959999999999837e+01,3.668048999999999893e-01,1.330553793350723601e-02,3.986609999999999876e-01,1.318970000000000038e-02,3.185609999999999831e-02,1.751900000000000028e-03
2.499399999999999977e+01,3.864894999999999858e-01,1.354715383541502463e-02,4.167319999999999913e-01,1.343880000000000075e-02,3.024249999999999855e-02,1.709980000000000050e-03
2.511899999999999977e+01,3.763413000000000452e-01,1.332533780622465261e-02,4.052430000000000199e-01,1.322180000000000057e-02,2.890169999999999892e-02,1.657899999999999912e-03
2.524459999999999837e+01,3.866514999999999813e-01,1.341762518154759019e-02,4.139410000000000034e-01,1.332069999999999955e-02,2.728950000000000126e-02,1.609849999999999910e-03
2.537079999999999913e+01,3.885685999999999862e-01,1.351017528237143106e-02,4.199060000000000015e-01,1.339959999999999936e-02,3.133740000000000137e-02,1.724980000000000090e-03
2.549759999999999849e+01,3.999233000000000371e-01,1.362380500521421893e-02,4.306340000000000168e-01,1.351720000000000005e-02,3.071070000000000050e-02,1.700990000000000097e-03
2.562509999999999977e+01,4.022171999999999970e-01,1.358198316750908012e-02,4.308469999999999800e-01,1.348260000000000083e-02,2.862980000000000039e-02,1.640050000000000101e-03
2.575329999999999941e+01,3.894044999999999868e-01,1.340573348922393000e-02,4.213199999999999723e-01,1.329400000000000026e-02,3.191549999999999943e-02,1.727210000000000073e-03
2.588200000000000145e+01,4.050676000000000276e-01,1.357986638543988087e-02,4.352150000000000185e-01,1.347680000000000058e-02,3.014740000000000128e-02,1.669920000000000085e-03
2.601139999999999830e+01,4.097929999999999628e-01,1.365022032591781988e-02,4.408199999999999896e-01,1.354529999999999970e-02,3.102699999999999902e-02,1.689189999999999919e-03
2.614150000000000063e+01,3.933906999999999821e-01,1.332727317781473228e-02,4.228790000000000049e-01,1.322540000000000000e-02,2.948829999999999854e-02,1.644690000000000084e-03
2.627220000000000155e+01,4.158667999999999809e-01,1.363994962259391930e-02,4.462389999999999968e-01,1.353709999999999983e-02,3.037219999999999850e-02,1.671869999999999997e-03
2.640360000000000085e+01,4.205355999999999539e-01,1.370828139615247292e-02,4.512959999999999749e-01,1.360639999999999940e-02,3.076040000000000024e-02,1.668189999999999951e-03
2.653559999999999874e+01,4.274848999999999455e-01,1.381329481977779279e-02,4.603729999999999767e-01,1.370530000000000012e-02,3.288810000000000344e-02,1.723909999999999939e-03
2.666819999999999879e+01,4.335411999999999599e-01,1.376740117409237102e-02,4.615719999999999823e-01,1.367600000000000066e-02,2.803080000000000155e-02,1.583779999999999910e-03
2.680160000000000053e+01,4.221514000000000100e-01,1.359794052841826334e-02,4.512070000000000247e-01,1.350179999999999957e-02,2.905560000000000087e-02,1.614119999999999921e-03
2.693560000000000088e+01,4.152584999999999749e-01,1.341778136207323960e-02,4.439629999999999965e-01,1.332299999999999977e-02,2.870450000000000085e-02,1.592019999999999980e-03
2.707029999999999959e+01,4.284441999999999973e-01,1.358078852395912944e-02,4.563329999999999886e-01,1.349009999999999966e-02,2.788879999999999831e-02,1.566850000000000057e-03
2.720560000000000045e+01,4.154475000000000251e-01,1.342723597581050796e-02,4.465390000000000192e-01,1.332509999999999944e-02,3.109150000000000108e-02,1.652990000000000015e-03
2.734169999999999945e+01,4.342640999999999862e-01,1.367691923073686804e-02,4.660320000000000018e-01,1.357479999999999971e-02,3.176790000000000169e-02,1.668210000000000049e-03
2.747840000000000060e+01,4.238534999999999942e-01,1.342975017897205664e-02,4.525049999999999906e-01,1.333649999999999940e-02,2.865149999999999988e-02,1.579859999999999988e-03
2.761580000000000013e+01,4.476181000000000187e-01,1.376812828122980607e-02,4.780360000000000165e-01,1.367209999999999953e-02,3.041790000000000119e-02,1.623279999999999949e-03
2.775379999999999825e+01,4.464628999999999959e-01,1.376017042118301593e-02,4.788890000000000091e-01,1.365809999999999941e-02,3.242609999999999937e-02,1.672899999999999951e-03
2.789260000000000161e+01,4.582872000000000057e-01,1.380858330772566887e-02,4.860410000000000008e-01,1.372199999999999982e-02,2.775379999999999861e-02,1.543920000000000058e-03
2.803209999999999980e+01,4.640563999999999800e-01,1.391566727312779778e-02,4.945959999999999801e-01,1.382180000000000041e-02,3.053960000000000008e-02,1.613580000000000092e-03
2.817220000000000013e+01,4.517955000000000165e-01,1.366981897811379160e-02,4.794720000000000093e-01,1.358380000000000004e-02,2.767649999999999971e-02,1.531119999999999964e-03
2.831309999999999860e+01,4.734227000000000296e-01,1.394263403694223115e-02,5.011560000000000459e-01,1.385800000000000053e-02,2.773329999999999892e-02,1.533910000000000091e-03
2.845469999999999899e+01,4.739397999999999667e-01,1.391836931888574234e-02,5.017949999999999910e-01,1.383419999999999962e-02,2.785520000000000010e-02,1.528370000000000032e-03
2.859690000000000154e+01,4.633588999999999625e-01,1.376286821321776738e-02,4.917039999999999744e-01,1.367600000000000066e-02,2.834510000000000154e-02,1.543880000000000079e-03
2.873989999999999867e+01,4.592227999999999866e-01,1.363223430245020379e-02,4.871659999999999879e-01,1.354640000000000011e-02,2.794320000000000137e-02,1.527369999999999900e-03
2.888360000000000127e+01,4.909762000000000293e-01,1.405088265955203169e-02,5.190270000000000161e-01,1.396769999999999956e-02,2.805080000000000073e-02,1.526650000000000056e-03
2.902799999999999869e+01,4.908473000000000419e-01,1.404628985194666946e-02,5.213590000000000169e-01,1.395599999999999966e-02,3.051169999999999924e-02,1.590070000000000068e-03
2.917320000000000135e+01,4.757487999999999717e-01,1.373306208127306194e-02,5.008219999999999894e-01,1.365740000000000010e-02,2.507320000000000035e-02,1.439589999999999924e-03
2.931899999999999906e+01,4.956280000000000685e-01,1.401861551025635443e-02,5.231710000000000527e-01,1.393750000000000024e-02,2.754300000000000151e-02,1.505880000000000022e-03
2.946559999999999846e+01,5.080647000000000357e-01,1.417556613026795670e-02,5.371040000000000258e-01,1.409140000000000045e-02,2.903930000000000053e-02,1.542439999999999957e-03
2.961299999999999955e+01,5.092056000000000360e-01,1.419246330354600669e-02,5.400030000000000108e-01,1.410400000000000022e-02,3.079739999999999908e-02,1.582150000000000049e-03
2.976099999999999923e+01,5.247142000000000195e-01,1.431020468114974249e-02,5.528389999999999693e-01,1.423080000000000005e-02,2.812479999999999841e-02,1.505419999999999935e-03
2.990980000000000061e+01,5.185403999999999014e-01,1.419568362427114754e-02,5.450779999999999514e-01,1.412019999999999942e-02,2.653760000000000147e-02,1.461980000000000094e-03
3.005940000000000012e+01,5.349017999999999828e-01,1.435279897147591181e-02,5.628469999999999862e-01,1.427450000000000073e-02,2.794519999999999990e-02,1.497159999999999984e-03
3.020970000000000155e+01,4.926852999999999927e-01,1.383853446714643914e-02,5.225940000000000030e-01,1.375159999999999924e-02,2.990869999999999987e-02,1.548719999999999958e-03
3.036070000000000135e+01,5.187256000000000089e-01,1.413878951736675417e-02,5.496459999999999679e-01,1.405190000000000085e-02,3.092040000000000066e-02,1.565079999999999943e-03
3.051249999999999929e+01,5.314927999999999875e-01,1.426208334893959429e-02,5.602489999999999970e-01,1.418220000000000071e-02,2.875619999999999912e-02,1.507389999999999945e-03
3.066509999999999891e+01,5.470292999999999406e-01,1.441104861873694631e-02,5.758109999999999618e-01,1.433240000000000035e-02,2.878170000000000034e-02,1.503540000000000041e-03
3.081840000000000046e+01,5.489059000000000577e-01,1.437303762033621118e-02,5.762260000000000160e-01,1.429829999999999990e-02,2.732009999999999994e-02,1.463840000000000106e-03
3.097250000000000014e+01,5.692057000000000366e-01,1.459890277118455239e-02,5.962830000000000075e-01,1.452600000000000072e-02,2.707729999999999859e-02,1.457149999999999938e-03
3.112740000000000151e+01,5.603388999999999731e-01,1.447570636124192664e-02,5.886139999999999706e-01,1.439939999999999970e-02,2.827510000000000093e-02,1.484370000000000047e-03
3.128300000000000125e+01,5.717809999999999837e-01,1.459625952241189878e-02,5.999689999999999745e-01,1.452110000000000033e-02,2.818800000000000125e-02,1.479339999999999995e-03
3.143939999999999912e+01,5.736847999999999947e-01,1.459771487741831457e-02,6.031379999999999519e-01,1.451969999999999997e-02,2.945319999999999883e-02,1.507180000000000108e-03
3.159659999999999869e+01,5.482957000000000525e-01,1.426608108658085523e-02,5.783000000000000362e-01,1.418499999999999969e-02,3.000430000000000111e-02,1.518830000000000093e-03
3.175459999999999994e+01,5.659789999999998988e-01,1.444913421295892023e-02,5.948949999999999516e-01,1.437259999999999927e-02,2.891600000000000073e-02,1.485210000000000046e-03
3.191339999999999932e+01,6.023106000000000293e-01,1.483853760600753989e-02,6.312670000000000226e-01,1.476399999999999935e-02,2.895640000000000019e-02,1.485430000000000040e-03
3.207289999999999708e+01,5.735455999999999888e-01,1.442719010219592479e-02,6.003349999999999520e-01,1.435660000000000061e-02,2.678940000000000141e-02,1.425430000000000100e-03
3.223329999999999984e+01,5.989541000000000448e-01,1.472654583735099644e-02,6.280229999999999979e-01,1.465179999999999955e-02,2.906890000000000168e-02,1.481859999999999991e-03
3.239450000000000074e+01,6.238755999999999746e-01,1.496844609626864393e-02,6.514429999999999943e-01,1.489919999999999960e-02,2.756739999999999885e-02,1.438129999999999921e-03
3.255639999999999645e+01,6.312978999999999674e-01,1.501697656294701672e-02,6.592810000000000059e-01,1.494739999999999958e-02,2.798310000000000033e-02,1.443889999999999974e-03
3.271920000000000073e+01,6.082865000000000633e-01,1.472270015285579402e-02,6.353950000000000431e-01,1.465430000000000031e-02,2.710850000000000065e-02,1.417529999999999962e-03
3.288280000000000314e+01,6.331193999999999988e-01,1.498962717482993194e-02,6.617009999999999836e-01,1.491849999999999947e-02,2.858159999999999867e-02,1.458520000000000042e-03
3.304719999999999658e+01,6.008017000000001051e-01,1.457530594541329126e-02,6.282680000000000486e-01,1.450530000000000048e-02,2.746629999999999905e-02,1.426820000000000085e-03
3.321249999999999858e+01,6.542989999999999640e-01,1.516964206730007231e-02,6.839439999999999964e-01,1.509740000000000040e-02,2.964500000000000121e-02,1.478699999999999893e-03
3.337850000000000250e+01,6.493619000000000474e-01,1.507378218298247897e-02,6.788180000000000325e-01,1.500210000000000085e-02,2.945609999999999895e-02,1.468300000000000074e-03
3.354540000000000077e+01,6.429348999999999759e-01,1.498938034991440134e-02,6.731000000000000316e-01,1.491589999999999930e-02,3.016510000000000025e-02,1.482379999999999939e-03
3.371320000000000050e+01,6.591825000000000045e-01,1.509586949818061789e-02,6.862120000000000442e-01,1.503069999999999927e-02,2.702950000000000144e-02,1.401190000000000074e-03
3.388170000000000215e+01,6.685723000000000082e-01,1.519608013018159710e-02,6.974540000000000184e-01,1.512709999999999923e-02,2.888169999999999973e-02,1.446269999999999934e-03
3.405109999999999815e+01,6.758680000000000243e-01,1.525456255143358732e-02,7.060239999999999849e-01,1.518309999999999972e-02,3.015599999999999878e-02,1.474840000000000048e-03
3.422140000000000271e+01,6.645090999999999637e-01,1.503963858442416111e-02,6.914339999999999931e-01,1.497549999999999923e-02,2.692490000000000161e-02,1.387489999999999904e-03
3.439249999999999829e+01,6.833848000000000145e-01,1.523117610961477811e-02,7.118630000000000235e-01,1.516449999999999916e-02,2.847819999999999865e-02,1.423610000000000066e-03
3.456450000000000244e+01,6.816019000000000938e-01,1.520079330356149429e-02,7.105860000000000509e-01,1.513259999999999952e-02,2.898409999999999875e-02,1.438239999999999918e-03
3.473729999999999762e+01,6.972222000000000142e-01,1.532496806089983336e-02,7.256230000000000180e-01,1.525920000000000054e-02,2.840080000000000035e-02,1.418259999999999963e-03
3.491100000000000136e+01,6.827467000000000397e-01,1.511157699409297270e-02,7.089389999999999858e-01,1.505049999999999964e-02,2.619230000000000169e-02,1.357279999999999988e-03
3.508550000000000324e+01,7.025876000000000898e-01,1.530918146603534036e-02,7.305120000000000502e-01,1.524539999999999923e-02,2.792439999999999853e-02,1.396000000000000105e-03
3.526089999999999947e+01,6.866991999999999541e-01,1.507523256133715649e-02,7.139919999999999600e-01,1.501210000000000044e-02,2.729279999999999901e-02,1.378220000000000096e-03
3.543730000000000047e+01,7.013590999999999021e-01,1.521525665286327031e-02,7.295509999999999495e-01,1.515090000000000013e-02,2.819189999999999890e-02,1.397950000000000017e-03
3.561440000000000339e+01,7.188692999999999333e-01,1.536251707313941554e-02,7.456019999999999870e-01,1.530240000000000072e-02,2.673270000000000160e-02,1.357750000000000016e-03
3.579249999999999687e+01,7.264817000000000080e-01,1.540021616512248816e-02,7.529660000000000242e-01,1.534089999999999933e-02,2.648429999999999881e-02,1.350349999999999944e-03
3.597149999999999892e+01,7.597946999999999340e-01,1.572970358908266225e-02,7.898629999999999818e-01,1.566419999999999965e-02,3.006829999999999919e-02,1.434020000000000043e-03
3.615129999999999910e+01,7.521322999999999759e-01,1.561199843661598662e-02,7.806499999999999551e-01,1.554960000000000023e-02,2.851769999999999999e-02,1.394430000000000105e-03
3.633209999999999695e+01,7.261765999999999499e-01,1.533911377935831197e-02,7.555319999999999814e-01,1.527419999999999993e-02,2.935540000000000024e-02,1.409689999999999901e-03
3.651370000000000005e+01,7.634552000000000005e-01,1.566487033589489958e-02,7.922569999999999890e-01,1.560250000000000005e-02,2.880179999999999893e-02,1.396480000000000074e-03
3.669630000000000081e+01,8.035059999999999425e-01,1.600421311612664280e-02,8.322209999999999885e-01,1.594370000000000162e-02,2.871500000000000094e-02,1.390420000000000067e-03
3.687980000000000302e+01,8.158273000000000330e-01,1.611169770343584898e-02,8.459090000000000220e-01,1.604910000000000017e-02,3.008169999999999941e-02,1.418870000000000027e-03
3.706419999999999959e+01,8.130351000000000106e-01,1.605431897912832501e-02,8.435989999999999878e-01,1.599060000000000065e-02,3.056390000000000148e-02,1.428940000000000071e-03
3.724949999999999761e+01,8.097288999999999737e-01,1.596739442673412654e-02,8.376329999999999609e-01,1.590930000000000122e-02,2.790410000000000112e-02,1.360829999999999939e-03
3.743580000000000041e+01,7.991241999999999512e-01,1.582622614509220094e-02,8.279579999999999718e-01,1.576579999999999995e-02,2.883379999999999971e-02,1.381660000000000050e-03
3.762290000000000134e+01,8.268735999999999864e-01,1.606542497921857257e-02,8.574749999999999872e-01,1.600230000000000055e-02,3.060140000000000082e-02,1.422770000000000068e-03
3.781110000000000326e+01,8.163191000000000752e-01,1.592512264827181806e-02,8.457120000000000193e-01,1.586419999999999844e-02,2.939289999999999958e-02,1.391649999999999918e-03
3.800010000000000332e+01,8.149423000000000084e-01,1.589782080679298659e-02,8.465380000000000127e-01,1.583259999999999876e-02,3.159569999999999740e-02,1.438569999999999910e-03
3.819010000000000105e+01,8.388982000000000383e-01,1.608413663613934841e-02,8.695730000000000404e-01,1.602179999999999924e-02,3.067479999999999860e-02,1.414700000000000072e-03
3.838110000000000355e+01,8.777747000000000188e-01,1.639640859121289235e-02,9.093259999999999676e-01,1.633379999999999901e-02,3.155129999999999740e-02,1.431500000000000047e-03
3.857300000000000040e+01,8.726456999999999686e-01,1.632120366946323078e-02,9.046999999999999487e-01,1.625760000000000052e-02,3.205430000000000085e-02,1.439490000000000084e-03
3.876579999999999870e+01,9.052729999999999944e-01,1.655502245157342012e-02,9.360680000000000112e-01,1.649520000000000153e-02,3.079499999999999946e-02,1.406109999999999912e-03
3.895969999999999800e+01,8.884959000000000051e-01,1.640046880779936697e-02,9.197119999999999740e-01,1.633949999999999986e-02,3.121610000000000010e-02,1.412840000000000059e-03
3.915449999999999875e+01,9.101356999999999919e-01,1.655363166525400387e-02,9.425550000000000317e-01,1.649120000000000100e-02,3.241929999999999812e-02,1.436329999999999985e-03
3.935020000000000095e+01,9.089986999999999373e-01,1.649006654784631112e-02,9.397039999999999837e-01,1.643079999999999888e-02,3.070530000000000134e-02,1.396820000000000006e-03
3.954699999999999704e+01,9.253630000000000466e-01,1.660871524882042219e-02,9.564259999999999984e-01,1.654939999999999883e-02,3.106300000000000033e-02,1.402419999999999925e-03
3.974470000000000169e+01,9.047796000000000172e-01,1.638262485569696655e-02,9.350450000000000150e-01,1.632420000000000052e-02,3.026540000000000133e-02,1.382350000000000072e-03
3.994339999999999691e+01,9.397402000000000255e-01,1.664901290380003604e-02,9.697489999999999721e-01,1.659230000000000080e-02,3.000879999999999867e-02,1.373029999999999910e-03
4.014320000000000022e+01,9.485047000000000894e-01,1.671149142305677210e-02,9.815930000000000488e-01,1.664969999999999992e-02,3.308830000000000104e-02,1.435770000000000058e-03
4.034389999999999787e+01,9.708738000000000090e-01,1.686089659087262535e-02,1.004029999999999978e+00,1.679960000000000134e-02,3.315619999999999679e-02,1.436409999999999944e-03
4.054560000000000031e+01,9.760947000000000928e-01,1.684436329356500325e-02,1.006080000000000085e+00,1.678910000000000124e-02,2.998529999999999945e-02,1.363339999999999995e-03
4.074830000000000041e+01,9.942984000000000266e-01,1.696368061179235817e-02,1.024510000000000032e+00,1.690869999999999873e-02,3.021160000000000165e-02,1.364669999999999902e-03
4.095210000000000150e+01,1.008293300000000059e+00,1.701325878629958432e-02,1.036990000000000078e+00,1.696140000000000148e-02,2.869669999999999860e-02,1.327360000000000085e-03
4.115679999999999694e+01,1.019137299999999913e+00,1.711758179511346789e-02,1.052179999999999893e+00,1.705840000000000134e-02,3.304270000000000124e-02,1.422180000000000102e-03
4.136260000000000048e+01,1.007547600000000099e+00,1.695700929859095263e-02,1.037930000000000019e+00,1.690250000000000086e-02,3.038240000000000038e-02,1.358550000000000035e-03
4.156940000000000168e+01,1.037289099999999964e+00,1.717979025788440861e-02,1.068840000000000012e+00,1.712419999999999914e-02,3.155089999999999978e-02,1.380930000000000048e-03
4.177729999999999677e+01,1.028267999999999960e+00,1.707449261780858915e-02,1.060100000000000042e+00,1.701820000000000069e-02,3.183199999999999918e-02,1.385340000000000096e-03
4.198619999999999663e+01,1.052251899999999907e+00,1.723045306644314587e-02,1.085309999999999997e+00,1.717269999999999908e-02,3.305809999999999998e-02,1.409569999999999964e-03
4.219610000000000127e+01,1.091497500000000009e+00,1.752196404095442833e-02,1.126309999999999922e+00,1.746230000000000004e-02,3.481250000000000316e-02,1.444750000000000071e-03
4.240709999999999980e+01,1.068758399999999886e+00,1.731627145548660096e-02,1.103739999999999943e+00,1.725600000000000050e-02,3.498160000000000158e-02,1.443510000000000062e-03
4.261910000000000309e+01,1.066696300000000042e+00,1.723600476296348674e-02,1.099099999999999966e+00,1.718000000000000083e-02,3.240370000000000056e-02,1.388329999999999903e-03
4.283220000000000027e+01,1.075125300000000061e+00,1.725829436033874190e-02,1.107269999999999976e+00,1.720340000000000064e-02,3.214469999999999827e-02,1.375410000000000087e-03
4.304639999999999844e+01,1.062584999999999891e+00,1.714304731121045824e-02,1.097169999999999979e+00,1.708350000000000146e-02,3.458499999999999769e-02,1.427620000000000104e-03
4.326160000000000139e+01,1.105126899999999912e+00,1.741436409186680745e-02,1.136749999999999927e+00,1.736120000000000024e-02,3.162310000000000121e-02,1.359710000000000085e-03
4.347789999999999822e+01,1.129135999999999918e+00,1.756058407349823935e-02,1.160919999999999952e+00,1.750770000000000104e-02,3.178399999999999975e-02,1.361819999999999914e-03
4.369530000000000314e+01,1.129594399999999998e+00,1.751916570145108445e-02,1.160779999999999923e+00,1.746730000000000158e-02,3.118560000000000082e-02,1.347069999999999908e-03
4.391380000000000194e+01,1.117049399999999970e+00,1.741185420946316301e-02,1.151110000000000078e+00,1.735520000000000118e-02,3.406060000000000337e-02,1.403460000000000037e-03
4.413329999999999842e+01,1.108418099999999962e+00,1.731852981035341896e-02,1.143059999999999965e+00,1.726079999999999975e-02,3.464190000000000325e-02,1.412889999999999979e-03
4.435399999999999920e+01,1.090217699999999956e+00,1.712726943151184414e-02,1.122999999999999998e+00,1.707240000000000146e-02,3.278230000000000033e-02,1.369860000000000088e-03
4.457580000000000098e+01,1.160443799999999914e+00,1.759846550881354402e-02,1.191619999999999902e+00,1.754779999999999882e-02,3.117620000000000113e-02,1.334429999999999948e-03
4.479869999999999663e+01,1.149281299999999950e+00,1.748017095441575103e-02,1.181000000000000050e+00,1.742840000000000014e-02,3.171870000000000245e-02,1.344340000000000075e-03
4.502259999999999707e+01,1.122369700000000137e+00,1.724630872949049071e-02,1.154300000000000104e+00,1.719379999999999867e-02,3.193030000000000174e-02,1.344769999999999906e-03
4.524779999999999802e+01,1.173759299999999950e+00,1.760733607085694305e-02,1.207389999999999963e+00,1.755340000000000025e-02,3.363069999999999948e-02,1.377109999999999966e-03
4.547399999999999665e+01,1.160018500000000063e+00,1.746658222864736626e-02,1.191359999999999975e+00,1.741610000000000033e-02,3.134150000000000130e-02,1.327009999999999995e-03
4.570139999999999958e+01,1.167565200000000081e+00,1.749915961327571864e-02,1.201640000000000041e+00,1.744450000000000167e-02,3.407480000000000231e-02,1.382030000000000021e-03
4.592990000000000350e+01,1.210393100000000111e+00,1.773325052872146146e-02,1.241130000000000067e+00,1.768489999999999993e-02,3.073690000000000103e-02,1.308619999999999922e-03
4.615950000000000131e+01,1.184648200000000040e+00,1.753482361502390480e-02,1.217659999999999965e+00,1.748250000000000151e-02,3.301180000000000087e-02,1.353599999999999942e-03
4.639030000000000342e+01,1.183897800000000000e+00,1.748345616125141291e-02,1.215570000000000039e+00,1.743319999999999939e-02,3.167219999999999758e-02,1.324679999999999955e-03
4.662230000000000274e+01,1.195310199999999989e+00,1.753514342109581750e-02,1.229300000000000059e+00,1.748179999999999873e-02,3.398980000000000057e-02,1.366720000000000088e-03
4.685540000000000305e+01,1.235027799999999898e+00,1.776836511984431280e-02,1.266799999999999926e+00,1.771920000000000092e-02,3.177220000000000044e-02,1.320889999999999911e-03
4.708970000000000056e+01,1.202495399999999881e+00,1.752738143957619302e-02,1.236399999999999944e+00,1.747440000000000104e-02,3.390460000000000002e-02,1.361779999999999935e-03
4.732509999999999906e+01,1.210956000000000143e+00,1.754248156706741252e-02,1.244450000000000056e+00,1.749049999999999910e-02,3.349400000000000294e-02,1.349469999999999966e-03
4.756170000000000186e+01,1.209766700000000084e+00,1.751137698098010828e-02,1.243980000000000086e+00,1.745839999999999892e-02,3.421330000000000204e-02,1.361100000000000070e-03
4.779950000000000188e+01,1.220488100000000076e+00,1.756878436675685454e-02,1.256420000000000092e+00,1.751350000000000129e-02,3.593190000000000273e-02,1.392659999999999992e-03
4.803849999999999909e+01,1.232598899999999942e+00,1.761426586083280482e-02,1.267449999999999966e+00,1.756100000000000022e-02,3.485110000000000291e-02,1.368810000000000035e-03
4.827870000000000061e+01,1.246213199999999910e+00,1.765856081928535853e-02,1.279760000000000009e+00,1.760770000000000043e-02,3.354680000000000162e-02,1.339279999999999984e-03
4.852009999999999934e+01,1.220415699999999992e+00,1.745590059727942026e-02,1.256380000000000052e+00,1.740090000000000039e-02,3.596429999999999766e-02,1.384610000000000094e-03
4.876270000000000238e+01,1.226831299999999958e+00,1.746016688832326136e-02,1.261770000000000058e+00,1.740680000000000005e-02,3.493870000000000309e-02,1.364090000000000094e-03
4.900650000000000261e+01,1.239893899999999993e+00,1.749250677301855683e-02,1.271949999999999914e+00,1.744400000000000117e-02,3.205609999999999710e-02,1.301789999999999935e-03
4.925160000000000338e+01,1.223880100000000137e+00,1.735895321851234352e-02,1.257330000000000059e+00,1.730819999999999928e-02,3.344989999999999769e-02,1.326450000000000068e-03
4.949779999999999802e+01,1.259327100000000144e+00,1.757905145276331474e-02,1.294480000000000075e+00,1.752630000000000160e-02,3.515290000000000081e-02,1.360829999999999939e-03
4.974530000000000030e+01,1.252384399999999953e+00,1.748084556703136117e-02,1.284980000000000011e+00,1.743190000000000017e-02,3.259560000000000235e-02,1.307219999999999997e-03
4.999399999999999977e+01,1.277306400000000064e+00,1.761495955080226786e-02,1.310340000000000060e+00,1.756610000000000116e-02,3.303360000000000324e-02,1.311080000000000058e-03
5.024399999999999977e+01,1.289075299999999924e+00,1.766352408848245736e-02,1.322089999999999987e+00,1.761499999999999871e-02,3.301470000000000099e-02,1.308380000000000046e-03
5.049519999999999698e+01,1.294130899999999862e+00,1.766859552889249799e-02,1.327499999999999902e+00,1.761969999999999856e-02,3.336909999999999876e-02,1.313560000000000075e-03
5.074770000000000181e+01,1.311027100000000001e+00,1.773134468883000650e-02,1.343029999999999946e+00,1.768470000000000111e-02,3.200290000000000079e-02,1.285289999999999913e-03
5.100150000000000006e+01,1.302896199999999949e+00,1.766301138180010125e-02,1.335879999999999956e+00,1.761499999999999871e-02,3.298380000000000062e-02,1.301440000000000062e-03
5.125650000000000261e+01,1.313857399999999842e+00,1.769557336547476767e-02,1.345699999999999896e+00,1.764960000000000140e-02,3.184259999999999868e-02,1.274729999999999960e-03
5.151270000000000238e+01,1.328904799999999886e+00,1.776513942845369190e-02,1.361329999999999929e+00,1.771839999999999873e-02,3.242520000000000124e-02,1.287820000000000067e-03
5.177029999999999887e+01,1.354001500000000080e+00,1.788894555928045860e-02,1.387040000000000051e+00,1.784209999999999963e-02,3.303849999999999842e-02,1.293770000000000076e-03
5.202920000000000300e+01,1.365764399999999990e+00,1.794088074100321298e-02,1.399189999999999934e+00,1.789369999999999850e-02,3.342559999999999976e-02,1.300270000000000072e-03
5.228929999999999723e+01,1.349683999999999884e+00,1.783156070578512109e-02,1.385699999999999932e+00,1.778039999999999829e-02,3.601599999999999940e-02,1.349790000000000018e-03
5.255069999999999908e+01,1.356618899999999961e+00,1.780896058259437073e-02,1.389450000000000074e+00,1.776259999999999992e-02,3.283110000000000195e-02,1.284180000000000000e-03
5.281349999999999767e+01,1.377120099999999958e+00,1.790014692495287690e-02,1.409470000000000001e+00,1.785489999999999994e-02,3.234990000000000088e-02,1.271929999999999892e-03
5.307759999999999678e+01,1.407304800000000133e+00,1.806934658184683809e-02,1.440020000000000078e+00,1.802410000000000123e-02,3.271519999999999984e-02,1.277930000000000038e-03
5.334300000000000352e+01,1.423366200000000026e+00,1.815443236683813091e-02,1.458120000000000083e+00,1.810669999999999988e-02,3.475380000000000136e-02,1.315610000000000043e-03
5.360969999999999658e+01,1.410892099999999871e+00,1.806152815817088989e-02,1.447969999999999979e+00,1.801049999999999873e-02,3.707789999999999697e-02,1.356720000000000061e-03
5.387769999999999726e+01,1.423149100000000056e+00,1.807775325997121665e-02,1.455359999999999987e+00,1.803369999999999973e-02,3.221090000000000064e-02,1.261280000000000040e-03
5.414710000000000178e+01,1.408009199999999961e+00,1.795068722460508095e-02,1.440760000000000041e+00,1.790579999999999949e-02,3.275079999999999658e-02,1.268660000000000013e-03
5.441779999999999973e+01,1.463657299999999939e+00,1.826830404498458113e-02,1.495689999999999964e+00,1.822520000000000043e-02,3.203269999999999729e-02,1.254200000000000020e-03
5.468990000000000151e+01,1.508493700000000048e+00,1.849342236922089933e-02,1.539700000000000069e+00,1.845199999999999965e-02,3.120629999999999932e-02,1.237079999999999994e-03
5.496340000000000003e+01,1.474753900000000062e+00,1.826611964705147917e-02,1.507500000000000062e+00,1.822230000000000030e-02,3.274610000000000021e-02,1.264479999999999901e-03
5.523819999999999908e+01,1.479513400000000090e+00,1.828088217544492425e-02,1.513740000000000085e+00,1.823529999999999943e-02,3.422660000000000285e-02,1.290150000000000107e-03
5.551440000000000197e+01,1.463721199999999945e+00,1.813478993957194987e-02,1.495479999999999920e+00,1.809229999999999866e-02,3.175879999999999675e-02,1.240680000000000081e-03
5.579200000000000159e+01,1.524811799999999939e+00,1.847943834291507909e-02,1.557309999999999972e+00,1.843689999999999912e-02,3.249819999999999792e-02,1.253140000000000026e-03
5.607090000000000174e+01,1.522760399999999903e+00,1.841910552132214676e-02,1.553439999999999932e+00,1.837890000000000010e-02,3.067960000000000131e-02,1.216339999999999999e-03
5.635130000000000194e+01,1.511525800000000030e+00,1.833348108788944789e-02,1.543730000000000047e+00,1.829120000000000051e-02,3.220420000000000227e-02,1.244400000000000107e-03
5.663300000000000267e+01,1.523547299999999938e+00,1.837251485575396026e-02,1.554359999999999964e+00,1.833239999999999870e-02,3.081269999999999842e-02,1.213429999999999934e-03
5.691620000000000346e+01,1.547127400000000153e+00,1.846096896166612294e-02,1.577390000000000070e+00,1.842179999999999859e-02,3.026260000000000061e-02,1.201940000000000083e-03
5.720080000000000098e+01,1.546231600000000039e+00,1.845311621298690100e-02,1.578580000000000094e+00,1.841140000000000138e-02,3.234839999999999938e-02,1.240100000000000056e-03
5.748680000000000234e+01,1.535714599999999930e+00,1.836365131543561333e-02,1.569239999999999968e+00,1.832030000000000117e-02,3.352539999999999687e-02,1.261069999999999986e-03
5.777420000000000044e+01,1.533880899999999992e+00,1.832850462622633014e-02,1.566959999999999908e+00,1.828580000000000136e-02,3.307910000000000017e-02,1.250440000000000015e-03
5.806309999999999860e+01,1.555586700000000100e+00,1.840875049931689489e-02,1.585630000000000095e+00,1.837029999999999913e-02,3.004329999999999848e-02,1.189189999999999909e-03
5.835340000000000060e+01,1.541156799999999993e+00,1.831855177093429446e-02,1.574750000000000094e+00,1.827540000000000067e-02,3.359319999999999667e-02,1.256619999999999959e-03
5.864520000000000266e+01,1.568093599999999865e+00,1.842960974879555291e-02,1.599869999999999903e+00,1.838920000000000138e-02,3.177640000000000325e-02,1.219770000000000012e-03
5.893840000000000146e+01,1.538460799999999962e+00,1.823616390573686366e-02,1.571369999999999933e+00,1.819399999999999837e-02,3.290919999999999956e-02,1.239370000000000055e-03
5.923310000000000031e+01,1.570201300000000133e+00,1.838853618335075518e-02,1.603620000000000045e+00,1.834620000000000001e-02,3.341870000000000257e-02,1.247080000000000020e-03
5.952929999999999922e+01,1.567549700000000046e+00,1.835362419290533648e-02,1.601239999999999997e+00,1.831100000000000089e-02,3.369029999999999941e-02,1.250119999999999964e-03
5.982690000000000197e+01,1.578450700000000095e+00,1.839081188786672455e-02,1.612940000000000040e+00,1.834749999999999923e-02,3.448930000000000051e-02,1.261430000000000017e-03
6.012599999999999767e+01,1.536901700000000037e+00,1.811657101270546660e-02,1.570380000000000109e+00,1.807409999999999919e-02,3.347830000000000250e-02,1.239780000000000005e-03
6.042669999999999675e+01,1.553784200000000171e+00,1.817876317082380705e-02,1.587020000000000097e+00,1.813680000000000153e-02,3.323580000000000284e-02,1.234470000000000098e-03
6.072879999999999967e+01,1.497052799999999850e+00,1.784060202555956542e-02,1.532529999999999948e+00,1.779510000000000119e-02,3.547720000000000040e-02,1.273379999999999955e-03
6.103240000000000265e+01,1.552506399999999953e+00,1.810110221434318989e-02,1.584710000000000063e+00,1.806050000000000016e-02,3.220359999999999889e-02,1.211709999999999957e-03
6.133760000000000190e+01,1.506159599999999932e+00,1.781005283034275619e-02,1.539590000000000014e+00,1.776739999999999917e-02,3.343039999999999901e-02,1.231859999999999986e-03
6.164430000000000121e+01,1.478443300000000127e+00,1.763178067744718830e-02,1.511430000000000051e+00,1.758940000000000156e-02,3.298670000000000074e-02,1.221759999999999903e-03
6.195250000000000057e+01,1.490852599999999972e+00,1.768377154189965453e-02,1.524950000000000028e+00,1.764030000000000112e-02,3.409739999999999993e-02,1.239190000000000040e-03
6.226230000000000331e+01,1.465079099999999857e+00,1.748891665462443470e-02,1.497649999999999926e+00,1.744710000000000011e-02,3.257089999999999985e-02,1.208679999999999954e-03
6.257359999999999900e+01,1.468376000000000126e+00,1.748990843023770850e-02,1.501540000000000097e+00,1.744729999999999892e-02,3.316399999999999904e-02,1.220090000000000063e-03
6.288649999999999807e+01,1.403777500000000122e+00,1.708143372466433205e-02,1.436390000000000056e+00,1.703870000000000037e-02,3.261250000000000260e-02,1.207509999999999964e-03
6.320089999999999719e+01,1.406654499999999919e+00,1.706602206438571218e-02,1.438649999999999984e+00,1.702429999999999916e-02,3.199550000000000310e-02,1.192609999999999981e-03
6.351689999999999969e+01,1.395007600000000014e+00,1.697460023099513216e-02,1.427249999999999908e+00,1.693230000000000082e-02,3.224239999999999745e-02,1.197609999999999994e-03
6.383449999999999847e+01,1.336464700000000061e+00,1.659222099684367138e-02,1.368999999999999995e+00,1.654879999999999893e-02,3.253530000000000311e-02,1.199589999999999945e-03
6.415370000000000061e+01,1.338079299999999972e+00,1.656843865456247497e-02,1.369299999999999962e+00,1.652680000000000121e-02,3.122070000000000053e-02,1.173900000000000074e-03
6.447440000000000282e+01,1.316548300000000005e+00,1.642944394210893444e-02,1.348980000000000068e+00,1.638589999999999838e-02,3.243170000000000081e-02,1.195370000000000070e-03
6.479680000000000462e+01,1.288273900000000083e+00,1.624088677874456488e-02,1.321830000000000060e+00,1.619560000000000097e-02,3.355609999999999843e-02,1.211999999999999970e-03
6.512080000000000268e+01,1.321322899999999967e+00,1.641267592111658041e-02,1.354600000000000026e+00,1.636819999999999942e-02,3.327709999999999696e-02,1.207460000000000044e-03
6.544639999999999702e+01,1.301778400000000113e+00,1.626698111717106432e-02,1.334130000000000038e+00,1.622349999999999834e-02,3.235160000000000119e-02,1.188580000000000062e-03
6.577360000000000184e+01,1.266181500000000071e+00,1.603117712029905953e-02,1.299050000000000038e+00,1.598660000000000012e-02,3.286850000000000188e-02,1.194680000000000047e-03
6.610250000000000625e+01,1.283151900000000012e+00,1.611418234817081629e-02,1.317020000000000080e+00,1.606849999999999945e-02,3.386809999999999821e-02,1.212509999999999977e-03
6.643300000000000693e+01,1.270367200000000141e+00,1.601635669883759786e-02,1.304280000000000106e+00,1.597049999999999859e-02,3.391279999999999989e-02,1.211119999999999992e-03
6.676519999999999300e+01,1.269202300000000116e+00,1.599692169098792735e-02,1.304110000000000102e+00,1.594970000000000068e-02,3.490769999999999984e-02,1.228240000000000018e-03
6.709900000000000375e+01,1.267778499999999919e+00,1.597477781096187655e-02,1.303879999999999928e+00,1.592609999999999859e-02,3.610150000000000164e-02,1.246139999999999965e-03
6.743449999999999989e+01,1.238222900000000015e+00,1.578240310646322406e-02,1.274829999999999908e+00,1.573249999999999996e-02,3.660709999999999659e-02,1.254069999999999924e-03
6.777160000000000650e+01,1.263773799999999836e+00,1.591641514706122404e-02,1.300929999999999920e+00,1.586629999999999985e-02,3.715620000000000034e-02,1.262059999999999961e-03
6.811050000000000182e+01,1.279015699999999978e+00,1.598444163216532210e-02,1.315420000000000034e+00,1.593560000000000115e-02,3.640430000000000055e-02,1.248610000000000041e-03
6.845109999999999673e+01,1.262229299999999999e+00,1.586042672924029354e-02,1.298529999999999962e+00,1.581159999999999857e-02,3.630069999999999825e-02,1.243560000000000108e-03
6.879330000000000211e+01,1.290156100000000139e+00,1.601769448760026818e-02,1.327190000000000092e+00,1.596850000000000006e-02,3.703390000000000154e-02,1.254410000000000074e-03
6.913729999999999620e+01,1.293322700000000047e+00,1.600986492796238267e-02,1.330529999999999990e+00,1.596039999999999959e-02,3.720729999999999871e-02,1.257539999999999917e-03
6.948300000000000409e+01,1.290068300000000168e+00,1.596641038499574741e-02,1.325970000000000093e+00,1.591870000000000090e-02,3.590170000000000167e-02,1.233390000000000007e-03
6.983039999999999736e+01,1.292804000000000064e+00,1.597193036363795532e-02,1.330670000000000019e+00,1.592160000000000103e-02,3.786599999999999688e-02,1.266970000000000075e-03
7.017950000000000443e+01,1.306708500000000051e+00,1.603355103681028057e-02,1.344410000000000105e+00,1.598379999999999940e-02,3.770149999999999890e-02,1.262099999999999941e-03
7.053040000000000020e+01,1.346011599999999975e+00,1.625341694108964688e-02,1.384069999999999911e+00,1.620399999999999965e-02,3.805839999999999917e-02,1.266470000000000009e-03
7.088309999999999889e+01,1.364647600000000072e+00,1.635302717787749660e-02,1.403739999999999988e+00,1.630250000000000102e-02,3.909239999999999937e-02,1.284519999999999933e-03
7.123749999999999716e+01,1.391454600000000097e+00,1.649155457352641241e-02,1.431669999999999998e+00,1.644019999999999856e-02,4.021539999999999837e-02,1.300460000000000027e-03
7.159369999999999834e+01,1.371028899999999995e+00,1.638292577723832882e-02,1.414979999999999905e+00,1.632640000000000133e-02,4.395109999999999989e-02,1.359750000000000065e-03
7.195170000000000243e+01,1.405823400000000056e+00,1.655887757948889399e-02,1.449580000000000091e+00,1.650329999999999853e-02,4.375659999999999966e-02,1.355550000000000071e-03
7.231140000000000612e+01,1.414812700000000145e+00,1.662124139023316016e-02,1.463070000000000093e+00,1.656020000000000061e-02,4.825730000000000297e-02,1.423180000000000018e-03
7.267300000000000182e+01,1.451504300000000081e+00,1.681225191688787493e-02,1.500070000000000014e+00,1.675139999999999962e-02,4.856570000000000331e-02,1.429130000000000027e-03
7.303629999999999711e+01,1.460657500000000164e+00,1.686988708992742322e-02,1.513130000000000086e+00,1.680449999999999999e-02,5.247249999999999831e-02,1.483869999999999981e-03
7.340149999999999864e+01,1.485015299999999927e+00,1.697840279680041045e-02,1.536829999999999918e+00,1.691430000000000017e-02,5.181469999999999826e-02,1.473979999999999952e-03
7.376850000000000307e+01,1.485549800000000031e+00,1.693673692138187442e-02,1.534480000000000066e+00,1.687620000000000092e-02,4.893020000000000008e-02,1.430709999999999968e-03
7.413739999999999952e+01,1.509473499999999913e+00,1.704473686262419213e-02,1.557479999999999976e+00,1.698600000000000110e-02,4.800650000000000056e-02,1.413809999999999937e-03
7.450809999999999889e+01,1.560728599999999799e+00,1.726720213376793656e-02,1.604479999999999906e+00,1.721460000000000004e-02,4.375140000000000279e-02,1.346779999999999896e-03
7.488060000000000116e+01,1.543620199999999887e+00,1.712241826407706960e-02,1.581779999999999964e+00,1.707639999999999852e-02,3.815980000000000066e-02,1.254499999999999973e-03
7.525499999999999545e+01,1.557107699999999983e+00,1.715788824302105081e-02,1.594049999999999967e+00,1.711359999999999965e-02,3.694229999999999736e-02,1.232000000000000022e-03
7.563129999999999598e+01,1.565310100000000038e+00,1.717098126200421529e-02,1.601439999999999975e+00,1.712779999999999858e-02,3.612989999999999952e-02,1.216990000000000042e-03
7.600939999999999941e+01,1.560489800000000038e+00,1.710717099899629681e-02,1.594160000000000021e+00,1.706699999999999884e-02,3.367019999999999735e-02,1.171670000000000090e-03
7.638949999999999818e+01,1.592158500000000032e+00,1.725044303293396530e-02,1.625709999999999988e+00,1.721090000000000120e-02,3.355149999999999799e-02,1.167349999999999942e-03
7.677139999999999986e+01,1.597294699999999956e+00,1.725579389564270427e-02,1.630870000000000042e+00,1.721639999999999976e-02,3.357530000000000237e-02,1.165330000000000012e-03
7.715529999999999688e+01,1.580392100000000077e+00,1.713397207231586242e-02,1.612840000000000051e+00,1.709569999999999840e-02,3.244790000000000174e-02,1.144569999999999919e-03
7.754110000000000014e+01,1.608738299999999954e+00,1.723876524610738759e-02,1.637780000000000014e+00,1.720489999999999867e-02,2.904170000000000015e-02,1.080019999999999895e-03
7.792879999999999541e+01,1.597143200000000096e+00,1.715115348839546874e-02,1.626700000000000035e+00,1.711659999999999918e-02,2.955680000000000113e-02,1.088149999999999968e-03
7.831839999999999691e+01,1.613657700000000084e+00,1.722249326931498889e-02,1.644770000000000065e+00,1.718630000000000158e-02,3.111229999999999898e-02,1.115960000000000042e-03
7.870999999999999375e+01,1.627306699999999884e+00,1.725296977947854762e-02,1.656199999999999894e+00,1.721960000000000157e-02,2.889330000000000023e-02,1.072540000000000082e-03
7.910349999999999682e+01,1.589087600000000045e+00,1.702957682739356798e-02,1.618519999999999959e+00,1.699519999999999850e-02,2.943240000000000092e-02,1.081509999999999937e-03
7.949909999999999854e+01,1.603060600000000058e+00,1.707564235866106464e-02,1.632279999999999953e+00,1.704179999999999931e-02,2.921939999999999954e-02,1.074529999999999973e-03
7.989660000000000650e+01,1.620091799999999971e+00,1.714663470432609485e-02,1.649920000000000053e+00,1.711230000000000043e-02,2.982819999999999916e-02,1.084560000000000038e-03
8.029600000000000648e+01,1.589659299999999886e+00,1.695848043288077089e-02,1.618349999999999955e+00,1.692530000000000076e-02,2.869069999999999954e-02,1.060320000000000012e-03
8.069750000000000512e+01,1.601390300000000044e+00,1.699391809474495169e-02,1.630190000000000028e+00,1.696069999999999869e-02,2.879970000000000099e-02,1.062030000000000049e-03
8.110099999999999909e+01,1.632010199999999855e+00,1.713715671587326059e-02,1.661219999999999919e+00,1.710389999999999827e-02,2.920980000000000104e-02,1.067119999999999961e-03
8.150650000000000261e+01,1.637797600000000076e+00,1.713732284233742201e-02,1.666250000000000009e+00,1.710499999999999868e-02,2.845239999999999922e-02,1.052049999999999904e-03
8.191410000000000480e+01,1.633070800000000045e+00,1.708762618746384118e-02,1.660849999999999937e+00,1.705600000000000172e-02,2.777920000000000042e-02,1.039149999999999970e-03
8.232359999999999900e+01,1.656115699999999968e+00,1.719266717080569773e-02,1.685319999999999929e+00,1.715969999999999995e-02,2.920429999999999901e-02,1.064190000000000014e-03
8.273520000000000607e+01,1.610831799999999925e+00,1.692725876035750671e-02,1.639469999999999983e+00,1.689459999999999920e-02,2.863819999999999907e-02,1.050989999999999910e-03
8.314889999999999759e+01,1.588280999999999832e+00,1.678876449951276217e-02,1.615769999999999929e+00,1.675719999999999987e-02,2.748899999999999955e-02,1.029009999999999907e-03
8.356470000000000198e+01,1.559239500000000112e+00,1.661971347955493519e-02,1.586880000000000068e+00,1.658779999999999977e-02,2.764049999999999840e-02,1.029449999999999896e-03
8.398250000000000171e+01,1.540135899999999891e+00,1.650025954404657491e-02,1.568119999999999958e+00,1.646780000000000119e-02,2.798410000000000133e-02,1.034470000000000008e-03
8.440240000000000009e+01,1.526270299999999969e+00,1.639763710059775545e-02,1.552370000000000028e+00,1.636709999999999901e-02,2.609969999999999998e-02,1.000269999999999935e-03
8.482439999999999714e+01,1.527305800000000158e+00,1.638731233603912124e-02,1.554240000000000066e+00,1.635589999999999961e-02,2.693419999999999842e-02,1.014170000000000002e-03
8.524850000000000705e+01,1.471581500000000098e+00,1.608662488828529677e-02,1.499770000000000048e+00,1.605329999999999951e-02,2.818849999999999828e-02,1.034919999999999937e-03
8.567480000000000473e+01,1.489473400000000058e+00,1.615653059471927611e-02,1.518059999999999965e+00,1.612289999999999904e-02,2.858660000000000020e-02,1.041910000000000058e-03
8.610309999999999775e+01,1.459548999999999985e+00,1.596786863587310382e-02,1.486329999999999929e+00,1.593610000000000165e-02,2.678099999999999925e-02,1.006750000000000049e-03
8.653369999999999607e+01,1.412277000000000005e+00,1.570380823960863467e-02,1.440430000000000099e+00,1.566990000000000050e-02,2.815300000000000094e-02,1.031419999999999906e-03
8.696630000000000393e+01,1.432400099999999954e+00,1.579730852379923611e-02,1.460299999999999931e+00,1.576400000000000023e-02,2.789989999999999831e-02,1.025309999999999980e-03
8.740120000000000289e+01,1.376377900000000043e+00,1.546817359160414934e-02,1.403969999999999940e+00,1.543450000000000030e-02,2.759210000000000135e-02,1.020099999999999913e-03
8.783820000000000050e+01,1.368642399999999926e+00,1.541726279573971646e-02,1.396989999999999954e+00,1.538280000000000029e-02,2.834760000000000058e-02,1.030270000000000014e-03
8.827740000000000009e+01,1.370723199999999808e+00,1.539451827762076952e-02,1.397729999999999917e+00,1.536159999999999956e-02,2.700680000000000094e-02,1.006200000000000063e-03
8.871869999999999834e+01,1.352329900000000196e+00,1.527074473941595310e-02,1.379420000000000091e+00,1.523760000000000045e-02,2.709009999999999890e-02,1.005580000000000059e-03
8.916230000000000189e+01,1.366025499999999893e+00,1.532571486185554770e-02,1.392889999999999961e+00,1.529289999999999990e-02,2.686449999999999949e-02,1.002370000000000040e-03
8.960819999999999652e+01,1.368990099999999988e+00,1.532349038649158390e-02,1.397110000000000074e+00,1.528939999999999987e-02,2.811989999999999976e-02,1.021570000000000073e-03
9.005620000000000402e+01,1.384193200000000123e+00,1.539350317627862126e-02,1.413550000000000084e+00,1.535809999999999953e-02,2.935679999999999887e-02,1.043410000000000041e-03
9.050650000000000261e+01,1.413232999999999961e+00,1.552510395298208751e-02,1.442409999999999970e+00,1.549030000000000025e-02,2.917700000000000154e-02,1.038969999999999954e-03
9.095900000000000318e+01,1.443209100000000022e+00,1.565702520436114062e-02,1.472609999999999975e+00,1.562239999999999983e-02,2.940090000000000064e-02,1.040700000000000089e-03
9.141379999999999484e+01,1.479405199999999976e+00,1.581875855096094227e-02,1.507830000000000004e+00,1.578589999999999854e-02,2.842480000000000007e-02,1.019060000000000018e-03
9.187090000000000600e+01,1.497804099999999972e+00,1.588911508847802578e-02,1.526780000000000026e+00,1.585570000000000035e-02,2.897589999999999888e-02,1.029930000000000082e-03
9.233020000000000493e+01,1.522920099999999888e+00,1.599990966867000791e-02,1.552049999999999930e+00,1.596670000000000034e-02,2.912990000000000024e-02,1.030340000000000032e-03
9.279189999999999827e+01,1.541191999999999895e+00,1.609212878234573402e-02,1.572519999999999918e+00,1.605660000000000073e-02,3.132800000000000168e-02,1.068740000000000098e-03
9.325579999999999359e+01,1.562410999999999994e+00,1.615166108164729775e-02,1.590319999999999956e+00,1.612040000000000001e-02,2.790899999999999978e-02,1.004420000000000009e-03
9.372209999999999752e+01,1.616321800000000142e+00,1.639412612141617070e-02,1.645180000000000087e+00,1.636239999999999917e-02,2.885820000000000052e-02,1.019429999999999989e-03
9.419070000000000675e+01,1.673882599999999998e+00,1.665045326185699004e-02,1.701279999999999903e+00,1.662080000000000155e-02,2.739739999999999884e-02,9.932779999999999995e-04
9.466169999999999618e+01,1.695651599999999926e+00,1.674442827584447790e-02,1.725330000000000030e+00,1.671260000000000107e-02,2.967840000000000061e-02,1.031929999999999913e-03
9.513500000000000512e+01,1.764559999999999906e+00,1.703394024957525718e-02,1.793139999999999956e+00,1.700389999999999888e-02,2.858000000000000124e-02,1.011189999999999919e-03
9.561069999999999425e+01,1.790515400000000090e+00,1.715577211468198582e-02,1.821420000000000039e+00,1.712369999999999864e-02,3.090460000000000082e-02,1.048529999999999992e-03
9.608870000000000289e+01,1.880327099999999918e+00,1.754797586738994497e-02,1.911089999999999955e+00,1.751679999999999904e-02,3.076289999999999927e-02,1.045549999999999908e-03
9.656919999999999504e+01,1.917284299999999941e+00,1.769328809443004857e-02,1.949259999999999993e+00,1.766130000000000130e-02,3.197570000000000273e-02,1.063450000000000072e-03
9.705200000000000671e+01,2.001800999999999942e+00,1.803930082160891402e-02,2.032890000000000086e+00,1.800890000000000130e-02,3.108899999999999858e-02,1.046849999999999994e-03
9.753730000000000189e+01,2.091880399999999973e+00,1.841394561131318511e-02,2.123949999999999783e+00,1.838330000000000172e-02,3.206959999999999672e-02,1.061920000000000051e-03
9.802490000000000236e+01,2.136530600000000391e+00,1.858546621805328564e-02,2.170650000000000190e+00,1.855319999999999886e-02,3.411940000000000112e-02,1.094680000000000002e-03
9.851510000000000389e+01,2.140854200000000152e+00,1.857980983932827970e-02,2.174850000000000172e+00,1.854779999999999970e-02,3.399579999999999963e-02,1.090159999999999957e-03
9.900759999999999650e+01,2.197832800000000031e+00,1.879391685417385049e-02,2.231840000000000046e+00,1.876239999999999852e-02,3.400720000000000132e-02,1.087960000000000012e-03
9.950270000000000437e+01,2.194207100000000299e+00,1.876776189113928475e-02,2.229620000000000157e+00,1.873500000000000165e-02,3.541289999999999716e-02,1.108449999999999974e-03
1.000000000000000000e+02,2.220734100000000044e+00,1.885010964198617286e-02,2.256689999999999863e+00,1.881709999999999980e-02,3.595589999999999897e-02,1.115069999999999907e-03
1.005000000000000000e+02,2.210970000000000102e+00,1.878541806222315536e-02,2.248940000000000161e+00,1.875049999999999981e-02,3.796999999999999681e-02,1.144849999999999991e-03
1.010030000000000001e+02,2.244173799999999996e+00,1.891244862143450639e-02,2.282659999999999911e+00,1.887749999999999845e-02,3.848619999999999819e-02,1.149220000000000059e-03
1.015079999999999956e+02,2.250741999999999798e+00,1.890484610349684944e-02,2.289699999999999847e+00,1.886940000000000145e-02,3.895799999999999957e-02,1.157129999999999921e-03
1.020150000000000006e+02,2.272988499999999856e+00,1.897517493179180087e-02,2.312739999999999796e+00,1.893919999999999979e-02,3.975150000000000211e-02,1.167889999999999987e-03
1.025250000000000057e+02,2.280982499999999913e+00,1.898860932513226490e-02,2.321530000000000094e+00,1.895200000000000010e-02,4.054750000000000021e-02,1.178549999999999997e-03
1.030379999999999967e+02,2.287280300000000377e+00,1.898058978384233736e-02,2.327040000000000219e+00,1.894480000000000122e-02,3.975970000000000198e-02,1.165049999999999940e-03
1.035529999999999973e+02,2.283574199999999887e+00,1.894635099506234571e-02,2.324910000000000032e+00,1.890899999999999873e-02,4.133579999999999893e-02,1.189090000000000069e-03
1.040709999999999980e+02,2.278472100000000111e+00,1.890612155030481009e-02,2.320559999999999956e+00,1.886809999999999876e-02,4.208789999999999754e-02,1.198429999999999895e-03
1.045909999999999940e+02,2.283907000000000131e+00,1.889273252056462155e-02,2.324580000000000091e+00,1.885610000000000064e-02,4.067300000000000082e-02,1.175940000000000102e-03
1.051140000000000043e+02,2.291433200000000170e+00,1.890402727013744053e-02,2.332460000000000200e+00,1.886710000000000123e-02,4.102680000000000216e-02,1.181009999999999916e-03
1.056400000000000006e+02,2.292403499999999816e+00,1.887877339118195982e-02,2.333209999999999784e+00,1.884210000000000051e-02,4.080650000000000249e-02,1.176160000000000096e-03
1.061680000000000064e+02,2.321166099999999677e+00,1.898474550928982291e-02,2.364069999999999894e+00,1.894650000000000153e-02,4.290390000000000176e-02,1.204449999999999922e-03
1.066989999999999981e+02,2.326640100000000100e+00,1.897931268676766522e-02,2.369229999999999947e+00,1.894130000000000119e-02,4.258989999999999998e-02,1.200609999999999958e-03
1.072319999999999993e+02,2.366725699999999932e+00,1.911126771956533563e-02,2.407739999999999991e+00,1.907500000000000168e-02,4.101429999999999659e-02,1.176830000000000020e-03
1.077680000000000007e+02,2.377408700000000152e+00,1.912914971480959847e-02,2.417720000000000091e+00,1.909370000000000164e-02,4.031130000000000130e-02,1.164040000000000083e-03
1.083070000000000022e+02,2.406293999999999933e+00,1.921796808640289025e-02,2.447449999999999903e+00,1.918210000000000054e-02,4.115599999999999814e-02,1.173599999999999904e-03
1.088490000000000038e+02,2.403074999999999850e+00,1.916841649289006966e-02,2.441019999999999968e+00,1.913540000000000033e-02,3.794499999999999956e-02,1.124570000000000083e-03
1.093930000000000007e+02,2.376409199999999888e+00,1.905231450117281233e-02,2.415369999999999795e+00,1.901829999999999840e-02,3.896079999999999682e-02,1.137959999999999926e-03
1.099399999999999977e+02,2.384481399999999862e+00,1.906932872337408630e-02,2.425240000000000062e+00,1.903380000000000002e-02,4.075859999999999900e-02,1.163509999999999978e-03
1.104899999999999949e+02,2.444307200000000346e+00,1.927353398299336273e-02,2.484100000000000197e+00,1.923940000000000025e-02,3.979280000000000317e-02,1.146560000000000027e-03
1.110420000000000016e+02,2.391442599999999974e+00,1.904789579749952694e-02,2.432279999999999998e+00,1.901250000000000162e-02,4.083740000000000286e-02,1.160680000000000088e-03
1.115969999999999942e+02,2.417804000000000286e+00,1.912926230569281585e-02,2.457580000000000098e+00,1.909500000000000086e-02,3.977599999999999886e-02,1.144400000000000061e-03
1.121550000000000011e+02,2.389979300000000251e+00,1.900353247846568033e-02,2.430600000000000094e+00,1.896839999999999984e-02,4.062070000000000264e-02,1.155009999999999934e-03
1.127159999999999940e+02,2.390445999999999849e+00,1.899638327478417668e-02,2.432549999999999990e+00,1.896000000000000116e-02,4.210400000000000253e-02,1.175150000000000023e-03
1.132800000000000011e+02,2.376344800000000035e+00,1.892343762100585913e-02,2.417980000000000018e+00,1.888739999999999863e-02,4.163519999999999721e-02,1.167309999999999962e-03
1.138460000000000036e+02,2.383605500000000266e+00,1.894010616337722316e-02,2.426410000000000178e+00,1.890319999999999848e-02,4.280450000000000227e-02,1.181799999999999995e-03
1.144150000000000063e+02,2.367300600000000088e+00,1.886240051328568271e-02,2.410320000000000018e+00,1.882520000000000027e-02,4.301939999999999931e-02,1.184060000000000017e-03
1.149869999999999948e+02,2.385457099999999997e+00,1.892207455757692613e-02,2.430270000000000152e+00,1.888360000000000039e-02,4.481290000000000273e-02,1.206049999999999961e-03
1.155619999999999976e+02,2.415334699999999835e+00,1.902663323227732697e-02,2.460150000000000059e+00,1.898829999999999962e-02,4.481530000000000236e-02,1.207160000000000091e-03
1.161400000000000006e+02,2.392617599999999900e+00,1.892655339014739924e-02,2.437710000000000043e+00,1.888789999999999913e-02,4.509239999999999776e-02,1.208990000000000065e-03
1.167210000000000036e+02,2.419034200000000023e+00,1.901565282718686856e-02,2.465440000000000076e+00,1.897619999999999862e-02,4.640579999999999705e-02,1.224290000000000057e-03
1.173050000000000068e+02,2.416125400000000312e+00,1.900201205915047140e-02,2.464500000000000135e+00,1.896079999999999988e-02,4.837459999999999677e-02,1.250809999999999986e-03
1.178910000000000053e+02,2.415900699999999901e+00,1.899202364726834333e-02,2.465489999999999959e+00,1.894989999999999869e-02,4.958930000000000282e-02,1.264219999999999927e-03
1.184809999999999945e+02,2.407063400000000186e+00,1.895127638366344777e-02,2.458380000000000010e+00,1.890760000000000010e-02,5.131659999999999694e-02,1.285899999999999977e-03
1.190729999999999933e+02,2.428040000000000198e+00,1.900172094574594309e-02,2.476370000000000182e+00,1.896070000000000047e-02,4.832999999999999796e-02,1.247899999999999921e-03
1.196680000000000064e+02,2.454710100000000228e+00,1.910147961076314252e-02,2.503130000000000077e+00,1.906060000000000046e-02,4.841990000000000183e-02,1.249019999999999991e-03
1.202669999999999959e+02,2.499075599999999842e+00,1.926557389344008345e-02,2.550559999999999938e+00,1.922240000000000060e-02,5.148439999999999961e-02,1.289060000000000076e-03
1.208679999999999950e+02,2.510672500000000085e+00,1.928913415034744575e-02,2.558349999999999902e+00,1.924930000000000044e-02,4.767749999999999766e-02,1.239010000000000025e-03
1.214719999999999942e+02,2.513472699999999893e+00,1.929431108140686885e-02,2.562019999999999964e+00,1.925369999999999859e-02,4.854730000000000156e-02,1.251189999999999898e-03
1.220799999999999983e+02,2.516359000000000012e+00,1.929087097923782093e-02,2.566050000000000164e+00,1.924939999999999984e-02,4.969099999999999906e-02,1.264240000000000025e-03
1.226899999999999977e+02,2.578603799999999779e+00,1.950270539428825001e-02,2.626139999999999919e+00,1.946360000000000104e-02,4.753620000000000068e-02,1.234419999999999962e-03
1.233040000000000020e+02,2.607900499999999955e+00,1.960010984541923559e-02,2.656289999999999818e+00,1.956050000000000150e-02,4.838950000000000196e-02,1.245449999999999943e-03
1.239200000000000017e+02,2.639650000000000052e+00,1.971650790487250449e-02,2.689589999999999925e+00,1.967589999999999964e-02,4.993999999999999828e-02,1.264769999999999913e-03
1.245400000000000063e+02,2.712468199999999996e+00,1.995341783840803504e-02,2.760559999999999903e+00,1.991489999999999927e-02,4.809179999999999705e-02,1.239209999999999921e-03
1.251620000000000061e+02,2.720892400000000322e+00,1.997963020704838014e-02,2.770230000000000192e+00,1.994030000000000108e-02,4.933760000000000229e-02,1.253020000000000089e-03
1.257879999999999967e+02,2.783517600000000147e+00,2.018497646565137887e-02,2.832720000000000127e+00,2.014610000000000012e-02,4.920240000000000030e-02,1.252169999999999932e-03
1.264170000000000016e+02,2.810244299999999917e+00,2.026966839097275527e-02,2.859290000000000109e+00,2.023120000000000127e-02,4.904569999999999763e-02,1.248200000000000091e-03
1.270490000000000066e+02,2.796796899999999919e+00,2.021681571796359739e-02,2.846369999999999845e+00,2.017789999999999861e-02,4.957310000000000189e-02,1.253790000000000069e-03
1.276839999999999975e+02,2.727890299999999879e+00,1.996290406754738789e-02,2.778010000000000090e+00,1.992309999999999914e-02,5.011970000000000314e-02,1.260009999999999993e-03
1.283230000000000075e+02,2.679866800000000104e+00,1.978844256868387413e-02,2.732369999999999965e+00,1.974650000000000016e-02,5.250319999999999987e-02,1.287710000000000070e-03
1.289639999999999986e+02,2.587002599999999930e+00,1.943490664510895069e-02,2.639930000000000110e+00,1.939199999999999952e-02,5.292739999999999945e-02,1.290710000000000034e-03
1.296090000000000089e+02,2.554144100000000250e+00,1.930252837122898787e-02,2.607070000000000221e+00,1.925930000000000003e-02,5.292589999999999795e-02,1.291110000000000044e-03
1.302570000000000050e+02,2.400940600000000202e+00,1.872964480876506202e-02,2.456690000000000040e+00,1.868279999999999941e-02,5.574939999999999757e-02,1.323849999999999897e-03
1.309089999999999918e+02,2.320251700000000028e+00,1.841197884836119625e-02,2.376349999999999962e+00,1.836410000000000126e-02,5.609829999999999678e-02,1.326949999999999918e-03
1.315629999999999882e+02,2.228289800000000209e+00,1.805029660316139969e-02,2.286300000000000221e+00,1.799989999999999923e-02,5.801019999999999788e-02,1.347890000000000026e-03
1.322210000000000036e+02,2.130374400000000001e+00,1.765196943364677473e-02,2.188680000000000181e+00,1.760019999999999987e-02,5.830559999999999909e-02,1.350920000000000029e-03
1.328820000000000050e+02,2.045385800000000032e+00,1.730960664840480723e-02,2.106920000000000126e+00,1.725399999999999850e-02,6.153419999999999723e-02,1.386349999999999952e-03
1.335459999999999923e+02,2.019509199999999893e+00,1.719192548427603967e-02,2.080340000000000078e+00,1.713659999999999836e-02,6.083079999999999737e-02,1.378129999999999980e-03
1.342139999999999986e+02,1.946034100000000100e+00,1.687601637860369069e-02,2.008500000000000174e+00,1.681830000000000130e-02,6.246589999999999782e-02,1.394529999999999945e-03
1.348849999999999909e+02,1.880486800000000125e+00,1.661448974341674101e-02,1.947210000000000107e+00,1.655190000000000133e-02,6.672319999999999640e-02,1.440789999999999953e-03
1.355600000000000023e+02,1.817588500000000051e+00,1.634818065132630921e-02,1.885930000000000106e+00,1.628309999999999827e-02,6.834149999999999947e-02,1.457280000000000034e-03
1.362379999999999995e+02,1.717437499999999950e+00,1.589230198436022631e-02,1.784850000000000048e+00,1.582630000000000148e-02,6.741250000000000020e-02,1.446889999999999938e-03
1.369190000000000111e+02,1.650142999999999915e+00,1.562229828824491379e-02,1.725119999999999987e+00,1.554769999999999937e-02,7.497700000000000198e-02,1.524870000000000001e-03
1.376030000000000086e+02,1.582826399999999856e+00,1.532781084496086764e-02,1.660779999999999923e+00,1.524889999999999926e-02,7.795359999999999789e-02,1.553329999999999902e-03
1.382909999999999968e+02,1.507074000000000025e+00,1.498790876141164671e-02,1.589350000000000041e+00,1.490280000000000077e-02,8.227600000000000191e-02,1.594979999999999965e-03
1.389830000000000041e+02,1.491804400000000141e+00,1.490369571999173616e-02,1.573930000000000051e+00,1.481850000000000007e-02,8.212560000000000693e-02,1.591289999999999979e-03
1.396779999999999973e+02,1.458431199999999928e+00,1.476460451087329394e-02,1.545709999999999917e+00,1.467320000000000083e-02,8.727880000000000360e-02,1.640350000000000055e-03
1.403760000000000048e+02,1.409440900000000108e+00,1.453623413105677858e-02,1.498790000000000067e+00,1.444140000000000007e-02,8.934910000000000074e-02,1.657730000000000054e-03
1.410780000000000030e+02,1.360201200000000110e+00,1.430167681018208389e-02,1.452550000000000008e+00,1.420210000000000049e-02,9.234879999999999478e-02,1.684729999999999952e-03
1.417829999999999870e+02,1.379512499999999919e+00,1.441291812966756687e-02,1.476429999999999909e+00,1.430930000000000049e-02,9.691750000000000365e-02,1.725149999999999947e-03
1.424919999999999902e+02,1.390611500000000111e+00,1.445832760364766482e-02,1.486750000000000016e+00,1.435600000000000070e-02,9.613850000000000173e-02,1.717119999999999931e-03
1.432050000000000125e+02,1.408468999999999971e+00,1.455451962689253455e-02,1.508780000000000010e+00,1.444840000000000013e-02,1.003109999999999974e-01,1.754359999999999947e-03
1.439209999999999923e+02,1.441713000000000022e+00,1.471031880804763575e-02,1.542280000000000095e+00,1.460529999999999988e-02,1.005670000000000036e-01,1.754619999999999921e-03
1.446399999999999864e+02,1.495461000000000151e+00,1.497177796581287794e-02,1.600060000000000038e+00,1.486460000000000038e-02,1.045989999999999975e-01,1.788239999999999968e-03
1.453640000000000043e+02,1.503680000000000128e+00,1.501574469383386984e-02,1.610400000000000054e+00,1.490679999999999956e-02,1.067199999999999954e-01,1.805519999999999911e-03
1.460900000000000034e+02,1.498801999999999968e+00,1.500295848799162654e-02,1.608279999999999932e+00,1.489120000000000027e-02,1.094780000000000059e-01,1.827819999999999966e-03
1.468209999999999980e+02,1.522735000000000172e+00,1.511215124691385470e-02,1.633790000000000076e+00,1.499969999999999949e-02,1.110550000000000009e-01,1.840140000000000092e-03
1.475550000000000068e+02,1.516705999999999888e+00,1.504953911253098693e-02,1.624489999999999990e+00,1.494009999999999956e-02,1.077840000000000048e-01,1.811639999999999995e-03
1.482930000000000064e+02,1.559531999999999918e+00,1.526459356647270893e-02,1.671759999999999913e+00,1.515230000000000049e-02,1.122279999999999944e-01,1.848140000000000069e-03
1.490339999999999918e+02,1.559548000000000156e+00,1.526846232197597540e-02,1.673890000000000100e+00,1.515410000000000021e-02,1.143419999999999992e-01,1.865260000000000095e-03
1.497789999999999964e+02,1.599920000000000009e+00,1.543325853908046261e-02,1.712739999999999929e+00,1.532170000000000060e-02,1.128200000000000036e-01,1.852289999999999926e-03
1.505279999999999916e+02,1.589821000000000151e+00,1.538172655801682207e-02,1.703200000000000047e+00,1.526920000000000013e-02,1.133789999999999937e-01,1.857160000000000061e-03
1.512810000000000059e+02,1.600109000000000004e+00,1.541153794716478009e-02,1.711019999999999985e+00,1.530180000000000082e-02,1.109109999999999957e-01,1.835870000000000080e-03
1.520370000000000061e+02,1.614708000000000032e+00,1.546839077118237170e-02,1.725899999999999990e+00,1.535889999999999998e-02,1.111919999999999992e-01,1.837199999999999988e-03
1.527969999999999970e+02,1.611215000000000064e+00,1.543724391069856670e-02,1.722099999999999964e+00,1.532799999999999961e-02,1.108849999999999975e-01,1.833280000000000066e-03
1.535610000000000070e+02,1.624916999999999945e+00,1.548825024954400553e-02,1.735049999999999981e+00,1.538029999999999953e-02,1.101329999999999948e-01,1.825449999999999946e-03
1.543290000000000077e+02,1.607971999999999957e+00,1.540043852521414368e-02,1.717770000000000019e+00,1.529220000000000058e-02,1.097980000000000067e-01,1.822669999999999976e-03
1.551009999999999991e+02,1.605697999999999848e+00,1.537126692378998349e-02,1.713219999999999965e+00,1.526489999999999965e-02,1.075220000000000065e-01,1.805179999999999979e-03
1.558760000000000048e+02,1.576514999999999889e+00,1.524157799343624393e-02,1.684979999999999922e+00,1.513369999999999993e-02,1.084650000000000059e-01,1.810200000000000090e-03
1.566560000000000059e+02,1.549199999999999910e+00,1.509611999099437496e-02,1.655699999999999950e+00,1.498939999999999995e-02,1.064999999999999974e-01,1.791849999999999997e-03
1.574389999999999930e+02,1.519659000000000093e+00,1.495966059394730936e-02,1.625990000000000046e+00,1.485210000000000002e-02,1.063309999999999950e-01,1.790689999999999947e-03
1.582259999999999991e+02,1.543918000000000124e+00,1.505754275735586220e-02,1.648470000000000102e+00,1.495259999999999992e-02,1.045520000000000060e-01,1.774640000000000072e-03
1.590169999999999959e+02,1.526638000000000162e+00,1.497449036862356919e-02,1.630470000000000086e+00,1.486980000000000073e-02,1.038319999999999937e-01,1.767600000000000031e-03
1.598120000000000118e+02,1.516680000000000028e+00,1.491033660963091839e-02,1.618619999999999948e+00,1.480710000000000012e-02,1.019400000000000028e-01,1.751549999999999939e-03
1.606119999999999948e+02,1.534663000000000110e+00,1.500341683842717350e-02,1.639340000000000019e+00,1.489820000000000033e-02,1.046770000000000062e-01,1.773739999999999995e-03
1.614149999999999920e+02,1.512573000000000167e+00,1.488590795081039080e-02,1.614640000000000075e+00,1.478239999999999936e-02,1.020670000000000049e-01,1.752400000000000095e-03
1.622220000000000084e+02,1.546459999999999946e+00,1.503089333187152855e-02,1.647240000000000038e+00,1.492970000000000061e-02,1.007799999999999946e-01,1.741209999999999980e-03
1.630329999999999870e+02,1.562713999999999936e+00,1.511604665699335485e-02,1.666320000000000023e+00,1.501259999999999921e-02,1.036060000000000036e-01,1.765419999999999967e-03
1.638480000000000132e+02,1.612097300000000066e+00,1.530370919974631365e-02,1.710480000000000000e+00,1.520679999999999948e-02,9.838270000000000348e-02,1.719519999999999989e-03
1.646670000000000016e+02,1.624422000000000033e+00,1.538190468758989481e-02,1.727659999999999973e+00,1.528069999999999949e-02,1.032379999999999964e-01,1.761589999999999944e-03
1.654910000000000139e+02,1.683845000000000036e+00,1.562763382281527613e-02,1.784340000000000037e+00,1.553069999999999971e-02,1.004950000000000010e-01,1.737899999999999905e-03
1.663180000000000121e+02,1.730089500000000058e+00,1.581591555668213772e-02,1.829409999999999981e+00,1.572120000000000115e-02,9.932050000000000600e-02,1.728310000000000046e-03
1.671500000000000057e+02,1.802526000000000073e+00,1.612313974615676299e-02,1.900260000000000060e+00,1.603169999999999942e-02,9.773400000000000143e-02,1.714709999999999932e-03
1.679850000000000136e+02,1.831497400000000164e+00,1.623054255247186745e-02,1.927410000000000068e+00,1.614140000000000019e-02,9.591260000000000063e-02,1.698740000000000016e-03
1.688249999999999886e+02,1.841632200000000052e+00,1.627323101330832925e-02,1.937200000000000033e+00,1.618469999999999978e-02,9.556779999999999442e-02,1.695150000000000086e-03
1.696690000000000111e+02,1.890311000000000075e+00,1.646398808141271916e-02,1.984320000000000084e+00,1.637780000000000138e-02,9.400899999999999535e-02,1.682429999999999950e-03
1.705180000000000007e+02,1.881002499999999911e+00,1.643130059005981289e-02,1.976299999999999946e+00,1.634379999999999861e-02,9.529749999999999333e-02,1.693470000000000088e-03
1.713700000000000045e+02,1.904557599999999962e+00,1.652893424574010395e-02,1.999449999999999950e+00,1.644229999999999997e-02,9.489240000000000175e-02,1.690099999999999936e-03
1.722270000000000039e+02,1.898687699999999978e+00,1.646904795777825309e-02,1.986690000000000067e+00,1.638850000000000029e-02,8.800230000000000552e-02,1.626840000000000057e-03
1.730879999999999939e+02,1.879426899999999900e+00,1.640372161195440340e-02,1.970099999999999962e+00,1.632039999999999880e-02,9.067310000000000647e-02,1.651249999999999940e-03
1.739540000000000077e+02,1.854897599999999924e+00,1.630817135177638558e-02,1.945589999999999931e+00,1.622430000000000053e-02,9.069240000000000634e-02,1.651829999999999965e-03
1.748230000000000075e+02,1.842456300000000047e+00,1.623968845662995125e-02,1.930900000000000061e+00,1.615760000000000113e-02,8.844370000000000009e-02,1.630780000000000077e-03
1.756980000000000075e+02,1.819163899999999945e+00,1.614635016760444103e-02,1.908809999999999896e+00,1.606269999999999920e-02,8.964610000000000634e-02,1.641429999999999929e-03
1.765759999999999934e+02,1.815287799999999896e+00,1.611826922788237720e-02,1.902079999999999993e+00,1.603699999999999917e-02,8.679219999999999990e-02,1.616550000000000018e-03
1.774590000000000032e+02,1.759086300000000103e+00,1.587652461726117223e-02,1.845520000000000049e+00,1.579440000000000011e-02,8.643370000000000219e-02,1.612750000000000034e-03
1.783460000000000036e+02,1.758355899999999972e+00,1.585140455794375666e-02,1.840799999999999992e+00,1.577310000000000170e-02,8.244410000000000627e-02,1.573640000000000065e-03
1.792379999999999995e+02,1.688839500000000049e+00,1.554603917651052429e-02,1.769279999999999964e+00,1.546810000000000025e-02,8.044049999999999812e-02,1.554739999999999985e-03
1.801339999999999861e+02,1.693161899999999997e+00,1.556639175764248754e-02,1.775099999999999900e+00,1.548719999999999958e-02,8.193809999999999982e-02,1.568179999999999965e-03
1.810349999999999966e+02,1.656033299999999819e+00,1.540196953997766995e-02,1.737649999999999917e+00,1.532219999999999936e-02,8.161670000000000036e-02,1.565519999999999932e-03
1.819399999999999977e+02,1.633664100000000063e+00,1.530138678548124270e-02,1.714169999999999972e+00,1.522210000000000056e-02,8.050590000000000523e-02,1.555670000000000100e-03
1.828499999999999943e+02,1.561071600000000004e+00,1.497923298137791674e-02,1.642770000000000064e+00,1.489719999999999933e-02,8.169840000000000435e-02,1.565519999999999932e-03
1.837640000000000100e+02,1.526926299999999959e+00,1.479628055027681563e-02,1.604999999999999982e+00,1.471699999999999918e-02,7.807369999999999588e-02,1.529650000000000020e-03
1.846829999999999927e+02,1.517086700000000121e+00,1.476534337517756458e-02,1.597660000000000080e+00,1.468329999999999982e-02,8.057330000000000048e-02,1.554370000000000014e-03
1.856059999999999945e+02,1.486131300000000044e+00,1.460415497417087878e-02,1.563760000000000039e+00,1.452430000000000040e-02,7.762869999999999493e-02,1.525139999999999916e-03
1.865339999999999918e+02,1.438388199999999895e+00,1.437643608041993225e-02,1.515069999999999917e+00,1.429640000000000077e-02,7.668179999999999441e-02,1.514879999999999916e-03
1.874670000000000130e+02,1.377235699999999952e+00,1.408768511067733965e-02,1.455179999999999918e+00,1.400460000000000073e-02,7.794429999999999414e-02,1.527759999999999969e-03
1.884039999999999964e+02,1.341495899999999963e+00,1.392241506969606191e-02,1.420290000000000052e+00,1.383739999999999970e-02,7.879410000000000580e-02,1.536229999999999974e-03
1.893460000000000036e+02,1.333260399999999901e+00,1.386702440585218035e-02,1.409869999999999957e+00,1.378410000000000052e-02,7.660959999999999992e-02,1.514249999999999971e-03
1.902930000000000064e+02,1.302295699999999945e+00,1.372514749574662955e-02,1.380689999999999973e+00,1.363930000000000003e-02,7.839430000000000009e-02,1.532699999999999904e-03
1.912439999999999998e+02,1.301145200000000113e+00,1.371595370003850581e-02,1.379410000000000025e+00,1.363029999999999971e-02,7.826479999999999548e-02,1.530459999999999980e-03
1.922009999999999934e+02,1.265533400000000031e+00,1.352442662226018347e-02,1.341539999999999955e+00,1.344019999999999937e-02,7.600659999999999361e-02,1.507029999999999915e-03
1.931620000000000061e+02,1.248373200000000072e+00,1.344755533640222718e-02,1.325730000000000075e+00,1.336129999999999957e-02,7.735680000000000334e-02,1.520660000000000067e-03
1.941279999999999859e+02,1.233033400000000057e+00,1.336035272758919271e-02,1.309109999999999996e+00,1.327489999999999920e-02,7.607659999999999423e-02,1.508659999999999992e-03
1.950980000000000132e+02,1.235759899999999911e+00,1.336144286079912931e-02,1.310189999999999966e+00,1.327790000000000047e-02,7.443009999999999904e-02,1.491820000000000038e-03
1.960740000000000123e+02,1.201970600000000111e+00,1.317230158153464073e-02,1.274410000000000043e+00,1.308989999999999980e-02,7.243940000000000101e-02,1.471070000000000103e-03
1.970540000000000020e+02,1.203804199999999991e+00,1.316153735248660160e-02,1.272429999999999950e+00,1.308340000000000024e-02,6.862580000000000069e-02,1.432029999999999935e-03
1.980389999999999873e+02,1.196416799999999947e+00,1.311926406280474258e-02,1.264629999999999921e+00,1.304130000000000046e-02,6.821320000000000161e-02,1.428140000000000052e-03
1.990289999999999964e+02,1.198086399999999996e+00,1.312226960713732717e-02,1.266569999999999974e+00,1.304409999999999945e-02,6.848360000000000558e-02,1.430180000000000080e-03
2.000250000000000057e+02,1.189961199999999941e+00,1.308313356893141266e-02,1.258569999999999967e+00,1.300459999999999984e-02,6.860879999999999757e-02,1.431350000000000070e-03
2.010250000000000057e+02,1.158188899999999855e+00,1.291898624089754186e-02,1.227449999999999930e+00,1.283869999999999977e-02,6.926110000000000599e-02,1.438049999999999962e-03
2.020300000000000011e+02,1.191352900000000048e+00,1.309750631274900212e-02,1.260890000000000066e+00,1.301809999999999946e-02,6.953710000000000446e-02,1.440050000000000011e-03
2.030399999999999920e+02,1.178541399999999850e+00,1.301680749995558564e-02,1.246869999999999923e+00,1.293829999999999980e-02,6.832860000000000322e-02,1.427469999999999911e-03
2.040550000000000068e+02,1.200339799999999846e+00,1.311048833197680716e-02,1.266089999999999938e+00,1.303550000000000021e-02,6.575019999999999476e-02,1.400229999999999921e-03
2.050749999999999886e+02,1.166899799999999932e+00,1.295835564606867898e-02,1.235649999999999915e+00,1.287890000000000042e-02,6.875019999999999742e-02,1.432799999999999916e-03
2.061009999999999991e+02,1.181854900000000042e+00,1.303423542750398352e-02,1.249880000000000102e+00,1.295619999999999931e-02,6.802510000000000501e-02,1.424139999999999955e-03
2.071310000000000002e+02,1.179532299999999978e+00,1.300012640421623067e-02,1.244720000000000049e+00,1.292510000000000013e-02,6.518770000000000120e-02,1.394660000000000040e-03
2.081670000000000016e+02,1.170619599999999982e+00,1.296719990512986559e-02,1.237579999999999902e+00,1.289000000000000042e-02,6.696040000000000325e-02,1.412859999999999941e-03
2.092079999999999984e+02,1.178674599999999906e+00,1.299709733651710324e-02,1.244059999999999944e+00,1.292169999999999951e-02,6.538539999999999630e-02,1.397929999999999919e-03
2.102539999999999907e+02,1.188151100000000016e+00,1.304566706464640666e-02,1.252939999999999943e+00,1.297139999999999925e-02,6.478889999999999649e-02,1.390039999999999939e-03
2.113050000000000068e+02,1.172676400000000063e+00,1.296449163560222349e-02,1.237270000000000092e+00,1.288979999999999987e-02,6.459360000000000102e-02,1.389639999999999929e-03
2.123619999999999948e+02,1.209071699999999971e+00,1.314941291063597383e-02,1.272980000000000000e+00,1.307660000000000072e-02,6.390830000000000122e-02,1.381880000000000044e-03
2.134240000000000066e+02,1.196128900000000161e+00,1.308804246257246756e-02,1.260450000000000070e+00,1.301429999999999948e-02,6.432110000000000605e-02,1.387390000000000064e-03
2.144910000000000139e+02,1.161038900000000096e+00,1.292684389409882312e-02,1.228140000000000009e+00,1.284880000000000050e-02,6.710109999999999686e-02,1.418320000000000041e-03
2.155629999999999882e+02,1.189798200000000028e+00,1.304796856488012885e-02,1.252439999999999998e+00,1.297590000000000028e-02,6.264179999999999748e-02,1.369489999999999900e-03
2.166409999999999911e+02,1.218022900000000019e+00,1.319013745713440260e-02,1.279130000000000100e+00,1.312050000000000022e-02,6.110709999999999753e-02,1.353590000000000002e-03
2.177239999999999895e+02,1.206390499999999921e+00,1.314947702990883205e-02,1.270119999999999916e+00,1.307660000000000072e-02,6.372949999999999449e-02,1.382490000000000108e-03
2.188129999999999882e+02,1.222109800000000135e+00,1.326028254082468709e-02,1.289290000000000047e+00,1.318380000000000073e-02,6.718019999999999547e-02,1.422150000000000063e-03
2.199070000000000107e+02,1.243519400000000052e+00,1.337645947177353890e-02,1.311970000000000081e+00,1.329920000000000060e-02,6.845060000000000033e-02,1.435599999999999984e-03
2.210060000000000002e+02,1.244276500000000008e+00,1.338898539619787741e-02,1.313220000000000054e+00,1.331120000000000046e-02,6.894350000000000478e-02,1.441140000000000043e-03
2.221109999999999900e+02,1.230687500000000156e+00,1.333456933073205730e-02,1.301190000000000069e+00,1.325460000000000006e-02,7.050249999999999573e-02,1.458190000000000050e-03
2.232220000000000084e+02,1.231624500000000122e+00,1.334842722104742987e-02,1.304040000000000088e+00,1.326620000000000056e-02,7.241549999999999376e-02,1.479339999999999995e-03
2.243379999999999939e+02,1.243356799999999929e+00,1.341634592901137096e-02,1.316419999999999924e+00,1.333370000000000041e-02,7.306319999999999482e-02,1.486869999999999945e-03
2.254600000000000080e+02,1.257721199999999984e+00,1.349777304446922281e-02,1.333069999999999977e+00,1.341299999999999958e-02,7.534879999999999356e-02,1.510400000000000067e-03
2.265869999999999891e+02,1.264149399999999979e+00,1.351814788793198434e-02,1.336770000000000014e+00,1.343659999999999993e-02,7.262059999999999349e-02,1.482599999999999934e-03
2.277199999999999989e+02,1.239737099999999925e+00,1.339255923693824860e-02,1.311649999999999983e+00,1.331129999999999987e-02,7.191290000000000182e-02,1.473069999999999935e-03
2.288590000000000089e+02,1.260624899999999826e+00,1.348561078010187923e-02,1.330959999999999921e+00,1.340679999999999997e-02,7.033509999999999762e-02,1.455820000000000031e-03
2.300029999999999859e+02,1.270147099999999973e+00,1.352037595121156378e-02,1.340370000000000061e+00,1.344189999999999968e-02,7.022290000000000476e-02,1.454610000000000061e-03
2.311529999999999916e+02,1.223450200000000043e+00,1.329771680180097566e-02,1.295870000000000077e+00,1.321559999999999922e-02,7.241980000000000639e-02,1.475530000000000071e-03
2.323089999999999975e+02,1.235695399999999999e+00,1.335814868058070315e-02,1.307139999999999969e+00,1.327749999999999937e-02,7.144459999999999700e-02,1.465649999999999982e-03
2.334699999999999989e+02,1.198424500000000004e+00,1.316342510475142225e-02,1.270059999999999967e+00,1.308139999999999997e-02,7.163550000000000473e-02,1.467219999999999983e-03
2.346380000000000052e+02,1.203949900000000017e+00,1.320816630234492375e-02,1.277879999999999905e+00,1.312379999999999970e-02,7.393009999999999859e-02,1.490479999999999973e-03
2.358110000000000070e+02,1.170682400000000012e+00,1.305982592197920539e-02,1.247379999999999933e+00,1.297139999999999925e-02,7.669760000000000466e-02,1.517179999999999918e-03
2.369900000000000091e+02,1.199202199999999996e+00,1.318220168750273633e-02,1.273069999999999924e+00,1.309770000000000031e-02,7.386779999999999735e-02,1.490199999999999901e-03
2.381750000000000114e+02,1.169198200000000076e+00,1.304780473851444543e-02,1.246340000000000003e+00,1.295860000000000067e-02,7.714179999999999648e-02,1.523119999999999986e-03
2.393660000000000139e+02,1.152399100000000010e+00,1.296338508154795330e-02,1.230410000000000004e+00,1.287250000000000026e-02,7.801089999999999414e-02,1.532350000000000032e-03
2.405620000000000118e+02,1.142071899999999918e+00,1.291570232052829600e-02,1.221179999999999932e+00,1.282310000000000047e-02,7.910810000000000064e-02,1.543850000000000040e-03
2.417649999999999864e+02,1.145737900000000087e+00,1.294432562171162274e-02,1.226050000000000084e+00,1.285039999999999967e-02,8.031209999999999738e-02,1.556529999999999980e-03
2.429739999999999895e+02,1.144310900000000020e+00,1.292203967536085206e-02,1.222350000000000048e+00,1.283059999999999930e-02,7.803910000000000013e-02,1.534540000000000036e-03
2.441889999999999930e+02,1.122205799999999920e+00,1.279880319600235072e-02,1.198239999999999972e+00,1.270899999999999981e-02,7.603419999999999623e-02,1.513500000000000088e-03
2.454099999999999966e+02,1.118767500000000137e+00,1.278032699145057079e-02,1.194830000000000059e+00,1.269029999999999984e-02,7.606250000000000511e-02,1.514280000000000010e-03
2.466370000000000005e+02,1.102984799999999987e+00,1.269860500814557792e-02,1.178530000000000078e+00,1.260859999999999932e-02,7.554520000000000679e-02,1.509230000000000077e-03
2.478700000000000045e+02,1.093134100000000108e+00,1.261109529254299082e-02,1.163710000000000022e+00,1.252649999999999944e-02,7.057589999999999697e-02,1.458260000000000068e-03
2.491090000000000089e+02,1.080953400000000064e+00,1.255588296576947219e-02,1.152770000000000072e+00,1.246929999999999913e-02,7.181659999999999433e-02,1.471990000000000061e-03
2.503549999999999898e+02,1.075117199999999995e+00,1.252114558471388410e-02,1.145650000000000057e+00,1.243580000000000033e-02,7.053280000000000660e-02,1.459439999999999999e-03
2.516069999999999993e+02,1.083863999999999939e+00,1.254620290399051374e-02,1.150239999999999929e+00,1.246620000000000020e-02,6.637600000000000444e-02,1.414590000000000075e-03
2.528650000000000091e+02,1.085905600000000026e+00,1.254063345060766992e-02,1.150130000000000097e+00,1.246320000000000067e-02,6.422440000000000093e-02,1.391450000000000022e-03
2.541289999999999907e+02,1.061377800000000038e+00,1.240107438134293270e-02,1.124689999999999968e+00,1.232399999999999989e-02,6.331219999999999903e-02,1.380460000000000020e-03
2.554000000000000057e+02,1.034334499999999935e+00,1.225908595214586158e-02,1.099229999999999929e+00,1.217910000000000000e-02,6.489549999999999486e-02,1.398109999999999934e-03
2.566770000000000209e+02,1.025600099999999903e+00,1.219445014325779356e-02,1.088260000000000005e+00,1.211689999999999989e-02,6.265990000000000448e-02,1.373080000000000047e-03
2.579599999999999795e+02,1.036726800000000059e+00,1.224949131497304194e-02,1.097310000000000008e+00,1.217479999999999951e-02,6.058319999999999678e-02,1.350660000000000055e-03
2.592500000000000000e+02,1.021044599999999969e+00,1.216384407184258401e-02,1.082230000000000025e+00,1.208760000000000043e-02,6.118540000000000090e-02,1.359790000000000044e-03
2.605459999999999923e+02,1.015186700000000108e+00,1.211331045969267668e-02,1.072880000000000056e+00,1.204120000000000017e-02,5.769330000000000291e-02,1.319770000000000058e-03
2.618489999999999895e+02,1.028092900000000087e+00,1.220444072663716926e-02,1.087790000000000035e+00,1.213039999999999952e-02,5.969710000000000294e-02,1.342300000000000047e-03
2.631580000000000155e+02,1.028602099999999853e+00,1.221484838430669968e-02,1.089499999999999913e+00,1.213939999999999984e-02,6.089789999999999787e-02,1.355539999999999913e-03
2.644739999999999895e+02,9.968617999999999091e-01,1.200320470759788302e-02,1.053709999999999924e+00,1.193149999999999940e-02,5.684820000000000151e-02,1.310050000000000103e-03
2.657959999999999923e+02,9.961402000000000312e-01,1.203831487510191242e-02,1.057209999999999983e+00,1.196159999999999932e-02,6.106980000000000047e-02,1.356889999999999919e-03
2.671250000000000000e+02,9.950248999999999899e-01,1.202867799221510499e-02,1.055960000000000010e+00,1.195200000000000082e-02,6.093509999999999899e-02,1.356020000000000099e-03
2.684610000000000127e+02,9.961377999999999622e-01,1.203643642379670538e-02,1.056529999999999969e+00,1.196039999999999950e-02,6.039220000000000005e-02,1.350789999999999933e-03
2.698029999999999973e+02,1.006348499999999868e+00,1.213317459076972311e-02,1.071339999999999959e+00,1.205190000000000081e-02,6.499149999999999372e-02,1.402009999999999975e-03
2.711519999999999868e+02,1.000777800000000051e+00,1.212215817491258535e-02,1.067860000000000031e+00,1.203820000000000064e-02,6.708219999999999461e-02,1.424240000000000011e-03
2.725079999999999814e+02,9.965302999999998690e-01,1.212473209254950890e-02,1.065839999999999899e+00,1.203779999999999954e-02,6.930970000000000186e-02,1.449310000000000095e-03
2.738709999999999809e+02,9.799880999999999176e-01,1.206168047474729006e-02,1.053299999999999903e+00,1.196909999999999988e-02,7.331189999999999929e-02,1.491570000000000005e-03
2.752400000000000091e+02,9.798449999999999660e-01,1.209635531910748657e-02,1.058259999999999978e+00,1.199749999999999948e-02,7.841499999999999859e-02,1.543309999999999994e-03
2.766159999999999854e+02,9.906853999999999383e-01,1.216611353062266830e-02,1.070319999999999938e+00,1.206619999999999915e-02,7.963459999999999983e-02,1.556000000000000091e-03
2.779990000000000236e+02,9.851696000000000897e-01,1.214755495780529479e-02,1.065160000000000107e+00,1.204700000000000042e-02,7.999040000000000317e-02,1.559770000000000037e-03
2.793890000000000100e+02,9.897355999999999376e-01,1.219837495293942843e-02,1.072729999999999961e+00,1.209430000000000054e-02,8.299439999999999595e-02,1.590049999999999970e-03
2.807860000000000014e+02,9.856854999999999922e-01,1.221350517510841338e-02,1.073169999999999957e+00,1.210379999999999963e-02,8.748450000000000670e-02,1.633319999999999954e-03
2.821899999999999977e+02,9.625062999999999258e-01,1.210040848370417393e-02,1.051339999999999941e+00,1.198789999999999925e-02,8.883370000000000155e-02,1.646249999999999927e-03
2.836009999999999991e+02,9.859668999999998684e-01,1.224363202589819587e-02,1.076109999999999900e+00,1.213060000000000006e-02,9.014310000000000378e-02,1.659840000000000100e-03
2.850190000000000055e+02,9.788731000000000515e-01,1.224353163307058227e-02,1.073110000000000008e+00,1.212530000000000031e-02,9.423689999999999845e-02,1.697399999999999951e-03
2.864440000000000168e+02,9.714445000000000441e-01,1.220235182747981574e-02,1.065209999999999990e+00,1.208419999999999980e-02,9.376550000000000162e-02,1.693959999999999997e-03
2.878759999999999764e+02,9.663150999999999824e-01,1.219006076194864563e-02,1.060810000000000031e+00,1.207070000000000018e-02,9.449490000000000667e-02,1.701700000000000001e-03
2.893159999999999741e+02,9.694903999999999744e-01,1.221957002550007852e-02,1.064570000000000016e+00,1.209960000000000029e-02,9.507960000000000023e-02,1.708089999999999999e-03
2.907620000000000005e+02,9.866359000000000101e-01,1.231588898015892330e-02,1.080540000000000056e+00,1.219819999999999932e-02,9.390410000000000423e-02,1.698539999999999902e-03
2.922160000000000082e+02,9.623996000000000217e-01,1.219083749866677405e-02,1.056300000000000017e+00,1.207169999999999944e-02,9.390039999999999498e-02,1.700169999999999980e-03
2.936770000000000209e+02,9.685965999999999188e-01,1.220343890682048724e-02,1.058319999999999927e+00,1.208970000000000010e-02,8.972339999999999482e-02,1.662250000000000099e-03
2.951460000000000150e+02,9.836610000000000076e-01,1.229204212023372531e-02,1.072300000000000031e+00,1.218029999999999981e-02,8.863899999999999557e-02,1.653659999999999939e-03
2.966209999999999809e+02,9.682842999999999867e-01,1.218187521975167865e-02,1.051819999999999977e+00,1.207530000000000062e-02,8.353570000000000439e-02,1.607860000000000018e-03
2.981039999999999850e+02,9.594648999999999539e-01,1.214579726919562917e-02,1.042939999999999978e+00,1.203889999999999995e-02,8.347509999999999653e-02,1.607879999999999900e-03
2.995950000000000273e+02,9.459144000000000441e-01,1.206920549879319897e-02,1.028070000000000039e+00,1.196320000000000022e-02,8.215559999999999530e-02,1.596109999999999977e-03
3.010930000000000177e+02,9.630736000000000852e-01,1.215607540978584297e-02,1.042340000000000044e+00,1.205430000000000043e-02,7.926640000000000075e-02,1.569719999999999926e-03
3.025980000000000132e+02,9.433884000000000158e-01,1.205472657288003333e-02,1.022440000000000015e+00,1.195210000000000022e-02,7.905159999999999965e-02,1.569630000000000027e-03
3.041109999999999900e+02,9.389476999999999407e-01,1.203870385956893642e-02,1.016999999999999904e+00,1.193710000000000084e-02,7.805230000000000501e-02,1.560779999999999893e-03
3.056320000000000050e+02,9.212949000000000277e-01,1.191333936444773610e-02,9.946369999999999933e-01,1.181669999999999943e-02,7.334209999999999341e-02,1.514350000000000028e-03
3.071600000000000250e+02,9.207488999999999812e-01,1.189206811021951797e-02,9.909780000000000255e-01,1.179909999999999987e-02,7.022910000000000263e-02,1.484089999999999975e-03
3.086960000000000264e+02,9.173536999999999386e-01,1.188148350436089330e-02,9.867909999999999737e-01,1.178940000000000023e-02,6.943729999999999347e-02,1.476380000000000010e-03
3.102389999999999759e+02,9.208237999999999701e-01,1.191988957407324329e-02,9.908970000000000278e-01,1.182710000000000011e-02,7.007320000000000215e-02,1.484410000000000026e-03
3.117909999999999968e+02,9.219809000000001031e-01,1.190933325433880113e-02,9.879520000000000524e-01,1.182150000000000041e-02,6.597110000000000474e-02,1.443730000000000057e-03
3.133500000000000227e+02,9.122862999999999944e-01,1.186332435274362745e-02,9.777740000000000320e-01,1.177570000000000006e-02,6.548769999999999591e-02,1.439219999999999952e-03
3.149159999999999968e+02,9.168260999999999772e-01,1.186923929405755800e-02,9.769440000000000346e-01,1.178869999999999918e-02,6.011790000000000189e-02,1.380359999999999964e-03
3.164909999999999854e+02,9.149593999999999783e-01,1.185440309005898404e-02,9.730839999999999490e-01,1.177629999999999996e-02,5.812459999999999849e-02,1.358540000000000095e-03
3.180729999999999791e+02,9.255337000000000147e-01,1.189543112022847272e-02,9.795610000000000150e-01,1.182260000000000082e-02,5.402730000000000032e-02,1.314309999999999957e-03
3.196639999999999873e+02,9.269635999999999987e-01,1.190056391006745484e-02,9.775840000000000085e-01,1.183219999999999932e-02,5.062040000000000289e-02,1.273760000000000083e-03
3.212620000000000005e+02,8.986032000000000464e-01,1.171921683161464625e-02,9.461880000000000290e-01,1.165390000000000002e-02,4.758479999999999654e-02,1.235580000000000012e-03
3.228679999999999950e+02,8.991700999999999722e-01,1.170278655233871964e-02,9.429689999999999461e-01,1.164259999999999948e-02,4.379890000000000172e-02,1.185360000000000103e-03
3.244830000000000041e+02,8.861320000000000308e-01,1.162801667061498512e-02,9.279249999999999998e-01,1.156979999999999988e-02,4.179299999999999682e-02,1.162110000000000053e-03
3.261050000000000182e+02,8.959461000000000785e-01,1.170458323841135420e-02,9.371890000000000498e-01,1.164740000000000046e-02,4.124289999999999901e-02,1.155570000000000078e-03
3.277359999999999900e+02,8.980967999999999174e-01,1.170989710807059103e-02,9.363629999999999454e-01,1.165659999999999960e-02,3.826620000000000021e-02,1.115960000000000042e-03
3.293740000000000236e+02,8.848042000000000407e-01,1.164483241305344120e-02,9.231700000000000461e-01,1.159100000000000061e-02,3.836579999999999852e-02,1.118410000000000020e-03
3.310210000000000150e+02,9.118886000000000491e-01,1.181154427852683549e-02,9.474080000000000279e-01,1.176229999999999984e-02,3.551939999999999958e-02,1.077440000000000038e-03
3.326759999999999877e+02,8.911059000000000063e-01,1.168780351990911931e-02,9.255550000000000166e-01,1.163939999999999940e-02,3.444910000000000333e-02,1.062599999999999916e-03
3.343399999999999750e+02,9.114956999999999088e-01,1.181619025657593310e-02,9.445599999999999552e-01,1.177010000000000035e-02,3.306429999999999786e-02,1.042640000000000060e-03
3.360110000000000241e+02,9.021893000000000828e-01,1.176498259892040828e-02,9.332200000000000495e-01,1.172139999999999987e-02,3.103070000000000134e-02,1.011729999999999964e-03
3.376909999999999741e+02,9.136222000000000509e-01,1.186711476665242362e-02,9.470190000000000552e-01,1.182040000000000000e-02,3.339679999999999732e-02,1.051929999999999966e-03
3.393799999999999955e+02,9.154522999999999966e-01,1.187121343260662612e-02,9.461169999999999858e-01,1.182820000000000052e-02,3.066469999999999960e-02,1.009649999999999957e-03
3.410769999999999982e+02,9.076368000000000213e-01,1.182083918142062470e-02,9.366010000000000169e-01,1.178000000000000054e-02,2.896419999999999897e-02,9.817529999999999226e-04
3.427819999999999823e+02,9.146796999999999844e-01,1.188143089863880758e-02,9.437499999999999778e-01,1.184050000000000033e-02,2.907030000000000031e-02,9.853730000000001082e-04
3.444959999999999809e+02,9.047317999999999749e-01,1.182580879269747899e-02,9.329089999999999883e-01,1.178590000000000020e-02,2.817719999999999947e-02,9.707290000000000363e-04
3.462180000000000177e+02,9.088644999999999641e-01,1.186959725316748086e-02,9.369229999999999503e-01,1.182990000000000083e-02,2.805850000000000011e-02,9.699510000000000380e-04
3.479499999999999886e+02,8.855781999999999821e-01,1.172726965789138917e-02,9.121669999999999501e-01,1.168920000000000028e-02,2.658879999999999924e-02,9.441700000000000353e-04
3.496890000000000214e+02,8.881182000000000798e-01,1.174623793631714326e-02,9.136140000000000372e-01,1.170960000000000056e-02,2.549579999999999902e-02,9.270240000000000338e-04
3.514379999999999882e+02,8.582214000000000231e-01,1.158006818836681238e-02,8.854549999999999921e-01,1.154020000000000046e-02,2.723360000000000017e-02,9.600849999999999532e-04
3.531949999999999932e+02,8.392161999999999678e-01,1.146601645908900714e-02,8.657449999999999868e-01,1.142680000000000085e-02,2.652880000000000169e-02,9.475100000000000406e-04
3.549610000000000127e+02,8.272779000000000105e-01,1.139542432722191224e-02,8.533319999999999794e-01,1.135639999999999913e-02,2.605410000000000018e-02,9.422709999999999506e-04
3.567359999999999900e+02,8.317936999999999692e-01,1.145426498419732826e-02,8.593899999999999872e-01,1.141320000000000008e-02,2.759630000000000069e-02,9.690470000000000073e-04
3.585190000000000055e+02,7.970616000000000367e-01,1.123449966124508842e-02,8.237079999999999957e-01,1.119389999999999968e-02,2.664640000000000064e-02,9.542459999999999571e-04
3.603120000000000118e+02,7.812677999999999567e-01,1.113869000019014795e-02,8.071439999999999726e-01,1.109890000000000009e-02,2.587619999999999851e-02,9.406560000000000008e-04
3.621139999999999759e+02,7.747462999999999989e-01,1.110388933401067375e-02,8.002629999999999466e-01,1.106440000000000028e-02,2.551669999999999980e-02,9.356339999999999666e-04
3.639239999999999782e+02,7.726562000000000152e-01,1.111106349850638636e-02,7.984189999999999898e-01,1.107110000000000039e-02,2.576279999999999890e-02,9.415289999999999770e-04
3.657440000000000282e+02,7.649276999999999882e-01,1.105035604270853365e-02,7.886290000000000244e-01,1.101320000000000077e-02,2.370130000000000153e-02,9.054249999999999582e-04
3.675720000000000027e+02,7.509961000000000553e-01,1.099104846388373330e-02,7.771930000000000227e-01,1.094969999999999971e-02,2.619689999999999866e-02,9.524789999999999993e-04
3.694100000000000250e+02,7.392031000000000018e-01,1.091342510090924714e-02,7.644929999999999781e-01,1.087300000000000072e-02,2.528990000000000057e-02,9.384659999999999964e-04
3.712570000000000050e+02,7.362366000000000188e-01,1.090309716418229498e-02,7.607789999999999830e-01,1.086370000000000044e-02,2.454239999999999894e-02,9.260400000000000445e-04
3.731139999999999759e+02,7.508717000000000308e-01,1.103446385766997800e-02,7.761770000000000058e-01,1.099420000000000085e-02,2.530529999999999932e-02,9.417849999999999963e-04
3.749789999999999850e+02,7.172920000000000407e-01,1.079780040921001633e-02,7.411680000000000490e-01,1.075899999999999947e-02,2.387600000000000139e-02,9.145559999999999627e-04
3.768539999999999850e+02,7.286875000000000435e-01,1.091970271758347863e-02,7.547409999999999952e-01,1.087759999999999942e-02,2.605350000000000027e-02,9.579799999999999861e-04
3.787379999999999995e+02,7.243433000000000233e-01,1.090500106750677892e-02,7.499360000000000470e-01,1.086349999999999989e-02,2.559269999999999948e-02,9.504819999999999979e-04
3.806320000000000050e+02,7.138695999999999930e-01,1.082931994997728478e-02,7.389179999999999637e-01,1.078830000000000067e-02,2.504839999999999844e-02,9.416760000000000148e-04
3.825350000000000250e+02,7.319972999999999619e-01,1.097798528151846219e-02,7.564899999999999958e-01,1.093829999999999976e-02,2.449269999999999919e-02,9.326059999999999949e-04
3.844479999999999791e+02,7.190539000000000236e-01,1.092583662399474950e-02,7.461100000000000509e-01,1.088159999999999995e-02,2.705609999999999959e-02,9.821850000000000025e-04
3.863700000000000045e+02,7.230018000000000278e-01,1.097341384393320761e-02,7.498909999999999743e-01,1.092949999999999998e-02,2.688919999999999852e-02,9.807349999999999401e-04
3.883020000000000209e+02,7.156086000000000391e-01,1.094338746574222490e-02,7.431619999999999893e-01,1.089810000000000084e-02,2.755339999999999873e-02,9.945579999999999872e-04
3.902440000000000282e+02,6.974390999999999785e-01,1.079968725527346088e-02,7.220590000000000064e-01,1.075860000000000011e-02,2.461990000000000012e-02,9.411540000000000357e-04
3.921949999999999932e+02,6.865246999999999877e-01,1.074955976995820885e-02,7.130189999999999584e-01,1.070489999999999983e-02,2.649429999999999841e-02,9.788520000000001074e-04
3.941560000000000059e+02,6.964822000000000513e-01,1.083028915743268657e-02,7.218160000000000132e-01,1.078780000000000017e-02,2.533380000000000007e-02,9.584020000000000169e-04
3.961270000000000095e+02,6.728458999999999968e-01,1.067068935319194674e-02,6.980319999999999858e-01,1.062759999999999920e-02,2.518609999999999946e-02,9.579820000000000176e-04
3.981070000000000277e+02,6.784685999999999773e-01,1.073875114403201846e-02,7.047689999999999788e-01,1.069400000000000038e-02,2.630040000000000155e-02,9.793569999999999273e-04
4.000980000000000132e+02,6.724774000000000029e-01,1.070362494952060636e-02,6.981399999999999828e-01,1.065950000000000057e-02,2.566260000000000069e-02,9.709000000000000182e-04
4.020980000000000132e+02,6.818377999999999384e-01,1.078987204792642568e-02,7.077369999999999495e-01,1.074559999999999925e-02,2.589920000000000069e-02,9.764319999999999510e-04
4.041089999999999804e+02,6.851741000000000081e-01,1.084699111942496325e-02,7.118280000000000163e-01,1.080150000000000034e-02,2.665390000000000120e-02,9.923779999999999234e-04
4.061290000000000191e+02,6.680779000000000023e-01,1.074225455451973538e-02,6.952089999999999659e-01,1.069529999999999960e-02,2.713109999999999827e-02,1.003289999999999998e-03
4.081600000000000250e+02,6.704079000000000566e-01,1.077262539230808801e-02,6.968280000000000030e-01,1.072689999999999928e-02,2.642009999999999845e-02,9.915010000000001010e-04
4.102010000000000218e+02,6.802429999999999310e-01,1.088139620837326113e-02,7.077419999999999822e-01,1.083409999999999929e-02,2.749899999999999914e-02,1.013440000000000001e-03
4.122520000000000095e+02,6.676693000000000211e-01,1.079830290416118957e-02,6.943150000000000155e-01,1.075190000000000000e-02,2.664570000000000133e-02,9.999959999999999578e-04
4.143129999999999882e+02,6.654545000000000599e-01,1.081127864935965861e-02,6.928940000000000099e-01,1.076350000000000050e-02,2.743949999999999861e-02,1.015290000000000073e-03
4.163840000000000146e+02,6.559675000000000367e-01,1.074300184454158973e-02,6.822690000000000143e-01,1.069679999999999936e-02,2.630149999999999849e-02,9.952680000000001075e-04
4.184660000000000082e+02,6.694887999999999950e-01,1.088795507376844572e-02,6.975000000000000089e-01,1.083910000000000082e-02,2.801119999999999999e-02,1.030279999999999955e-03
4.205590000000000259e+02,6.686203000000000563e-01,1.089586504953140612e-02,6.965850000000000097e-01,1.084700000000000074e-02,2.796469999999999859e-02,1.030759999999999923e-03
4.226619999999999777e+02,6.619817999999999536e-01,1.087441125072985230e-02,6.902139999999999942e-01,1.082469999999999960e-02,2.823219999999999896e-02,1.038599999999999983e-03
4.247749999999999773e+02,6.454356000000001092e-01,1.077168177417528461e-02,6.740930000000000533e-01,1.072060000000000027e-02,2.865739999999999954e-02,1.047790000000000049e-03
4.268990000000000009e+02,6.385451999999999240e-01,1.074148360163064246e-02,6.669199999999999573e-01,1.069059999999999976e-02,2.837479999999999863e-02,1.044290000000000019e-03
4.290330000000000155e+02,6.403284999999999672e-01,1.076714101108088885e-02,6.685919999999999641e-01,1.071650000000000033e-02,2.826350000000000043e-02,1.043050000000000010e-03
4.311779999999999973e+02,6.296742000000000727e-01,1.070131862129149007e-02,6.575060000000000349e-01,1.065070000000000079e-02,2.783180000000000029e-02,1.039619999999999997e-03
4.333340000000000032e+02,6.163477000000000539e-01,1.062287808805128034e-02,6.455220000000000402e-01,1.056920000000000082e-02,2.917430000000000023e-02,1.066560000000000034e-03
4.355009999999999764e+02,5.973789999999999933e-01,1.050974955798662271e-02,6.273389999999999800e-01,1.045390000000000034e-02,2.996000000000000052e-02,1.082040000000000042e-03
4.376779999999999973e+02,6.115059000000000466e-01,1.062056551347902687e-02,6.393699999999999939e-01,1.056890000000000086e-02,2.786409999999999929e-02,1.046309999999999948e-03
4.398670000000000186e+02,6.152569999999999428e-01,1.067497930836870494e-02,6.440369999999999706e-01,1.062169999999999954e-02,2.878000000000000003e-02,1.065210000000000028e-03
4.420659999999999741e+02,5.901721000000000883e-01,1.049118800165643739e-02,6.190330000000000554e-01,1.043649999999999960e-02,2.886089999999999836e-02,1.069810000000000032e-03
4.442760000000000105e+02,5.945023000000000390e-01,1.058158292742631193e-02,6.257620000000000404e-01,1.052260000000000001e-02,3.125970000000000137e-02,1.115700000000000068e-03
4.464979999999999905e+02,5.919682000000000555e-01,1.056629159764200208e-02,6.220820000000000238e-01,1.050919999999999979e-02,3.011379999999999960e-02,1.096919999999999926e-03
4.487300000000000182e+02,5.908529000000000142e-01,1.057647315980615559e-02,6.212189999999999657e-01,1.051880000000000003e-02,3.036610000000000004e-02,1.103009999999999971e-03
4.509739999999999895e+02,6.038288000000000544e-01,1.070128304838256252e-02,6.337310000000000443e-01,1.064479999999999940e-02,2.990220000000000031e-02,1.098039999999999997e-03
4.532289999999999850e+02,5.918107999999999702e-01,1.062801130372470135e-02,6.220229999999999926e-01,1.057040000000000063e-02,3.021220000000000155e-02,1.105110000000000077e-03
4.554950000000000045e+02,5.743099000000000398e-01,1.053498921427544789e-02,6.073490000000000277e-01,1.047119999999999995e-02,3.303910000000000180e-02,1.157569999999999910e-03
4.577730000000000246e+02,5.787462999999999358e-01,1.057636972482051650e-02,6.097939999999999472e-01,1.051640000000000040e-02,3.104770000000000099e-02,1.124690000000000021e-03
4.600609999999999786e+02,5.847482000000000513e-01,1.066552051774314475e-02,6.177470000000000461e-01,1.060209999999999972e-02,3.299880000000000174e-02,1.161380000000000051e-03
4.623620000000000232e+02,5.737859000000000709e-01,1.057463852332078506e-02,6.052840000000000442e-01,1.051309999999999918e-02,3.149810000000000110e-02,1.139169999999999896e-03
4.646730000000000018e+02,5.729177999999999216e-01,1.061216306944536177e-02,6.054199999999999582e-01,1.054869999999999940e-02,3.250220000000000192e-02,1.158849999999999898e-03
4.669970000000000141e+02,5.709234999999999172e-01,1.063213111281082791e-02,6.046869999999999745e-01,1.056600000000000074e-02,3.376350000000000184e-02,1.183999999999999940e-03
4.693319999999999936e+02,5.640095999999999998e-01,1.059775602540934114e-02,5.980739999999999945e-01,1.053070000000000048e-02,3.406440000000000162e-02,1.190290000000000098e-03
4.716789999999999736e+02,5.675286999999999971e-01,1.064451005747094059e-02,6.017789999999999528e-01,1.057699999999999960e-02,3.425029999999999741e-02,1.196940000000000070e-03
4.740369999999999777e+02,5.538625999999999827e-01,1.055713896197734217e-02,5.883720000000000061e-01,1.048800000000000079e-02,3.450940000000000257e-02,1.206250000000000074e-03
4.764069999999999823e+02,5.487634999999999597e-01,1.053346543395856927e-02,5.824880000000000058e-01,1.046560000000000025e-02,3.372449999999999753e-02,1.193779999999999971e-03
4.787889999999999873e+02,5.549707999999999863e-01,1.064543554498828364e-02,5.912009999999999765e-01,1.057280000000000025e-02,3.623019999999999713e-02,1.241450000000000062e-03
4.811829999999999927e+02,5.381088000000000537e-01,1.050244671408048606e-02,5.735729999999999995e-01,1.043009999999999944e-02,3.546420000000000128e-02,1.230610000000000037e-03
4.835889999999999986e+02,5.604350999999999638e-01,1.071611309438268329e-02,5.942600000000000104e-01,1.064820000000000003e-02,3.382489999999999802e-02,1.204540000000000038e-03
4.860070000000000050e+02,5.469296000000000157e-01,1.061934125399970237e-02,5.808769999999999767e-01,1.055019999999999916e-02,3.394740000000000257e-02,1.209830000000000063e-03
4.884370000000000118e+02,5.458236000000000754e-01,1.061180252278094358e-02,5.772610000000000241e-01,1.054740000000000018e-02,3.143739999999999729e-02,1.167349999999999942e-03
4.908790000000000191e+02,5.304454000000000669e-01,1.050917432951323748e-02,5.628290000000000237e-01,1.044179999999999935e-02,3.238359999999999850e-02,1.188089999999999936e-03
4.933340000000000032e+02,5.361955999999999944e-01,1.057647781326089692e-02,5.673669999999999547e-01,1.051179999999999996e-02,3.117139999999999841e-02,1.167880000000000047e-03
4.958000000000000114e+02,5.104735000000000245e-01,1.036287126767480339e-02,5.429589999999999694e-01,1.029380000000000052e-02,3.248550000000000049e-02,1.194479999999999934e-03
4.982789999999999964e+02,5.106031000000000875e-01,1.036735306287964696e-02,5.409000000000000474e-01,1.030269999999999971e-02,3.029690000000000161e-02,1.156020000000000008e-03
5.007710000000000150e+02,5.096872999999999543e-01,1.039002300925748710e-02,5.408539999999999459e-01,1.032339999999999994e-02,3.116669999999999857e-02,1.174729999999999915e-03
5.032740000000000009e+02,5.072718999999999978e-01,1.038089143763674949e-02,5.377769999999999495e-01,1.031520000000000006e-02,3.050510000000000027e-02,1.165999999999999936e-03
5.057909999999999968e+02,5.177799000000000706e-01,1.049399873368107340e-02,5.473440000000000527e-01,1.043099999999999930e-02,2.956409999999999941e-02,1.148149999999999908e-03
5.083199999999999932e+02,5.019858000000000375e-01,1.034313594798018723e-02,5.296089999999999964e-01,1.028300000000000047e-02,2.762320000000000053e-02,1.113719999999999901e-03
5.108609999999999900e+02,4.949149999999999938e-01,1.032345114040842532e-02,5.238899999999999668e-01,1.025990000000000062e-02,2.897500000000000075e-02,1.143719999999999980e-03
5.134160000000000537e+02,4.999304999999999999e-01,1.040977787106430082e-02,5.294550000000000090e-01,1.034539999999999939e-02,2.952449999999999866e-02,1.155929999999999892e-03
5.159829999999999472e+02,4.856693000000000260e-01,1.029515671168244016e-02,5.151710000000000456e-01,1.022969999999999956e-02,2.950169999999999876e-02,1.159089999999999990e-03
5.185629999999999882e+02,4.804100999999999511e-01,1.025708513153712580e-02,5.094969999999999777e-01,1.019199999999999967e-02,2.908689999999999887e-02,1.153659999999999929e-03
5.211549999999999727e+02,5.041522999999999977e-01,1.051971515099624742e-02,5.325100000000000389e-01,1.045749999999999978e-02,2.835769999999999957e-02,1.142409999999999953e-03
5.237609999999999673e+02,4.882680999999999827e-01,1.040102982557496517e-02,5.173539999999999806e-01,1.033590000000000030e-02,2.908590000000000134e-02,1.162150000000000032e-03
5.263799999999999955e+02,4.754577000000000386e-01,1.029786634446184720e-02,5.056580000000000519e-01,1.022960000000000015e-02,3.020029999999999937e-02,1.183779999999999945e-03
5.290119999999999436e+02,4.779123000000000676e-01,1.035419614446722592e-02,5.074030000000000484e-01,1.028729999999999922e-02,2.949070000000000163e-02,1.175089999999999945e-03
5.316570000000000391e+02,4.752435999999999883e-01,1.034827599574441280e-02,5.041109999999999758e-01,1.028240000000000057e-02,2.886740000000000139e-02,1.165790000000000099e-03
5.343150000000000546e+02,4.801075000000000204e-01,1.041615601766793762e-02,5.087840000000000140e-01,1.035089999999999968e-02,2.867650000000000060e-02,1.164120000000000042e-03
5.369869999999999663e+02,4.626856999999999775e-01,1.028597452136160127e-02,4.931189999999999740e-01,1.021530000000000007e-02,3.043329999999999994e-02,1.203709999999999980e-03
5.396720000000000255e+02,4.410374000000000239e-01,1.009298160275743164e-02,4.717500000000000027e-01,1.001999999999999939e-02,3.071259999999999962e-02,1.211559999999999981e-03
5.423700000000000045e+02,4.499819999999999931e-01,1.022320739827281381e-02,4.806900000000000062e-01,1.015079999999999975e-02,3.070799999999999919e-02,1.214589999999999984e-03
5.450819999999999936e+02,4.545630999999999977e-01,1.031162559929325699e-02,4.865820000000000145e-01,1.023630000000000026e-02,3.201890000000000291e-02,1.244099999999999937e-03
5.478070000000000164e+02,4.599965000000000304e-01,1.039864777764878435e-02,4.920610000000000261e-01,1.032360000000000048e-02,3.206450000000000272e-02,1.247059999999999922e-03
5.505460000000000491e+02,4.389672000000000018e-01,1.017319566991611510e-02,4.679789999999999783e-01,1.010349999999999963e-02,2.901180000000000078e-02,1.188779999999999958e-03
5.532989999999999782e+02,4.361123000000000083e-01,1.020897535456423769e-02,4.686710000000000043e-01,1.013030000000000007e-02,3.255870000000000292e-02,1.264989999999999908e-03
5.560660000000000309e+02,4.221882000000000135e-01,1.006385478154866835e-02,4.533510000000000040e-01,9.987040000000000847e-03,3.116280000000000092e-02,1.241050000000000052e-03
5.588460000000000036e+02,4.266762999999999528e-01,1.016087324125736734e-02,4.584559999999999746e-01,1.008299999999999995e-02,3.177970000000000100e-02,1.255569999999999907e-03
5.616399999999999864e+02,4.272012000000000032e-01,1.019748732549347232e-02,4.590580000000000216e-01,1.011940000000000062e-02,3.185679999999999762e-02,1.259560000000000063e-03
5.644479999999999791e+02,4.331249999999999822e-01,1.027635436356687769e-02,4.639510000000000023e-01,1.020070000000000005e-02,3.082599999999999923e-02,1.244660000000000081e-03
5.672709999999999582e+02,4.231281000000000070e-01,1.023492203487647544e-02,4.569079999999999808e-01,1.015150000000000080e-02,3.377990000000000159e-02,1.304100000000000094e-03
5.701069999999999709e+02,4.216283000000000114e-01,1.022353756783335628e-02,4.538760000000000017e-01,1.014359999999999914e-02,3.224769999999999720e-02,1.275969999999999969e-03
5.729579999999999700e+02,4.309372000000000202e-01,1.042927856914849065e-02,4.690090000000000092e-01,1.033579999999999915e-02,3.807180000000000286e-02,1.393230000000000076e-03
5.758220000000000027e+02,4.252529999999999921e-01,1.038059735716591672e-02,4.623220000000000107e-01,1.028880000000000072e-02,3.706899999999999779e-02,1.377460000000000056e-03
5.787019999999999982e+02,4.258286000000000016e-01,1.039468757142801222e-02,4.609289999999999776e-01,1.030739999999999955e-02,3.510039999999999688e-02,1.344259999999999899e-03
5.815950000000000273e+02,4.064836000000000005e-01,1.023156895004866639e-02,4.432260000000000089e-01,1.013829999999999940e-02,3.674240000000000145e-02,1.378359999999999915e-03
5.845030000000000427e+02,4.316475999999999646e-01,1.051609458221539582e-02,4.662959999999999883e-01,1.043009999999999944e-02,3.464840000000000281e-02,1.342110000000000091e-03
5.874260000000000446e+02,4.113139000000000101e-01,1.029975236568336089e-02,4.450500000000000012e-01,1.021369999999999917e-02,3.373609999999999803e-02,1.328619999999999975e-03
5.903630000000000564e+02,4.014218999999999982e-01,1.023316461834265605e-02,4.360660000000000092e-01,1.014349999999999974e-02,3.464409999999999712e-02,1.351690000000000010e-03
5.933139999999999645e+02,4.244746000000000352e-01,1.053486842537675050e-02,4.598360000000000225e-01,1.044549999999999992e-02,3.536140000000000116e-02,1.369299999999999944e-03
5.962809999999999491e+02,4.132837999999999790e-01,1.044885305725465688e-02,4.494179999999999842e-01,1.035600000000000062e-02,3.613419999999999827e-02,1.389889999999999962e-03
5.992619999999999436e+02,4.174772999999999956e-01,1.051446945240700273e-02,4.520710000000000006e-01,1.042560000000000014e-02,3.459369999999999806e-02,1.364159999999999895e-03
6.022590000000000146e+02,4.012924999999999964e-01,1.035277560425705394e-02,4.353239999999999887e-01,1.026380000000000001e-02,3.403149999999999925e-02,1.354390000000000021e-03
6.052699999999999818e+02,3.948675999999999853e-01,1.030472975855747410e-02,4.284080000000000110e-01,1.021599999999999939e-02,3.354039999999999799e-02,1.349369999999999910e-03
6.082960000000000491e+02,3.846591999999999789e-01,1.023874912145521753e-02,4.202609999999999957e-01,1.014359999999999914e-02,3.560180000000000289e-02,1.392610000000000072e-03
6.113379999999999654e+02,3.759204000000000434e-01,1.014522924484212787e-02,4.105230000000000268e-01,1.005099999999999917e-02,3.460259999999999725e-02,1.379519999999999965e-03
6.143949999999999818e+02,3.934863000000000111e-01,1.042074182862717281e-02,4.299180000000000224e-01,1.032369999999999989e-02,3.643169999999999742e-02,1.418830000000000048e-03
6.174669999999999845e+02,3.861106999999999734e-01,1.030570047741054783e-02,4.192049999999999943e-01,1.021610000000000053e-02,3.309430000000000011e-02,1.356009999999999941e-03
6.205539999999999736e+02,3.863581999999999850e-01,1.034316233284579035e-02,4.192359999999999975e-01,1.025369999999999927e-02,3.287779999999999869e-02,1.357439999999999905e-03
6.236570000000000391e+02,3.697882000000000113e-01,1.021391212660457438e-02,4.052520000000000011e-01,1.011579999999999945e-02,3.546379999999999671e-02,1.412300000000000014e-03
6.267749999999999773e+02,3.664143999999999735e-01,1.016199827122598980e-02,3.990179999999999838e-01,1.007079999999999954e-02,3.260360000000000341e-02,1.358379999999999961e-03
6.299089999999999918e+02,3.828227000000000158e-01,1.041987757473666378e-02,4.168520000000000003e-01,1.032650000000000061e-02,3.402929999999999844e-02,1.391850000000000032e-03
6.330579999999999927e+02,3.510766000000000164e-01,1.002998744674189584e-02,3.840230000000000032e-01,9.935730000000000256e-03,3.294640000000000069e-02,1.371830000000000098e-03
6.362240000000000464e+02,3.630951000000000040e-01,1.021751198069275474e-02,3.964920000000000111e-01,1.012249999999999955e-02,3.339690000000000020e-02,1.390160000000000094e-03
6.394049999999999727e+02,3.710084000000000160e-01,1.035117482405258256e-02,4.034159999999999968e-01,1.025970000000000007e-02,3.240760000000000168e-02,1.373089999999999988e-03
6.426019999999999754e+02,3.740007000000000192e-01,1.043062742007402031e-02,4.075799999999999979e-01,1.033610000000000084e-02,3.357929999999999943e-02,1.401080000000000077e-03
6.458150000000000546e+02,3.639301000000000341e-01,1.032065310840840112e-02,3.967510000000000203e-01,1.022699999999999998e-02,3.282090000000000007e-02,1.387210000000000049e-03
6.490439999999999827e+02,3.529715999999999965e-01,1.022958378236377662e-02,3.869799999999999907e-01,1.013089999999999997e-02,3.400840000000000113e-02,1.417480000000000042e-03
6.522889999999999873e+02,3.530769999999999742e-01,1.023957502450174861e-02,3.852579999999999893e-01,1.014550000000000000e-02,3.218100000000000127e-02,1.384819999999999931e-03
6.555510000000000446e+02,3.538900999999999852e-01,1.029924382176186821e-02,3.870169999999999999e-01,1.020219999999999981e-02,3.312690000000000079e-02,1.410510000000000019e-03
6.588279999999999745e+02,3.628625999999999796e-01,1.042149810008618713e-02,3.953059999999999907e-01,1.032710000000000052e-02,3.244339999999999724e-02,1.399510000000000077e-03
6.621219999999999573e+02,3.550784999999999636e-01,1.033926155547387413e-02,3.860939999999999928e-01,1.024790000000000076e-02,3.101550000000000140e-02,1.371449999999999969e-03
6.654329999999999927e+02,3.596751999999999727e-01,1.042150994918202879e-02,3.901589999999999780e-01,1.033180000000000036e-02,3.048379999999999840e-02,1.364470000000000006e-03
6.687599999999999909e+02,3.530116999999999838e-01,1.040974490746050807e-02,3.858079999999999843e-01,1.031239999999999934e-02,3.279630000000000045e-02,1.420279999999999893e-03
6.721040000000000418e+02,3.298278000000000043e-01,1.013291073826272370e-02,3.623839999999999839e-01,1.003290000000000085e-02,3.255620000000000042e-02,1.420140000000000074e-03
6.754640000000000555e+02,3.345945000000000169e-01,1.021088609868898642e-02,3.668569999999999887e-01,1.011229999999999941e-02,3.226249999999999951e-02,1.415479999999999993e-03
6.788419999999999845e+02,3.482704999999999829e-01,1.038250902118076531e-02,3.773079999999999767e-01,1.029489999999999919e-02,2.903750000000000081e-02,1.345929999999999956e-03
6.822359999999999900e+02,3.680830000000000490e-01,1.072313404907352698e-02,3.991390000000000216e-01,1.063129999999999978e-02,3.105600000000000027e-02,1.400379999999999897e-03
6.856470000000000482e+02,4.277735999999999761e-01,1.155849650474057196e-02,4.607229999999999936e-01,1.146750000000000026e-02,3.294939999999999675e-02,1.447509999999999943e-03
6.890750000000000455e+02,4.832083000000000350e-01,1.221410983533388617e-02,5.142010000000000192e-01,1.213269999999999973e-02,3.099270000000000150e-02,1.407859999999999927e-03
6.925209999999999582e+02,5.698754000000000319e-01,1.324938459878042749e-02,6.020590000000000108e-01,1.317100000000000042e-02,3.218359999999999971e-02,1.439079999999999917e-03
6.959829999999999472e+02,6.589113999999999249e-01,1.421941327138359808e-02,6.901629999999999709e-01,1.414819999999999967e-02,3.125159999999999744e-02,1.421320000000000005e-03
6.994629999999999654e+02,6.967733999999999872e-01,1.462830156353088149e-02,7.258989999999999609e-01,1.456340000000000065e-02,2.912560000000000149e-02,1.376440000000000042e-03
7.029610000000000127e+02,6.808677000000000756e-01,1.454327571216677308e-02,7.120950000000000335e-01,1.447279999999999921e-02,3.122729999999999950e-02,1.430010000000000005e-03
7.064750000000000227e+02,6.291605999999999588e-01,1.402249326026224277e-02,6.591129999999999489e-01,1.395210000000000027e-02,2.995240000000000055e-02,1.403289999999999963e-03
7.100080000000000382e+02,6.037699000000000815e-01,1.379126924275282141e-02,6.332330000000000458e-01,1.372029999999999951e-02,2.946309999999999901e-02,1.397309999999999915e-03
7.135579999999999927e+02,5.753025999999999973e-01,1.356800475466087008e-02,6.073830000000000062e-01,1.348859999999999990e-02,3.208040000000000197e-02,1.465750000000000039e-03
7.171259999999999764e+02,5.635067000000000270e-01,1.344613183386210963e-02,5.930940000000000101e-01,1.337190000000000080e-02,2.958730000000000041e-02,1.410940000000000067e-03
7.207110000000000127e+02,5.499121000000000148e-01,1.342050736972712210e-02,5.847069999999999768e-01,1.333220000000000065e-02,3.479489999999999666e-02,1.537029999999999993e-03
7.243150000000000546e+02,5.529783999999999811e-01,1.343421254430642031e-02,5.833110000000000239e-01,1.335710000000000022e-02,3.033260000000000123e-02,1.437340000000000059e-03
7.279360000000000355e+02,5.483409000000000200e-01,1.342981214873834386e-02,5.794179999999999886e-01,1.335060000000000066e-02,3.107709999999999986e-02,1.456480000000000014e-03
7.315760000000000218e+02,5.474331000000000058e-01,1.348867685140392285e-02,5.797870000000000523e-01,1.340580000000000070e-02,3.235389999999999794e-02,1.492959999999999990e-03
7.352340000000000373e+02,5.482290000000000774e-01,1.354708217074437025e-02,5.800920000000000520e-01,1.346499999999999954e-02,3.186300000000000243e-02,1.489029999999999911e-03
7.389099999999999682e+02,5.480159000000000002e-01,1.357505039747919362e-02,5.792570000000000219e-01,1.349410000000000019e-02,3.124110000000000081e-02,1.480289999999999991e-03
7.426050000000000182e+02,5.440570999999999602e-01,1.356145082895263143e-02,5.751640000000000086e-01,1.348010000000000007e-02,3.110689999999999983e-02,1.483189999999999899e-03
7.463179999999999836e+02,5.486253999999999298e-01,1.367045170432930508e-02,5.803559999999999830e-01,1.358780000000000057e-02,3.173059999999999770e-02,1.500980000000000066e-03
7.500489999999999782e+02,5.144606000000000456e-01,1.330848398362863803e-02,5.455440000000000289e-01,1.322519999999999946e-02,3.108340000000000061e-02,1.486549999999999894e-03
7.537999999999999545e+02,5.199633999999999645e-01,1.342605945066905997e-02,5.524499999999999966e-01,1.333879999999999962e-02,3.248659999999999742e-02,1.528229999999999996e-03
7.575689999999999600e+02,5.337794999999999623e-01,1.360772010160408822e-02,5.638919999999999488e-01,1.352770000000000014e-02,3.011250000000000038e-02,1.473560000000000061e-03
7.613559999999999945e+02,5.862296999999999647e-01,1.426605918710559771e-02,6.164119999999999600e-01,1.418879999999999968e-02,3.018229999999999871e-02,1.482699999999999990e-03
7.651630000000000109e+02,5.850564999999999793e-01,1.433840344018817194e-02,6.181569999999999565e-01,1.425350000000000054e-02,3.310049999999999798e-02,1.558060000000000000e-03
7.689890000000000327e+02,5.919727999999999657e-01,1.443475637177503608e-02,6.233279999999999932e-01,1.435469999999999975e-02,3.135519999999999974e-02,1.518150000000000012e-03
7.728339999999999463e+02,6.062140999999999780e-01,1.466137994627040621e-02,6.382900000000000240e-01,1.458040000000000030e-02,3.207589999999999747e-02,1.538829999999999929e-03
7.766979999999999791e+02,5.994469000000000047e-01,1.462690437416270216e-02,6.304549999999999876e-01,1.454749999999999967e-02,3.100810000000000025e-02,1.522029999999999954e-03
7.805819999999999936e+02,6.262463000000000335e-01,1.498173292534611852e-02,6.572850000000000081e-01,1.490359999999999949e-02,3.103869999999999893e-02,1.528080000000000020e-03
7.844850000000000136e+02,5.738755000000000939e-01,1.443167148990372531e-02,6.067590000000000483e-01,1.434530000000000007e-02,3.288350000000000301e-02,1.576549999999999913e-03
7.884070000000000391e+02,5.558381999999999490e-01,1.423051885302851344e-02,5.868849999999999900e-01,1.414709999999999926e-02,3.104679999999999940e-02,1.538579999999999896e-03
7.923490000000000464e+02,5.533110999999999446e-01,1.426611859451967432e-02,5.844979999999999620e-01,1.418179999999999961e-02,3.118690000000000004e-02,1.548770000000000095e-03
7.963110000000000355e+02,5.258023000000000557e-01,1.399094754590981919e-02,5.584400000000000475e-01,1.390040000000000026e-02,3.263769999999999866e-02,1.589179999999999933e-03
8.002920000000000300e+02,4.966996000000000189e-01,1.367559705169759700e-02,5.290970000000000395e-01,1.358320000000000013e-02,3.239739999999999981e-02,1.587019999999999967e-03
8.042939999999999827e+02,4.933765999999999430e-01,1.366775709425654094e-02,5.249709999999999654e-01,1.357719999999999934e-02,3.159440000000000165e-02,1.570739999999999940e-03
8.083150000000000546e+02,4.705806999999999629e-01,1.344900833853559553e-02,5.040289999999999493e-01,1.335049999999999952e-02,3.344830000000000025e-02,1.624800000000000029e-03
8.123569999999999709e+02,4.479552999999999452e-01,1.319619469932525706e-02,4.810729999999999729e-01,1.309620000000000055e-02,3.311769999999999992e-02,1.621449999999999975e-03
8.164189999999999827e+02,4.363405000000000200e-01,1.302696874839269839e-02,4.661750000000000060e-01,1.293520000000000086e-02,2.983449999999999991e-02,1.543539999999999929e-03
8.205009999999999764e+02,4.417495999999999645e-01,1.317883825329076511e-02,4.739059999999999939e-01,1.308029999999999957e-02,3.215640000000000165e-02,1.608580000000000079e-03
8.246029999999999518e+02,4.575663999999999842e-01,1.350141511670535990e-02,4.935039999999999982e-01,1.339300000000000039e-02,3.593760000000000010e-02,1.707559999999999894e-03
8.287259999999999991e+02,4.249640000000000084e-01,1.311735082048200857e-02,4.612999999999999878e-01,1.300360000000000057e-02,3.633600000000000024e-02,1.723740000000000081e-03
8.328700000000000045e+02,4.348858999999999919e-01,1.323374243789337233e-02,4.670679999999999832e-01,1.313369999999999989e-02,3.218209999999999821e-02,1.624149999999999986e-03
8.370339999999999918e+02,4.302203999999999473e-01,1.319835899299984933e-02,4.620349999999999735e-01,1.309820000000000081e-02,3.181459999999999844e-02,1.622909999999999978e-03
8.412190000000000509e+02,4.218379999999999908e-01,1.315159692449551811e-02,4.551669999999999883e-01,1.304559999999999921e-02,3.332899999999999752e-02,1.666380000000000075e-03
8.454249999999999545e+02,4.303405999999999620e-01,1.327129773505590464e-02,4.614249999999999741e-01,1.317250000000000018e-02,3.108440000000000161e-02,1.616349999999999905e-03
8.496530000000000200e+02,4.025729999999999587e-01,1.292991998258689879e-02,4.360569999999999724e-01,1.282059999999999970e-02,3.348399999999999987e-02,1.677810000000000065e-03
8.539009999999999536e+02,4.249170999999999920e-01,1.330649334206424235e-02,4.575219999999999843e-01,1.320200000000000019e-02,3.260489999999999916e-02,1.664319999999999949e-03
8.581699999999999591e+02,4.218803000000000414e-01,1.333550648466341401e-02,4.548400000000000221e-01,1.322899999999999944e-02,3.295970000000000150e-02,1.682050000000000038e-03
8.624610000000000127e+02,4.159679000000000015e-01,1.330385322183389070e-02,4.490049999999999875e-01,1.319599999999999940e-02,3.303709999999999980e-02,1.690590000000000061e-03
8.667730000000000246e+02,3.981397000000000408e-01,1.308628988074542025e-02,4.313020000000000187e-01,1.297549999999999919e-02,3.316229999999999872e-02,1.699229999999999925e-03
8.711069999999999709e+02,3.970152999999999599e-01,1.310944518076947313e-02,4.303409999999999735e-01,1.299799999999999914e-02,3.332569999999999977e-02,1.705740000000000077e-03
8.754629999999999654e+02,3.880685999999999858e-01,1.301241029613268811e-02,4.209519999999999929e-01,1.290029999999999996e-02,3.288340000000000013e-02,1.704430000000000051e-03
8.798400000000000318e+02,3.735414999999999708e-01,1.284025465674259840e-02,4.067479999999999984e-01,1.272509999999999961e-02,3.320649999999999991e-02,1.715799999999999964e-03
8.842390000000000327e+02,3.852831999999999923e-01,1.307452581205146430e-02,4.176239999999999952e-01,1.296360000000000047e-02,3.234080000000000288e-02,1.699500000000000056e-03
8.886609999999999445e+02,3.609055999999999931e-01,1.268855146727158878e-02,3.916669999999999874e-01,1.257899999999999990e-02,3.076140000000000124e-02,1.663760000000000022e-03
8.931040000000000418e+02,3.498344999999999927e-01,1.258376647463310335e-02,3.820169999999999955e-01,1.246760000000000056e-02,3.218250000000000277e-02,1.705909999999999935e-03
8.975689999999999600e+02,3.551665999999999990e-01,1.264201596292695816e-02,3.841899999999999760e-01,1.253690000000000013e-02,2.902340000000000128e-02,1.626870000000000096e-03
9.020570000000000164e+02,3.595378000000000185e-01,1.280721865213520910e-02,3.904819999999999958e-01,1.269529999999999964e-02,3.094420000000000157e-02,1.689439999999999952e-03
9.065679999999999836e+02,3.618746999999999936e-01,1.287049532232928395e-02,3.912100000000000022e-01,1.276449999999999980e-02,2.933530000000000165e-02,1.648390000000000011e-03
9.111000000000000227e+02,3.500403000000000264e-01,1.280289511278210821e-02,3.841030000000000277e-01,1.267859999999999994e-02,3.406270000000000131e-02,1.779669999999999907e-03
9.156559999999999491e+02,3.304571000000000036e-01,1.249212303111044489e-02,3.632670000000000066e-01,1.236800000000000052e-02,3.280990000000000295e-02,1.756619999999999970e-03
9.202340000000000373e+02,3.454668999999999657e-01,1.279188639138106182e-02,3.780839999999999756e-01,1.267079999999999942e-02,3.261710000000000303e-02,1.755899999999999909e-03
9.248350000000000364e+02,3.305319999999999925e-01,1.262296599602882700e-02,3.652400000000000091e-01,1.249160000000000027e-02,3.470800000000000274e-02,1.816370000000000094e-03
9.294600000000000364e+02,3.429522999999999877e-01,1.282752949176496800e-02,3.751970000000000027e-01,1.270630000000000023e-02,3.224470000000000114e-02,1.759389999999999999e-03
9.341069999999999709e+02,3.110045000000000170e-01,1.237332128437631726e-02,3.452689999999999926e-01,1.223860000000000052e-02,3.426450000000000329e-02,1.820919999999999961e-03
9.387770000000000437e+02,3.130462999999999996e-01,1.241699666465687600e-02,3.458200000000000163e-01,1.228809999999999972e-02,3.277370000000000283e-02,1.784489999999999904e-03
9.434710000000000036e+02,3.055819999999999648e-01,1.237452989736984033e-02,3.393169999999999797e-01,1.224040000000000024e-02,3.373500000000000110e-02,1.817030000000000077e-03
9.481889999999999645e+02,3.127371999999999930e-01,1.249911315817646418e-02,3.445139999999999869e-01,1.237279999999999977e-02,3.177680000000000088e-02,1.772469999999999948e-03
9.529299999999999500e+02,3.137537000000000242e-01,1.253599485970299798e-02,3.437950000000000172e-01,1.241599999999999995e-02,3.004129999999999995e-02,1.730350000000000074e-03
9.576939999999999600e+02,2.880846999999999714e-01,1.217093581005585651e-02,3.210489999999999733e-01,1.203470000000000061e-02,3.296430000000000193e-02,1.815949999999999986e-03
9.624829999999999472e+02,2.690907999999999634e-01,1.184781845312038798e-02,3.012619999999999743e-01,1.171029999999999988e-02,3.217119999999999702e-02,1.799910000000000052e-03
9.672949999999999591e+02,2.841966999999999688e-01,1.216592952293001073e-02,3.165879999999999805e-01,1.202980000000000022e-02,3.239129999999999787e-02,1.814869999999999895e-03
9.721319999999999482e+02,2.947029000000000454e-01,1.241611371502371504e-02,3.279000000000000248e-01,1.227870000000000003e-02,3.319710000000000022e-02,1.842120000000000042e-03
9.769919999999999618e+02,2.689844000000000124e-01,1.197879848117080689e-02,3.015220000000000122e-01,1.183750000000000080e-02,3.253759999999999986e-02,1.834450000000000056e-03
9.818769999999999527e+02,2.743979000000000279e-01,1.208419338185631568e-02,3.059100000000000152e-01,1.194809999999999969e-02,3.151210000000000122e-02,1.808490000000000054e-03
9.867870000000000346e+02,2.707130999999999843e-01,1.207911603160181577e-02,3.031889999999999863e-01,1.193759999999999960e-02,3.247590000000000199e-02,1.843570000000000104e-03
9.917200000000000273e+02,2.625173000000000090e-01,1.204239183607641941e-02,2.977270000000000194e-01,1.188690000000000059e-02,3.520969999999999656e-02,1.928940000000000082e-03
9.966789999999999736e+02,2.749286999999999703e-01,1.223422567483941660e-02,3.061749999999999750e-01,1.209730000000000007e-02,3.124630000000000116e-02,1.825269999999999931e-03
1.001659999999999968e+03,2.844552000000000191e-01,1.247241519790373218e-02,3.155020000000000047e-01,1.233800000000000001e-02,3.104679999999999940e-02,1.826170000000000007e-03
1.006669999999999959e+03,2.658598999999999823e-01,1.219506732494741140e-02,2.993819999999999815e-01,1.204550000000000065e-02,3.352209999999999912e-02,1.904099999999999933e-03
1.011700000000000045e+03,2.752652000000000432e-01,1.241339015418431099e-02,3.077210000000000223e-01,1.227059999999999956e-02,3.245579999999999993e-02,1.877399999999999989e-03
1.016759999999999991e+03,2.900326000000000293e-01,1.273020795541455336e-02,3.219500000000000139e-01,1.259219999999999957e-02,3.191739999999999855e-02,1.869409999999999952e-03
1.021850000000000023e+03,2.979082000000000119e-01,1.288548775906057930e-02,3.275480000000000058e-01,1.275740000000000034e-02,2.963980000000000087e-02,1.812330000000000017e-03
1.026960000000000036e+03,2.961976000000000053e-01,1.303734407726128870e-02,3.316970000000000196e-01,1.288459999999999953e-02,3.549940000000000040e-02,1.989830000000000158e-03
1.032089999999999918e+03,2.872186999999999935e-01,1.279988108446324623e-02,3.180879999999999819e-01,1.266429999999999986e-02,3.086929999999999882e-02,1.858080000000000018e-03
1.037250000000000000e+03,2.820228000000000179e-01,1.276567843602916495e-02,3.139930000000000221e-01,1.262339999999999990e-02,3.197019999999999723e-02,1.900610000000000060e-03
1.042440000000000055e+03,2.597878000000000132e-01,1.235463948637919619e-02,2.912669999999999981e-01,1.220839999999999946e-02,3.147919999999999885e-02,1.895280000000000055e-03
1.047650000000000091e+03,2.568941000000000141e-01,1.234588198398154160e-02,2.887370000000000214e-01,1.219690000000000010e-02,3.184290000000000037e-02,1.912180000000000086e-03
1.052890000000000100e+03,2.683429999999999982e-01,1.260042494243745863e-02,2.998149999999999982e-01,1.245470000000000084e-02,3.147199999999999998e-02,1.910800000000000042e-03
1.058150000000000091e+03,2.437440000000000162e-01,1.215679715650466904e-02,2.752310000000000034e-01,1.200400000000000078e-02,3.148700000000000110e-02,1.921380000000000093e-03
1.063440000000000055e+03,2.691069999999999851e-01,1.272203429564627494e-02,2.998589999999999867e-01,1.257929999999999986e-02,3.075200000000000156e-02,1.900360000000000027e-03
1.068759999999999991e+03,2.621944999999999970e-01,1.265843264138179040e-02,2.942449999999999788e-01,1.250740000000000011e-02,3.205050000000000260e-02,1.949580000000000020e-03
1.074099999999999909e+03,2.515631999999999868e-01,1.244367871049393420e-02,2.824510000000000076e-01,1.229509999999999978e-02,3.088779999999999998e-02,1.917199999999999981e-03
1.079470000000000027e+03,2.565624000000000238e-01,1.254544350655248733e-02,2.849010000000000153e-01,1.240959999999999980e-02,2.833859999999999851e-02,1.841189999999999927e-03
1.084869999999999891e+03,2.375015000000000043e-01,1.231006351674921416e-02,2.701060000000000128e-01,1.214890000000000067e-02,3.260450000000000154e-02,1.985419999999999893e-03
1.090299999999999955e+03,2.570194000000000090e-01,1.268046643383436561e-02,2.867259999999999809e-01,1.253650000000000077e-02,2.970659999999999967e-02,1.905360000000000040e-03
1.095750000000000000e+03,2.761979999999999436e-01,1.320797752875132666e-02,3.075339999999999741e-01,1.306120000000000024e-02,3.133600000000000274e-02,1.963599999999999807e-03
1.101230000000000018e+03,2.850718999999999892e-01,1.343724091519163041e-02,3.167749999999999733e-01,1.328999999999999973e-02,3.170309999999999795e-02,1.983770000000000151e-03
1.106730000000000018e+03,3.593510999999999789e-01,1.495013938316630021e-02,3.910440000000000027e-01,1.481780000000000076e-02,3.169290000000000301e-02,1.984810000000000046e-03
1.112269999999999982e+03,3.834475000000000522e-01,1.544833856369027050e-02,4.143800000000000261e-01,1.532249999999999931e-02,3.093250000000000166e-02,1.967780000000000137e-03
1.117829999999999927e+03,4.407568000000000041e-01,1.652792903898125942e-02,4.707549999999999790e-01,1.641269999999999882e-02,2.999819999999999917e-02,1.948260000000000053e-03
1.123420000000000073e+03,4.968643999999999838e-01,1.756259754509281040e-02,5.298429999999999529e-01,1.744189999999999977e-02,3.297859999999999681e-02,2.055470000000000214e-03
1.129029999999999973e+03,4.976819999999999578e-01,1.754773194353333177e-02,5.273139999999999494e-01,1.743870000000000142e-02,2.963199999999999862e-02,1.953110000000000089e-03
1.134680000000000064e+03,4.740314999999999945e-01,1.725871705208993981e-02,5.054130000000000011e-01,1.713960000000000136e-02,3.138149999999999967e-02,2.024209999999999812e-03
1.140349999999999909e+03,4.726102999999999832e-01,1.728042333898102342e-02,5.024399999999999977e-01,1.716660000000000061e-02,2.982970000000000066e-02,1.980120000000000144e-03
1.146049999999999955e+03,4.844119999999999537e-01,1.765991180050455536e-02,5.191789999999999461e-01,1.752940000000000054e-02,3.476699999999999929e-02,2.143040000000000136e-03
1.151779999999999973e+03,5.195786999999999489e-01,1.823947976448067262e-02,5.520819999999999617e-01,1.812029999999999891e-02,3.250329999999999886e-02,2.081669999999999875e-03
1.157539999999999964e+03,4.950098999999999472e-01,1.795173071894740763e-02,5.299819999999999531e-01,1.782049999999999954e-02,3.497209999999999902e-02,2.166659999999999940e-03
1.163329999999999927e+03,5.334970999999999464e-01,1.857283210767814163e-02,5.654190000000000049e-01,1.845650000000000068e-02,3.192190000000000305e-02,2.075500000000000088e-03
1.169150000000000091e+03,4.617826000000000430e-01,1.743330529305615884e-02,4.940450000000000119e-01,1.730659999999999837e-02,3.226239999999999664e-02,2.098029999999999860e-03
1.174990000000000009e+03,3.938979000000000230e-01,1.631809199877240837e-02,4.276800000000000046e-01,1.617510000000000128e-02,3.378210000000000240e-02,2.155520000000000179e-03
1.180869999999999891e+03,3.480907999999999780e-01,1.552494193290267915e-02,3.820589999999999820e-01,1.537209999999999965e-02,3.396819999999999701e-02,2.173099999999999858e-03
1.186769999999999982e+03,3.368209999999999815e-01,1.530237034555104528e-02,3.688469999999999804e-01,1.515520000000000062e-02,3.202599999999999891e-02,2.117180000000000190e-03
1.192710000000000036e+03,3.517009999999999859e-01,1.575960927548967008e-02,3.857220000000000093e-01,1.560680000000000053e-02,3.402100000000000263e-02,2.189309999999999867e-03
1.198670000000000073e+03,3.746236000000000010e-01,1.623703647875744671e-02,4.060420000000000140e-01,1.609910000000000160e-02,3.141839999999999911e-02,2.111950000000000025e-03
1.204660000000000082e+03,3.535758999999999985e-01,1.586826370095039893e-02,3.860199999999999743e-01,1.572170000000000165e-02,3.244409999999999655e-02,2.151730000000000136e-03
1.210690000000000055e+03,3.585886999999999825e-01,1.603948922129379978e-02,3.917059999999999986e-01,1.588979999999999906e-02,3.311730000000000229e-02,2.186200000000000122e-03
1.216740000000000009e+03,3.731751999999999847e-01,1.636147399380630252e-02,4.051210000000000089e-01,1.621900000000000078e-02,3.194580000000000336e-02,2.154500000000000165e-03
1.222819999999999936e+03,3.699994000000000338e-01,1.646755314389177979e-02,4.054110000000000213e-01,1.630890000000000117e-02,3.541160000000000141e-02,2.280369999999999880e-03
1.228940000000000055e+03,3.446364000000000094e-01,1.610538377724976891e-02,3.826860000000000261e-01,1.592970000000000150e-02,3.804960000000000286e-02,2.372350000000000066e-03
1.235079999999999927e+03,3.981044999999999723e-01,1.709572957895918316e-02,4.308980000000000032e-01,1.695220000000000060e-02,3.279350000000000320e-02,2.210629999999999887e-03
1.241259999999999991e+03,3.686293999999999960e-01,1.656892600774413637e-02,4.019699999999999940e-01,1.641789999999999916e-02,3.334059999999999802e-02,2.232009999999999984e-03
1.247460000000000036e+03,3.691223000000000143e-01,1.666758200610094637e-02,4.025239999999999929e-01,1.651590000000000003e-02,3.340169999999999945e-02,2.243510000000000209e-03
1.253700000000000045e+03,3.722515000000000129e-01,1.681952866246851780e-02,4.069909999999999917e-01,1.666170000000000151e-02,3.473949999999999955e-02,2.298759999999999953e-03
1.259970000000000027e+03,4.002201999999999704e-01,1.743856647422889483e-02,4.345859999999999723e-01,1.728640000000000038e-02,3.436580000000000190e-02,2.298689999999999935e-03
1.266269999999999982e+03,3.939803000000000055e-01,1.737038965998172202e-02,4.265860000000000207e-01,1.722419999999999854e-02,3.260570000000000135e-02,2.248860000000000095e-03
1.272599999999999909e+03,3.855244999999999922e-01,1.732631080132467083e-02,4.207460000000000089e-01,1.716720000000000051e-02,3.522150000000000281e-02,2.342710000000000018e-03
1.278960000000000036e+03,3.694243999999999861e-01,1.703821718960055881e-02,4.043689999999999785e-01,1.687659999999999855e-02,3.494459999999999927e-02,2.341199999999999878e-03
1.285359999999999900e+03,3.856069999999999776e-01,1.740556846608578775e-02,4.188069999999999848e-01,1.725389999999999910e-02,3.320000000000000034e-02,2.292760000000000024e-03
1.291789999999999964e+03,3.802222000000000102e-01,1.751282542377442797e-02,4.183890000000000109e-01,1.733869999999999856e-02,3.816680000000000073e-02,2.463439999999999901e-03
1.298240000000000009e+03,3.770883999999999903e-01,1.742668054392746552e-02,4.122089999999999921e-01,1.726360000000000047e-02,3.512060000000000182e-02,2.378509999999999912e-03
1.304740000000000009e+03,3.629258000000000206e-01,1.721454387968499034e-02,3.981979999999999964e-01,1.704639999999999975e-02,3.527219999999999661e-02,2.400160000000000141e-03
1.311259999999999991e+03,3.363373000000000057e-01,1.674716511568748872e-02,3.736760000000000081e-01,1.656399999999999886e-02,3.733870000000000244e-02,2.470110000000000187e-03
1.317819999999999936e+03,3.374037999999999760e-01,1.676365774229777311e-02,3.705189999999999872e-01,1.659940000000000027e-02,3.311519999999999742e-02,2.340969999999999943e-03
1.324410000000000082e+03,3.627588999999999952e-01,1.745917265453606967e-02,3.989039999999999808e-01,1.728620000000000156e-02,3.614509999999999945e-02,2.451529999999999942e-03
1.331029999999999973e+03,3.754688999999999943e-01,1.767128621627752499e-02,4.069999999999999729e-01,1.752120000000000066e-02,3.153109999999999941e-02,2.298240000000000005e-03
1.337680000000000064e+03,3.880008999999999819e-01,1.810432187386205177e-02,4.232049999999999979e-01,1.793909999999999949e-02,3.520410000000000206e-02,2.440320000000000163e-03
1.344369999999999891e+03,3.533622000000000152e-01,1.747824953026188774e-02,3.906189999999999940e-01,1.729549999999999838e-02,3.725679999999999964e-02,2.520890000000000023e-03
1.351089999999999918e+03,3.284509999999999930e-01,1.695636193535924804e-02,3.650909999999999989e-01,1.676930000000000087e-02,3.663999999999999896e-02,2.511730000000000212e-03
1.357849999999999909e+03,3.751931000000000016e-01,1.814917684247965846e-02,4.154860000000000220e-01,1.795549999999999924e-02,4.029289999999999955e-02,2.644360000000000113e-03
1.364640000000000100e+03,3.682665999999999995e-01,1.802991252198412470e-02,4.064079999999999915e-01,1.784399999999999875e-02,3.814139999999999892e-02,2.582520000000000041e-03
1.371460000000000036e+03,4.202747000000000011e-01,1.931826444662149145e-02,4.633189999999999809e-01,1.912049999999999861e-02,4.304430000000000062e-02,2.757139999999999938e-03
1.378319999999999936e+03,4.098623000000000127e-01,1.908552290051545794e-02,4.493210000000000259e-01,1.890110000000000054e-02,3.945869999999999933e-02,2.646809999999999875e-03
1.385210000000000036e+03,4.419093999999999522e-01,1.989801844148306187e-02,4.812429999999999763e-01,1.972060000000000132e-02,3.933360000000000328e-02,2.651240000000000020e-03
1.392140000000000100e+03,4.374359999999999915e-01,1.983669951399173736e-02,4.763809999999999989e-01,1.965899999999999939e-02,3.894500000000000045e-02,2.649219999999999874e-03
1.399099999999999909e+03,4.502892000000000006e-01,2.011684118277270658e-02,4.869620000000000060e-01,1.995099999999999998e-02,3.667279999999999845e-02,2.577770000000000061e-03
1.406089999999999918e+03,4.868052999999999964e-01,2.083815771347361651e-02,5.214079999999999826e-01,2.068539999999999962e-02,3.460270000000000012e-02,2.518540000000000102e-03
1.413119999999999891e+03,4.955784999999999219e-01,2.108643736050260301e-02,5.298699999999999521e-01,2.093479999999999994e-02,3.429150000000000253e-02,2.524279999999999840e-03
1.420190000000000055e+03,5.343931000000000653e-01,2.200676269536253060e-02,5.713660000000000405e-01,2.184919999999999918e-02,3.697290000000000298e-02,2.628699999999999874e-03
1.427289999999999964e+03,6.008353000000000721e-01,2.344659635565255959e-02,6.425260000000000415e-01,2.327939999999999870e-02,4.169069999999999721e-02,2.795070000000000193e-03
1.434430000000000064e+03,6.371278999999999693e-01,2.417473105227853358e-02,6.794569999999999776e-01,2.400789999999999869e-02,4.232910000000000145e-02,2.835199999999999960e-03
1.441599999999999909e+03,6.494092000000000198e-01,2.443472915605163914e-02,6.913270000000000248e-01,2.427059999999999981e-02,4.191779999999999812e-02,2.827360000000000116e-03
1.448809999999999945e+03,6.745835000000000026e-01,2.496808113572206514e-02,7.154760000000000009e-01,2.481020000000000100e-02,4.089249999999999829e-02,2.803400000000000163e-03
1.456049999999999955e+03,6.979124999999999357e-01,2.531810367272596674e-02,7.321569999999999467e-01,2.518710000000000046e-02,3.424449999999999716e-02,2.572230000000000003e-03
1.463329999999999927e+03,6.840709999999999846e-01,2.525723624976414575e-02,7.214490000000000069e-01,2.511230000000000059e-02,3.737800000000000150e-02,2.701920000000000016e-03
1.470650000000000091e+03,6.516063999999999190e-01,2.476183101656458801e-02,6.873289999999999678e-01,2.461899999999999852e-02,3.572260000000000019e-02,2.655770000000000006e-03
1.478000000000000000e+03,6.377441000000000360e-01,2.466174787865612825e-02,6.742270000000000207e-01,2.451400000000000107e-02,3.648289999999999866e-02,2.695480000000000098e-03
1.485390000000000100e+03,6.125547999999999549e-01,2.433194082826316620e-02,6.507469999999999644e-01,2.417410000000000045e-02,3.819220000000000254e-02,2.766989999999999988e-03
1.492819999999999936e+03,5.941174000000000177e-01,2.405810572660491142e-02,6.328690000000000149e-01,2.389449999999999907e-02,3.875159999999999716e-02,2.800949999999999968e-03
1.500279999999999973e+03,6.172256999999999882e-01,2.457668503775274974e-02,6.552519999999999456e-01,2.441779999999999992e-02,3.802629999999999899e-02,2.790069999999999963e-03
1.507779999999999973e+03,6.373052000000000161e-01,2.507791586228010072e-02,6.759479999999999933e-01,2.491979999999999890e-02,3.864279999999999798e-02,2.811660000000000114e-03
1.515319999999999936e+03,6.176205000000000167e-01,2.481388383269535550e-02,6.557779999999999720e-01,2.465459999999999874e-02,3.815749999999999698e-02,2.807050000000000170e-03
1.522900000000000091e+03,6.175511999999999668e-01,2.491389681809130438e-02,6.573510000000000186e-01,2.474679999999999935e-02,3.979980000000000323e-02,2.880649999999999791e-03
1.530509999999999991e+03,6.057055999999999552e-01,2.464118340218261413e-02,6.408859999999999557e-01,2.449109999999999829e-02,3.518040000000000056e-02,2.715500000000000032e-03
1.538160000000000082e+03,5.736216999999999011e-01,2.424583760045422726e-02,6.119289999999999452e-01,2.407919999999999852e-02,3.830730000000000246e-02,2.837740000000000054e-03
1.545859999999999900e+03,6.484979000000000715e-01,2.580511787242988075e-02,6.879260000000000375e-01,2.564210000000000100e-02,3.942810000000000065e-02,2.896000000000000137e-03
1.553579999999999927e+03,6.262535000000000185e-01,2.549935533802570251e-02,6.675389999999999935e-01,2.532550000000000079e-02,4.128550000000000275e-02,2.972569999999999900e-03
1.561349999999999909e+03,6.283053999999999029e-01,2.552627298483662460e-02,6.653559999999999475e-01,2.536920000000000147e-02,3.705060000000000298e-02,2.827420000000000194e-03
1.569160000000000082e+03,6.380862000000000478e-01,2.577569741132138686e-02,6.747910000000000297e-01,2.562019999999999922e-02,3.670480000000000270e-02,2.827000000000000086e-03
1.577000000000000000e+03,6.193910000000000249e-01,2.564887504048667111e-02,6.591970000000000329e-01,2.547680000000000083e-02,3.980600000000000110e-02,2.966050000000000023e-03
1.584890000000000100e+03,6.139599000000000029e-01,2.560417357326730606e-02,6.510820000000000496e-01,2.544259999999999924e-02,3.712209999999999815e-02,2.871900000000000147e-03
1.592809999999999945e+03,6.040052000000000199e-01,2.543906364995378658e-02,6.390339999999999909e-01,2.528510000000000132e-02,3.502879999999999883e-02,2.794580000000000067e-03
1.600779999999999973e+03,6.122622999999999260e-01,2.570405740213984117e-02,6.498469999999999525e-01,2.553889999999999980e-02,3.758469999999999867e-02,2.909150000000000104e-03
1.608779999999999973e+03,6.378789000000000264e-01,2.620178788012184415e-02,6.696860000000000035e-01,2.606349999999999986e-02,3.180709999999999787e-02,2.688429999999999900e-03
1.616829999999999927e+03,5.861120999999999137e-01,2.528905791705376993e-02,6.183769999999999545e-01,2.514279999999999987e-02,3.226489999999999914e-02,2.715889999999999884e-03
1.624910000000000082e+03,5.859617999999999771e-01,2.542288451601037655e-02,6.221729999999999761e-01,2.525770000000000098e-02,3.621119999999999894e-02,2.893380000000000084e-03
1.633029999999999973e+03,6.084967000000000015e-01,2.602297108978142773e-02,6.453379999999999672e-01,2.585679999999999923e-02,3.684130000000000044e-02,2.936139999999999844e-03
1.641200000000000045e+03,5.693325000000000191e-01,2.529027846624073983e-02,6.027240000000000375e-01,2.513469999999999940e-02,3.339149999999999757e-02,2.800899999999999831e-03
1.649410000000000082e+03,5.542774999999999785e-01,2.515041460860834369e-02,5.931079999999999686e-01,2.496759999999999952e-02,3.883049999999999696e-02,3.026930000000000159e-03
1.657650000000000091e+03,5.375701999999999980e-01,2.483657852560211196e-02,5.716890000000000027e-01,2.467329999999999871e-02,3.411879999999999774e-02,2.843220000000000035e-03
1.665940000000000055e+03,5.535769000000000384e-01,2.528834680488426315e-02,5.897189999999999932e-01,2.511760000000000034e-02,3.614210000000000339e-02,2.933709999999999964e-03
1.674269999999999982e+03,5.373288000000000508e-01,2.508745167026934023e-02,5.744970000000000354e-01,2.490660000000000096e-02,3.716819999999999846e-02,3.006909999999999791e-03
1.682640000000000100e+03,5.545223000000000235e-01,2.548858294496773522e-02,5.899100000000000454e-01,2.532020000000000104e-02,3.538770000000000110e-02,2.924949999999999946e-03
1.691059999999999945e+03,5.576989999999999448e-01,2.568013733340419880e-02,5.941269999999999607e-01,2.550559999999999980e-02,3.642800000000000205e-02,2.988950000000000200e-03
1.699509999999999991e+03,5.531833999999999918e-01,2.561279086051342427e-02,5.860469999999999846e-01,2.545400000000000093e-02,3.286359999999999976e-02,2.847619999999999926e-03
1.708009999999999991e+03,5.652241999999999544e-01,2.608276970918732562e-02,6.021429999999999838e-01,2.590699999999999947e-02,3.691880000000000162e-02,3.022949999999999943e-03
1.716549999999999955e+03,5.669840000000000435e-01,2.609208519296416992e-02,6.016270000000000229e-01,2.592440000000000022e-02,3.464300000000000018e-02,2.953369999999999867e-03
1.725130000000000109e+03,5.555993000000000182e-01,2.603627809587230266e-02,5.927480000000000526e-01,2.585329999999999920e-02,3.714869999999999978e-02,3.081340000000000121e-03
1.733759999999999991e+03,5.405148999999999093e-01,2.567189080279051391e-02,5.730619999999999603e-01,2.551000000000000142e-02,3.254710000000000242e-02,2.878519999999999864e-03
1.742430000000000064e+03,5.312066000000000843e-01,2.554347276324031926e-02,5.646600000000000508e-01,2.537439999999999835e-02,3.345340000000000119e-02,2.934079999999999935e-03
1.751140000000000100e+03,5.529447000000000667e-01,2.605891564292152351e-02,5.845890000000000253e-01,2.590200000000000141e-02,3.164430000000000021e-02,2.855429999999999947e-03
1.759890000000000100e+03,5.011677999999999411e-01,2.507786455933598904e-02,5.350829999999999753e-01,2.490180000000000171e-02,3.391519999999999951e-02,2.966419999999999994e-03
1.768690000000000055e+03,5.296952000000000327e-01,2.580701235340697453e-02,5.637550000000000061e-01,2.563500000000000154e-02,3.405980000000000119e-02,2.974670000000000005e-03
1.777539999999999964e+03,5.304037999999999808e-01,2.585118553614901282e-02,5.618009999999999948e-01,2.569099999999999856e-02,3.139720000000000011e-02,2.873380000000000031e-03
1.786420000000000073e+03,5.376817999999999875e-01,2.606027382266924708e-02,5.659319999999999906e-01,2.591610000000000094e-02,2.825019999999999962e-02,2.737450000000000213e-03
1.795359999999999900e+03,5.007430999999999965e-01,2.542783284218495810e-02,5.350960000000000161e-01,2.524689999999999920e-02,3.435289999999999871e-02,3.027989999999999935e-03
1.804329999999999927e+03,5.071479999999999322e-01,2.568461525969193901e-02,5.429629999999999734e-01,2.549560000000000021e-02,3.581499999999999961e-02,3.110279999999999989e-03
1.813349999999999909e+03,5.167337000000000735e-01,2.600158842256372616e-02,5.521730000000000249e-01,2.581589999999999926e-02,3.543929999999999997e-02,3.101920000000000198e-03
1.822420000000000073e+03,4.707870000000000665e-01,2.513312820644497333e-02,5.097500000000000364e-01,2.492079999999999990e-02,3.896299999999999764e-02,3.260040000000000073e-03
1.831529999999999973e+03,4.786072000000000659e-01,2.541965451083078725e-02,5.175070000000000503e-01,2.520990000000000036e-02,3.889979999999999827e-02,3.258800000000000065e-03
1.840690000000000055e+03,4.941464999999999885e-01,2.583670809139585259e-02,5.312769999999999992e-01,2.563719999999999888e-02,3.713049999999999684e-02,3.204600000000000157e-03
1.849890000000000100e+03,4.353799999999999892e-01,2.431390444933927142e-02,4.682649999999999868e-01,2.412550000000000111e-02,3.288499999999999757e-02,3.020960000000000052e-03
1.859140000000000100e+03,4.648206999999999756e-01,2.510468667124925515e-02,4.980269999999999975e-01,2.491830000000000087e-02,3.320630000000000109e-02,3.053460000000000028e-03
1.868440000000000055e+03,4.762166000000000454e-01,2.567499144548250622e-02,5.149810000000000221e-01,2.546129999999999921e-02,3.876439999999999747e-02,3.305660000000000195e-03
1.877779999999999973e+03,4.578622999999999998e-01,2.533722710929710298e-02,4.971740000000000048e-01,2.511520000000000072e-02,3.931169999999999803e-02,3.346909999999999816e-03
1.887170000000000073e+03,4.618767999999999763e-01,2.535165861639825796e-02,4.944589999999999819e-01,2.516730000000000009e-02,3.258219999999999866e-02,3.051819999999999793e-03
1.896609999999999900e+03,4.647197000000000133e-01,2.547477984440493434e-02,4.971220000000000083e-01,2.528959999999999889e-02,3.240230000000000193e-02,3.066029999999999971e-03
1.906089999999999918e+03,4.884456999999999827e-01,2.609469888406455718e-02,5.208669999999999689e-01,2.591310000000000141e-02,3.242130000000000012e-02,3.073199999999999890e-03
1.915619999999999891e+03,4.722177000000000180e-01,2.585079267590260910e-02,5.060080000000000133e-01,2.566049999999999928e-02,3.379030000000000228e-02,3.130850000000000126e-03
1.925200000000000045e+03,4.911116000000000370e-01,2.646474148402738411e-02,5.259390000000000454e-01,2.627099999999999921e-02,3.482740000000000141e-02,3.196420000000000164e-03
1.934819999999999936e+03,4.762180999999999775e-01,2.614264447093293114e-02,5.094419999999999504e-01,2.595350000000000087e-02,3.322390000000000065e-02,3.139059999999999941e-03
1.944500000000000000e+03,4.178228999999999971e-01,2.477190813199499700e-02,4.533099999999999907e-01,2.455689999999999956e-02,3.548710000000000059e-02,3.256699999999999959e-03
1.954220000000000027e+03,4.437850999999999879e-01,2.553406135906311630e-02,4.780260000000000065e-01,2.533240000000000144e-02,3.424089999999999773e-02,3.202780000000000123e-03
1.963990000000000009e+03,4.476110000000000366e-01,2.569629441386636973e-02,4.843660000000000188e-01,2.547879999999999936e-02,3.675500000000000295e-02,3.336210000000000044e-03
1.973809999999999945e+03,4.653902999999999790e-01,2.621709062475087448e-02,4.978819999999999912e-01,2.602770000000000084e-02,3.249169999999999836e-02,3.145579999999999817e-03
1.983680000000000064e+03,4.663018999999999914e-01,2.643903923193125297e-02,5.027709999999999679e-01,2.622839999999999894e-02,3.646909999999999735e-02,3.330740000000000003e-03
1.993599999999999909e+03,4.367005000000000470e-01,2.559453103321293610e-02,4.721810000000000174e-01,2.538090000000000138e-02,3.548049999999999815e-02,3.299990000000000041e-03
2.003569999999999936e+03,4.391252999999999962e-01,2.570803517923725065e-02,4.711699999999999777e-01,2.551600000000000049e-02,3.204470000000000235e-02,3.136369999999999870e-03
2.013589999999999918e+03,4.379759999999999764e-01,2.587631541719184053e-02,4.737199999999999744e-01,2.566140000000000088e-02,3.574399999999999800e-02,3.328100000000000069e-03
2.023650000000000091e+03,4.528473000000000082e-01,2.623896056703466095e-02,4.859040000000000026e-01,2.604060000000000055e-02,3.305670000000000136e-02,3.220279999999999844e-03
2.033769999999999982e+03,4.460153000000000034e-01,2.610274545249215844e-02,4.762810000000000099e-01,2.591809999999999947e-02,3.026569999999999955e-02,3.099259999999999949e-03
2.043940000000000055e+03,4.100900000000000101e-01,2.536792628206925582e-02,4.436760000000000148e-01,2.515550000000000078e-02,3.358599999999999780e-02,3.276049999999999969e-03
2.054159999999999854e+03,4.284366000000000008e-01,2.608158020722862319e-02,4.657609999999999806e-01,2.585109999999999839e-02,3.732440000000000063e-02,3.459690000000000074e-03
2.064429999999999836e+03,4.245815000000000006e-01,2.595199513382545620e-02,4.614579999999999793e-01,2.572230000000000003e-02,3.687649999999999956e-02,3.445189999999999884e-03
2.074750000000000000e+03,4.118119000000000085e-01,2.555585331587462150e-02,4.452450000000000019e-01,2.534420000000000076e-02,3.343310000000000032e-02,3.282250000000000011e-03
2.085130000000000109e+03,4.092751000000000028e-01,2.567173921676519505e-02,4.420709999999999917e-01,2.546390000000000112e-02,3.279590000000000283e-02,3.260059999999999954e-03
2.095550000000000182e+03,4.328083999999999820e-01,2.627497360537018462e-02,4.633269999999999889e-01,2.608349999999999905e-02,3.051859999999999989e-02,3.166270000000000109e-03
2.106030000000000200e+03,4.562231999999999954e-01,2.704015121056093512e-02,4.879350000000000076e-01,2.684570000000000012e-02,3.171179999999999832e-02,3.236999999999999860e-03
2.116559999999999945e+03,4.289616000000000540e-01,2.662436902786806045e-02,4.662780000000000258e-01,2.638940000000000036e-02,3.731639999999999957e-02,3.529389999999999871e-03
2.127139999999999873e+03,4.170428000000000468e-01,2.628390523683457602e-02,4.545890000000000208e-01,2.604369999999999949e-02,3.754620000000000180e-02,3.545330000000000183e-03
2.137780000000000200e+03,4.056728000000000556e-01,2.617451625348785754e-02,4.445490000000000275e-01,2.592279999999999932e-02,3.887619999999999965e-02,3.621290000000000099e-03
2.148469999999999800e+03,4.046499000000000068e-01,2.603918141893865265e-02,4.388710000000000111e-01,2.581550000000000164e-02,3.422109999999999735e-02,3.405720000000000101e-03
2.159210000000000036e+03,4.296110999999999680e-01,2.671382594678082048e-02,4.620159999999999823e-01,2.650610000000000119e-02,3.240490000000000037e-02,3.324929999999999813e-03
2.170010000000000218e+03,3.766182999999999614e-01,2.528821453962497648e-02,4.101179999999999826e-01,2.505929999999999963e-02,3.349970000000000031e-02,3.394889999999999800e-03
2.180860000000000127e+03,3.788020999999999749e-01,2.559949949242172271e-02,4.169249999999999901e-01,2.533960000000000032e-02,3.812290000000000123e-02,3.638549999999999944e-03
2.191760000000000218e+03,3.966301999999999883e-01,2.613070832289281914e-02,4.332010000000000027e-01,2.588620000000000157e-02,3.657080000000000053e-02,3.566310000000000053e-03
2.202719999999999800e+03,3.777943000000000273e-01,2.549972515887965335e-02,4.085710000000000175e-01,2.528870000000000076e-02,3.077670000000000058e-02,3.273780000000000006e-03
2.213730000000000018e+03,3.923389999999999933e-01,2.614865983167206226e-02,4.245079999999999965e-01,2.593169999999999850e-02,3.216900000000000315e-02,3.361450000000000202e-03
2.224800000000000182e+03,4.082736000000000143e-01,2.672935114836310147e-02,4.431019999999999959e-01,2.649709999999999913e-02,3.482840000000000241e-02,3.515949999999999891e-03
2.235929999999999836e+03,4.192221000000000419e-01,2.723444771213288235e-02,4.575060000000000238e-01,2.698199999999999904e-02,3.828390000000000265e-02,3.699570000000000115e-03
2.247110000000000127e+03,3.924900000000000055e-01,2.660743370420379228e-02,4.330910000000000037e-01,2.633119999999999905e-02,4.060099999999999820e-02,3.824059999999999786e-03
2.258340000000000146e+03,3.548122000000000220e-01,2.554842534722052277e-02,3.952579999999999982e-01,2.525960000000000011e-02,4.044579999999999703e-02,3.830749999999999954e-03
2.269630000000000109e+03,3.546690000000000120e-01,2.541521262944695242e-02,3.898289999999999811e-01,2.516339999999999896e-02,3.515999999999999681e-02,3.568800000000000010e-03
2.280980000000000018e+03,3.886856000000000200e-01,2.644042849289889724e-02,4.216190000000000215e-01,2.621379999999999891e-02,3.293340000000000156e-02,3.454410000000000206e-03
2.292389999999999873e+03,3.676802000000000126e-01,2.599440336442442739e-02,4.044599999999999862e-01,2.573200000000000140e-02,3.677980000000000138e-02,3.684180000000000007e-03
2.303849999999999909e+03,3.642169999999999574e-01,2.617740589387917288e-02,4.081739999999999813e-01,2.586460000000000148e-02,4.395700000000000301e-02,4.034730000000000261e-03
2.315369999999999891e+03,3.601855999999999947e-01,2.589486515226716024e-02,4.001879999999999882e-01,2.560590000000000088e-02,4.000240000000000046e-02,3.857709999999999872e-03
2.326940000000000055e+03,3.666288999999999798e-01,2.625068551573653611e-02,4.064169999999999727e-01,2.596650000000000000e-02,3.978809999999999986e-02,3.852190000000000128e-03
2.338579999999999927e+03,3.555618999999999863e-01,2.583897717635897512e-02,3.884980000000000100e-01,2.559960000000000013e-02,3.293610000000000287e-02,3.509019999999999848e-03
2.350269999999999982e+03,3.486770000000000147e-01,2.564236330333068137e-02,3.809549999999999881e-01,2.540330000000000019e-02,3.227800000000000114e-02,3.493299999999999964e-03
2.362019999999999982e+03,3.723184000000000493e-01,2.649948744663564032e-02,4.056640000000000246e-01,2.625819999999999890e-02,3.334560000000000302e-02,3.567879999999999836e-03
2.373829999999999927e+03,3.834797999999999818e-01,2.699661720665202241e-02,4.178859999999999797e-01,2.675019999999999828e-02,3.440619999999999790e-02,3.639250000000000124e-03
2.385699999999999818e+03,3.885359999999999925e-01,2.708445320922133956e-02,4.210610000000000186e-01,2.685080000000000106e-02,3.252499999999999836e-02,3.549950000000000067e-03
2.397630000000000109e+03,3.242065000000000086e-01,2.512007579787330427e-02,3.573080000000000145e-01,2.486330000000000137e-02,3.310149999999999898e-02,3.582530000000000003e-03
2.409619999999999891e+03,3.730192999999999981e-01,2.691059650133382011e-02,4.093559999999999977e-01,2.664800000000000155e-02,3.633669999999999956e-02,3.750240000000000171e-03
2.421670000000000073e+03,3.527436999999999934e-01,2.621911461663227125e-02,3.859400000000000053e-01,2.597100000000000103e-02,3.319629999999999803e-02,3.598490000000000195e-03
2.433769999999999982e+03,3.619158999999999571e-01,2.651199502356622190e-02,3.931819999999999760e-01,2.628000000000000128e-02,3.126609999999999806e-02,3.499640000000000042e-03
2.445940000000000055e+03,3.338995000000000157e-01,2.588926625616299465e-02,3.693480000000000096e-01,2.561559999999999879e-02,3.544850000000000084e-02,3.754350000000000048e-03
2.458170000000000073e+03,3.278627000000000069e-01,2.565130911219932336e-02,3.597009999999999930e-01,2.540200000000000097e-02,3.183829999999999993e-02,3.567639999999999961e-03
2.470460000000000036e+03,3.838743000000000016e-01,2.738493658565599106e-02,4.105079999999999840e-01,2.718900000000000136e-02,2.663369999999999974e-02,3.270019999999999784e-03
2.482820000000000164e+03,3.796259000000000161e-01,2.739051926402455428e-02,4.091609999999999969e-01,2.717380000000000143e-02,2.953510000000000163e-02,3.438769999999999848e-03
2.495230000000000018e+03,3.523562000000000083e-01,2.688703272277549045e-02,3.890640000000000209e-01,2.660739999999999980e-02,3.670779999999999876e-02,3.867660000000000195e-03
2.507710000000000036e+03,3.729924000000000017e-01,2.753543363036979608e-02,4.057359999999999856e-01,2.729109999999999869e-02,3.274359999999999771e-02,3.660050000000000196e-03
2.520250000000000000e+03,3.112781999999999494e-01,2.546843740345292734e-02,3.458359999999999768e-01,2.518890000000000018e-02,3.455779999999999963e-02,3.763059999999999929e-03
2.532849999999999909e+03,3.166653999999999858e-01,2.581851647059722060e-02,3.521400000000000086e-01,2.553419999999999995e-02,3.547460000000000196e-02,3.821049999999999881e-03
2.545510000000000218e+03,4.035944999999999672e-01,2.876355919173425452e-02,4.365709999999999869e-01,2.852510000000000115e-02,3.297649999999999887e-02,3.696080000000000025e-03
2.558239999999999782e+03,3.663307999999999565e-01,2.776126585951188205e-02,4.023499999999999854e-01,2.748839999999999964e-02,3.601920000000000122e-02,3.882749999999999917e-03
2.571030000000000200e+03,3.389417000000000124e-01,2.676714750982069069e-02,3.734649999999999914e-01,2.649309999999999859e-02,3.452329999999999982e-02,3.820449999999999974e-03
2.583880000000000109e+03,3.605231000000000408e-01,2.762278375679033671e-02,3.952280000000000237e-01,2.735550000000000134e-02,3.470489999999999686e-02,3.833379999999999947e-03
2.596800000000000182e+03,3.686770999999999798e-01,2.789044192663321653e-02,4.006299999999999861e-01,2.764490000000000003e-02,3.195289999999999936e-02,3.692729999999999971e-03
2.609789999999999964e+03,3.476517000000000079e-01,2.731599814797365175e-02,3.806950000000000056e-01,2.705640000000000128e-02,3.304329999999999767e-02,3.756989999999999982e-03
2.622840000000000146e+03,3.162007000000000012e-01,2.646172110477509887e-02,3.546570000000000000e-01,2.614409999999999998e-02,3.845629999999999882e-02,4.087630000000000083e-03
2.635949999999999818e+03,3.280232999999999621e-01,2.669021301867971138e-02,3.615439999999999765e-01,2.641359999999999889e-02,3.352070000000000050e-02,3.832649999999999946e-03
2.649130000000000109e+03,3.744786999999999977e-01,2.845861198377215226e-02,4.114559999999999884e-01,2.817350000000000063e-02,3.697729999999999767e-02,4.018270000000000002e-03
2.662380000000000109e+03,3.543083000000000204e-01,2.799349676942128676e-02,3.935690000000000022e-01,2.768280000000000046e-02,3.926070000000000254e-02,4.159140000000000406e-03
2.675690000000000055e+03,3.688578000000000134e-01,2.848538541010986469e-02,4.018209999999999837e-01,2.822819999999999843e-02,3.296319999999999806e-02,3.819149999999999889e-03
2.689070000000000164e+03,3.280887999999999582e-01,2.690378167767683987e-02,3.594129999999999825e-01,2.664479999999999973e-02,3.132420000000000343e-02,3.723989999999999939e-03
2.702510000000000218e+03,3.294696999999999765e-01,2.712870794792114626e-02,3.621269999999999767e-01,2.685939999999999855e-02,3.265730000000000022e-02,3.813060000000000060e-03
2.716019999999999982e+03,3.457778000000000240e-01,2.769672101802666403e-02,3.770160000000000178e-01,2.744419999999999846e-02,3.123820000000000069e-02,3.731519999999999889e-03
2.729610000000000127e+03,3.505238999999999994e-01,2.793095737875986306e-02,3.812240000000000073e-01,2.768270000000000106e-02,3.070010000000000100e-02,3.715710000000000107e-03
2.743250000000000000e+03,3.255178000000000238e-01,2.718889656042701441e-02,3.589720000000000133e-01,2.690889999999999949e-02,3.345420000000000338e-02,3.891939999999999983e-03
2.756969999999999800e+03,3.457218000000000235e-01,2.801333042449790506e-02,3.781470000000000109e-01,2.774959999999999927e-02,3.242520000000000124e-02,3.834890000000000087e-03
2.770750000000000000e+03,3.515212999999999810e-01,2.836064423460087774e-02,3.847949999999999982e-01,2.809079999999999910e-02,3.327370000000000327e-02,3.902960000000000023e-03
2.784610000000000127e+03,3.437545999999999657e-01,2.789090881947735995e-02,3.730899999999999772e-01,2.764979999999999868e-02,2.933540000000000106e-02,3.659420000000000034e-03
2.798530000000000200e+03,3.605002999999999957e-01,2.850872605168459570e-02,3.863269999999999760e-01,2.830030000000000046e-02,2.582670000000000105e-02,3.441000000000000048e-03
2.812519999999999982e+03,3.993284999999999751e-01,3.016532185957245676e-02,4.291059999999999874e-01,2.993499999999999980e-02,2.977749999999999841e-02,3.720540000000000045e-03
2.826590000000000146e+03,3.879491999999999940e-01,2.982852024428298693e-02,4.179350000000000009e-01,2.959089999999999984e-02,2.998579999999999995e-02,3.757560000000000067e-03
2.840719999999999800e+03,3.734926000000000079e-01,2.950611132874679868e-02,4.066210000000000102e-01,2.924010000000000151e-02,3.312840000000000229e-02,3.953120000000000071e-03
2.854920000000000073e+03,3.777698999999999918e-01,2.976190951898248158e-02,4.102390000000000203e-01,2.950240000000000154e-02,3.246910000000000074e-02,3.921690000000000245e-03
2.869199999999999818e+03,4.030682999999999905e-01,3.067158637736398449e-02,4.338409999999999767e-01,3.043059999999999862e-02,3.077270000000000005e-02,3.837290000000000145e-03
2.883539999999999964e+03,3.878019999999999801e-01,3.028593500261135898e-02,4.208589999999999831e-01,3.002039999999999917e-02,3.305700000000000305e-02,4.001679999999999647e-03
2.897960000000000036e+03,3.859293000000000307e-01,3.008965875749341004e-02,4.160360000000000169e-01,2.984699999999999853e-02,3.010670000000000013e-02,3.813679999999999848e-03
2.912449999999999818e+03,4.094467999999999996e-01,3.104300836942353731e-02,4.395890000000000075e-01,3.080499999999999905e-02,3.014220000000000094e-02,3.836710000000000120e-03
2.927010000000000218e+03,4.369450000000000278e-01,3.217875174587261911e-02,4.709880000000000178e-01,3.191940000000000055e-02,3.404299999999999687e-02,4.077250000000000145e-03
2.941650000000000091e+03,4.477530000000000121e-01,3.269860124240790700e-02,4.831340000000000079e-01,3.243109999999999743e-02,3.538100000000000273e-02,4.173999999999999759e-03
2.956360000000000127e+03,4.389181000000000332e-01,3.252572181239948845e-02,4.723260000000000236e-01,3.227080000000000226e-02,3.340789999999999732e-02,4.064240000000000214e-03
2.971139999999999873e+03,4.386786000000000296e-01,3.295651545810024396e-02,4.783760000000000234e-01,3.265830000000000122e-02,3.969740000000000074e-02,4.423500000000000348e-03
2.985989999999999782e+03,4.486233000000000026e-01,3.286395962997155223e-02,4.809800000000000186e-01,3.262029999999999791e-02,3.235670000000000213e-02,3.994479999999999906e-03
3.000920000000000073e+03,4.902760999999999370e-01,3.457453590162130191e-02,5.275459999999999594e-01,3.430450000000000166e-02,3.726990000000000164e-02,4.312749999999999743e-03
3.015929999999999836e+03,5.081778000000000128e-01,3.503886265113210358e-02,5.388990000000000169e-01,3.481680000000000191e-02,3.072120000000000059e-02,3.938569999999999745e-03
3.031010000000000218e+03,4.676770000000000094e-01,3.375337984451927398e-02,4.979700000000000237e-01,3.352360000000000062e-02,3.029300000000000048e-02,3.931780000000000171e-03
3.046159999999999854e+03,4.457886999999999822e-01,3.323788667454054269e-02,4.779329999999999967e-01,3.298949999999999799e-02,3.214430000000000065e-02,4.055859999999999674e-03
3.061389999999999873e+03,4.758378999999999803e-01,3.408145048340666117e-02,5.039219999999999811e-01,3.386879999999999752e-02,2.808410000000000073e-02,3.801269999999999823e-03
3.076699999999999818e+03,4.793872000000000133e-01,3.433127906753402625e-02,5.076720000000000121e-01,3.411979999999999874e-02,2.828479999999999883e-02,3.804730000000000091e-03
3.092079999999999927e+03,4.779033999999999782e-01,3.453218698536772435e-02,5.066439999999999833e-01,3.431630000000000097e-02,2.874060000000000156e-02,3.855320000000000188e-03
3.107539999999999964e+03,4.863825999999999983e-01,3.540962316173951879e-02,5.262959999999999861e-01,3.511489999999999750e-02,3.991340000000000166e-02,4.559080000000000077e-03
3.123079999999999927e+03,5.479576000000000446e-01,3.722315286883151608e-02,5.840060000000000251e-01,3.696870000000000017e-02,3.604840000000000128e-02,4.344920000000000379e-03
3.138699999999999818e+03,5.073784000000000072e-01,3.600820611905569679e-02,5.417410000000000281e-01,3.575779999999999931e-02,3.436260000000000009e-02,4.239180000000000378e-03
3.154389999999999873e+03,5.141335999999999684e-01,3.645502752401786478e-02,5.524270000000000014e-01,3.617719999999999964e-02,3.829339999999999827e-02,4.492130000000000428e-03
3.170159999999999854e+03,5.407213000000000713e-01,3.731425207732295274e-02,5.762500000000000400e-01,3.705950000000000216e-02,3.552870000000000333e-02,4.352800000000000419e-03
3.186010000000000218e+03,4.745063000000000475e-01,3.520985038642453213e-02,5.103210000000000246e-01,3.493489999999999790e-02,3.581469999999999793e-02,4.391619999999999725e-03
3.201940000000000055e+03,5.073315999999999937e-01,3.663803757506807479e-02,5.458669999999999911e-01,3.635379999999999862e-02,3.853539999999999743e-02,4.554889999999999807e-03
3.217949999999999818e+03,5.161854999999999638e-01,3.707238884910979415e-02,5.569129999999999914e-01,3.677079999999999932e-02,4.072749999999999981e-02,4.719140000000000140e-03
3.234039999999999964e+03,5.280121999999999316e-01,3.737195031375938753e-02,5.649509999999999810e-01,3.709910000000000291e-02,3.693880000000000080e-02,4.507709999999999842e-03
3.250210000000000036e+03,5.562721000000000471e-01,3.833262347286577054e-02,5.905000000000000249e-01,3.808729999999999755e-02,3.422789999999999860e-02,4.329849999999999671e-03
3.266469999999999800e+03,5.864837000000000522e-01,3.960925801807072683e-02,6.241900000000000226e-01,3.934730000000000172e-02,3.770629999999999815e-02,4.547889999999999745e-03
3.282800000000000182e+03,5.587453000000000003e-01,3.875599465216832823e-02,5.970900000000000096e-01,3.848010000000000319e-02,3.834470000000000239e-02,4.616170000000000169e-03
3.299210000000000036e+03,5.371780999999999917e-01,3.807607886275187620e-02,5.699290000000000189e-01,3.783399999999999958e-02,3.275089999999999946e-02,4.286749999999999762e-03
3.315710000000000036e+03,5.384252999999999956e-01,3.826767217525126746e-02,5.746299999999999741e-01,3.799929999999999974e-02,3.620469999999999938e-02,4.524150000000000220e-03
3.332289999999999964e+03,5.428280000000000882e-01,3.854691428648990975e-02,5.798680000000000501e-01,3.827259999999999690e-02,3.703999999999999654e-02,4.590499999999999962e-03
3.348949999999999818e+03,4.851244000000000112e-01,3.643775749067030417e-02,5.186910000000000132e-01,3.617480000000000001e-02,3.356660000000000199e-02,4.369669999999999978e-03
3.365690000000000055e+03,4.858573999999999948e-01,3.650974190995603247e-02,5.166180000000000216e-01,3.626660000000000300e-02,3.076059999999999905e-02,4.206539999999999932e-03
3.382519999999999982e+03,4.642797999999999647e-01,3.609761114117664149e-02,4.988969999999999794e-01,3.581970000000000293e-02,3.461720000000000075e-02,4.470639999999999684e-03
3.399429999999999836e+03,4.666169999999999485e-01,3.635591271428074284e-02,5.020869999999999500e-01,3.607230000000000159e-02,3.547000000000000153e-02,4.532279999999999642e-03
3.416429999999999836e+03,4.987304999999999655e-01,3.751079741696249081e-02,5.307159999999999656e-01,3.726109999999999839e-02,3.198550000000000004e-02,4.320919999999999796e-03
3.433510000000000218e+03,4.653584000000000054e-01,3.654840415695327638e-02,4.990930000000000089e-01,3.627489999999999881e-02,3.373459999999999653e-02,4.462899999999999680e-03
3.450679999999999836e+03,4.792601000000000222e-01,3.701002197093241491e-02,5.143710000000000226e-01,3.672960000000000114e-02,3.511090000000000044e-02,4.547329999999999602e-03
3.467929999999999836e+03,4.819092999999999294e-01,3.698592556657735037e-02,5.118819999999999482e-01,3.674530000000000157e-02,2.997270000000000142e-02,4.212079999999999991e-03
3.485269999999999982e+03,4.931795999999999403e-01,3.771696827151407860e-02,5.248819999999999597e-01,3.746569999999999762e-02,3.170239999999999864e-02,4.346380000000000382e-03
3.502699999999999818e+03,4.728823000000000332e-01,3.706734950834899428e-02,5.058150000000000146e-01,3.679930000000000007e-02,3.293270000000000225e-02,4.449709999999999950e-03
3.520210000000000036e+03,4.095865000000000200e-01,3.465268048232344328e-02,4.397170000000000245e-01,3.438940000000000052e-02,3.013050000000000103e-02,4.263499999999999929e-03
3.537809999999999945e+03,4.426227999999999829e-01,3.641075496456507021e-02,4.788660000000000139e-01,3.610700000000000021e-02,3.624320000000000319e-02,4.693359999999999720e-03
3.555500000000000000e+03,4.512758000000000047e-01,3.700791537125672909e-02,4.913859999999999895e-01,3.667669999999999958e-02,4.011019999999999863e-02,4.940189999999999686e-03
3.573280000000000200e+03,4.521174000000000026e-01,3.696140292146524869e-02,4.872909999999999742e-01,3.666649999999999771e-02,3.517359999999999931e-02,4.659729999999999948e-03
3.591150000000000091e+03,4.455110999999999932e-01,3.683917981280799420e-02,4.813049999999999828e-01,3.653399999999999703e-02,3.579389999999999655e-02,4.732019999999999976e-03
3.609099999999999909e+03,4.177709000000000006e-01,3.555515874399803322e-02,4.495709999999999984e-01,3.527210000000000067e-02,3.180009999999999781e-02,4.477530000000000399e-03
3.627150000000000091e+03,4.487212999999999896e-01,3.672776783006149320e-02,4.789660000000000029e-01,3.646789999999999754e-02,3.024469999999999936e-02,4.361330000000000068e-03
3.645280000000000200e+03,4.565210999999999575e-01,3.744849010300548703e-02,4.917039999999999744e-01,3.714989999999999959e-02,3.518290000000000306e-02,4.719570000000000189e-03
3.663510000000000218e+03,4.936260999999999566e-01,3.895274141377472188e-02,5.280749999999999611e-01,3.867000000000000298e-02,3.444889999999999758e-02,4.684780000000000368e-03
3.681829999999999927e+03,4.413868999999999709e-01,3.725747994161709292e-02,4.780249999999999777e-01,3.694420000000000343e-02,3.663809999999999983e-02,4.821399999999999991e-03
3.700239999999999782e+03,4.467202000000000117e-01,3.747705588914902741e-02,4.810119999999999951e-01,3.717999999999999777e-02,3.429179999999999728e-02,4.709279999999999716e-03
3.718739999999999782e+03,4.700664999999999427e-01,3.852836488228510853e-02,5.057049999999999601e-01,3.822600000000000303e-02,3.563849999999999657e-02,4.817450000000000031e-03
3.737329999999999927e+03,4.121941000000000077e-01,3.637574094277806064e-02,4.451390000000000069e-01,3.608120000000000077e-02,3.294489999999999919e-02,4.619690000000000081e-03
3.756019999999999982e+03,3.442865999999999982e-01,3.337230117732518236e-02,3.739049999999999874e-01,3.307790000000000036e-02,2.961839999999999959e-02,4.423009999999999789e-03
3.774800000000000182e+03,4.377105000000000024e-01,3.772020568481036090e-02,4.751699999999999813e-01,3.739139999999999825e-02,3.745949999999999974e-02,4.969620000000000114e-03
3.793670000000000073e+03,4.010514000000000023e-01,3.611387601272535858e-02,4.327759999999999940e-01,3.582239999999999730e-02,3.172459999999999863e-02,4.579050000000000308e-03
3.812639999999999873e+03,3.963610000000000189e-01,3.599267664370628395e-02,4.302000000000000268e-01,3.567970000000000169e-02,3.383900000000000102e-02,4.736220000000000187e-03
3.831699999999999818e+03,4.437997000000000192e-01,3.796787875045957994e-02,4.751090000000000035e-01,3.769139999999999990e-02,3.130929999999999824e-02,4.573640000000000344e-03
3.850860000000000127e+03,3.967370000000000063e-01,3.602677344352252925e-02,4.272310000000000274e-01,3.573969999999999925e-02,3.049400000000000027e-02,4.538969999999999810e-03
3.870119999999999891e+03,3.768992999999999927e-01,3.532972746412856718e-02,4.085119999999999862e-01,3.502220000000000333e-02,3.161270000000000052e-02,4.651360000000000217e-03
3.889469999999999800e+03,3.578829000000000038e-01,3.499935460175801483e-02,3.931879999999999820e-01,3.465130000000000293e-02,3.530509999999999898e-02,4.923639999999999961e-03
3.908920000000000073e+03,3.714019000000000070e-01,3.589685518419266641e-02,4.100730000000000208e-01,3.552469999999999933e-02,3.867109999999999992e-02,5.155569999999999944e-03
3.928460000000000036e+03,3.655053000000000329e-01,3.560627272732853899e-02,4.041040000000000187e-01,3.523380000000000262e-02,3.859869999999999968e-02,5.136729999999999942e-03
3.948099999999999909e+03,3.740044999999999620e-01,3.612464005678811541e-02,4.132069999999999910e-01,3.574490000000000306e-02,3.920250000000000123e-02,5.224150000000000321e-03
3.967840000000000146e+03,3.892584000000000044e-01,3.636360898480787279e-02,4.220849999999999880e-01,3.604679999999999690e-02,3.282659999999999745e-02,4.789599999999999760e-03
3.987679999999999836e+03,3.935491999999999879e-01,3.669215520358676957e-02,4.243709999999999982e-01,3.639939999999999842e-02,3.082179999999999989e-02,4.625790000000000284e-03
4.007619999999999891e+03,3.822400999999999716e-01,3.636137074967884381e-02,4.132879999999999887e-01,3.605980000000000296e-02,3.104789999999999980e-02,4.673339999999999786e-03
4.027659999999999854e+03,3.783774000000000304e-01,3.615261390854055540e-02,4.092580000000000107e-01,3.585010000000000280e-02,3.088060000000000110e-02,4.667100000000000415e-03
4.047800000000000182e+03,3.935349999999999682e-01,3.716574645449893105e-02,4.239649999999999808e-01,3.687200000000000200e-02,3.042999999999999872e-02,4.663510000000000051e-03
4.068039999999999964e+03,4.192928000000000210e-01,3.867423352119082891e-02,4.573510000000000075e-01,3.831480000000000302e-02,3.805820000000000036e-02,5.260459999999999789e-03
4.088380000000000109e+03,3.666841000000000128e-01,3.656690064785912686e-02,4.045320000000000027e-01,3.618899999999999895e-02,3.784789999999999682e-02,5.243519999999999778e-03
4.108819999999999709e+03,3.679470999999999714e-01,3.672176256489467772e-02,4.069039999999999879e-01,3.633410000000000112e-02,3.895690000000000264e-02,5.321750000000000091e-03
4.129359999999999673e+03,3.710023000000000071e-01,3.661389295991891724e-02,4.044760000000000022e-01,3.627720000000000250e-02,3.347370000000000206e-02,4.953980000000000189e-03
4.150010000000000218e+03,3.857696000000000458e-01,3.787215794647171008e-02,4.259820000000000273e-01,3.747639999999999999e-02,4.021240000000000231e-02,5.460750000000000326e-03
4.170760000000000218e+03,4.224345999999999934e-01,3.953319621779777249e-02,4.644249999999999767e-01,3.913889999999999730e-02,4.199039999999999717e-02,5.569570000000000250e-03
4.191609999999999673e+03,4.203304999999999958e-01,3.896564286396927285e-02,4.514859999999999984e-01,3.866809999999999692e-02,3.115549999999999917e-02,4.806180000000000174e-03
4.212569999999999709e+03,4.067932000000000214e-01,3.827274045184248658e-02,4.344580000000000108e-01,3.800230000000000274e-02,2.766479999999999981e-02,4.541790000000000410e-03
4.233630000000000109e+03,4.123660000000000103e-01,3.911045579438956338e-02,4.489250000000000185e-01,3.875920000000000060e-02,3.655900000000000122e-02,5.229929999999999822e-03
4.254800000000000182e+03,4.016391999999999740e-01,3.916518386986074518e-02,4.436359999999999748e-01,3.875599999999999878e-02,4.199680000000000080e-02,5.646599999999999883e-03
4.276079999999999927e+03,3.687399000000000093e-01,3.730834760846961362e-02,4.017000000000000015e-01,3.697170000000000317e-02,3.296009999999999912e-02,5.000619999999999891e-03
4.297460000000000036e+03,3.925791000000000142e-01,3.808892210183952715e-02,4.181610000000000049e-01,3.783079999999999776e-02,2.558190000000000117e-02,4.426799999999999832e-03
4.318939999999999600e+03,3.889631000000000061e-01,3.824036531762739499e-02,4.184120000000000061e-01,3.794259999999999994e-02,2.944890000000000008e-02,4.762839999999999956e-03
4.340539999999999964e+03,3.259022999999999781e-01,3.535335633377544029e-02,3.563769999999999993e-01,3.501649999999999902e-02,3.047470000000000040e-02,4.868729999999999933e-03
4.362239999999999782e+03,3.845017000000000018e-01,3.843185327508420041e-02,4.165989999999999971e-01,3.810129999999999767e-02,3.209730000000000222e-02,5.029740000000000426e-03
4.384050000000000182e+03,4.025422999999999640e-01,3.944907039442247659e-02,4.348509999999999875e-01,3.912439999999999668e-02,3.230870000000000269e-02,5.050790000000000314e-03
4.405970000000000255e+03,4.703699999999999548e-01,4.243072225429234817e-02,5.026319999999999677e-01,4.212540000000000034e-02,3.226199999999999901e-02,5.081030000000000268e-03
4.428000000000000000e+03,4.253374999999999795e-01,4.100717993793891181e-02,4.674289999999999834e-01,4.059519999999999795e-02,4.209149999999999697e-02,5.798150000000000179e-03
4.450140000000000327e+03,3.968021999999999938e-01,3.966364786633851808e-02,4.370800000000000241e-01,3.925420000000000298e-02,4.027780000000000249e-02,5.684429999999999865e-03
4.472390000000000327e+03,3.856312000000000073e-01,3.944130413510815725e-02,4.206779999999999964e-01,3.907990000000000075e-02,3.504680000000000295e-02,5.327089999999999603e-03
4.494750000000000000e+03,4.357481000000000271e-01,4.179856063717505427e-02,4.716640000000000277e-01,4.145059999999999717e-02,3.591590000000000060e-02,5.382139999999999667e-03
4.517229999999999563e+03,4.220213999999999910e-01,4.097232932663214672e-02,4.548989999999999978e-01,4.064410000000000245e-02,3.287759999999999988e-02,5.175800000000000366e-03
4.539810000000000400e+03,4.100048000000000026e-01,4.093820333258410549e-02,4.475979999999999959e-01,4.055809999999999971e-02,3.759320000000000023e-02,5.565699999999999814e-03
4.562510000000000218e+03,3.996160000000000267e-01,4.069685560634383331e-02,4.386510000000000131e-01,4.030029999999999724e-02,3.903500000000000025e-02,5.667440000000000151e-03
4.585329999999999927e+03,4.065310000000000312e-01,4.081443840541727069e-02,4.439790000000000125e-01,4.043370000000000297e-02,3.744800000000000212e-02,5.561860000000000068e-03
4.608250000000000000e+03,3.821679000000000048e-01,4.008467383999026606e-02,4.246710000000000207e-01,3.963989999999999875e-02,4.250310000000000199e-02,5.954779999999999796e-03
4.631289999999999964e+03,3.755254000000000092e-01,4.005235154794284380e-02,4.205320000000000169e-01,3.958439999999999875e-02,4.500660000000000077e-02,6.104599999999999957e-03
4.654449999999999818e+03,3.632702000000000431e-01,3.913772066513965947e-02,3.998030000000000195e-01,3.874679999999999791e-02,3.653279999999999722e-02,5.517850000000000359e-03
4.677720000000000255e+03,3.780516999999999905e-01,3.958226973819085892e-02,4.076799999999999868e-01,3.926489999999999841e-02,2.962829999999999978e-02,5.002369999999999907e-03
4.701109999999999673e+03,3.447233000000000103e-01,3.791684726449312537e-02,3.760149999999999881e-01,3.756330000000000086e-02,3.129169999999999868e-02,5.165829999999999728e-03
4.724619999999999891e+03,4.199199000000000126e-01,4.148644812801404597e-02,4.448670000000000124e-01,4.122959999999999819e-02,2.494709999999999983e-02,4.609280000000000321e-03
4.748239999999999782e+03,4.384936999999999863e-01,4.275845688718898918e-02,4.713109999999999800e-01,4.242569999999999675e-02,3.281730000000000064e-02,5.324060000000000251e-03
4.771979999999999563e+03,4.099388000000000476e-01,4.188362523366858520e-02,4.451510000000000189e-01,4.151610000000000023e-02,3.521219999999999906e-02,5.536379999999999600e-03
4.795840000000000146e+03,4.011494999999999922e-01,4.148199110472519657e-02,4.372800000000000020e-01,4.110029999999999933e-02,3.613050000000000289e-02,5.614349999999999723e-03
4.819819999999999709e+03,4.033178000000000041e-01,4.144549551109746183e-02,4.351800000000000113e-01,4.110489999999999977e-02,3.186220000000000024e-02,5.302480000000000041e-03
4.843920000000000073e+03,3.873327999999999771e-01,4.091655923999597960e-02,4.214999999999999858e-01,4.054420000000000246e-02,3.416720000000000174e-02,5.507510000000000183e-03
4.868140000000000327e+03,4.093478000000000394e-01,4.222318435492993655e-02,4.454350000000000254e-01,4.184460000000000263e-02,3.608719999999999983e-02,5.641519999999999695e-03
4.892479999999999563e+03,4.307779000000000469e-01,4.333028382035363640e-02,4.656910000000000216e-01,4.297290000000000137e-02,3.491310000000000247e-02,5.553680000000000075e-03
4.916939999999999600e+03,4.156229999999999647e-01,4.281838401097010083e-02,4.519239999999999924e-01,4.243870000000000281e-02,3.630099999999999993e-02,5.689529999999999935e-03
4.941529999999999745e+03,4.002050999999999803e-01,4.202397806577097550e-02,4.357779999999999987e-01,4.164299999999999946e-02,3.557289999999999758e-02,5.645820000000000179e-03
4.966229999999999563e+03,4.013594999999999802e-01,4.224254422619570098e-02,4.376639999999999975e-01,4.185649999999999787e-02,3.630450000000000343e-02,5.697889999999999726e-03
4.991069999999999709e+03,4.075963999999999698e-01,4.263033358418509555e-02,4.429699999999999749e-01,4.225229999999999958e-02,3.537359999999999810e-02,5.664670000000000122e-03
5.016020000000000437e+03,4.249764999999999793e-01,4.353828495003449206e-02,4.585299999999999931e-01,4.318559999999999760e-02,3.355349999999999999e-02,5.530479999999999945e-03
5.041100000000000364e+03,4.311754000000000420e-01,4.375693531453156426e-02,4.636700000000000266e-01,4.341939999999999689e-02,3.249459999999999849e-02,5.424489999999999694e-03
5.066310000000000400e+03,4.170504999999999907e-01,4.326368059530418669e-02,4.491709999999999869e-01,4.292050000000000032e-02,3.212050000000000322e-02,5.438450000000000055e-03
5.091640000000000327e+03,3.712020999999999793e-01,4.144242010871952014e-02,4.077189999999999981e-01,4.103310000000000290e-02,3.651689999999999797e-02,5.810240000000000370e-03
5.117100000000000364e+03,3.857688999999999702e-01,4.231294669430267497e-02,4.229580000000000006e-01,4.190289999999999987e-02,3.718910000000000271e-02,5.876430000000000195e-03
5.142680000000000291e+03,4.227914999999999868e-01,4.426980108453616725e-02,4.611149999999999971e-01,4.386559999999999765e-02,3.832350000000000340e-02,5.968620000000000002e-03
5.168399999999999636e+03,4.092914000000000274e-01,4.384195701590429955e-02,4.486640000000000073e-01,4.341890000000000333e-02,3.937260000000000065e-02,6.075879999999999649e-03
5.194239999999999782e+03,3.705669999999999797e-01,4.152027441829955062e-02,4.035090000000000066e-01,4.114469999999999933e-02,3.294199999999999906e-02,5.571969999999999874e-03
5.220210000000000036e+03,3.799218000000000317e-01,4.235585760133891986e-02,4.150320000000000120e-01,4.196060000000000068e-02,3.511020000000000113e-02,5.772929999999999902e-03
5.246310000000000400e+03,3.523703999999999725e-01,4.156088749507281382e-02,3.917129999999999779e-01,4.110489999999999977e-02,3.934259999999999841e-02,6.139590000000000325e-03
5.272539999999999964e+03,3.646268000000000287e-01,4.172487406487885436e-02,3.953990000000000005e-01,4.136870000000000130e-02,3.077219999999999955e-02,5.440200000000000070e-03
5.298899999999999636e+03,3.599767999999999857e-01,4.165483381583582473e-02,3.942430000000000101e-01,4.125340000000000257e-02,3.426619999999999666e-02,5.769070000000000274e-03
5.325399999999999636e+03,3.528351000000000126e-01,4.144878258748861677e-02,3.890250000000000097e-01,4.101819999999999772e-02,3.618989999999999707e-02,5.958930000000000303e-03
5.352029999999999745e+03,3.593001999999999585e-01,4.175793936944805634e-02,3.936629999999999852e-01,4.135540000000000049e-02,3.436279999999999890e-02,5.784150000000000055e-03
5.378789999999999964e+03,3.552506999999999748e-01,4.162426042974937818e-02,3.890129999999999977e-01,4.122789999999999788e-02,3.376230000000000203e-02,5.730559999999999994e-03
5.405680000000000291e+03,3.913147000000000153e-01,4.383478847386969995e-02,4.283790000000000098e-01,4.342059999999999670e-02,3.706430000000000141e-02,6.011670000000000208e-03
5.432710000000000036e+03,4.079801999999999595e-01,4.457019708521491735e-02,4.418849999999999723e-01,4.419610000000000205e-02,3.390479999999999883e-02,5.762569999999999845e-03
5.459869999999999891e+03,3.965638999999999692e-01,4.424518587417618221e-02,4.344729999999999981e-01,4.381960000000000022e-02,3.790910000000000113e-02,6.122019999999999719e-03
5.487170000000000073e+03,3.685752999999999946e-01,4.305994036191411467e-02,4.089519999999999822e-01,4.259050000000000336e-02,4.037670000000000148e-02,6.340959999999999652e-03
5.514609999999999673e+03,3.826118000000000019e-01,4.356935195171601771e-02,4.178839999999999777e-01,4.315730000000000260e-02,3.527219999999999661e-02,5.977950000000000104e-03
5.542180000000000291e+03,3.620730999999999811e-01,4.297896089923650131e-02,4.012499999999999956e-01,4.251270000000000049e-02,3.917690000000000061e-02,6.313590000000000001e-03
5.569890000000000327e+03,3.309656000000000264e-01,4.180440801590665223e-02,3.743230000000000168e-01,4.127580000000000138e-02,4.335739999999999733e-02,6.626980000000000197e-03
5.597739999999999782e+03,3.413265999999999800e-01,4.184295368060075154e-02,3.772719999999999962e-01,4.140859999999999680e-02,3.594540000000000235e-02,6.013369999999999653e-03
5.625729999999999563e+03,4.000456999999999486e-01,4.491766681462985161e-02,4.383099999999999774e-01,4.448590000000000183e-02,3.826430000000000109e-02,6.213009999999999713e-03
5.653859999999999673e+03,3.696438999999999697e-01,4.357099866928574455e-02,4.091739999999999822e-01,4.310049999999999992e-02,3.953009999999999857e-02,6.385830000000000325e-03
5.682130000000000109e+03,4.067999999999999949e-01,4.584524548264082983e-02,4.461760000000000170e-01,4.540319999999999773e-02,3.937600000000000128e-02,6.351060000000000386e-03
5.710539999999999964e+03,4.118853000000000097e-01,4.591539665334603421e-02,4.447499999999999787e-01,4.554470000000000046e-02,3.286469999999999669e-02,5.822710000000000038e-03
5.739090000000000146e+03,4.079235999999999973e-01,4.575376530000672959e-02,4.397320000000000118e-01,4.538899999999999879e-02,3.180840000000000056e-02,5.765909999999999959e-03
5.767789999999999964e+03,3.870071999999999957e-01,4.489285625066086194e-02,4.228660000000000196e-01,4.446920000000000039e-02,3.585880000000000317e-02,6.152949999999999912e-03
5.796619999999999891e+03,3.511501000000000206e-01,4.315509539852854792e-02,3.895790000000000086e-01,4.268219999999999653e-02,3.842890000000000195e-02,6.371189999999999666e-03
5.825609999999999673e+03,3.618358999999999881e-01,4.429139478770114519e-02,4.087520000000000042e-01,4.372700000000000198e-02,4.691610000000000225e-02,7.048200000000000125e-03
5.854739999999999782e+03,4.183831000000000078e-01,4.739114646109440082e-02,4.641540000000000110e-01,4.687700000000000200e-02,4.577090000000000325e-02,6.961870000000000211e-03
5.884010000000000218e+03,4.602082999999999591e-01,4.931561858184585478e-02,5.027589999999999559e-01,4.885389999999999872e-02,4.255069999999999686e-02,6.732509999999999710e-03
5.913430000000000291e+03,4.774809000000000414e-01,4.977751702942202761e-02,5.117150000000000309e-01,4.940739999999999715e-02,3.423410000000000342e-02,6.058879999999999995e-03
5.943000000000000000e+03,4.766298999999999952e-01,4.941157978826522107e-02,5.033710000000000129e-01,4.912419999999999981e-02,2.674110000000000029e-02,5.321389999999999627e-03
5.972710000000000036e+03,4.333668999999999993e-01,4.785816504072842176e-02,4.688169999999999837e-01,4.746100000000000319e-02,3.545009999999999828e-02,6.152839999999999698e-03
6.002569999999999709e+03,3.812417000000000167e-01,4.562073886444738269e-02,4.207230000000000136e-01,4.515269999999999700e-02,3.948129999999999695e-02,6.518089999999999822e-03
6.032590000000000146e+03,4.105444000000000315e-01,4.734678517340327325e-02,4.549420000000000130e-01,4.683960000000000207e-02,4.439760000000000234e-02,6.911579999999999634e-03
6.062750000000000000e+03,4.359024999999999705e-01,4.871034172658717659e-02,4.792799999999999838e-01,4.822599999999999804e-02,4.337749999999999939e-02,6.852030000000000273e-03
6.093060000000000400e+03,4.529613999999999585e-01,4.942737323452359860e-02,4.917639999999999789e-01,4.899219999999999964e-02,3.880259999999999959e-02,6.544430000000000386e-03
6.123529999999999745e+03,4.141888999999999710e-01,4.759880331115058649e-02,4.534739999999999882e-01,4.713309999999999722e-02,3.928510000000000335e-02,6.642059999999999978e-03
6.154149999999999636e+03,3.802147999999999639e-01,4.651458731437805444e-02,4.278899999999999926e-01,4.594129999999999742e-02,4.767520000000000091e-02,7.280370000000000417e-03
6.184920000000000073e+03,4.036463000000000134e-01,4.816433816481235225e-02,4.515540000000000109e-01,4.760439999999999811e-02,4.790769999999999751e-02,7.322880000000000361e-03
6.215840000000000146e+03,4.393800999999999957e-01,4.939480058314234950e-02,4.776690000000000103e-01,4.895970000000000183e-02,3.828890000000000071e-02,6.541720000000000000e-03
6.246920000000000073e+03,4.434530999999999890e-01,4.943902506779538492e-02,4.780570000000000097e-01,4.904590000000000338e-02,3.460389999999999994e-02,6.222290000000000113e-03
6.278159999999999854e+03,4.242601000000000289e-01,4.859304013408195788e-02,4.593320000000000181e-01,4.818209999999999854e-02,3.507190000000000307e-02,6.306250000000000223e-03
6.309550000000000182e+03,3.718099000000000265e-01,4.599083726874299977e-02,4.096980000000000066e-01,4.551680000000000309e-02,3.788810000000000094e-02,6.586200000000000387e-03
6.341090000000000146e+03,3.877537000000000345e-01,4.749085274418222286e-02,4.311400000000000232e-01,4.696920000000000261e-02,4.338630000000000264e-02,7.019639999999999734e-03
6.372800000000000182e+03,3.694489999999999719e-01,4.624632525901382907e-02,4.073229999999999906e-01,4.577520000000000200e-02,3.787399999999999795e-02,6.584350000000000099e-03
6.404659999999999854e+03,3.889822000000000002e-01,4.735858854797511674e-02,4.268540000000000112e-01,4.689490000000000325e-02,3.787179999999999713e-02,6.610920000000000164e-03
6.436689999999999600e+03,4.158931000000000155e-01,4.904749210674181487e-02,4.566620000000000124e-01,4.856320000000000081e-02,4.076889999999999681e-02,6.875469999999999846e-03
6.468869999999999891e+03,4.268861999999999934e-01,4.979201176674828699e-02,4.683640000000000025e-01,4.930729999999999835e-02,4.147780000000000217e-02,6.930699999999999708e-03
6.501220000000000255e+03,3.469666000000000139e-01,4.531790454831290810e-02,3.867229999999999834e-01,4.480760000000000298e-02,3.975639999999999730e-02,6.781699999999999881e-03
6.533720000000000255e+03,3.402370000000000116e-01,4.517289229237374942e-02,3.793549999999999978e-01,4.466069999999999762e-02,3.911799999999999999e-02,6.783220000000000395e-03
6.566390000000000327e+03,3.915222999999999898e-01,4.825520644963504635e-02,4.328130000000000033e-01,4.775000000000000078e-02,4.129069999999999963e-02,6.964370000000000109e-03
6.599220000000000255e+03,4.649265999999999677e-01,5.193972004328575170e-02,5.042649999999999633e-01,5.149469999999999742e-02,3.933840000000000253e-02,6.784570000000000184e-03
6.632220000000000255e+03,4.130102999999999969e-01,5.030885502310800811e-02,4.655340000000000034e-01,4.968539999999999762e-02,5.252369999999999955e-02,7.895690000000000347e-03
6.665380000000000109e+03,4.119538000000000366e-01,4.925454912799526880e-02,4.503190000000000248e-01,4.878590000000000010e-02,3.836520000000000208e-02,6.778389999999999589e-03
6.698710000000000036e+03,3.466422000000000114e-01,4.581319056150095353e-02,3.859049999999999980e-01,4.529590000000000005e-02,3.926280000000000048e-02,6.865119999999999729e-03
6.732199999999999818e+03,3.141230999999999884e-01,4.417509600230088568e-02,3.547190000000000065e-01,4.362030000000000074e-02,4.059589999999999727e-02,6.979149999999999937e-03
6.765859999999999673e+03,3.165915999999999730e-01,4.410302771718626474e-02,3.528709999999999902e-01,4.360929999999999668e-02,3.627940000000000331e-02,6.580729999999999913e-03
6.799689999999999600e+03,3.139940999999999982e-01,4.436395743018875515e-02,3.562810000000000143e-01,4.377879999999999966e-02,4.228690000000000226e-02,7.181739999999999825e-03
6.833689999999999600e+03,3.739098999999999617e-01,4.823306681612107849e-02,4.164689999999999781e-01,4.768580000000000041e-02,4.255910000000000248e-02,7.245220000000000132e-03
6.867859999999999673e+03,4.021910000000000207e-01,4.987793808773173521e-02,4.436860000000000248e-01,4.936019999999999991e-02,4.149499999999999716e-02,7.167940000000000249e-03
6.902199999999999818e+03,4.117565000000000253e-01,5.024591841638582218e-02,4.512340000000000240e-01,4.975849999999999718e-02,3.947749999999999870e-02,6.981689999999999598e-03
6.936710000000000036e+03,3.612079999999999735e-01,4.737455133868393592e-02,4.028079999999999994e-01,4.683090000000000169e-02,4.159999999999999809e-02,7.156459999999999905e-03
6.971390000000000327e+03,4.459505999999999748e-01,5.202184125806102316e-02,4.852159999999999807e-01,5.154929999999999929e-02,3.926539999999999891e-02,6.995829999999999757e-03
7.006250000000000000e+03,4.481427000000000049e-01,5.231772752981153629e-02,4.851889999999999814e-01,5.187420000000000225e-02,3.704629999999999729e-02,6.797939999999999712e-03
7.041279999999999745e+03,4.438765000000000072e-01,5.221300239954028422e-02,4.774760000000000115e-01,5.181059999999999832e-02,3.359949999999999742e-02,6.469879999999999902e-03
7.076489999999999782e+03,4.639661000000000479e-01,5.368039031771751346e-02,4.963060000000000249e-01,5.329960000000000253e-02,3.233989999999999781e-02,6.382549999999999855e-03
7.111869999999999891e+03,4.705687000000000619e-01,5.453618175893504283e-02,5.088740000000000485e-01,5.409139999999999782e-02,3.830530000000000046e-02,6.950940000000000070e-03
7.147430000000000291e+03,4.714952999999999506e-01,5.461630229981154910e-02,5.082189999999999763e-01,5.418939999999999868e-02,3.672369999999999801e-02,6.815380000000000223e-03
7.183159999999999854e+03,4.519738000000000366e-01,5.339093841320734918e-02,4.869510000000000227e-01,5.297589999999999938e-02,3.497719999999999996e-02,6.644269999999999864e-03
7.219079999999999927e+03,3.872797000000000045e-01,4.914323973082768138e-02,4.215659999999999963e-01,4.870100000000000123e-02,3.428629999999999872e-02,6.578040000000000276e-03
7.255180000000000291e+03,4.019882000000000177e-01,5.081361405863196040e-02,4.369089999999999918e-01,5.038009999999999711e-02,3.492080000000000184e-02,6.623360000000000011e-03
7.291449999999999818e+03,3.766222000000000181e-01,4.956317191499046843e-02,4.140030000000000099e-01,4.907530000000000225e-02,3.738079999999999875e-02,6.937070000000000042e-03
7.327909999999999854e+03,3.613306000000000018e-01,4.896853221636932041e-02,4.038860000000000228e-01,4.839960000000000095e-02,4.255540000000000017e-02,7.442840000000000046e-03
7.364550000000000182e+03,3.431485000000000229e-01,4.786043159886463338e-02,3.864520000000000177e-01,4.726550000000000196e-02,4.330350000000000171e-02,7.522860000000000137e-03
7.401369999999999891e+03,4.497173999999999894e-01,5.381148447187087541e-02,4.866869999999999807e-01,5.336110000000000159e-02,3.696959999999999830e-02,6.947580000000000075e-03
7.438380000000000109e+03,4.112967000000000151e-01,5.226620380823635004e-02,4.526240000000000263e-01,5.174820000000000114e-02,4.132729999999999737e-02,7.340290000000000183e-03
7.475569999999999709e+03,3.865352999999999706e-01,5.113058270229373786e-02,4.299999999999999933e-01,5.056839999999999946e-02,4.346470000000000194e-02,7.561309999999999906e-03
7.512949999999999818e+03,3.838594000000000173e-01,5.073653361235964943e-02,4.239470000000000183e-01,5.020970000000000294e-02,4.008760000000000101e-02,7.292589999999999836e-03
7.550510000000000218e+03,3.757246999999999670e-01,5.036603207968740059e-02,4.159269999999999912e-01,4.982899999999999829e-02,4.020230000000000331e-02,7.335389999999999792e-03
7.588260000000000218e+03,4.205075999999999814e-01,5.311570396211369449e-02,4.639519999999999755e-01,5.256650000000000211e-02,4.344440000000000107e-02,7.618469999999999583e-03
7.626210000000000036e+03,4.567817000000000127e-01,5.534249869539683425e-02,5.035250000000000004e-01,5.477719999999999811e-02,4.674330000000000152e-02,7.889900000000000038e-03
7.664340000000000146e+03,3.669132999999999978e-01,4.990565995966789875e-02,4.083740000000000148e-01,4.935239999999999766e-02,4.146070000000000311e-02,7.410500000000000420e-03
7.702659999999999854e+03,4.199482999999999966e-01,5.325958886428715233e-02,4.641689999999999983e-01,5.270079999999999903e-02,4.422070000000000167e-02,7.694770000000000082e-03
7.741170000000000073e+03,4.405303999999999887e-01,5.478296829288186592e-02,4.866929999999999867e-01,5.421170000000000155e-02,4.616259999999999808e-02,7.890829999999999719e-03
7.779880000000000109e+03,4.722925000000000040e-01,5.686372901407715091e-02,5.201470000000000260e-01,5.629109999999999669e-02,4.785450000000000120e-02,8.049580000000000624e-03
7.818779999999999745e+03,4.763934000000000224e-01,5.731208290345849582e-02,5.234020000000000339e-01,5.674579999999999902e-02,4.700859999999999761e-02,8.036730000000000609e-03
7.857869999999999891e+03,4.474733000000000183e-01,5.565504141001872962e-02,4.909740000000000215e-01,5.511329999999999701e-02,4.350070000000000325e-02,7.746470000000000092e-03
7.897159999999999854e+03,4.157287000000000066e-01,5.403752807892307775e-02,4.608410000000000006e-01,5.345960000000000295e-02,4.511230000000000101e-02,7.881980000000000236e-03
7.936649999999999636e+03,3.851481999999999961e-01,5.304253878155248958e-02,4.402849999999999819e-01,5.232370000000000076e-02,5.513679999999999970e-02,8.702949999999999228e-03
7.976329999999999927e+03,3.707591000000000081e-01,5.184922217570481218e-02,4.194010000000000238e-01,5.118740000000000095e-02,4.864190000000000180e-02,8.257840000000000666e-03
8.016210000000000036e+03,3.703506999999999771e-01,5.197815941345364232e-02,4.206059999999999799e-01,5.129410000000000219e-02,5.025530000000000275e-02,8.405019999999999158e-03
8.050869999999999891e+03,3.811938000000000271e-01,6.178302234433016848e-02,4.345310000000000006e-01,6.094780000000000336e-02,5.333720000000000128e-02,1.012459999999999923e-02
