X_cm-1,raw_Y,raw_E,smoothed_Y,smoothed_E,effective_window_points
-2.010340000000000060e+01,7.790759999999999873e-03,2.012490000000000025e-03,8.284970000000000875e-03,1.205113417815933171e-03,5.000000000000000000e+00
-1.998239999999999839e+01,7.977980000000000835e-03,2.061089999999999797e-03,7.852267499999999317e-03,1.014058908625381722e-03,5.000000000000000000e+00
-1.986139999999999972e+01,9.086169999999999317e-03,2.184600000000000083e-03,7.859643999999998965e-03,9.076442674682631264e-04,5.000000000000000000e+00
-1.974040000000000106e+01,6.554159999999999847e-03,1.839120000000000078e-03,7.879986000000000282e-03,9.104977451526170395e-04,5.000000000000000000e+00
-1.961939999999999884e+01,7.889149999999999288e-03,2.035289999999999929e-03,7.023124000000000380e-03,8.585816627368651408e-04,5.000000000000000000e+00
-1.949849999999999994e+01,7.892470000000000388e-03,2.044460000000000114e-03,7.124079999999999649e-03,8.665961379697004110e-04,5.000000000000000000e+00
-1.937750000000000128e+01,3.693670000000000026e-03,1.397140000000000057e-03,7.612800000000000296e-03,8.978312369838778104e-04,5.000000000000000000e+00
-1.925649999999999906e+01,9.590950000000000863e-03,2.262329999999999897e-03,7.641078000000000800e-03,9.016246352579325874e-04,5.000000000000000000e+00
-1.913550000000000040e+01,8.997760000000000480e-03,2.181779999999999917e-03,8.504723999999999964e-03,9.515486436141874218e-04,5.000000000000000000e+00
-1.901450000000000173e+01,8.030539999999999207e-03,2.076789999999999799e-03,9.270472000000000087e-03,9.946341098333597378e-04,5.000000000000000000e+00
-1.889349999999999952e+01,1.221069999999999968e-02,2.548089999999999817e-03,9.665841999999999143e-03,1.015911310741247821e-03,5.000000000000000000e+00
-1.877260000000000062e+01,7.522410000000000208e-03,2.012040000000000096e-03,1.009453000000000086e-02,1.039860957811187441e-03,5.000000000000000000e+00
-1.865159999999999840e+01,1.156779999999999961e-02,2.487490000000000187e-03,1.088144200000000159e-02,1.078277136129668617e-03,5.000000000000000000e+00
-1.853059999999999974e+01,1.114120000000000041e-02,2.447659999999999940e-03,1.045014199999999907e-02,1.057619292076312448e-03,5.000000000000000000e+00
-1.840960000000000107e+01,1.196509999999999935e-02,2.519389999999999824e-03,1.210843999999999983e-02,1.138667792761347995e-03,5.000000000000000000e+00
-1.828859999999999886e+01,1.005419999999999925e-02,2.321569999999999797e-03,1.164273599999999902e-02,1.118007839629043014e-03,5.000000000000000000e+00
-1.816760000000000019e+01,1.581389999999999879e-02,2.915210000000000110e-03,1.182413600000000072e-02,1.125674080746287813e-03,5.000000000000000000e+00
-1.804670000000000130e+01,9.239280000000000756e-03,2.240989999999999996e-03,1.184365600000000102e-02,1.128312032514055705e-03,5.000000000000000000e+00
-1.792569999999999908e+01,1.204820000000000023e-02,2.533979999999999913e-03,1.173944600000000060e-02,1.124210418763320297e-03,5.000000000000000000e+00
-1.780470000000000041e+01,1.206270000000000085e-02,2.548719999999999979e-03,1.066556599999999959e-02,1.074152917733783375e-03,5.000000000000000000e+00
-1.768370000000000175e+01,9.533150000000000651e-03,2.271280000000000087e-03,1.109011000000000025e-02,1.097663336053455053e-03,5.000000000000000000e+00
-1.756269999999999953e+01,1.044450000000000066e-02,2.397359999999999856e-03,1.111217000000000107e-02,1.100705632584843231e-03,5.000000000000000000e+00
-1.744170000000000087e+01,1.136200000000000057e-02,2.509690000000000185e-03,1.219432999999999975e-02,1.154395960632226010e-03,5.000000000000000000e+00
-1.732079999999999842e+01,1.215849999999999917e-02,2.566759999999999962e-03,1.239809999999999870e-02,1.166007055035260141e-03,5.000000000000000000e+00
-1.719979999999999976e+01,1.747349999999999945e-02,3.085919999999999809e-03,1.266167999999999981e-02,1.176719038217704724e-03,5.000000000000000000e+00
-1.707880000000000109e+01,1.055200000000000062e-02,2.415009999999999987e-03,1.388956000000000045e-02,1.230253444947015809e-03,5.000000000000000000e+00
-1.695779999999999887e+01,1.176239999999999924e-02,2.524820000000000102e-03,1.514747999999999963e-02,1.289318494258109935e-03,5.000000000000000000e+00
-1.683680000000000021e+01,1.750140000000000029e-02,3.085440000000000058e-03,1.563543999999999698e-02,1.314104336358418732e-03,5.000000000000000000e+00
-1.671580000000000155e+01,1.844809999999999853e-02,3.210719999999999807e-03,1.789461999999999997e-02,1.409245681950453948e-03,5.000000000000000000e+00
-1.659489999999999910e+01,1.991329999999999836e-02,3.337080000000000081e-03,1.974911999999999848e-02,1.483705901968445989e-03,5.000000000000000000e+00
-1.647390000000000043e+01,2.184789999999999996e-02,3.508540000000000096e-03,1.992207999999999826e-02,1.493080739207361049e-03,5.000000000000000000e+00
-1.635290000000000177e+01,2.103489999999999874e-02,3.429279999999999828e-03,1.995145999999999725e-02,1.493435310309757045e-03,5.000000000000000000e+00
-1.623189999999999955e+01,1.836619999999999919e-02,3.196500000000000122e-03,1.983027999999999874e-02,1.487744098878567272e-03,5.000000000000000000e+00
-1.611090000000000089e+01,1.859500000000000042e-02,3.214840000000000059e-03,1.957400000000000112e-02,1.476536474784148492e-03,5.000000000000000000e+00
-1.598990000000000045e+01,1.930739999999999887e-02,3.272909999999999969e-03,1.982108000000000134e-02,1.487378582422108292e-03,5.000000000000000000e+00
-1.586899999999999977e+01,2.056650000000000145e-02,3.388110000000000167e-03,2.172394000000000408e-02,1.560126532640221430e-03,5.000000000000000000e+00
-1.574799999999999933e+01,2.227029999999999982e-02,3.544480000000000026e-03,2.352152000000000062e-02,1.626252264828553524e-03,5.000000000000000000e+00
-1.562700000000000067e+01,2.788049999999999903e-02,3.969900000000000165e-03,2.547059999999999949e-02,1.695061306334375711e-03,5.000000000000000000e+00
-1.550600000000000023e+01,2.758290000000000047e-02,3.950030000000000208e-03,2.739865999999999829e-02,1.758690170021996735e-03,5.000000000000000000e+00
-1.538499999999999979e+01,2.905280000000000015e-02,4.052820000000000381e-03,2.980919999999999750e-02,1.838577203475557243e-03,5.000000000000000000e+00
-1.526399999999999935e+01,3.020679999999999893e-02,4.119860000000000362e-03,3.172801999999999567e-02,1.901112728993207320e-03,5.000000000000000000e+00
-1.514310000000000045e+01,3.432299999999999934e-02,4.443840000000000116e-03,3.417467999999999895e-02,1.976861130885020166e-03,5.000000000000000000e+00
-1.502210000000000001e+01,3.747459999999999680e-02,4.648300000000000175e-03,3.593818000000000012e-02,2.030517339569401589e-03,5.000000000000000000e+00
-1.490109999999999957e+01,3.981620000000000298e-02,4.790250000000000237e-03,3.827417999999999793e-02,2.098016675027155557e-03,5.000000000000000000e+00
-1.478009999999999913e+01,3.787030000000000257e-02,4.669139999999999575e-03,4.080189999999999512e-02,2.167356350253459973e-03,5.000000000000000000e+00
-1.465910000000000046e+01,4.188680000000000181e-02,4.892859999999999744e-03,4.413472000000000228e-02,2.257792196307711625e-03,5.000000000000000000e+00
-1.453810000000000002e+01,4.696159999999999918e-02,5.209769999999999852e-03,4.993968000000000018e-02,2.406896016721120964e-03,5.000000000000000000e+00
-1.441719999999999935e+01,5.413869999999999794e-02,5.622410000000000428e-03,5.636881999999998616e-02,2.563265412174088598e-03,5.000000000000000000e+00
-1.429620000000000068e+01,6.884099999999999941e-02,6.350950000000000172e-03,6.126485999999999738e-02,2.679075811284182575e-03,5.000000000000000000e+00
-1.417520000000000024e+01,7.001599999999999491e-02,6.421089999999999957e-03,6.710573999999999706e-02,2.806340616991458408e-03,5.000000000000000000e+00
-1.405419999999999980e+01,6.636699999999999544e-02,6.254440000000000000e-03,7.346902000000000987e-02,2.938402157422976245e-03,5.000000000000000000e+00
-1.393319999999999936e+01,7.616599999999999759e-02,6.677889999999999694e-03,7.938209999999999711e-02,3.053075535903427250e-03,5.000000000000000000e+00
-1.381220000000000070e+01,8.595510000000000650e-02,7.111819999999999600e-03,8.439800000000000080e-02,3.149345624012073793e-03,5.000000000000000000e+00
-1.369130000000000003e+01,9.840640000000000498e-02,7.583610000000000177e-03,9.334459999999999980e-02,3.313558636714310918e-03,5.000000000000000000e+00
-1.357029999999999959e+01,9.509549999999999947e-02,7.493869999999999698e-03,9.782566000000000872e-02,3.392639144311696518e-03,5.000000000000000000e+00
-1.344929999999999914e+01,1.111000000000000043e-01,8.102490000000000386e-03,1.037846400000000113e-01,3.494637392117242412e-03,5.000000000000000000e+00
-1.332830000000000048e+01,9.857130000000000059e-02,7.606080000000000306e-03,1.040090200000000076e-01,3.500337628458146701e-03,5.000000000000000000e+00
-1.320730000000000004e+01,1.157500000000000057e-01,8.254710000000000172e-03,1.069155200000000000e-01,3.547318872327098836e-03,5.000000000000000000e+00
-1.308629999999999960e+01,9.952830000000000010e-02,7.649050000000000120e-03,1.078591200000000028e-01,3.562670952181803876e-03,5.000000000000000000e+00
-1.296540000000000070e+01,1.096280000000000032e-01,8.027190000000000020e-03,1.126232599999999751e-01,3.641017946531436428e-03,5.000000000000000000e+00
-1.284440000000000026e+01,1.158180000000000043e-01,8.269169999999999299e-03,1.143282600000000010e-01,3.669585845334047934e-03,5.000000000000000000e+00
-1.272339999999999982e+01,1.223920000000000008e-01,8.483050000000000659e-03,1.196336000000000066e-01,3.756679195228147198e-03,5.000000000000000000e+00
-1.260239999999999938e+01,1.242749999999999966e-01,8.565130000000000660e-03,1.224210000000000020e-01,3.800702981786395658e-03,5.000000000000000000e+00
-1.248140000000000072e+01,1.260550000000000004e-01,8.641609999999999223e-03,1.248203999999999841e-01,3.837204208011348906e-03,5.000000000000000000e+00
-1.236040000000000028e+01,1.235649999999999943e-01,8.529560000000000267e-03,1.269505999999999968e-01,3.870257160848100675e-03,5.000000000000000000e+00
-1.223949999999999960e+01,1.278150000000000119e-01,8.680379999999999693e-03,1.302631999999999957e-01,3.922017664909733907e-03,5.000000000000000000e+00
-1.211849999999999916e+01,1.330429999999999946e-01,8.850480000000000846e-03,1.316365999999999925e-01,3.942609228302496396e-03,5.000000000000000000e+00
-1.199750000000000050e+01,1.408379999999999910e-01,9.134810000000000152e-03,1.349226000000000036e-01,3.992778916362888127e-03,5.000000000000000000e+00
-1.187650000000000006e+01,1.329220000000000124e-01,8.872770000000000309e-03,1.403745999999999883e-01,4.073942088637981171e-03,5.000000000000000000e+00
-1.175549999999999962e+01,1.399950000000000083e-01,9.094299999999999606e-03,1.459919999999999829e-01,4.155030150607814075e-03,5.000000000000000000e+00
-1.163449999999999918e+01,1.550749999999999906e-01,9.576899999999999302e-03,1.489921999999999913e-01,4.195059291661084287e-03,5.000000000000000000e+00
-1.151360000000000028e+01,1.611299999999999955e-01,9.747449999999999518e-03,1.499300000000000077e-01,4.207061503136363088e-03,5.000000000000000000e+00
-1.139259999999999984e+01,1.558390000000000053e-01,9.581279999999999311e-03,1.535953999999999930e-01,4.260593699529678993e-03,5.000000000000000000e+00
-1.127159999999999940e+01,1.376110000000000111e-01,9.013719999999999372e-03,1.549291999999999891e-01,4.278682211834386635e-03,5.000000000000000000e+00
-1.115060000000000073e+01,1.583219999999999905e-01,9.697350000000000414e-03,1.544357999999999842e-01,4.274471946754593299e-03,5.000000000000000000e+00
-1.102960000000000029e+01,1.617439999999999989e-01,9.776429999999999149e-03,1.585621999999999865e-01,4.333320144145363928e-03,5.000000000000000000e+00
-1.090859999999999985e+01,1.586629999999999985e-01,9.701160000000000339e-03,1.710122000000000031e-01,4.504136250883181147e-03,5.000000000000000000e+00
-1.078769999999999918e+01,1.764709999999999890e-01,1.022080000000000037e-02,1.766668000000000127e-01,4.579388282425939614e-03,5.000000000000000000e+00
-1.066670000000000051e+01,1.998610000000000109e-01,1.090810000000000043e-02,1.793819999999999859e-01,4.615726380866180291e-03,5.000000000000000000e+00
-1.054570000000000007e+01,1.865950000000000109e-01,1.054169999999999933e-02,1.885844000000000131e-01,4.733700956630023868e-03,5.000000000000000000e+00
-1.042469999999999963e+01,1.753200000000000036e-01,1.019469999999999925e-02,1.935381999999999936e-01,4.798190476710985711e-03,5.000000000000000000e+00
-1.030369999999999919e+01,2.046749999999999958e-01,1.103119999999999969e-02,1.888985999999999721e-01,4.739207937619956124e-03,5.000000000000000000e+00
-1.018280000000000030e+01,2.012400000000000022e-01,1.094679999999999959e-02,1.942203999999999875e-01,4.805366172811391216e-03,5.000000000000000000e+00
-1.006179999999999986e+01,1.766629999999999867e-01,1.024319999999999918e-02,2.007045999999999830e-01,4.887089809856168081e-03,5.000000000000000000e+00
-9.940780000000000172e+00,2.132040000000000046e-01,1.126560000000000061e-02,2.032242000000000215e-01,4.918744974279516506e-03,5.000000000000000000e+00
-9.819800000000000750e+00,2.077410000000000090e-01,1.112360000000000085e-02,2.055467999999999740e-01,4.946334536603847441e-03,5.000000000000000000e+00
-9.698819999999999553e+00,2.172729999999999939e-01,1.137750000000000046e-02,2.146543999999999952e-01,5.057150065797929445e-03,5.000000000000000000e+00
-9.577830000000000510e+00,2.128529999999999867e-01,1.125330000000000080e-02,2.169003999999999655e-01,5.084557059764399992e-03,5.000000000000000000e+00
-9.456849999999999312e+00,2.222010000000000096e-01,1.151680000000000065e-02,2.191978000000000260e-01,5.112525730204201500e-03,5.000000000000000000e+00
-9.335869999999999891e+00,2.244339999999999946e-01,1.156989999999999928e-02,2.196405999999999636e-01,5.118566519407557504e-03,5.000000000000000000e+00
-9.214880000000000848e+00,2.192280000000000062e-01,1.143959999999999942e-02,2.254322000000000270e-01,5.187365217371916679e-03,5.000000000000000000e+00
-9.093899999999999650e+00,2.194869999999999877e-01,1.144520000000000086e-02,2.301604000000000150e-01,5.241936965130351497e-03,5.000000000000000000e+00
-8.972920000000000229e+00,2.418109999999999982e-01,1.201510000000000078e-02,2.316320000000000046e-01,5.260182402388723436e-03,5.000000000000000000e+00
-8.851940000000000808e+00,2.458420000000000050e-01,1.211880000000000075e-02,2.344948000000000032e-01,5.295066067614265064e-03,5.000000000000000000e+00
-8.730949999999999989e+00,2.317919999999999980e-01,1.177510000000000015e-02,2.329450000000000132e-01,5.278494172811029270e-03,5.000000000000000000e+00
-8.609970000000000567e+00,2.335419999999999996e-01,1.183509999999999944e-02,2.286529999999999951e-01,5.228466304146943064e-03,5.000000000000000000e+00
-8.488989999999999370e+00,2.117380000000000095e-01,1.125220000000000040e-02,2.234501999999999877e-01,5.168589709350124121e-03,5.000000000000000000e+00
-8.368000000000000327e+00,2.203509999999999913e-01,1.145520000000000045e-02,2.187425999999999815e-01,5.113447598558138948e-03,5.000000000000000000e+00
-8.247019999999999129e+00,2.198279999999999956e-01,1.145870000000000048e-02,2.076626000000000027e-01,4.980759149246226890e-03,5.000000000000000000e+00
-8.126039999999999708e+00,2.082539999999999947e-01,1.115700000000000025e-02,2.090104000000000128e-01,4.998235849657356802e-03,5.000000000000000000e+00
-8.005050000000000665e+00,1.781419999999999948e-01,1.032399999999999984e-02,2.063190000000000024e-01,4.966870613937915228e-03,5.000000000000000000e+00
-7.884070000000000356e+00,2.184770000000000045e-01,1.144429999999999926e-02,2.069151999999999936e-01,4.974533179907437638e-03,5.000000000000000000e+00
-7.763090000000000046e+00,2.068939999999999946e-01,1.110889999999999968e-02,2.091702000000000283e-01,4.999967364853494765e-03,5.000000000000000000e+00
-7.642100000000000115e+00,2.228090000000000070e-01,1.154149999999999968e-02,2.160368000000000011e-01,5.080641147453734442e-03,5.000000000000000000e+00
-7.521119999999999806e+00,2.195290000000000019e-01,1.143770000000000030e-02,2.168979999999999797e-01,5.089383224871163632e-03,5.000000000000000000e+00
-7.400140000000000384e+00,2.124749999999999972e-01,1.126570000000000002e-02,2.181487999999999761e-01,5.104370681210368063e-03,5.000000000000000000e+00
-7.279149999999999565e+00,2.227830000000000088e-01,1.154099999999999918e-02,2.174859999999999849e-01,5.095914498183815380e-03,5.000000000000000000e+00
-7.158170000000000144e+00,2.131480000000000041e-01,1.127949999999999960e-02,2.161039999999999905e-01,5.079581298453642556e-03,5.000000000000000000e+00
-7.037189999999999834e+00,2.194949999999999957e-01,1.144769999999999989e-02,2.189090000000000202e-01,5.113363589458508156e-03,5.000000000000000000e+00
-6.916199999999999903e+00,2.126190000000000024e-01,1.125460000000000002e-02,2.182696000000000081e-01,5.106825618757702794e-03,5.000000000000000000e+00
-6.795219999999999594e+00,2.265000000000000069e-01,1.164150000000000081e-02,2.226530000000000453e-01,5.158878385346954420e-03,5.000000000000000000e+00
-6.674240000000000173e+00,2.195860000000000034e-01,1.146840000000000012e-02,2.298236000000000168e-01,5.241340329610356084e-03,5.000000000000000000e+00
-6.553259999999999863e+00,2.350649999999999962e-01,1.185690000000000008e-02,2.388262000000000163e-01,5.345843805986104542e-03,5.000000000000000000e+00
-6.432269999999999932e+00,2.553480000000000194e-01,1.234870000000000065e-02,2.425670000000000326e-01,5.386828264795528141e-03,5.000000000000000000e+00
-6.311289999999999623e+00,2.576320000000000277e-01,1.242279999999999947e-02,2.514935999999999838e-01,5.485813784335010108e-03,5.000000000000000000e+00
-6.190310000000000201e+00,2.452040000000000053e-01,1.210460000000000008e-02,2.570827999999999447e-01,5.547053795664866165e-03,5.000000000000000000e+00
-6.069320000000000270e+00,2.642189999999999817e-01,1.258689999999999982e-02,2.599316000000000404e-01,5.580157534765483283e-03,5.000000000000000000e+00
-5.948339999999999961e+00,2.630109999999999948e-01,1.254899999999999939e-02,2.659519999999999662e-01,5.642555326197520003e-03,5.000000000000000000e+00
-5.827359999999999651e+00,2.695919999999999983e-01,1.271609999999999928e-02,2.767683999999999700e-01,5.754686161937938062e-03,5.000000000000000000e+00
-5.706369999999999720e+00,2.877339999999999898e-01,1.310850000000000036e-02,2.798983999999999361e-01,5.779705497825992667e-03,5.000000000000000000e+00
-5.585390000000000299e+00,2.992859999999999965e-01,1.335929999999999930e-02,2.922223999999999933e-01,5.903133201953009515e-03,5.000000000000000000e+00
-5.464409999999999989e+00,2.798689999999999789e-01,1.287029999999999945e-02,3.061752000000000362e-01,6.035921594686266892e-03,5.000000000000000000e+00
-5.343420000000000059e+00,3.246310000000000029e-01,1.391140000000000085e-02,3.173592000000000080e-01,6.141214701962471531e-03,5.000000000000000000e+00
-5.222439999999999749e+00,3.393559999999999910e-01,1.418920000000000077e-02,3.267684000000000144e-01,6.227930335962341725e-03,5.000000000000000000e+00
-5.101460000000000328e+00,3.436540000000000150e-01,1.427890000000000062e-02,3.454609999999999626e-01,6.399742797644292561e-03,5.000000000000000000e+00
-4.980470000000000397e+00,3.463319999999999732e-01,1.432779999999999991e-02,3.619746000000000352e-01,6.543579694876497377e-03,5.000000000000000000e+00
-4.859490000000000087e+00,3.733319999999999972e-01,1.482849999999999967e-02,3.770879999999999788e-01,6.671664651134677319e-03,5.000000000000000000e+00
-4.738509999999999778e+00,4.071989999999999776e-01,1.549419999999999964e-02,4.021826000000000012e-01,6.884868553516471090e-03,5.000000000000000000e+00
-4.617519999999999847e+00,4.149229999999999863e-01,1.560929999999999956e-02,4.382454000000000072e-01,7.177551276445192155e-03,5.000000000000000000e+00
-4.496540000000000425e+00,4.691270000000000162e-01,1.661759999999999973e-02,4.820788000000000295e-01,7.520388854813294180e-03,5.000000000000000000e+00
-4.375560000000000116e+00,5.266459999999999475e-01,1.755510000000000057e-02,5.370655999999999208e-01,7.924266425505897132e-03,5.000000000000000000e+00
-4.254570000000000185e+00,5.924989999999999979e-01,1.859730000000000064e-02,6.131359999999999033e-01,8.455645110717455518e-03,5.000000000000000000e+00
-4.133589999999999876e+00,6.821329999999999893e-01,1.990010000000000043e-02,7.235205999999999582e-01,9.172851292133760853e-03,5.000000000000000000e+00
-4.012609999999999566e+00,7.952749999999999542e-01,2.147670000000000134e-02,8.523213999999998958e-01,9.948404559304974831e-03,5.000000000000000000e+00
-3.891630000000000145e+00,1.021050000000000013e+00,2.433569999999999831e-02,1.015945600000000004e+00,1.085349166801172736e-02,5.000000000000000000e+00
-3.770640000000000214e+00,1.170649999999999968e+00,2.605609999999999871e-02,1.227578999999999976e+00,1.192846807418286928e-02,5.000000000000000000e+00
-3.649659999999999904e+00,1.410619999999999985e+00,2.857530000000000139e-02,1.489687999999999901e+00,1.314021453955756258e-02,5.000000000000000000e+00
-3.528680000000000039e+00,1.740299999999999958e+00,3.175320000000000226e-02,1.805444000000000049e+00,1.446703215163358883e-02,5.000000000000000000e+00
-3.407690000000000108e+00,2.105820000000000025e+00,3.493809999999999971e-02,2.196876000000000495e+00,1.596433126310024819e-02,5.000000000000000000e+00
-3.286709999999999798e+00,2.599829999999999863e+00,3.883260000000000184e-02,2.681776000000000160e+00,1.764843338577110066e-02,5.000000000000000000e+00
-3.165729999999999933e+00,3.127810000000000201e+00,4.263850000000000279e-02,3.207504000000000133e+00,1.931532921806925623e-02,5.000000000000000000e+00
-3.044740000000000002e+00,3.835119999999999862e+00,4.724119999999999708e-02,3.839368000000000336e+00,2.114530468171125707e-02,5.000000000000000000e+00
-2.923760000000000137e+00,4.368940000000000268e+00,5.048400000000000110e-02,4.520004000000000133e+00,2.296285092665107178e-02,5.000000000000000000e+00
-2.802779999999999827e+00,5.265139999999999709e+00,5.542310000000000292e-02,5.279690000000000438e+00,2.482990067551620397e-02,5.000000000000000000e+00
-2.681789999999999896e+00,6.003009999999999735e+00,5.926370000000000249e-02,6.115313999999999695e+00,2.673463910008885835e-02,5.000000000000000000e+00
-2.560810000000000031e+00,6.926239999999999952e+00,6.363040000000000362e-02,7.059088000000000029e+00,2.873627304487483963e-02,5.000000000000000000e+00
-2.439830000000000165e+00,8.013239999999999696e+00,6.846280000000000421e-02,8.111859999999998294e+00,3.082251432937942529e-02,5.000000000000000000e+00
-2.318839999999999790e+00,9.087809999999999278e+00,7.296880000000000033e-02,9.333718000000001069e+00,3.308393258149339156e-02,5.000000000000000000e+00
-2.197859999999999925e+00,1.052899999999999991e+01,7.860069999999999557e-02,1.073312999999999917e+01,3.551378244823268776e-02,5.000000000000000000e+00
-2.076880000000000059e+00,1.211229999999999940e+01,8.441070000000000517e-02,1.238880199999999832e+01,3.820980557935881039e-02,5.000000000000000000e+00
-1.955889999999999906e+00,1.392329999999999934e+01,9.064149999999999985e-02,1.438910000000000267e+01,4.125661523289083504e-02,5.000000000000000000e+00
-1.834910000000000041e+00,1.629159999999999897e+01,9.826580000000000037e-02,1.672334000000000032e+01,4.457192909057448860e-02,5.000000000000000000e+00
-1.713929999999999954e+00,1.908930000000000149e+01,1.066649999999999959e-01,1.938668000000000191e+01,4.809813781754549572e-02,5.000000000000000000e+00
-1.592950000000000088e+00,2.220019999999999882e+01,1.152900000000000036e-01,2.221125999999999934e+01,5.159590939469523713e-02,5.000000000000000000e+00
-1.471959999999999935e+00,2.542899999999999849e+01,1.236710000000000031e-01,2.511930000000000263e+01,5.497481111309069496e-02,5.000000000000000000e+00
-1.350980000000000070e+00,2.804619999999999891e+01,1.301289999999999947e-01,2.774709999999999965e+01,5.786944098641354228e-02,5.000000000000000000e+00
-1.229999999999999982e+00,3.083180000000000121e+01,1.365959999999999952e-01,2.995368000000000208e+01,6.020381553589439910e-02,5.000000000000000000e+00
-1.109010000000000051e+00,3.222829999999999728e+01,1.397980000000000056e-01,3.157272000000000389e+01,6.186874265248971938e-02,5.000000000000000000e+00
-9.880290000000000461e-01,3.323310000000000031e+01,1.420649999999999968e-01,3.264719999999999800e+01,6.295473756374495022e-02,5.000000000000000000e+00
-8.670459999999999834e-01,3.352420000000000044e+01,1.427430000000000088e-01,3.310468000000000188e+01,6.342209385726713111e-02,5.000000000000000000e+00
-7.460630000000000317e-01,3.341859999999999786e+01,1.425569999999999893e-01,3.311816000000000315e+01,6.344777280504020067e-02,5.000000000000000000e+00
-6.250799999999999690e-01,3.311919999999999931e+01,1.418979999999999964e-01,3.272048000000000201e+01,6.306882340649774821e-02,5.000000000000000000e+00
-5.040970000000000173e-01,3.229569999999999652e+01,1.400889999999999913e-01,3.196400000000000574e+01,6.233162385627379065e-02,5.000000000000000000e+00
-3.831129999999999813e-01,3.124470000000000169e+01,1.377819999999999878e-01,3.091791999999999874e+01,6.128985898140082433e-02,5.000000000000000000e+00
-2.621299999999999741e-01,2.974180000000000135e+01,1.344039999999999957e-01,2.964227999999999952e+01,5.999677663674940487e-02,5.000000000000000000e+00
-1.411469999999999947e-01,2.818819999999999837e+01,1.307780000000000054e-01,2.831747999999999976e+01,5.862677400403334266e-02,5.000000000000000000e+00
-2.016389999999999849e-02,2.674099999999999966e+01,1.273350000000000037e-01,2.705677999999999628e+01,5.729954672944630178e-02,5.000000000000000000e+00
1.008190000000000058e-01,2.567170000000000130e+01,1.247479999999999978e-01,2.579935999999999652e+01,5.595381204171884226e-02,5.000000000000000000e+00
2.218019999999999992e-01,2.494119999999999848e+01,1.230340000000000045e-01,2.464873999999999654e+01,5.470858706089931633e-02,5.000000000000000000e+00
3.427859999999999796e-01,2.345469999999999899e+01,1.193909999999999971e-01,2.348232000000000141e+01,5.342564688761382297e-02,5.000000000000000000e+00
4.637689999999999868e-01,2.243509999999999849e+01,1.168669999999999987e-01,2.224675999999999831e+01,5.203500384126055062e-02,5.000000000000000000e+00
5.847520000000000495e-01,2.090889999999999915e+01,1.128979999999999984e-01,2.089245999999999981e+01,5.046073506876410514e-02,5.000000000000000000e+00
7.057350000000000012e-01,1.949390000000000001e+01,1.090669999999999973e-01,1.951571999999999818e+01,4.879932898555060933e-02,5.000000000000000000e+00
8.267179999999999529e-01,1.816969999999999885e+01,1.053729999999999944e-01,1.800985999999999976e+01,4.690188629958927380e-02,5.000000000000000000e+00
9.477010000000000156e-01,1.657100000000000151e+01,1.006549999999999945e-01,1.658127999999999957e+01,4.502424785183201800e-02,5.000000000000000000e+00
1.068680000000000074e+00,1.490579999999999927e+01,9.548929999999999918e-02,1.513697999999999944e+01,4.303590212786993774e-02,5.000000000000000000e+00
1.189670000000000005e+00,1.376600000000000001e+01,9.181970000000000409e-02,1.370375999999999905e+01,4.095767377141919241e-02,5.000000000000000000e+00
1.310650000000000093e+00,1.227239999999999931e+01,8.670790000000000441e-02,1.233703199999999889e+01,3.887015091084159574e-02,5.000000000000000000e+00
1.431629999999999958e+00,1.100360000000000049e+01,8.209460000000000368e-02,1.109221400000000202e+01,3.686220192796952483e-02,5.000000000000000000e+00
1.552619999999999889e+00,9.737360000000000682e+00,7.723579999999999335e-02,9.884036000000000044e+00,3.479787660324692999e-02,5.000000000000000000e+00
1.673599999999999977e+00,8.681710000000000704e+00,7.291459999999999608e-02,8.829284000000001242e+00,3.289011656121029747e-02,5.000000000000000000e+00
1.794580000000000064e+00,7.725109999999999921e+00,6.879399999999999404e-02,7.900588000000000832e+00,3.111233132264440426e-02,5.000000000000000000e+00
1.915569999999999995e+00,6.998639999999999972e+00,6.549770000000000592e-02,7.130097999999999381e+00,2.955664565464762375e-02,5.000000000000000000e+00
2.036550000000000082e+00,6.360120000000000218e+00,6.240960000000000257e-02,6.534671999999998704e+00,2.829742932376720296e-02,5.000000000000000000e+00
2.157529999999999948e+00,5.884909999999999641e+00,6.004849999999999771e-02,6.067206000000000543e+00,2.726662357971738546e-02,5.000000000000000000e+00
2.278519999999999879e+00,5.704579999999999984e+00,5.912080000000000113e-02,5.700035999999999881e+00,2.642816137448839031e-02,5.000000000000000000e+00
2.399500000000000188e+00,5.387780000000000236e+00,5.745190000000000019e-02,5.400768000000001123e+00,2.573063010046975491e-02,5.000000000000000000e+00
2.520480000000000054e+00,5.162790000000000212e+00,5.625320000000000320e-02,5.161450000000000315e+00,2.516063647380964441e-02,5.000000000000000000e+00
2.641469999999999985e+00,4.863780000000000214e+00,5.463880000000000126e-02,4.901784000000000141e+00,2.452977635558873520e-02,5.000000000000000000e+00
2.762449999999999850e+00,4.688320000000000043e+00,5.367149999999999699e-02,4.647527999999999437e+00,2.389878794979360260e-02,5.000000000000000000e+00
2.883430000000000160e+00,4.406250000000000000e+00,5.207280000000000242e-02,4.421371999999999858e+00,2.332622773873221228e-02,5.000000000000000000e+00
3.004420000000000091e+00,4.116500000000000270e+00,5.036639999999999867e-02,4.228921999999999848e+00,2.282750952971436195e-02,5.000000000000000000e+00
3.125399999999999956e+00,4.032009999999999650e+00,4.988429999999999948e-02,4.043295999999999779e+00,2.233633448692063511e-02,5.000000000000000000e+00
3.246379999999999821e+00,3.901530000000000165e+00,4.909129999999999744e-02,3.912515999999999217e+00,2.198353558962707135e-02,5.000000000000000000e+00
3.367360000000000131e+00,3.760190000000000143e+00,4.822909999999999697e-02,3.828972000000000264e+00,2.176039067600579746e-02,5.000000000000000000e+00
3.488350000000000062e+00,3.752349999999999852e+00,4.817339999999999817e-02,3.737426000000000581e+00,2.151033304978795455e-02,5.000000000000000000e+00
3.609329999999999927e+00,3.698780000000000179e+00,4.788259999999999739e-02,3.670398000000000049e+00,2.132699957606789057e-02,5.000000000000000000e+00
3.730309999999999793e+00,3.574279999999999902e+00,4.709499999999999797e-02,3.595020000000000326e+00,2.111564258948327860e-02,5.000000000000000000e+00
3.851300000000000168e+00,3.566390000000000171e+00,4.704910000000000342e-02,3.518393999999999799e+00,2.090070298877049620e-02,5.000000000000000000e+00
3.972280000000000033e+00,3.383300000000000196e+00,4.584520000000000262e-02,3.434400000000000119e+00,2.065905752048723121e-02,5.000000000000000000e+00
4.093259999999999899e+00,3.369219999999999882e+00,4.577010000000000106e-02,3.354440000000000310e+00,2.042543371986994122e-02,5.000000000000000000e+00
4.214249999999999829e+00,3.278810000000000002e+00,4.518490000000000006e-02,3.229256000000000348e+00,2.005154849214394255e-02,5.000000000000000000e+00
4.335230000000000139e+00,3.174479999999999968e+00,4.447450000000000014e-02,3.104389999999999983e+00,1.967045503478757895e-02,5.000000000000000000e+00
4.456209999999999560e+00,2.940469999999999917e+00,4.284009999999999901e-02,2.952551999999999843e+00,1.919317633357230102e-02,5.000000000000000000e+00
4.577200000000000379e+00,2.758970000000000145e+00,4.151309999999999722e-02,2.798910000000000231e+00,1.869730593501641239e-02,5.000000000000000000e+00
4.698179999999999801e+00,2.610030000000000072e+00,4.038789999999999741e-02,2.651252000000000386e+00,1.821083751577614457e-02,5.000000000000000000e+00
4.819160000000000110e+00,2.510600000000000165e+00,3.964789999999999981e-02,2.519013999999999864e+00,1.776022608374116379e-02,5.000000000000000000e+00
4.940150000000000041e+00,2.436189999999999856e+00,3.910389999999999699e-02,2.396854000000000262e+00,1.733541720584768492e-02,5.000000000000000000e+00
5.061130000000000351e+00,2.279279999999999973e+00,3.781600000000000239e-02,2.289026000000000227e+00,1.695374778284730599e-02,5.000000000000000000e+00
5.182109999999999772e+00,2.148169999999999913e+00,3.675069999999999726e-02,2.173993999999999982e+00,1.653454855088581227e-02,5.000000000000000000e+00
5.303099999999999703e+00,2.070889999999999898e+00,3.611099999999999727e-02,2.042152000000000189e+00,1.603508441713981034e-02,5.000000000000000000e+00
5.424080000000000013e+00,1.935440000000000049e+00,3.494280000000000302e-02,1.943097999999999770e+00,1.565563435729130579e-02,5.000000000000000000e+00
5.545060000000000322e+00,1.776980000000000004e+00,3.350270000000000331e-02,1.857822000000000084e+00,1.532080423443886973e-02,5.000000000000000000e+00
5.666050000000000253e+00,1.784010000000000096e+00,3.360690000000000205e-02,1.782820000000000293e+00,1.502057013698215003e-02,5.000000000000000000e+00
5.787029999999999674e+00,1.721789999999999932e+00,3.303509999999999780e-02,1.718874000000000235e+00,1.475890956087203519e-02,5.000000000000000000e+00
5.908009999999999984e+00,1.695880000000000054e+00,3.280650000000000233e-02,1.684832000000000107e+00,1.462390113877962486e-02,5.000000000000000000e+00
6.028990000000000293e+00,1.615709999999999980e+00,3.203430000000000166e-02,1.650088000000000221e+00,1.448291288235899199e-02,5.000000000000000000e+00
6.149980000000000224e+00,1.606770000000000032e+00,3.198840000000000017e-02,1.611967999999999845e+00,1.432492799325706979e-02,5.000000000000000000e+00
6.270959999999999646e+00,1.610289999999999999e+00,3.204420000000000185e-02,1.567774000000000001e+00,1.413824920156664909e-02,5.000000000000000000e+00
6.391939999999999955e+00,1.531190000000000051e+00,3.126559999999999756e-02,1.544542000000000082e+00,1.404492501460936904e-02,5.000000000000000000e+00
6.512929999999999886e+00,1.474909999999999943e+00,3.071530000000000094e-02,1.515271999999999952e+00,1.392177575037035174e-02,5.000000000000000000e+00
6.633910000000000196e+00,1.499549999999999939e+00,3.099100000000000119e-02,1.475791999999999993e+00,1.375054416972651926e-02,5.000000000000000000e+00
6.754889999999999617e+00,1.460420000000000051e+00,3.061300000000000132e-02,1.454911999999999761e+00,1.366289993342555478e-02,5.000000000000000000e+00
6.875880000000000436e+00,1.412889999999999979e+00,3.013920000000000141e-02,1.458811999999999998e+00,1.369112382398172609e-02,5.000000000000000000e+00
6.996859999999999857e+00,1.426790000000000003e+00,3.028979999999999867e-02,1.451024000000000092e+00,1.366469452580627506e-02,5.000000000000000000e+00
7.117840000000000167e+00,1.494410000000000016e+00,3.102790000000000062e-02,1.458043999999999896e+00,1.370678857661414285e-02,5.000000000000000000e+00
7.238830000000000098e+00,1.460609999999999964e+00,3.069799999999999959e-02,1.472428000000000070e+00,1.378113633268316339e-02,5.000000000000000000e+00
7.359810000000000407e+00,1.495519999999999960e+00,3.107990000000000058e-02,1.476398000000000099e+00,1.380852939522525871e-02,5.000000000000000000e+00
7.480789999999999829e+00,1.484809999999999963e+00,3.097520000000000134e-02,1.459832000000000019e+00,1.373776478590312856e-02,5.000000000000000000e+00
7.601779999999999760e+00,1.446639999999999926e+00,3.060010000000000160e-02,1.456881999999999788e+00,1.373054134581735974e-02,5.000000000000000000e+00
7.722760000000000069e+00,1.411580000000000057e+00,3.023239999999999955e-02,1.444769999999999888e+00,1.367933662318462050e-02,5.000000000000000000e+00
7.843740000000000379e+00,1.445859999999999923e+00,3.061710000000000126e-02,1.435899999999999954e+00,1.364556169085025250e-02,5.000000000000000000e+00
7.964730000000000310e+00,1.434960000000000013e+00,3.051020000000000121e-02,1.430825999999999931e+00,1.362746340490408360e-02,5.000000000000000000e+00
8.085710000000000619e+00,1.440460000000000074e+00,3.060049999999999923e-02,1.420976000000000017e+00,1.359013802711363239e-02,5.000000000000000000e+00
8.206690000000000040e+00,1.421270000000000033e+00,3.039779999999999913e-02,1.378772000000000109e+00,1.339627751054747219e-02,5.000000000000000000e+00
8.327669999999999462e+00,1.362330000000000041e+00,2.980939999999999979e-02,1.320341999999999905e+00,1.312140264515954981e-02,5.000000000000000000e+00
8.448660000000000281e+00,1.234839999999999938e+00,2.840099999999999916e-02,1.238563999999999998e+00,1.271900382061425319e-02,5.000000000000000000e+00
8.569639999999999702e+00,1.142810000000000104e+00,2.736140000000000100e-02,1.147918000000000216e+00,1.225994400752303606e-02,5.000000000000000000e+00
8.690619999999999123e+00,1.031570000000000098e+00,2.600840000000000096e-02,1.060955800000000115e+00,1.179962141313016868e-02,5.000000000000000000e+00
8.811609999999999943e+00,9.680400000000000116e-01,2.524590000000000167e-02,9.932140000000000413e-01,1.143127044447816466e-02,5.000000000000000000e+00
8.932589999999999364e+00,9.275189999999999824e-01,2.473300000000000151e-02,9.388337999999999406e-01,1.112718286972942845e-02,5.000000000000000000e+00
9.053570000000000562e+00,8.961310000000000109e-01,2.434520000000000087e-02,9.065608000000000555e-01,1.094860068439798377e-02,5.000000000000000000e+00
9.174559999999999604e+00,8.709090000000000442e-01,2.402400000000000022e-02,8.778915999999998832e-01,1.078355660093644613e-02,5.000000000000000000e+00
9.295540000000000802e+00,8.702050000000000063e-01,2.403910000000000075e-02,8.593922000000000505e-01,1.067974238479561799e-02,5.000000000000000000e+00
9.416520000000000223e+00,8.246940000000000381e-01,2.340269999999999850e-02,8.252904000000000906e-01,1.047441621741278597e-02,5.000000000000000000e+00
9.537509999999999266e+00,8.350220000000000420e-01,2.358000000000000027e-02,7.829051999999999678e-01,1.021172806772683260e-02,5.000000000000000000e+00
9.658490000000000464e+00,7.256219999999999892e-01,2.200229999999999894e-02,7.341773999999999800e-01,9.898575747207271486e-03,5.000000000000000000e+00
9.779469999999999885e+00,6.589829999999999854e-01,2.100720000000000018e-02,6.863291999999999726e-01,9.582424701775641915e-03,5.000000000000000000e+00
9.900460000000000704e+00,6.265659999999999563e-01,2.050460000000000130e-02,6.165006000000000652e-01,9.093448559353047023e-03,5.000000000000000000e+00
1.002139999999999986e+01,5.854530000000000012e-01,1.984220000000000081e-02,5.760087999999999875e-01,8.802725779529884179e-03,5.000000000000000000e+00
1.014240000000000030e+01,4.858790000000000053e-01,1.810290000000000163e-02,5.430531999999999027e-01,8.555812445209396572e-03,5.000000000000000000e+00
1.026340000000000074e+01,5.231630000000000447e-01,1.881570000000000117e-02,5.047050000000000702e-01,8.255748175883273476e-03,5.000000000000000000e+00
1.038439999999999941e+01,4.942050000000000054e-01,1.827979999999999883e-02,4.646601999999999677e-01,7.927238858518141640e-03,5.000000000000000000e+00
1.050539999999999985e+01,4.348250000000000171e-01,1.715590000000000170e-02,4.506093999999999933e-01,7.810650597306218954e-03,5.000000000000000000e+00
1.062640000000000029e+01,3.852289999999999881e-01,1.614950000000000066e-02,4.251434000000000601e-01,7.591007293844473369e-03,5.000000000000000000e+00
1.074729999999999919e+01,4.156250000000000222e-01,1.678819999999999965e-02,4.099726000000000203e-01,7.458472449449686514e-03,5.000000000000000000e+00
1.086829999999999963e+01,3.958329999999999904e-01,1.641520000000000132e-02,4.020719999999999850e-01,7.391350734825130955e-03,5.000000000000000000e+00
1.098930000000000007e+01,4.183509999999999729e-01,1.686079999999999871e-02,3.994503999999999833e-01,7.373690974918870045e-03,5.000000000000000000e+00
1.111030000000000051e+01,3.953220000000000067e-01,1.641360000000000041e-02,3.830275999999999681e-01,7.225598708591558436e-03,5.000000000000000000e+00
1.123129999999999917e+01,3.721209999999999796e-01,1.594639999999999946e-02,3.700254000000000043e-01,7.106474848221163224e-03,5.000000000000000000e+00
1.135229999999999961e+01,3.335110000000000019e-01,1.509279999999999997e-02,3.537137999999999671e-01,6.953469097738191988e-03,5.000000000000000000e+00
1.147320000000000029e+01,3.308220000000000049e-01,1.505910000000000061e-02,3.476124000000000436e-01,6.898903691515051451e-03,5.000000000000000000e+00
1.159420000000000073e+01,3.367930000000000090e-01,1.518240000000000041e-02,3.358354000000000616e-01,6.785394777667692542e-03,5.000000000000000000e+00
1.171519999999999939e+01,3.648150000000000004e-01,1.582750000000000129e-02,3.305390000000000272e-01,6.736878178711561138e-03,5.000000000000000000e+00
1.183619999999999983e+01,3.132360000000000144e-01,1.467839999999999943e-02,3.219772000000000189e-01,6.654047332623956763e-03,5.000000000000000000e+00
1.195720000000000027e+01,3.070289999999999964e-01,1.453929999999999979e-02,3.158491999999999966e-01,6.596266981922426116e-03,5.000000000000000000e+00
1.207820000000000071e+01,2.880130000000000190e-01,1.410840000000000011e-02,3.052764000000000588e-01,6.490523344600186706e-03,5.000000000000000000e+00
1.219909999999999961e+01,3.061530000000000085e-01,1.453839999999999993e-02,3.087516000000000149e-01,6.532715375462181881e-03,5.000000000000000000e+00
1.232010000000000005e+01,3.119509999999999783e-01,1.469400000000000046e-02,3.070004000000000066e-01,6.520450324724512588e-03,5.000000000000000000e+00
1.244110000000000049e+01,3.306120000000000170e-01,1.513910000000000082e-02,3.097028000000000558e-01,6.552662674852109854e-03,5.000000000000000000e+00
1.256209999999999916e+01,2.982730000000000103e-01,1.440100000000000061e-02,3.085312000000000054e-01,6.545534358965659702e-03,5.000000000000000000e+00
1.268309999999999960e+01,3.015249999999999875e-01,1.447670000000000033e-02,3.104905999999999500e-01,6.572865073679818107e-03,5.000000000000000000e+00
1.280410000000000004e+01,3.002949999999999786e-01,1.445789999999999922e-02,3.081389999999999962e-01,6.554061038226604088e-03,5.000000000000000000e+00
1.292500000000000071e+01,3.217479999999999785e-01,1.499589999999999951e-02,3.087393999999999972e-01,6.564103665634783355e-03,5.000000000000000000e+00
1.304599999999999937e+01,3.188540000000000263e-01,1.493389999999999995e-02,3.079415999999999820e-01,6.559496614222770465e-03,5.000000000000000000e+00
1.316699999999999982e+01,3.012750000000000150e-01,1.451490000000000072e-02,3.088994000000000462e-01,6.576781893297055544e-03,5.000000000000000000e+00
1.328800000000000026e+01,2.975360000000000227e-01,1.442440000000000042e-02,3.029168000000000416e-01,6.516932830189367358e-03,5.000000000000000000e+00
1.340900000000000070e+01,3.050840000000000218e-01,1.465289999999999995e-02,2.977485999999999744e-01,6.464368957848863444e-03,5.000000000000000000e+00
1.352999999999999936e+01,2.918350000000000111e-01,1.432779999999999991e-02,2.906107999999999469e-01,6.391655181594201041e-03,5.000000000000000000e+00
1.365090000000000003e+01,2.930130000000000234e-01,1.435140000000000027e-02,2.836315999999999837e-01,6.320396588474492920e-03,5.000000000000000000e+00
1.377190000000000047e+01,2.655859999999999888e-01,1.368620000000000080e-02,2.729679999999999884e-01,6.204060258637080459e-03,5.000000000000000000e+00
1.389289999999999914e+01,2.626399999999999846e-01,1.361680000000000008e-02,2.589776000000000300e-01,6.047064357124041709e-03,5.000000000000000000e+00
1.401389999999999958e+01,2.517659999999999898e-01,1.335219999999999983e-02,2.476107999999999920e-01,5.918908042941704514e-03,5.000000000000000000e+00
1.413490000000000002e+01,2.218829999999999969e-01,1.253800000000000053e-02,2.417196000000000067e-01,5.852245620853588001e-03,5.000000000000000000e+00
1.425590000000000046e+01,2.361790000000000000e-01,1.294700000000000017e-02,2.396092000000000222e-01,5.830660157546485069e-03,5.000000000000000000e+00
1.437679999999999936e+01,2.361300000000000066e-01,1.294969999999999975e-02,2.306961999999999902e-01,5.724674715195615313e-03,5.000000000000000000e+00
1.449779999999999980e+01,2.520879999999999788e-01,1.338330000000000075e-02,2.279771999999999910e-01,5.694745392447322224e-03,5.000000000000000000e+00
1.461880000000000024e+01,2.072009999999999963e-01,1.215169999999999965e-02,2.187560000000000060e-01,5.579919512430264045e-03,5.000000000000000000e+00
1.473980000000000068e+01,2.082880000000000009e-01,1.219250000000000021e-02,2.155102000000000406e-01,5.540842362962513160e-03,5.000000000000000000e+00
1.486079999999999934e+01,1.900729999999999920e-01,1.163010000000000085e-02,2.007834000000000008e-01,5.349944050698099939e-03,5.000000000000000000e+00
1.498170000000000002e+01,2.199010000000000131e-01,1.252319999999999996e-02,1.965069999999999872e-01,5.294775281312702128e-03,5.000000000000000000e+00
1.510270000000000046e+01,1.784540000000000015e-01,1.127550000000000080e-02,1.904599999999999904e-01,5.213138805671684722e-03,5.000000000000000000e+00
1.522369999999999912e+01,1.858190000000000119e-01,1.153180000000000004e-02,1.867389999999999883e-01,5.163847511536335047e-03,5.000000000000000000e+00
1.534469999999999956e+01,1.780529999999999891e-01,1.127880000000000028e-02,1.821341999999999961e-01,5.102991013356774318e-03,5.000000000000000000e+00
1.546570000000000000e+01,1.714680000000000093e-01,1.106670000000000050e-02,1.827277999999999680e-01,5.113918707879507031e-03,5.000000000000000000e+00
1.558670000000000044e+01,1.968769999999999964e-01,1.188320000000000001e-02,1.790679999999999772e-01,5.062168735789039642e-03,5.000000000000000000e+00
1.570759999999999934e+01,1.814219999999999999e-01,1.139860000000000005e-02,1.816597999999999824e-01,5.101531490601621255e-03,5.000000000000000000e+00
1.582859999999999978e+01,1.675200000000000022e-01,1.094610000000000027e-02,1.777896000000000198e-01,5.050219793593145948e-03,5.000000000000000000e+00
1.594960000000000022e+01,1.910119999999999874e-01,1.171379999999999991e-02,1.683451999999999726e-01,4.916584906050134110e-03,5.000000000000000000e+00
1.607059999999999889e+01,1.521170000000000022e-01,1.046180000000000027e-02,1.634643999999999819e-01,4.850375322838430120e-03,5.000000000000000000e+00
1.619160000000000110e+01,1.496550000000000102e-01,1.038810000000000081e-02,1.624581999999999971e-01,4.840548102601605236e-03,5.000000000000000000e+00
1.631259999999999977e+01,1.570179999999999909e-01,1.066590000000000073e-02,1.567101999999999939e-01,4.758351792543296689e-03,5.000000000000000000e+00
1.643349999999999866e+01,1.624889999999999946e-01,1.083680000000000060e-02,1.577793999999999863e-01,4.777487528230712176e-03,5.000000000000000000e+00
1.655450000000000088e+01,1.622719999999999996e-01,1.083920000000000022e-02,1.609440000000000037e-01,4.828763379955576356e-03,5.000000000000000000e+00
1.667549999999999955e+01,1.574629999999999919e-01,1.067760000000000063e-02,1.602663999999999755e-01,4.819724746995412631e-03,5.000000000000000000e+00
1.679650000000000176e+01,1.654779999999999862e-01,1.096480000000000024e-02,1.570764000000000049e-01,4.775859979898908030e-03,5.000000000000000000e+00
1.691750000000000043e+01,1.536299999999999888e-01,1.056320000000000002e-02,1.564053999999999722e-01,4.767256619314718530e-03,5.000000000000000000e+00
1.703849999999999909e+01,1.465390000000000026e-01,1.033990000000000083e-02,1.536273999999999695e-01,4.729270817620831110e-03,5.000000000000000000e+00
1.715940000000000154e+01,1.589170000000000027e-01,1.074409999999999948e-02,1.477174000000000265e-01,4.641634427501158122e-03,5.000000000000000000e+00
1.728040000000000020e+01,1.435730000000000062e-01,1.024659999999999981e-02,1.424465999999999788e-01,4.563701673572014006e-03,5.000000000000000000e+00
1.740139999999999887e+01,1.359279999999999933e-01,9.984790000000000332e-03,1.383139999999999925e-01,4.500601021968955208e-03,5.000000000000000000e+00
1.752240000000000109e+01,1.272760000000000002e-01,9.677099999999999244e-03,1.292757999999999963e-01,4.357255383317346596e-03,5.000000000000000000e+00
1.764339999999999975e+01,1.258759999999999879e-01,9.623639999999999278e-03,1.272699999999999942e-01,4.328317192113812634e-03,5.000000000000000000e+00
1.776439999999999841e+01,1.137259999999999938e-01,9.148349999999999538e-03,1.204955999999999944e-01,4.215435094532947458e-03,5.000000000000000000e+00
1.788530000000000086e+01,1.335439999999999960e-01,9.935249999999999637e-03,1.171659999999999924e-01,4.159911614474038136e-03,5.000000000000000000e+00
1.800629999999999953e+01,1.020559999999999939e-01,8.693970000000000517e-03,1.134107999999999922e-01,4.095568318543349635e-03,5.000000000000000000e+00
1.812730000000000175e+01,1.106280000000000041e-01,9.056520000000000195e-03,1.141079999999999872e-01,4.111954215036446245e-03,5.000000000000000000e+00
1.824830000000000041e+01,1.071000000000000008e-01,8.907009999999999927e-03,1.097181999999999880e-01,4.034524154325017445e-03,5.000000000000000000e+00
1.836929999999999907e+01,1.172119999999999967e-01,9.330299999999999705e-03,1.085071399999999880e-01,4.014268861834244251e-03,5.000000000000000000e+00
1.849030000000000129e+01,1.115949999999999998e-01,9.107119999999999799e-03,1.057656800000000008e-01,3.964664380766674823e-03,5.000000000000000000e+00
1.861120000000000019e+01,9.600069999999999437e-02,8.456319999999999809e-03,1.043822800000000078e-01,3.942156376834383621e-03,5.000000000000000000e+00
1.873219999999999885e+01,9.692069999999999852e-02,8.492690000000000655e-03,1.016756800000000044e-01,3.892893034006970985e-03,5.000000000000000000e+00
1.885320000000000107e+01,1.001829999999999943e-01,8.653650000000000578e-03,9.894000000000000017e-02,3.841266263831238405e-03,5.000000000000000000e+00
1.897419999999999973e+01,1.036789999999999934e-01,8.798010000000000205e-03,1.009874599999999872e-01,3.883016293980235539e-03,5.000000000000000000e+00
1.909519999999999840e+01,9.791660000000000641e-02,8.541510000000000422e-03,9.870186000000000237e-02,3.842770297828377972e-03,5.000000000000000000e+00
1.921620000000000061e+01,1.062379999999999991e-01,8.920290000000000857e-03,9.646343999999999752e-02,3.801650837226901690e-03,5.000000000000000000e+00
1.933709999999999951e+01,8.549270000000000480e-02,8.021999999999999617e-03,9.335114000000001300e-02,3.743409271178881059e-03,5.000000000000000000e+00
1.945810000000000173e+01,8.899089999999999778e-02,8.187019999999999714e-03,9.267828000000000177e-02,3.734130305268952479e-03,5.000000000000000000e+00
1.957910000000000039e+01,8.811750000000000138e-02,8.149790000000000506e-03,9.412568000000001711e-02,3.767006840824688348e-03,5.000000000000000000e+00
1.970009999999999906e+01,9.455230000000000579e-02,8.439359999999999917e-03,9.398377999999998900e-02,3.764116540335062794e-03,5.000000000000000000e+00
1.982110000000000127e+01,1.134750000000000064e-01,9.259420000000000844e-03,9.527657999999999960e-02,3.791771231259080666e-03,5.000000000000000000e+00
1.994209999999999994e+01,8.478320000000000300e-02,7.988010000000000249e-03,9.810488000000000541e-02,3.850109773478673468e-03,5.000000000000000000e+00
2.006299999999999883e+01,9.545489999999999531e-02,8.500070000000000195e-03,9.473687999999999554e-02,3.784754824549670278e-03,5.000000000000000000e+00
2.018400000000000105e+01,1.022590000000000027e-01,8.807070000000000176e-03,8.865444000000000102e-02,3.662840934844428104e-03,5.000000000000000000e+00
2.030499999999999972e+01,7.771229999999999805e-02,7.664749999999999688e-03,8.939969999999999861e-02,3.682221878983937997e-03,5.000000000000000000e+00
2.042599999999999838e+01,8.306280000000000607e-02,7.939629999999999604e-03,8.843920000000000947e-02,3.665094251717409320e-03,5.000000000000000000e+00
2.054700000000000060e+01,8.850950000000000484e-02,8.207749999999999768e-03,8.645396000000001024e-02,3.625783945296796179e-03,5.000000000000000000e+00
2.066799999999999926e+01,9.065239999999999410e-02,8.312949999999999506e-03,9.119529999999999303e-02,3.726085166793158786e-03,5.000000000000000000e+00
2.078890000000000171e+01,9.233280000000000654e-02,8.390430000000000804e-03,9.233139999999999403e-02,3.752643442194314970e-03,5.000000000000000000e+00
2.090990000000000038e+01,1.014189999999999953e-01,8.785410000000000441e-03,9.237460000000000115e-02,3.755507138209165843e-03,5.000000000000000000e+00
2.103089999999999904e+01,8.874329999999999719e-02,8.246409999999999157e-03,9.219114000000000475e-02,3.753082553352110693e-03,5.000000000000000000e+00
2.115190000000000126e+01,8.872549999999999881e-02,8.240429999999999977e-03,9.183792000000000344e-02,3.748181572722430847e-03,5.000000000000000000e+00
2.127289999999999992e+01,8.973509999999999820e-02,8.285529999999999284e-03,9.114777999999999769e-02,3.738445391607051003e-03,5.000000000000000000e+00
2.139389999999999858e+01,9.056669999999999998e-02,8.335479999999999279e-03,8.796351999999998950e-02,3.672032539434801936e-03,5.000000000000000000e+00
2.151480000000000103e+01,9.796829999999999428e-02,8.681080000000000740e-03,8.794672000000000600e-02,3.673293686394813601e-03,5.000000000000000000e+00
2.163579999999999970e+01,7.282199999999999784e-02,7.463209999999999636e-03,8.575436000000000170e-02,3.629064404293205672e-03,5.000000000000000000e+00
2.175679999999999836e+01,8.864149999999999807e-02,8.254469999999999863e-03,8.238048000000000592e-02,3.558092161101508114e-03,5.000000000000000000e+00
2.187780000000000058e+01,7.877330000000000443e-02,7.783029999999999810e-03,8.105131999999999615e-02,3.529396813282972833e-03,5.000000000000000000e+00
2.199879999999999924e+01,7.369729999999999337e-02,7.531799999999999953e-03,8.165316000000000241e-02,3.546212690441451817e-03,5.000000000000000000e+00
2.211980000000000146e+01,9.132250000000000090e-02,8.383120000000000849e-03,8.013124000000000635e-02,3.514133421302042311e-03,5.000000000000000000e+00
2.224070000000000036e+01,7.583120000000000138e-02,7.659899999999999869e-03,8.067423999999999429e-02,3.529011038795429843e-03,5.000000000000000000e+00
2.236169999999999902e+01,8.103190000000000393e-02,7.904049999999999271e-03,8.122250000000000303e-02,3.543626050429700587e-03,5.000000000000000000e+00
2.248270000000000124e+01,8.148829999999999962e-02,7.949539999999999731e-03,8.165180000000001048e-02,3.556076106652949955e-03,5.000000000000000000e+00
2.260369999999999990e+01,7.643859999999999544e-02,7.701440000000000369e-03,8.151680000000000037e-02,3.554810526245808042e-03,5.000000000000000000e+00
2.272469999999999857e+01,9.346899999999999653e-02,8.513899999999999593e-03,8.107459999999999667e-02,3.546989820417307399e-03,5.000000000000000000e+00
2.284570000000000078e+01,7.515620000000000633e-02,7.645200000000000433e-03,8.404250000000000609e-02,3.613952699825497168e-03,5.000000000000000000e+00
2.296659999999999968e+01,7.882089999999999930e-02,7.815719999999999959e-03,8.578800000000000314e-02,3.655087647706412816e-03,5.000000000000000000e+00
2.308759999999999835e+01,9.632780000000000509e-02,8.670819999999999222e-03,8.147303999999999657e-02,3.566173304203821594e-03,5.000000000000000000e+00
2.320860000000000056e+01,8.516609999999999459e-02,8.172360000000000041e-03,8.187451999999999230e-02,3.575513837760385585e-03,5.000000000000000000e+00
2.332959999999999923e+01,7.189420000000000532e-02,7.512300000000000401e-03,8.312743999999999689e-02,3.608316567192518080e-03,5.000000000000000000e+00
2.345060000000000144e+01,7.716359999999999886e-02,7.753499999999999975e-03,8.165913999999999118e-02,3.577907694600295646e-03,5.000000000000000000e+00
2.357160000000000011e+01,8.508549999999999447e-02,8.183930000000000718e-03,8.228366000000000846e-02,3.593626401324433693e-03,5.000000000000000000e+00
2.369249999999999901e+01,8.898630000000000428e-02,8.349850000000000674e-03,8.387397999999998688e-02,3.630146335656456950e-03,5.000000000000000000e+00
2.381350000000000122e+01,8.828869999999999774e-02,8.342999999999999722e-03,8.474171999999999261e-02,3.654497070071886268e-03,5.000000000000000000e+00
2.393449999999999989e+01,7.984579999999999456e-02,7.939140000000000780e-03,8.445632000000000139e-02,3.824839163795517964e-03,5.000000000000000000e+00
2.405549999999999855e+01,8.150229999999999975e-02,8.034390000000000628e-03,8.408043999999999241e-02,3.546321828613979796e-03,5.000000000000000000e+00
2.415630000000000166e+01,8.365849999999999675e-02,9.941220000000000612e-03,8.320057999999999621e-02,3.240170300928641063e-03,5.000000000000000000e+00
2.425710000000000122e+01,8.710690000000000099e-02,4.288949999999999707e-03,8.355344000000000659e-02,2.943367310254022678e-03,5.000000000000000000e+00
2.437839999999999918e+01,8.388940000000000285e-02,4.202769999999999770e-03,8.283848000000000600e-02,2.593691048630117693e-03,5.000000000000000000e+00
2.450029999999999930e+01,8.161010000000000486e-02,4.140969999999999894e-03,8.227476000000000234e-02,1.854296571248515140e-03,5.000000000000000000e+00
2.462280000000000157e+01,7.792749999999999677e-02,4.018329999999999645e-03,8.128641999999999812e-02,1.838031164993673191e-03,5.000000000000000000e+00
2.474589999999999890e+01,8.083990000000000620e-02,4.075220000000000058e-03,8.084953999999999752e-02,1.828295349960722040e-03,5.000000000000000000e+00
2.486959999999999837e+01,8.216519999999999380e-02,4.110189999999999677e-03,8.118373999999999036e-02,1.827140743680135803e-03,5.000000000000000000e+00
2.499399999999999977e+01,8.170499999999999985e-02,4.095230000000000051e-03,8.200558000000000847e-02,1.832892399085117845e-03,5.000000000000000000e+00
2.511899999999999977e+01,8.328109999999999680e-02,4.128210000000000213e-03,8.052725999999998940e-02,1.812890269363261891e-03,5.000000000000000000e+00
2.524459999999999837e+01,8.203670000000000406e-02,4.083289999999999836e-03,8.026816000000000506e-02,1.804176381164546757e-03,5.000000000000000000e+00
2.537079999999999913e+01,7.344829999999999415e-02,3.845040000000000090e-03,7.965328000000000686e-02,1.791608847019906994e-03,5.000000000000000000e+00
2.549759999999999849e+01,8.086970000000000269e-02,4.013189999999999813e-03,7.957580000000000209e-02,1.785113973072868006e-03,5.000000000000000000e+00
2.562509999999999977e+01,7.863059999999999494e-02,3.954889999999999968e-03,7.968266000000000238e-02,1.781331252359313498e-03,5.000000000000000000e+00
2.575329999999999941e+01,8.289370000000000072e-02,4.057260000000000033e-03,8.214432000000000678e-02,1.803130930135690268e-03,5.000000000000000000e+00
2.588200000000000145e+01,8.257100000000000550e-02,4.041780000000000025e-03,8.134628000000000692e-02,1.791030428929670740e-03,5.000000000000000000e+00
2.601139999999999830e+01,8.575660000000000227e-02,4.091189999999999757e-03,8.204686000000001311e-02,1.794646414838310406e-03,5.000000000000000000e+00
2.614150000000000063e+01,7.687950000000000339e-02,3.875360000000000003e-03,8.324847999999999970e-02,1.802868591570666590e-03,5.000000000000000000e+00
2.627220000000000155e+01,8.213349999999999818e-02,3.995659999999999837e-03,8.374718000000000440e-02,1.803435687829205419e-03,5.000000000000000000e+00
2.640360000000000085e+01,8.890180000000000304e-02,4.147389999999999931e-03,8.355534000000000572e-02,1.797753999449312832e-03,5.000000000000000000e+00
2.653559999999999874e+01,8.506450000000000122e-02,4.048099999999999789e-03,8.369334000000000495e-02,1.795321047360610555e-03,5.000000000000000000e+00
2.666819999999999879e+01,8.479739999999999500e-02,4.028190000000000069e-03,8.293796000000000501e-02,1.782540409015178490e-03,5.000000000000000000e+00
2.680160000000000053e+01,7.756949999999999956e-02,3.847059999999999803e-03,8.135238000000000191e-02,1.760494268625717408e-03,5.000000000000000000e+00
2.693560000000000088e+01,7.835659999999999847e-02,3.849949999999999987e-03,8.073595999999999551e-02,1.748364533128031386e-03,5.000000000000000000e+00
2.707029999999999959e+01,8.097390000000000143e-02,3.904879999999999896e-03,7.954343999999999304e-02,1.730140327924876726e-03,5.000000000000000000e+00
2.720560000000000045e+01,8.198239999999999694e-02,3.914469999999999755e-03,8.027468000000000103e-02,1.733360514273934614e-03,5.000000000000000000e+00
2.734169999999999945e+01,7.883479999999999654e-02,3.826420000000000082e-03,7.987516000000000060e-02,1.725107990917670213e-03,5.000000000000000000e+00
2.747840000000000060e+01,8.122569999999999790e-02,3.883129999999999828e-03,8.071510000000001184e-02,1.730637760251404946e-03,5.000000000000000000e+00
2.761580000000000013e+01,7.635899999999999632e-02,3.756139999999999826e-03,8.042763999999999469e-02,1.723804301790664295e-03,5.000000000000000000e+00
2.775379999999999825e+01,8.517360000000000209e-02,3.965579999999999800e-03,8.146659999999998625e-02,1.731733952586251039e-03,5.000000000000000000e+00
2.789260000000000161e+01,8.054509999999999448e-02,3.838349999999999922e-03,8.074188000000000198e-02,1.719799892344455209e-03,5.000000000000000000e+00
2.803209999999999980e+01,8.402959999999999596e-02,3.914909999999999744e-03,8.184819999999999596e-02,1.727667141074344702e-03,5.000000000000000000e+00
2.817220000000000013e+01,7.760209999999999331e-02,3.748190000000000202e-03,8.121363999999998973e-02,1.716480080937731172e-03,5.000000000000000000e+00
2.831309999999999860e+01,8.189059999999999395e-02,3.845340000000000043e-03,8.153801999999998884e-02,1.716363815586893424e-03,5.000000000000000000e+00
2.845469999999999899e+01,8.200079999999999869e-02,3.842209999999999983e-03,8.066473999999998479e-02,1.703945654507795730e-03,5.000000000000000000e+00
2.859690000000000154e+01,8.216700000000000392e-02,3.837049999999999836e-03,8.200409999999999644e-02,1.713830136109176835e-03,5.000000000000000000e+00
2.873989999999999867e+01,7.966320000000000345e-02,3.776859999999999939e-03,8.220696000000000947e-02,1.712446643610246759e-03,5.000000000000000000e+00
2.888360000000000127e+01,8.429889999999999606e-02,3.859210000000000071e-03,8.147854000000000207e-02,1.700927654714332743e-03,5.000000000000000000e+00
2.902799999999999869e+01,8.290490000000000359e-02,3.829899999999999798e-03,8.019458000000000142e-02,1.683667522935570300e-03,5.000000000000000000e+00
2.917320000000000135e+01,7.835870000000000335e-02,3.712089999999999921e-03,7.946732000000000795e-02,1.671722119722054587e-03,5.000000000000000000e+00
2.931899999999999906e+01,7.574720000000000064e-02,3.641769999999999903e-03,7.711505999999999916e-02,1.643910355165390316e-03,5.000000000000000000e+00
2.946559999999999846e+01,7.602689999999999448e-02,3.641789999999999784e-03,7.336225999999999858e-02,1.599270758144473708e-03,5.000000000000000000e+00
2.961299999999999955e+01,7.253759999999999375e-02,3.547980000000000057e-03,7.302610000000001045e-02,1.591712838161456591e-03,5.000000000000000000e+00
2.976099999999999923e+01,6.414090000000000069e-02,3.323969999999999876e-03,7.193808000000000147e-02,1.575839931671995948e-03,5.000000000000000000e+00
2.990980000000000061e+01,7.667789999999999329e-02,3.629970000000000158e-03,7.129220000000000002e-02,1.564966511035938927e-03,5.000000000000000000e+00
3.005940000000000012e+01,7.030709999999999738e-02,3.464899999999999924e-03,7.135704000000001046e-02,1.561909374782032445e-03,5.000000000000000000e+00
3.020970000000000155e+01,7.279750000000000110e-02,3.522620000000000178e-03,7.303235999999999062e-02,1.576726181495062117e-03,5.000000000000000000e+00
3.036070000000000135e+01,7.286180000000000434e-02,3.514139999999999799e-03,7.153704000000001006e-02,1.556131438870123279e-03,5.000000000000000000e+00
3.051249999999999929e+01,7.251749999999999863e-02,3.494479999999999895e-03,7.279225999999999752e-02,1.565773104272774347e-03,5.000000000000000000e+00
3.066509999999999891e+01,6.920129999999999337e-02,3.400540000000000073e-03,7.163479999999999848e-02,1.550073953059014423e-03,5.000000000000000000e+00
3.081840000000000046e+01,7.658320000000000405e-02,3.571840000000000171e-03,7.092371999999999566e-02,1.538849676922343169e-03,5.000000000000000000e+00
3.097250000000000014e+01,6.701020000000000587e-02,3.344540000000000013e-03,7.043462000000000334e-02,1.529917130223725462e-03,5.000000000000000000e+00
3.112740000000000151e+01,6.930640000000000411e-02,3.388570000000000037e-03,7.106596000000001134e-02,1.534033519455164831e-03,5.000000000000000000e+00
3.128300000000000125e+01,7.007199999999999540e-02,3.395009999999999955e-03,6.947174000000000404e-02,1.513558565859940636e-03,5.000000000000000000e+00
3.143939999999999912e+01,7.235800000000000565e-02,3.446589999999999810e-03,7.098224000000000200e-02,1.525975339292217963e-03,5.000000000000000000e+00
3.159659999999999869e+01,6.861209999999999531e-02,3.346350000000000106e-03,7.003739999999999966e-02,1.512262663312163987e-03,5.000000000000000000e+00
3.175459999999999994e+01,7.456269999999999565e-02,3.482739999999999794e-03,6.923957999999999502e-02,1.500325023175978333e-03,5.000000000000000000e+00
3.191339999999999932e+01,6.458220000000000627e-02,3.231229999999999866e-03,6.956344000000000416e-02,1.499529135128757672e-03,5.000000000000000000e+00
3.207289999999999708e+01,6.608289999999999997e-02,3.259909999999999978e-03,7.076225999999999350e-02,1.509234840826304122e-03,5.000000000000000000e+00
3.223329999999999984e+01,7.397729999999999584e-02,3.437920000000000125e-03,7.136252000000001261e-02,1.512295022862933207e-03,5.000000000000000000e+00
3.239450000000000074e+01,7.460619999999999752e-02,3.453710000000000026e-03,7.264160000000000061e-02,1.522916843014089118e-03,5.000000000000000000e+00
3.255639999999999645e+01,7.756399999999999406e-02,3.515770000000000093e-03,7.314547999999999883e-02,1.525320952618169391e-03,5.000000000000000000e+00
3.271920000000000073e+01,7.097760000000000180e-02,3.353629999999999806e-03,7.209106000000001235e-02,1.511733019927791319e-03,5.000000000000000000e+00
3.288280000000000314e+01,6.860230000000000494e-02,3.287889999999999910e-03,7.146055999999999242e-02,1.501647108136928499e-03,5.000000000000000000e+00
3.304719999999999658e+01,6.870519999999999405e-02,3.284449999999999956e-03,7.058931999999999707e-02,1.488960205699265890e-03,5.000000000000000000e+00
3.321249999999999858e+01,7.145369999999999500e-02,3.341900000000000079e-03,7.096743999999999275e-02,1.489458748439848653e-03,5.000000000000000000e+00
3.337850000000000250e+01,7.320780000000000343e-02,3.378180000000000158e-03,7.182717999999999048e-02,1.494868851700375699e-03,5.000000000000000000e+00
3.354540000000000077e+01,7.286819999999999409e-02,3.359159999999999924e-03,7.298827999999998872e-02,1.503595558612754292e-03,5.000000000000000000e+00
3.371320000000000050e+01,7.290099999999999358e-02,3.348709999999999968e-03,7.187219999999998332e-02,1.488514837868941138e-03,5.000000000000000000e+00
3.388170000000000215e+01,7.451069999999999915e-02,3.382570000000000108e-03,7.118391999999999775e-02,1.477514163662737960e-03,5.000000000000000000e+00
3.405109999999999815e+01,6.587329999999999575e-02,3.168629999999999971e-03,7.153117999999999976e-02,1.477898125235971609e-03,5.000000000000000000e+00
3.422140000000000271e+01,6.976640000000000619e-02,3.255210000000000135e-03,7.136522000000000698e-02,1.473636143241607768e-03,5.000000000000000000e+00
3.439249999999999829e+01,7.460450000000000415e-02,3.363380000000000015e-03,7.148580000000000212e-02,1.471475269553654220e-03,5.000000000000000000e+00
3.456450000000000244e+01,7.207120000000000193e-02,3.301419999999999789e-03,7.169974000000001180e-02,1.471277218129880696e-03,5.000000000000000000e+00
3.473729999999999762e+01,7.511360000000000259e-02,3.358970000000000185e-03,7.235236000000000445e-02,1.475355187492150954e-03,5.000000000000000000e+00
3.491100000000000136e+01,6.694300000000000250e-02,3.166330000000000186e-03,7.183272000000000268e-02,1.467158960133495369e-03,5.000000000000000000e+00
3.508550000000000324e+01,7.302949999999999720e-02,3.301029999999999937e-03,7.221582000000001389e-02,1.467684079134198242e-03,5.000000000000000000e+00
3.526089999999999947e+01,7.200629999999999531e-02,3.272520000000000116e-03,7.242923999999999196e-02,1.466576140065015393e-03,5.000000000000000000e+00
3.543730000000000047e+01,7.398670000000000246e-02,3.307249999999999860e-03,7.485543999999999532e-02,1.487847342388324331e-03,5.000000000000000000e+00
3.561440000000000339e+01,7.618070000000000397e-02,3.346850000000000172e-03,7.654474000000000000e-02,1.500274413676378100e-03,5.000000000000000000e+00
3.579249999999999687e+01,7.907400000000000539e-02,3.405399999999999833e-03,7.711914000000000269e-02,1.501732764481084319e-03,5.000000000000000000e+00
3.597149999999999892e+01,8.147600000000000675e-02,3.438769999999999848e-03,7.694486000000000381e-02,1.496648397049888356e-03,5.000000000000000000e+00
3.615129999999999910e+01,7.487829999999999486e-02,3.289199999999999936e-03,7.763169999999999793e-02,1.500368064445521373e-03,5.000000000000000000e+00
3.633209999999999695e+01,7.311529999999999418e-02,3.249119999999999873e-03,7.627648000000000761e-02,1.483764041245102866e-03,5.000000000000000000e+00
3.651370000000000005e+01,7.961490000000000233e-02,3.388229999999999888e-03,7.572320000000000439e-02,1.476604207565453174e-03,5.000000000000000000e+00
3.669630000000000081e+01,7.229789999999999828e-02,3.218389999999999793e-03,7.553835999999999884e-02,1.472569972176534549e-03,5.000000000000000000e+00
3.687980000000000302e+01,7.870960000000000456e-02,3.360839999999999921e-03,7.621746000000000076e-02,1.476228251038436134e-03,5.000000000000000000e+00
3.706419999999999959e+01,7.395409999999999484e-02,3.243670000000000147e-03,7.491368000000001026e-02,1.460200009672647488e-03,5.000000000000000000e+00
3.724949999999999761e+01,7.651080000000000381e-02,3.290359999999999986e-03,7.592941999999999747e-02,1.466499720047705936e-03,5.000000000000000000e+00
3.743580000000000041e+01,7.309599999999999431e-02,3.209899999999999906e-03,7.577084000000000596e-02,1.461292490084035089e-03,5.000000000000000000e+00
3.762290000000000134e+01,7.737660000000000371e-02,3.289219999999999818e-03,7.620100000000000484e-02,1.462021298988493015e-03,5.000000000000000000e+00
3.781110000000000326e+01,7.791670000000000540e-02,3.303649999999999989e-03,7.583512000000000586e-02,1.455022981738776687e-03,5.000000000000000000e+00
3.800010000000000332e+01,7.610490000000000310e-02,3.251870000000000021e-03,7.619391999999999832e-02,1.455227765720541787e-03,5.000000000000000000e+00
3.819010000000000105e+01,7.468139999999999501e-02,3.211869999999999916e-03,7.493513999999999731e-02,1.440212753472208413e-03,5.000000000000000000e+00
3.838110000000000355e+01,7.488999999999999824e-02,3.212220000000000006e-03,7.457365999999999995e-02,1.433130141920125732e-03,5.000000000000000000e+00
3.857300000000000040e+01,7.108269999999999866e-02,3.119629999999999972e-03,7.359066000000000218e-02,1.420570641645110214e-03,5.000000000000000000e+00
3.876579999999999870e+01,7.610930000000000473e-02,3.225730000000000004e-03,7.293660000000000421e-02,1.411262277662093337e-03,5.000000000000000000e+00
3.895969999999999800e+01,7.118990000000000040e-02,3.111050000000000187e-03,7.353077999999999004e-02,1.414441474794909991e-03,5.000000000000000000e+00
3.915449999999999875e+01,7.141110000000000513e-02,3.107589999999999918e-03,7.405380000000000296e-02,1.417560087417813874e-03,5.000000000000000000e+00
3.935020000000000095e+01,7.786089999999999678e-02,3.246989999999999946e-03,7.359595999999998805e-02,1.409584738604955376e-03,5.000000000000000000e+00
3.954699999999999704e+01,7.369779999999999387e-02,3.154820000000000020e-03,7.421389999999999931e-02,1.412407219357080532e-03,5.000000000000000000e+00
3.974470000000000169e+01,7.382009999999999961e-02,3.137140000000000067e-03,7.473445999999998868e-02,1.414660616491460838e-03,5.000000000000000000e+00
3.994339999999999691e+01,7.427960000000000118e-02,3.142890000000000180e-03,7.384157999999999000e-02,1.402559330889071622e-03,5.000000000000000000e+00
4.014320000000000022e+01,7.401389999999999358e-02,3.133110000000000148e-03,7.473208000000000628e-02,1.407440905307217466e-03,5.000000000000000000e+00
4.034389999999999787e+01,7.339650000000000341e-02,3.112980000000000001e-03,7.495588000000000251e-02,1.406745270723879122e-03,5.000000000000000000e+00
4.054560000000000031e+01,7.815030000000000587e-02,3.208710000000000034e-03,7.509855999999999476e-02,1.405313875987851966e-03,5.000000000000000000e+00
4.074830000000000041e+01,7.493909999999999461e-02,3.129330000000000046e-03,7.534324000000000576e-02,1.404632324711345978e-03,5.000000000000000000e+00
4.095210000000000150e+01,7.499300000000000410e-02,3.126840000000000088e-03,7.482521999999999784e-02,1.397506381206182471e-03,5.000000000000000000e+00
4.115679999999999694e+01,7.523729999999999307e-02,3.125460000000000044e-03,7.491598000000000701e-02,1.395440204325502443e-03,5.000000000000000000e+00
4.136260000000000048e+01,7.080640000000000545e-02,3.031740000000000216e-03,7.513145999999999713e-02,1.394685729121797552e-03,5.000000000000000000e+00
4.156940000000000168e+01,7.860409999999999620e-02,3.186150000000000006e-03,7.521816000000000613e-02,1.392814671608538345e-03,5.000000000000000000e+00
4.177729999999999677e+01,7.601650000000000074e-02,3.120910000000000177e-03,7.598970000000000724e-02,1.397187629189437135e-03,5.000000000000000000e+00
4.198619999999999663e+01,7.542649999999999355e-02,3.105919999999999861e-03,7.667917999999998568e-02,1.399990089729209568e-03,5.000000000000000000e+00
4.219610000000000127e+01,7.909499999999999864e-02,3.173880000000000017e-03,7.487204000000000081e-02,1.380099626460350908e-03,5.000000000000000000e+00
4.240709999999999980e+01,7.425379999999999481e-02,3.063890000000000103e-03,7.424021999999999566e-02,1.371245990750018370e-03,5.000000000000000000e+00
4.261910000000000309e+01,6.956840000000000246e-02,2.961269999999999788e-03,7.337092000000000613e-02,1.360405156442741435e-03,5.000000000000000000e+00
4.283220000000000027e+01,7.285740000000000272e-02,3.021770000000000012e-03,7.264089999999999436e-02,1.350482447417958873e-03,5.000000000000000000e+00
4.304639999999999844e+01,7.108000000000000429e-02,2.984360000000000138e-03,7.228007999999999655e-02,1.344599736837695601e-03,5.000000000000000000e+00
4.326160000000000139e+01,7.544489999999999530e-02,3.066109999999999929e-03,7.354977999999999516e-02,1.353193638761282297e-03,5.000000000000000000e+00
4.347789999999999822e+01,7.244970000000000576e-02,2.998509999999999804e-03,7.356123999999999996e-02,1.350726723940856924e-03,5.000000000000000000e+00
4.369530000000000314e+01,7.591689999999999550e-02,3.057569999999999906e-03,7.303107999999999822e-02,1.343065565287115785e-03,5.000000000000000000e+00
4.391380000000000194e+01,7.291469999999999896e-02,2.994049999999999837e-03,7.301810000000000245e-02,1.339520379128290905e-03,5.000000000000000000e+00
4.413329999999999842e+01,6.842919999999999559e-02,2.896629999999999865e-03,7.317463999999999913e-02,1.338286113241858328e-03,5.000000000000000000e+00
4.435399999999999920e+01,7.538000000000000256e-02,3.027090000000000076e-03,7.170532000000000294e-02,1.322040527806920152e-03,5.000000000000000000e+00
4.457580000000000098e+01,7.323240000000000305e-02,2.984699999999999853e-03,7.173384000000000704e-02,1.319446958732331966e-03,5.000000000000000000e+00
4.479869999999999663e+01,6.857030000000000070e-02,2.875459999999999822e-03,7.200259999999999994e-02,1.318758377477845592e-03,5.000000000000000000e+00
4.502259999999999707e+01,7.305730000000000557e-02,2.965310000000000081e-03,7.099792000000000602e-02,1.307018386804103139e-03,5.000000000000000000e+00
4.524779999999999802e+01,6.977300000000000169e-02,2.888780000000000080e-03,7.118394000000001498e-02,1.306194540564306530e-03,5.000000000000000000e+00
4.547399999999999665e+01,7.035660000000000525e-02,2.896999999999999836e-03,7.145920000000001437e-02,1.306462345165753389e-03,5.000000000000000000e+00
4.570139999999999958e+01,7.416250000000000620e-02,2.975670000000000138e-03,7.112002000000001989e-02,1.300948202692174798e-03,5.000000000000000000e+00
4.592990000000000350e+01,6.994659999999999767e-02,2.878499999999999982e-03,7.172878000000000587e-02,1.304555750479066255e-03,5.000000000000000000e+00
4.615950000000000131e+01,7.136140000000000538e-02,2.904069999999999915e-03,7.200668000000000346e-02,1.304594836817929470e-03,5.000000000000000000e+00
4.639030000000000342e+01,7.281680000000000097e-02,2.929170000000000038e-03,7.153001999999999971e-02,1.296965406562565048e-03,5.000000000000000000e+00
4.662230000000000274e+01,7.174609999999999321e-02,2.897439999999999825e-03,7.242474000000000134e-02,1.302054014738252040e-03,5.000000000000000000e+00
4.685540000000000305e+01,7.177920000000000134e-02,2.891089999999999806e-03,7.194596000000000324e-02,1.295160025170635169e-03,5.000000000000000000e+00
4.708970000000000056e+01,7.442020000000000579e-02,2.935370000000000080e-03,7.205806000000000711e-02,1.293732845230420722e-03,5.000000000000000000e+00
4.732509999999999906e+01,6.896750000000000103e-02,2.825949999999999816e-03,7.239924000000000359e-02,1.294489812883824935e-03,5.000000000000000000e+00
4.756170000000000186e+01,7.337730000000000641e-02,2.913359999999999821e-03,7.256197999999999815e-02,1.294022927818514433e-03,5.000000000000000000e+00
4.779950000000000188e+01,7.345200000000000340e-02,2.905880000000000008e-03,7.191376000000000712e-02,1.286564454335654192e-03,5.000000000000000000e+00
4.803849999999999909e+01,7.259290000000000187e-02,2.885860000000000074e-03,7.256664000000000170e-02,1.289789804230131228e-03,5.000000000000000000e+00
4.827870000000000061e+01,7.117909999999999515e-02,2.852229999999999870e-03,7.271659999999999235e-02,1.288258299638702113e-03,5.000000000000000000e+00
4.852009999999999934e+01,7.223190000000000166e-02,2.862470000000000205e-03,7.192210000000001657e-02,1.278829865450443722e-03,5.000000000000000000e+00
4.876270000000000238e+01,7.412710000000000132e-02,2.896370000000000108e-03,7.176198000000000299e-02,1.274761121616124629e-03,5.000000000000000000e+00
4.900650000000000261e+01,6.947949999999999959e-02,2.799830000000000114e-03,7.189258000000001148e-02,1.273333252441009693e-03,5.000000000000000000e+00
4.925160000000000338e+01,7.179230000000000333e-02,2.840500000000000143e-03,7.169748000000000787e-02,1.269055796563728659e-03,5.000000000000000000e+00
4.949779999999999802e+01,7.183209999999999595e-02,2.836239999999999855e-03,7.164275999999999978e-02,1.265998882239633078e-03,5.000000000000000000e+00
4.974530000000000030e+01,7.125639999999999752e-02,2.814580000000000120e-03,7.184941999999999718e-02,1.264918008805313975e-03,5.000000000000000000e+00
4.999399999999999977e+01,7.385350000000000248e-02,2.862729999999999962e-03,7.245843999999999896e-02,1.267726434715313495e-03,5.000000000000000000e+00
5.024399999999999977e+01,7.051280000000000048e-02,2.787589999999999946e-03,7.258020000000001137e-02,1.266165108614196715e-03,5.000000000000000000e+00
5.049519999999999698e+01,7.483739999999999837e-02,2.871630000000000016e-03,7.309902000000000066e-02,1.268353847670278430e-03,5.000000000000000000e+00
5.074770000000000181e+01,7.244090000000000251e-02,2.818750000000000075e-03,7.191425999999999374e-02,1.256125139937896420e-03,5.000000000000000000e+00
5.100150000000000006e+01,7.385049999999999948e-02,2.839110000000000158e-03,7.164262000000000408e-02,1.251506314759937618e-03,5.000000000000000000e+00
5.125650000000000261e+01,6.792969999999999564e-02,2.724600000000000199e-03,7.049602000000000646e-02,1.239005489942639465e-03,5.000000000000000000e+00
5.151270000000000238e+01,6.915459999999999663e-02,2.735159999999999935e-03,7.141200000000000325e-02,1.244586346282169388e-03,5.000000000000000000e+00
5.177029999999999887e+01,6.910439999999999638e-02,2.732749999999999936e-03,7.066036000000000539e-02,1.235646612979617335e-03,5.000000000000000000e+00
5.202920000000000300e+01,7.702080000000000037e-02,2.879560000000000192e-03,7.224790000000000378e-02,1.246380235469096319e-03,5.000000000000000000e+00
5.228929999999999723e+01,7.009229999999999627e-02,2.739749999999999998e-03,7.235971999999998849e-02,1.245552754033324742e-03,5.000000000000000000e+00
5.255069999999999908e+01,7.586740000000000150e-02,2.844199999999999853e-03,7.271582000000001433e-02,1.246191455834937080e-03,5.000000000000000000e+00
5.281349999999999767e+01,6.971370000000000344e-02,2.725720000000000053e-03,7.126342000000000787e-02,1.231494280837714707e-03,5.000000000000000000e+00
5.307759999999999678e+01,7.088490000000000069e-02,2.740020000000000129e-03,7.183504000000000278e-02,1.234159503723890588e-03,5.000000000000000000e+00
5.334300000000000352e+01,6.975879999999999581e-02,2.716890000000000017e-03,7.111676000000000109e-02,1.226347494647418322e-03,5.000000000000000000e+00
5.360969999999999658e+01,7.295039999999999858e-02,2.769569999999999844e-03,7.184986000000000150e-02,1.230691878577249484e-03,5.000000000000000000e+00
5.387769999999999726e+01,7.227600000000000691e-02,2.758430000000000083e-03,7.200004000000000126e-02,1.230355432175596992e-03,5.000000000000000000e+00
5.414710000000000178e+01,7.337920000000000553e-02,2.774239999999999866e-03,7.182616000000000001e-02,1.227073787282574168e-03,5.000000000000000000e+00
5.441779999999999973e+01,7.163579999999999948e-02,2.736240000000000026e-03,7.080791999999999642e-02,1.216801607880265649e-03,5.000000000000000000e+00
5.468990000000000151e+01,6.888940000000000341e-02,2.679529999999999846e-03,7.172678000000000387e-02,1.222510525885155738e-03,5.000000000000000000e+00
5.496340000000000003e+01,6.785919999999999452e-02,2.653850000000000132e-03,7.134394000000000846e-02,1.217040721954692822e-03,5.000000000000000000e+00
5.523819999999999908e+01,7.687030000000000252e-02,2.820829999999999865e-03,7.245527999999999691e-02,1.224310327609793615e-03,5.000000000000000000e+00
5.551440000000000197e+01,7.146500000000000075e-02,2.713450000000000063e-03,7.305048000000000097e-02,1.227494916331631864e-03,5.000000000000000000e+00
5.579200000000000159e+01,7.719249999999999723e-02,2.816149999999999903e-03,7.397565999999999864e-02,1.233460363569093259e-03,5.000000000000000000e+00
5.607090000000000174e+01,7.186539999999999595e-02,2.715710000000000086e-03,7.294722000000000706e-02,1.222896584074058225e-03,5.000000000000000000e+00
5.635130000000000194e+01,7.248509999999999676e-02,2.722120000000000182e-03,7.281851999999999769e-02,1.220101559004003588e-03,5.000000000000000000e+00
5.663300000000000267e+01,7.172810000000000297e-02,2.703399999999999900e-03,7.232967999999999342e-02,1.213682431272695072e-03,5.000000000000000000e+00
5.691620000000000346e+01,7.082149999999999557e-02,2.681810000000000183e-03,7.221141999999999839e-02,1.210722829483280253e-03,5.000000000000000000e+00
5.720080000000000098e+01,7.474830000000000363e-02,2.745930000000000159e-03,7.287474000000000729e-02,1.214339381909357264e-03,5.000000000000000000e+00
5.748680000000000234e+01,7.127410000000000689e-02,2.682480000000000107e-03,7.254590000000001038e-02,1.209556238690868155e-03,5.000000000000000000e+00
5.777420000000000044e+01,7.580169999999999964e-02,2.762099999999999972e-03,7.355468000000001116e-02,1.216246746416203188e-03,5.000000000000000000e+00
5.806309999999999860e+01,7.008390000000000453e-02,2.649250000000000129e-03,7.231992000000000975e-02,1.204614549128475449e-03,5.000000000000000000e+00
5.835340000000000060e+01,7.586539999999999950e-02,2.756419999999999877e-03,7.325338000000000682e-02,1.210580154948857510e-03,5.000000000000000000e+00
5.864520000000000266e+01,6.857449999999999657e-02,2.614599999999999910e-03,7.263609999999999511e-02,1.203291836071366432e-03,5.000000000000000000e+00
5.893840000000000146e+01,7.594140000000000612e-02,2.748800000000000028e-03,7.342067999999998817e-02,1.207587329103779585e-03,5.000000000000000000e+00
5.923310000000000031e+01,7.271529999999999661e-02,2.681300000000000176e-03,7.290531999999999568e-02,1.201081819948999216e-03,5.000000000000000000e+00
5.952929999999999922e+01,7.400679999999999759e-02,2.697670000000000103e-03,7.447259999999999991e-02,1.211843525546099469e-03,5.000000000000000000e+00
5.982690000000000197e+01,7.328859999999999542e-02,2.684419999999999862e-03,7.312302000000001079e-02,1.198435816492481130e-03,5.000000000000000000e+00
6.012599999999999767e+01,7.641090000000000382e-02,2.735930000000000133e-03,7.225035999999999958e-02,1.189493392923222622e-03,5.000000000000000000e+00
6.042669999999999675e+01,6.919350000000000500e-02,2.597690000000000155e-03,7.232805999999999957e-02,1.188370562395417137e-03,5.000000000000000000e+00
6.072879999999999967e+01,6.835199999999999609e-02,2.579829999999999970e-03,7.264086000000000154e-02,1.188995563855475531e-03,5.000000000000000000e+00
6.103240000000000265e+01,7.439529999999999754e-02,2.685270000000000018e-03,7.191411999999999805e-02,1.181125746775507418e-03,5.000000000000000000e+00
6.133760000000000190e+01,7.485260000000000524e-02,2.691330000000000024e-03,7.312288000000000121e-02,1.189436331691612640e-03,5.000000000000000000e+00
6.164430000000000121e+01,7.277720000000000022e-02,2.649340000000000028e-03,7.463299999999999101e-02,1.199944072653388394e-03,5.000000000000000000e+00
6.195250000000000057e+01,7.523729999999999307e-02,2.690820000000000017e-03,7.508953999999998241e-02,1.201724352328769393e-03,5.000000000000000000e+00
6.226230000000000331e+01,7.590260000000000062e-02,2.698739999999999820e-03,7.531254000000001114e-02,1.201735998249199447e-03,5.000000000000000000e+00
6.257359999999999900e+01,7.667799999999999616e-02,2.705100000000000213e-03,7.591151999999999622e-02,1.204676659556414052e-03,5.000000000000000000e+00
6.288649999999999807e+01,7.596759999999999624e-02,2.691460000000000120e-03,7.526994000000000740e-02,1.197126648738553508e-03,5.000000000000000000e+00
6.320089999999999719e+01,7.577209999999999501e-02,2.682519999999999870e-03,7.565365999999998370e-02,1.198241419861623613e-03,5.000000000000000000e+00
6.351689999999999969e+01,7.202939999999999343e-02,2.605220000000000105e-03,7.527741999999999767e-02,1.193370236183222523e-03,5.000000000000000000e+00
6.383449999999999847e+01,7.782119999999999316e-02,2.711079999999999827e-03,7.613757999999999637e-02,1.198069828836366250e-03,5.000000000000000000e+00
6.415370000000000061e+01,7.479679999999999662e-02,2.650720000000000073e-03,7.664403999999999662e-02,1.200047529720385704e-03,5.000000000000000000e+00
6.447440000000000282e+01,8.026840000000000364e-02,2.743160000000000130e-03,7.829408000000000201e-02,1.211466166490835243e-03,5.000000000000000000e+00
6.479680000000000462e+01,7.830439999999999623e-02,2.704530000000000128e-03,7.923560000000000325e-02,1.216787785076757066e-03,5.000000000000000000e+00
6.512080000000000268e+01,8.027960000000000651e-02,2.734149999999999862e-03,8.051010000000000111e-02,1.225195147203905635e-03,5.000000000000000000e+00
6.544639999999999702e+01,8.252879999999999938e-02,2.770020000000000208e-03,8.127968000000000692e-02,1.229262499079834380e-03,5.000000000000000000e+00
6.577360000000000184e+01,8.116929999999999978e-02,2.745829999999999885e-03,8.348795999999999995e-02,1.244324540224133000e-03,5.000000000000000000e+00
6.610250000000000625e+01,8.411630000000000495e-02,2.788280000000000185e-03,8.460347999999999480e-02,1.251294534713549931e-03,5.000000000000000000e+00
6.643300000000000693e+01,8.934580000000000299e-02,2.871569999999999939e-03,8.556584000000000412e-02,1.256806710247840644e-03,5.000000000000000000e+00
6.676519999999999300e+01,8.585719999999999463e-02,2.812550000000000033e-03,8.745990000000000708e-02,1.269010404871449404e-03,5.000000000000000000e+00
6.709900000000000375e+01,8.734060000000000434e-02,2.831719999999999810e-03,8.963359999999999383e-02,1.282944514120544369e-03,5.000000000000000000e+00
6.743449999999999989e+01,9.063960000000000072e-02,2.882739999999999955e-03,9.122041999999999651e-02,1.292609719203750927e-03,5.000000000000000000e+00
6.777160000000000650e+01,9.498479999999999424e-02,2.943380000000000215e-03,9.378807999999999589e-02,1.309029756911583723e-03,5.000000000000000000e+00
6.811050000000000182e+01,9.727990000000000248e-02,2.977959999999999982e-03,9.590271999999999686e-02,1.322288433226276056e-03,5.000000000000000000e+00
6.845109999999999673e+01,9.869550000000000545e-02,2.996400000000000192e-03,9.800419999999999965e-02,1.335378718328250093e-03,5.000000000000000000e+00
6.879330000000000211e+01,9.791379999999999528e-02,2.981750000000000025e-03,9.939343999999999957e-02,1.343958596435173083e-03,5.000000000000000000e+00
6.913729999999999620e+01,1.011470000000000008e-01,3.029839999999999790e-03,1.005234599999999812e-01,1.350503937792111838e-03,5.000000000000000000e+00
6.948300000000000409e+01,1.019309999999999938e-01,3.039440000000000024e-03,1.024239600000000083e-01,1.362072639394830680e-03,5.000000000000000000e+00
6.983039999999999736e+01,1.029299999999999937e-01,3.051089999999999792e-03,1.051010000000000000e-01,1.378484335903748959e-03,5.000000000000000000e+00
7.017950000000000443e+01,1.081980000000000025e-01,3.124570000000000125e-03,1.089115999999999973e-01,1.402056402648623693e-03,5.000000000000000000e+00
7.053040000000000020e+01,1.112989999999999952e-01,3.164689999999999951e-03,1.117496000000000045e-01,1.419109161822303383e-03,5.000000000000000000e+00
7.088309999999999889e+01,1.202000000000000013e-01,3.289149999999999800e-03,1.173180000000000056e-01,1.453152055783564489e-03,5.000000000000000000e+00
7.123749999999999716e+01,1.161210000000000020e-01,3.231239999999999807e-03,1.233912000000000064e-01,1.489677896139967586e-03,5.000000000000000000e+00
7.159369999999999834e+01,1.307719999999999994e-01,3.428360000000000088e-03,1.321017999999999915e-01,1.540931523267662865e-03,5.000000000000000000e+00
7.195170000000000243e+01,1.385639999999999927e-01,3.528480000000000071e-03,1.390221999999999847e-01,1.580649096271528452e-03,5.000000000000000000e+00
7.231140000000000612e+01,1.548519999999999897e-01,3.728069999999999995e-03,1.480332000000000037e-01,1.630933849080335981e-03,5.000000000000000000e+00
7.267300000000000182e+01,1.548019999999999952e-01,3.730690000000000048e-03,1.563009999999999955e-01,1.675649918663203427e-03,5.000000000000000000e+00
7.303629999999999711e+01,1.611760000000000137e-01,3.805030000000000044e-03,1.637607999999999842e-01,1.714777098702918679e-03,5.000000000000000000e+00
7.340149999999999864e+01,1.721109999999999862e-01,3.930659999999999883e-03,1.674435999999999980e-01,1.733198606154528294e-03,5.000000000000000000e+00
7.376850000000000307e+01,1.758629999999999916e-01,3.970719999999999632e-03,1.678379999999999872e-01,1.733612100481534812e-03,5.000000000000000000e+00
7.413739999999999952e+01,1.732660000000000033e-01,3.935280000000000201e-03,1.638479999999999936e-01,1.710749665434426001e-03,5.000000000000000000e+00
7.450809999999999889e+01,1.567739999999999967e-01,3.735490000000000164e-03,1.538183999999999940e-01,1.654842507834506770e-03,5.000000000000000000e+00
7.488060000000000116e+01,1.412259999999999904e-01,3.536889999999999999e-03,1.398611999999999911e-01,1.574575446955781780e-03,5.000000000000000000e+00
7.525499999999999545e+01,1.219630000000000020e-01,3.278119999999999819e-03,1.267434000000000061e-01,1.495253695370788935e-03,5.000000000000000000e+00
7.563129999999999598e+01,1.060770000000000046e-01,3.047330000000000004e-03,1.160397999999999985e-01,1.427135862318651112e-03,5.000000000000000000e+00
7.600939999999999941e+01,1.076769999999999949e-01,3.065749999999999899e-03,1.075929400000000119e-01,1.371044109945409196e-03,5.000000000000000000e+00
7.638949999999999818e+01,1.032560000000000006e-01,2.996200000000000079e-03,1.034749400000000152e-01,1.341495141160041612e-03,5.000000000000000000e+00
7.677139999999999986e+01,9.899170000000000191e-02,2.930139999999999915e-03,1.014186199999999871e-01,1.325540671053136721e-03,5.000000000000000000e+00
7.715529999999999688e+01,1.013730000000000048e-01,2.956729999999999862e-03,9.916154000000002022e-02,1.308139494936224213e-03,5.000000000000000000e+00
7.754110000000000014e+01,9.579540000000000277e-02,2.867479999999999942e-03,9.778152000000001065e-02,1.296797188451609710e-03,5.000000000000000000e+00
7.792879999999999541e+01,9.639159999999999395e-02,2.872819999999999888e-03,9.692814000000000985e-02,1.288778817054346245e-03,5.000000000000000000e+00
7.831839999999999691e+01,9.635589999999999433e-02,2.870290000000000168e-03,9.679933999999999761e-02,1.285619241749282483e-03,5.000000000000000000e+00
7.870999999999999375e+01,9.472479999999999789e-02,2.840319999999999911e-03,9.641074000000000865e-02,1.281134235605309313e-03,5.000000000000000000e+00
7.910349999999999682e+01,1.007289999999999991e-01,2.922140000000000154e-03,9.628134000000000692e-02,1.278264313058922845e-03,5.000000000000000000e+00
7.949909999999999854e+01,9.385240000000000249e-02,2.816850000000000083e-03,9.625732000000000732e-02,1.275758319828642186e-03,5.000000000000000000e+00
7.989660000000000650e+01,9.574459999999999915e-02,2.840679999999999941e-03,9.725411999999999946e-02,1.280088001584265894e-03,5.000000000000000000e+00
8.029600000000000648e+01,9.623579999999999635e-02,2.842279999999999980e-03,9.726851999999999721e-02,1.278003485018722445e-03,5.000000000000000000e+00
8.069750000000000512e+01,9.970880000000000021e-02,2.888609999999999789e-03,9.802049999999999652e-02,1.280995131214791253e-03,5.000000000000000000e+00
8.110099999999999909e+01,1.008010000000000017e-01,2.899239999999999977e-03,9.738133999999999679e-02,1.274803390666968744e-03,5.000000000000000000e+00
8.150650000000000261e+01,9.761229999999999907e-02,2.850619999999999890e-03,9.672415999999998959e-02,1.268753593278064331e-03,5.000000000000000000e+00
8.191410000000000480e+01,9.254880000000000051e-02,2.770170000000000184e-03,9.492342000000000835e-02,1.255190700096204528e-03,5.000000000000000000e+00
8.232359999999999900e+01,9.294990000000000197e-02,2.773779999999999996e-03,9.365483999999998921e-02,1.245275453104251933e-03,5.000000000000000000e+00
8.273520000000000607e+01,9.070509999999999684e-02,2.736469999999999961e-03,9.121521999999999963e-02,1.227196063191208402e-03,5.000000000000000000e+00
8.314889999999999759e+01,9.445810000000000317e-02,2.790299999999999898e-03,9.011346000000000633e-02,1.218262442362892531e-03,5.000000000000000000e+00
8.356470000000000198e+01,8.541419999999999568e-02,2.647360000000000078e-03,8.836923999999998780e-02,1.204712043534055411e-03,5.000000000000000000e+00
8.398250000000000171e+01,8.704000000000000625e-02,2.669770000000000129e-03,8.788920000000000066e-02,1.199723536309928304e-03,5.000000000000000000e+00
8.440240000000000009e+01,8.422880000000000644e-02,2.621650000000000109e-03,8.630002000000000506e-02,1.186958855150421722e-03,5.000000000000000000e+00
8.482439999999999714e+01,8.830490000000000561e-02,2.681119999999999944e-03,8.629793999999998966e-02,1.185497590204214694e-03,5.000000000000000000e+00
8.524850000000000705e+01,8.651219999999999744e-02,2.650309999999999905e-03,8.569837999999999067e-02,1.179919425455823326e-03,5.000000000000000000e+00
8.567480000000000473e+01,8.540380000000000194e-02,2.630940000000000015e-03,8.603257999999999739e-02,1.180800625748479153e-03,5.000000000000000000e+00
8.610309999999999775e+01,8.404219999999999746e-02,2.607260000000000133e-03,8.515432000000000556e-02,1.173266019995465419e-03,5.000000000000000000e+00
8.653369999999999607e+01,8.589979999999999838e-02,2.631549999999999861e-03,8.494831999999999383e-02,1.170368847738181926e-03,5.000000000000000000e+00
8.696630000000000393e+01,8.391360000000000485e-02,2.597110000000000130e-03,8.490813999999999306e-02,1.168545558723321515e-03,5.000000000000000000e+00
8.740120000000000289e+01,8.548219999999999430e-02,2.618090000000000001e-03,8.536092000000000679e-02,1.170209410066420670e-03,5.000000000000000000e+00
8.783820000000000050e+01,8.520289999999999808e-02,2.610599999999999813e-03,8.518871999999999556e-02,1.167674727742276652e-03,5.000000000000000000e+00
8.827740000000000009e+01,8.630609999999999671e-02,2.625849999999999886e-03,8.538715999999998973e-02,1.167463953374150336e-03,5.000000000000000000e+00
8.871869999999999834e+01,8.503879999999999773e-02,2.603250000000000095e-03,8.472258000000000566e-02,1.161417303358271754e-03,5.000000000000000000e+00
8.916230000000000189e+01,8.490580000000000349e-02,2.594739999999999894e-03,8.518977999999999273e-02,1.162967829193911878e-03,5.000000000000000000e+00
8.960819999999999652e+01,8.215930000000000455e-02,2.549969999999999928e-03,8.512490000000000334e-02,1.160462289108956735e-03,5.000000000000000000e+00
9.005620000000000402e+01,8.753890000000000282e-02,2.627800000000000014e-03,8.513571999999999806e-02,1.158726686861055993e-03,5.000000000000000000e+00
9.050650000000000261e+01,8.598169999999999424e-02,2.597990000000000108e-03,8.517017999999999811e-02,1.157616331707531001e-03,5.000000000000000000e+00
9.095900000000000318e+01,8.509289999999999909e-02,2.583849999999999949e-03,8.608469999999998623e-02,1.161806976005911327e-03,5.000000000000000000e+00
9.141379999999999484e+01,8.507810000000000372e-02,2.582319999999999928e-03,8.554393999999999887e-02,1.156342872732824033e-03,5.000000000000000000e+00
9.187090000000000600e+01,8.673190000000000066e-02,2.597180000000000148e-03,8.444894000000000012e-02,1.147210474521567509e-03,5.000000000000000000e+00
9.233020000000000493e+01,8.483509999999999662e-02,2.566839999999999920e-03,8.526723999999999415e-02,1.150818974372598731e-03,5.000000000000000000e+00
9.279189999999999827e+01,8.050670000000000048e-02,2.494720000000000184e-03,8.572293999999999747e-02,1.151849398148907435e-03,5.000000000000000000e+00
9.325579999999999359e+01,8.918439999999999701e-02,2.623659999999999881e-03,8.581740000000000201e-02,1.150580448893513946e-03,5.000000000000000000e+00
9.372209999999999752e+01,8.735660000000000647e-02,2.593779999999999957e-03,8.659527999999999670e-02,1.153738771306572720e-03,5.000000000000000000e+00
9.419070000000000675e+01,8.720419999999999561e-02,2.583080000000000185e-03,8.796724000000000210e-02,1.161073570866204881e-03,5.000000000000000000e+00
9.466169999999999618e+01,8.872449999999999781e-02,2.602039999999999909e-03,8.763614000000000126e-02,1.157110669882531213e-03,5.000000000000000000e+00
9.513500000000000512e+01,8.736649999999999971e-02,2.578389999999999849e-03,8.848012000000000932e-02,1.160379087564059747e-03,5.000000000000000000e+00
9.561069999999999425e+01,8.752890000000000670e-02,2.579520000000000077e-03,8.971710000000000795e-02,1.166696705710614564e-03,5.000000000000000000e+00
9.608870000000000289e+01,9.157650000000000512e-02,2.630030000000000215e-03,8.956600000000000672e-02,1.163939989800161657e-03,5.000000000000000000e+00
9.656919999999999504e+01,9.338910000000000267e-02,2.653270000000000108e-03,9.078650000000001996e-02,1.170075981334545764e-03,5.000000000000000000e+00
9.705200000000000671e+01,8.796900000000000552e-02,2.570989999999999994e-03,9.193824000000001828e-02,1.175040183668626774e-03,5.000000000000000000e+00
9.753730000000000189e+01,9.346899999999999653e-02,2.646910000000000148e-03,9.278126000000000428e-02,1.178581477073180599e-03,5.000000000000000000e+00
9.802490000000000236e+01,9.328759999999999830e-02,2.635329999999999964e-03,9.403933999999999904e-02,1.184581551808063741e-03,5.000000000000000000e+00
9.851510000000000389e+01,9.579160000000000452e-02,2.669350000000000021e-03,9.623868000000000700e-02,1.196537992692250354e-03,5.000000000000000000e+00
9.900759999999999650e+01,9.967950000000000421e-02,2.719249999999999879e-03,9.784008000000000982e-02,1.204313729445944661e-03,5.000000000000000000e+00
9.950270000000000437e+01,9.896570000000000367e-02,2.705869999999999977e-03,9.802985999999999644e-02,1.203922740112504117e-03,5.000000000000000000e+00
1.000000000000000000e+02,1.014759999999999968e-01,2.733649999999999795e-03,9.970654000000001016e-02,1.212477773373186237e-03,5.000000000000000000e+00
1.005000000000000000e+02,9.423650000000000082e-02,2.630860000000000056e-03,1.010058400000000134e-01,1.218797824591100892e-03,5.000000000000000000e+00
1.010030000000000001e+02,1.041750000000000037e-01,2.764459999999999834e-03,1.023869000000000168e-01,1.225414802427324864e-03,5.000000000000000000e+00
1.015079999999999956e+02,1.061760000000000065e-01,2.788989999999999872e-03,1.032755000000000062e-01,1.229401478269812401e-03,5.000000000000000000e+00
1.020150000000000006e+02,1.058710000000000068e-01,2.779579999999999811e-03,1.053520000000000012e-01,1.240543560220277054e-03,5.000000000000000000e+00
1.025250000000000057e+02,1.059189999999999993e-01,2.778039999999999850e-03,1.054346000000000033e-01,1.240012762490773617e-03,5.000000000000000000e+00
1.030379999999999967e+02,1.046190000000000037e-01,2.758519999999999982e-03,1.054435999999999984e-01,1.239002269021328333e-03,5.000000000000000000e+00
1.035529999999999973e+02,1.045880000000000004e-01,2.758500000000000101e-03,1.048486000000000001e-01,1.234587613586010223e-03,5.000000000000000000e+00
1.040709999999999980e+02,1.062209999999999960e-01,2.777739999999999897e-03,1.058487999999999929e-01,1.239339319839405287e-03,5.000000000000000000e+00
1.045909999999999940e+02,1.028960000000000014e-01,2.730030000000000043e-03,1.069862000000000035e-01,1.245034813974291946e-03,5.000000000000000000e+00
1.051140000000000043e+02,1.109200000000000047e-01,2.830440000000000039e-03,1.075563999999999965e-01,1.247041623926001958e-03,5.000000000000000000e+00
1.056400000000000006e+02,1.103060000000000013e-01,2.821909999999999957e-03,1.082322000000000006e-01,1.249672209294901571e-03,5.000000000000000000e+00
1.061680000000000064e+02,1.074390000000000067e-01,2.781070000000000070e-03,1.105242000000000030e-01,1.261612889721724310e-03,5.000000000000000000e+00
1.066989999999999981e+02,1.096000000000000030e-01,2.807140000000000069e-03,1.109220000000000067e-01,1.262683491880684959e-03,5.000000000000000000e+00
1.072319999999999993e+02,1.143559999999999993e-01,2.864039999999999989e-03,1.113415999999999989e-01,1.263558977249578264e-03,5.000000000000000000e+00
1.077680000000000007e+02,1.129089999999999955e-01,2.842349999999999998e-03,1.119867999999999836e-01,1.265624299423806194e-03,5.000000000000000000e+00
1.083070000000000022e+02,1.124040000000000039e-01,2.831689999999999988e-03,1.132217999999999974e-01,1.270952371393987285e-03,5.000000000000000000e+00
1.088490000000000038e+02,1.106649999999999995e-01,2.804449999999999998e-03,1.141258000000000133e-01,1.274101605890205335e-03,5.000000000000000000e+00
1.093930000000000007e+02,1.157750000000000029e-01,2.866689999999999863e-03,1.152211999999999958e-01,1.278301617348581677e-03,5.000000000000000000e+00
1.099399999999999977e+02,1.188759999999999956e-01,2.898809999999999928e-03,1.172763999999999890e-01,1.287228984591319569e-03,5.000000000000000000e+00
1.104899999999999949e+02,1.183860000000000051e-01,2.889109999999999855e-03,1.200793999999999889e-01,1.300447808213770580e-03,5.000000000000000000e+00
1.110420000000000016e+02,1.226799999999999974e-01,2.931050000000000148e-03,1.221859999999999891e-01,1.309545238432028962e-03,5.000000000000000000e+00
1.115969999999999942e+02,1.246799999999999992e-01,2.952980000000000015e-03,1.228517999999999971e-01,1.311521412634959576e-03,5.000000000000000000e+00
1.121550000000000011e+02,1.263080000000000036e-01,2.968419999999999826e-03,1.237194000000000071e-01,1.314741473047838444e-03,5.000000000000000000e+00
1.127159999999999940e+02,1.222049999999999942e-01,2.921060000000000063e-03,1.240353999999999901e-01,1.315675575533725803e-03,5.000000000000000000e+00
1.132800000000000011e+02,1.227239999999999998e-01,2.925469999999999893e-03,1.240187999999999846e-01,1.314822881789026341e-03,5.000000000000000000e+00
1.138460000000000036e+02,1.242599999999999955e-01,2.941510000000000045e-03,1.233903999999999834e-01,1.310954134581374282e-03,5.000000000000000000e+00
1.144150000000000063e+02,1.245969999999999994e-01,2.943470000000000114e-03,1.243722000000000022e-01,1.315265762121100527e-03,5.000000000000000000e+00
1.149869999999999948e+02,1.231659999999999977e-01,2.925329999999999857e-03,1.252005999999999952e-01,1.318626424834570127e-03,5.000000000000000000e+00
1.155619999999999976e+02,1.271140000000000048e-01,2.969120000000000006e-03,1.262002000000000124e-01,1.323026838377816105e-03,5.000000000000000000e+00
1.161400000000000006e+02,1.268660000000000065e-01,2.963050000000000059e-03,1.273591999999999780e-01,1.328170251258474575e-03,5.000000000000000000e+00
1.167210000000000036e+02,1.292580000000000118e-01,2.990500000000000103e-03,1.299897999999999887e-01,1.341135353673148086e-03,5.000000000000000000e+00
1.173050000000000068e+02,1.303920000000000079e-01,3.000819999999999963e-03,1.321028000000000202e-01,1.351331470044267067e-03,5.000000000000000000e+00
1.178910000000000053e+02,1.363189999999999957e-01,3.069650000000000156e-03,1.333103999999999956e-01,1.356980130374796497e-03,5.000000000000000000e+00
1.184809999999999945e+02,1.376789999999999958e-01,3.082529999999999992e-03,1.349330000000000251e-01,1.364811768148267278e-03,5.000000000000000000e+00
1.190729999999999933e+02,1.329039999999999944e-01,3.026899999999999903e-03,1.369372000000000089e-01,1.374705038594097907e-03,5.000000000000000000e+00
1.196680000000000064e+02,1.373709999999999931e-01,3.078309999999999901e-03,1.367212000000000149e-01,1.372931338756603692e-03,5.000000000000000000e+00
1.202669999999999959e+02,1.404130000000000100e-01,3.111669999999999974e-03,1.374609999999999999e-01,1.376013651278213150e-03,5.000000000000000000e+00
1.208679999999999950e+02,1.352389999999999981e-01,3.049740000000000003e-03,1.391344000000000192e-01,1.383816455982512118e-03,5.000000000000000000e+00
1.214719999999999942e+02,1.413780000000000037e-01,3.116700000000000026e-03,1.395590000000000164e-01,1.385015336199566958e-03,5.000000000000000000e+00
1.220799999999999983e+02,1.412710000000000077e-01,3.114560000000000158e-03,1.393066000000000026e-01,1.382687497755006115e-03,5.000000000000000000e+00
1.226899999999999977e+02,1.394940000000000069e-01,3.091759999999999821e-03,1.396214000000000066e-01,1.383481594478220764e-03,5.000000000000000000e+00
1.233040000000000020e+02,1.391509999999999969e-01,3.085679999999999933e-03,1.388716000000000117e-01,1.379016467130106350e-03,5.000000000000000000e+00
1.239200000000000017e+02,1.368129999999999902e-01,3.058729999999999956e-03,1.381600000000000050e-01,1.374237739429389838e-03,5.000000000000000000e+00
1.245400000000000063e+02,1.376290000000000013e-01,3.066829999999999990e-03,1.390336000000000072e-01,1.377442508394452177e-03,5.000000000000000000e+00
1.251620000000000061e+02,1.377130000000000021e-01,3.061299999999999872e-03,1.390990000000000004e-01,1.376538671774970570e-03,5.000000000000000000e+00
1.257879999999999967e+02,1.438619999999999899e-01,3.127210000000000059e-03,1.395917999999999881e-01,1.377600689532347761e-03,5.000000000000000000e+00
1.264170000000000016e+02,1.394779999999999909e-01,3.075580000000000067e-03,1.410775999999999974e-01,1.383474033279988996e-03,5.000000000000000000e+00
1.270490000000000066e+02,1.392770000000000119e-01,3.070659999999999796e-03,1.429226000000000107e-01,1.391358813906750681e-03,5.000000000000000000e+00
1.276839999999999975e+02,1.450579999999999925e-01,3.132230000000000170e-03,1.445828000000000113e-01,1.398538848658842154e-03,5.000000000000000000e+00
1.283230000000000075e+02,1.469380000000000130e-01,3.149369999999999861e-03,1.474154000000000297e-01,1.411223973665413781e-03,5.000000000000000000e+00
1.289639999999999986e+02,1.521629999999999927e-01,3.206280000000000154e-03,1.503155999999999937e-01,1.423998587625704059e-03,5.000000000000000000e+00
1.296090000000000089e+02,1.536409999999999998e-01,3.217180000000000040e-03,1.519637999999999822e-01,1.430483306139571781e-03,5.000000000000000000e+00
1.302570000000000050e+02,1.537779999999999980e-01,3.214719999999999904e-03,1.535511999999999710e-01,1.437006789814160908e-03,5.000000000000000000e+00
1.309089999999999918e+02,1.532989999999999908e-01,3.205250000000000200e-03,1.564498000000000000e-01,1.449027260958191772e-03,5.000000000000000000e+00
1.315629999999999882e+02,1.548750000000000127e-01,3.222759999999999861e-03,1.582138000000000155e-01,1.455789811573085729e-03,5.000000000000000000e+00
1.322210000000000036e+02,1.666559999999999986e-01,3.338789999999999900e-03,1.615469999999999962e-01,1.470100019299367452e-03,5.000000000000000000e+00
1.328820000000000050e+02,1.624609999999999943e-01,3.292620000000000009e-03,1.660586000000000007e-01,1.489727378663626648e-03,5.000000000000000000e+00
1.335459999999999923e+02,1.704440000000000122e-01,3.373600000000000036e-03,1.702726000000000239e-01,1.507344589611811503e-03,5.000000000000000000e+00
1.342139999999999986e+02,1.758570000000000133e-01,3.424319999999999795e-03,1.738940000000000208e-01,1.522229111982818361e-03,5.000000000000000000e+00
1.348849999999999909e+02,1.759449999999999903e-01,3.421430000000000044e-03,1.801008000000000053e-01,1.548185970414407350e-03,5.000000000000000000e+00
1.355600000000000023e+02,1.847630000000000106e-01,3.503549999999999807e-03,1.856727999999999990e-01,1.570957517341573222e-03,5.000000000000000000e+00
1.362379999999999995e+02,1.934950000000000003e-01,3.582430000000000163e-03,1.908928000000000014e-01,1.591718901257379703e-03,5.000000000000000000e+00
1.369190000000000111e+02,1.983040000000000080e-01,3.627239999999999891e-03,1.993919999999999859e-01,1.625519575650813441e-03,5.000000000000000000e+00
1.376030000000000086e+02,2.019569999999999976e-01,3.656159999999999879e-03,2.068149999999999711e-01,1.654292022233075973e-03,5.000000000000000000e+00
1.382909999999999968e+02,2.184409999999999963e-01,3.798000000000000161e-03,2.124991999999999714e-01,1.675695467646791783e-03,5.000000000000000000e+00
1.389830000000000041e+02,2.218779999999999919e-01,3.825450000000000204e-03,2.190243999999999802e-01,1.699780568334630353e-03,5.000000000000000000e+00
1.396779999999999973e+02,2.219160000000000021e-01,3.823040000000000205e-03,2.267287999999999804e-01,1.728288942040653083e-03,5.000000000000000000e+00
1.403760000000000048e+02,2.309299999999999964e-01,3.897349999999999946e-03,2.310267999999999766e-01,1.743495223761739894e-03,5.000000000000000000e+00
1.410780000000000030e+02,2.404789999999999983e-01,3.976269999999999631e-03,2.367236000000000062e-01,1.763720653069527147e-03,5.000000000000000000e+00
1.417829999999999870e+02,2.399310000000000054e-01,3.967949999999999602e-03,2.444873999999999936e-01,1.791588463597597585e-03,5.000000000000000000e+00
1.424919999999999902e+02,2.503619999999999735e-01,4.050609999999999628e-03,2.503761999999999932e-01,1.812225532872771506e-03,5.000000000000000000e+00
1.432050000000000125e+02,2.607349999999999945e-01,4.134320000000000356e-03,2.555641999999999636e-01,1.829885220246340758e-03,5.000000000000000000e+00
1.439209999999999923e+02,2.603739999999999943e-01,4.128999999999999858e-03,2.622837999999999559e-01,1.853208130648039114e-03,5.000000000000000000e+00
1.446399999999999864e+02,2.664190000000000169e-01,4.173569999999999711e-03,2.682747999999999799e-01,1.873734333866997146e-03,5.000000000000000000e+00
1.453640000000000043e+02,2.735290000000000221e-01,4.229909999999999920e-03,2.723308000000000395e-01,1.887161488625708301e-03,5.000000000000000000e+00
1.460900000000000034e+02,2.803169999999999829e-01,4.280179999999999749e-03,2.780643999999999894e-01,1.906141196489913618e-03,5.000000000000000000e+00
1.468209999999999980e+02,2.810150000000000148e-01,4.284279999999999686e-03,2.832493999999999845e-01,1.922967181538988088e-03,5.000000000000000000e+00
1.475550000000000068e+02,2.890420000000000211e-01,4.341489999999999932e-03,2.865862000000000132e-01,1.933253586328498351e-03,5.000000000000000000e+00
1.482930000000000064e+02,2.923439999999999928e-01,4.362269999999999689e-03,2.880848000000000297e-01,1.937349332534532564e-03,5.000000000000000000e+00
1.490339999999999918e+02,2.902129999999999987e-01,4.345550000000000107e-03,2.894972000000000101e-01,1.941163828854226229e-03,5.000000000000000000e+00
1.497789999999999964e+02,2.878100000000000103e-01,4.326230000000000353e-03,2.903208000000000455e-01,1.943137765175696405e-03,5.000000000000000000e+00
1.505279999999999916e+02,2.880770000000000275e-01,4.327229999999999618e-03,2.905364000000000280e-01,1.943224877424123715e-03,5.000000000000000000e+00
1.512810000000000059e+02,2.931599999999999762e-01,4.363510000000000132e-03,2.912154000000000131e-01,1.944533502196349418e-03,5.000000000000000000e+00
1.520370000000000061e+02,2.934220000000000161e-01,4.363240000000000000e-03,2.925498000000000265e-01,1.948085763165472231e-03,5.000000000000000000e+00
1.527969999999999970e+02,2.936079999999999801e-01,4.360160000000000077e-03,2.954157999999999507e-01,1.956766117111597737e-03,5.000000000000000000e+00
1.535610000000000070e+02,2.944820000000000215e-01,4.366000000000000089e-03,2.966369999999999840e-01,1.960007606920952886e-03,5.000000000000000000e+00
1.543290000000000077e+02,3.024069999999999814e-01,4.424059999999999625e-03,2.968185999999999880e-01,1.959909666915289183e-03,5.000000000000000000e+00
1.551009999999999991e+02,2.992659999999999765e-01,4.399730000000000134e-03,2.986474000000000073e-01,1.965328650933476952e-03,5.000000000000000000e+00
1.558760000000000048e+02,2.943299999999999805e-01,4.362139999999999594e-03,2.984933999999999643e-01,1.964262615584789779e-03,5.000000000000000000e+00
1.566560000000000059e+02,3.027520000000000211e-01,4.420720000000000378e-03,2.969629999999999770e-01,1.958602265370894789e-03,5.000000000000000000e+00
1.574389999999999930e+02,2.937119999999999731e-01,4.353990000000000291e-03,2.962083999999999828e-01,1.955465572789252642e-03,5.000000000000000000e+00
1.582259999999999991e+02,2.947549999999999892e-01,4.360870000000000198e-03,2.954552000000000289e-01,1.952263051501001035e-03,5.000000000000000000e+00
1.590169999999999959e+02,2.954930000000000057e-01,4.364709999999999944e-03,2.922174000000000160e-01,1.940930029243712702e-03,5.000000000000000000e+00
1.598120000000000118e+02,2.905639999999999890e-01,4.326130000000000080e-03,2.919521999999999951e-01,1.939300566497106958e-03,5.000000000000000000e+00
1.606119999999999948e+02,2.865630000000000122e-01,4.294150000000000050e-03,2.896424000000000221e-01,1.930808942597894706e-03,5.000000000000000000e+00
1.614149999999999920e+02,2.923859999999999792e-01,4.335799999999999897e-03,2.885576000000000252e-01,1.926720787373199014e-03,5.000000000000000000e+00
1.622220000000000084e+02,2.832060000000000133e-01,4.265630000000000289e-03,2.867085999999999801e-01,1.920110393866977490e-03,5.000000000000000000e+00
1.630329999999999870e+02,2.900690000000000213e-01,4.319309999999999816e-03,2.869758000000000031e-01,1.920785368014865050e-03,5.000000000000000000e+00
1.638480000000000132e+02,2.813189999999999857e-01,4.252019999999999585e-03,2.859167999999999710e-01,1.917175316536283858e-03,5.000000000000000000e+00
1.646670000000000016e+02,2.878990000000000160e-01,4.301690000000000375e-03,2.875009999999999510e-01,1.922627149845752229e-03,5.000000000000000000e+00
1.654910000000000139e+02,2.870909999999999851e-01,4.295669999999999697e-03,2.878180000000000183e-01,1.923550914672133173e-03,5.000000000000000000e+00
1.663180000000000121e+02,2.911270000000000246e-01,4.326540000000000247e-03,2.876337999999999950e-01,1.923231826703166933e-03,5.000000000000000000e+00
1.671500000000000057e+02,2.916540000000000243e-01,4.329580000000000407e-03,2.858606000000000202e-01,1.917464918172950882e-03,5.000000000000000000e+00
1.679850000000000136e+02,2.803979999999999806e-01,4.248410000000000207e-03,2.848809999999999398e-01,1.914566709149618292e-03,5.000000000000000000e+00
1.688249999999999886e+02,2.790329999999999755e-01,4.236840000000000397e-03,2.831841999999999970e-01,1.909220575081884124e-03,5.000000000000000000e+00
1.696690000000000111e+02,2.821930000000000271e-01,4.263229999999999797e-03,2.810838000000000503e-01,1.902401768143627660e-03,5.000000000000000000e+00
1.705180000000000007e+02,2.826429999999999776e-01,4.267070000000000411e-03,2.802742000000000289e-01,1.899699336028730801e-03,5.000000000000000000e+00
1.713700000000000045e+02,2.811520000000000130e-01,4.253879999999999814e-03,2.776672000000000029e-01,1.891219306428527274e-03,5.000000000000000000e+00
1.722270000000000039e+02,2.763499999999999845e-01,4.218069999999999979e-03,2.746418000000000470e-01,1.880817271511509795e-03,5.000000000000000000e+00
1.730879999999999939e+02,2.659980000000000122e-01,4.140910000000000250e-03,2.705163999999999902e-01,1.866654318913922540e-03,5.000000000000000000e+00
1.739540000000000077e+02,2.670660000000000256e-01,4.146590000000000345e-03,2.659951999999999872e-01,1.851130977499971684e-03,5.000000000000000000e+00
1.748230000000000075e+02,2.620160000000000267e-01,4.108650000000000149e-03,2.622459999999999791e-01,1.838124467643037583e-03,5.000000000000000000e+00
1.756980000000000075e+02,2.585459999999999980e-01,4.080770000000000057e-03,2.600486000000000186e-01,1.830057525823710046e-03,5.000000000000000000e+00
1.765759999999999934e+02,2.576039999999999996e-01,4.073389999999999650e-03,2.579939999999999456e-01,1.822792195588954266e-03,5.000000000000000000e+00
1.774590000000000032e+02,2.550109999999999877e-01,4.050599999999999687e-03,2.566539999999999933e-01,1.817632428132816974e-03,5.000000000000000000e+00
1.783460000000000036e+02,2.567929999999999935e-01,4.065799999999999623e-03,2.553501999999999716e-01,1.812737617450468170e-03,5.000000000000000000e+00
1.792379999999999995e+02,2.553159999999999874e-01,4.051100000000000187e-03,2.543259999999999410e-01,1.808765957563332385e-03,5.000000000000000000e+00
1.801339999999999861e+02,2.520270000000000010e-01,4.025970000000000243e-03,2.554868000000000139e-01,1.812710872406297523e-03,5.000000000000000000e+00
1.810349999999999966e+02,2.524830000000000130e-01,4.029010000000000404e-03,2.550583999999999629e-01,1.810737783016635669e-03,5.000000000000000000e+00
1.819399999999999977e+02,2.608150000000000190e-01,4.094450000000000346e-03,2.546483999999999970e-01,1.808922093999628528e-03,5.000000000000000000e+00
1.828499999999999943e+02,2.546510000000000162e-01,4.043760000000000410e-03,2.557669999999999666e-01,1.812468527016124556e-03,5.000000000000000000e+00
1.837640000000000100e+02,2.532659999999999911e-01,4.030770000000000360e-03,2.569757999999999765e-01,1.816189962879434126e-03,5.000000000000000000e+00
1.846829999999999927e+02,2.576200000000000156e-01,4.065649999999999646e-03,2.564295999999999798e-01,1.813530224131927908e-03,5.000000000000000000e+00
1.856059999999999945e+02,2.585270000000000068e-01,4.070690000000000072e-03,2.569395999999999902e-01,1.814997118904600627e-03,5.000000000000000000e+00
1.865339999999999918e+02,2.580839999999999801e-01,4.064869999999999942e-03,2.594908000000000214e-01,1.823515668600629667e-03,5.000000000000000000e+00
1.874670000000000130e+02,2.572010000000000129e-01,4.060180000000000039e-03,2.619463999999999682e-01,1.831943429502122826e-03,5.000000000000000000e+00
1.884039999999999964e+02,2.660219999999999807e-01,4.125769999999999958e-03,2.651746000000000381e-01,1.842932186770853591e-03,5.000000000000000000e+00
1.893460000000000036e+02,2.698980000000000268e-01,4.159290000000000383e-03,2.675837999999999828e-01,1.851284356093358275e-03,5.000000000000000000e+00
1.902930000000000064e+02,2.746680000000000232e-01,4.192859999999999643e-03,2.700400000000000023e-01,1.859551130224710875e-03,5.000000000000000000e+00
1.912439999999999998e+02,2.701299999999999812e-01,4.158669999999999728e-03,2.702483999999999997e-01,1.860554191618185235e-03,5.000000000000000000e+00
1.922009999999999934e+02,2.694819999999999993e-01,4.153549999999999777e-03,2.680894000000000332e-01,1.853103804741655300e-03,5.000000000000000000e+00
1.931620000000000061e+02,2.670640000000000236e-01,4.137059999999999696e-03,2.634063999999999850e-01,1.837332971010970529e-03,5.000000000000000000e+00
1.941279999999999859e+02,2.591030000000000277e-01,4.075289999999999642e-03,2.567229999999999790e-01,1.814262127291423141e-03,5.000000000000000000e+00
1.950980000000000132e+02,2.512530000000000041e-01,4.015600000000000246e-03,2.484135999999999844e-01,1.784790104197129298e-03,5.000000000000000000e+00
1.960740000000000123e+02,2.367130000000000067e-01,3.897229999999999792e-03,2.403480000000000061e-01,1.755356793760174576e-03,5.000000000000000000e+00
1.970540000000000020e+02,2.279349999999999987e-01,3.821020000000000059e-03,2.317056000000000116e-01,1.723094449837268881e-03,5.000000000000000000e+00
1.980389999999999873e+02,2.267359999999999931e-01,3.809240000000000195e-03,2.240776000000000434e-01,1.693943287331662424e-03,5.000000000000000000e+00
1.990289999999999964e+02,2.158909999999999996e-01,3.715159999999999903e-03,2.195326000000000222e-01,1.676456312599883909e-03,5.000000000000000000e+00
2.000250000000000057e+02,2.131129999999999969e-01,3.692529999999999858e-03,2.164739999999999998e-01,1.664832603349658199e-03,5.000000000000000000e+00
2.010250000000000057e+02,2.139880000000000115e-01,3.703370000000000099e-03,2.132524000000000086e-01,1.652439849572746259e-03,5.000000000000000000e+00
2.020300000000000011e+02,2.126419999999999977e-01,3.691779999999999975e-03,2.111282000000000159e-01,1.644404330944187337e-03,5.000000000000000000e+00
2.030399999999999920e+02,2.106280000000000097e-01,3.671859999999999881e-03,2.102938000000000029e-01,1.641493655058099939e-03,5.000000000000000000e+00
2.040550000000000068e+02,2.052700000000000080e-01,3.624930000000000166e-03,2.086808000000000551e-01,1.634995072250678295e-03,5.000000000000000000e+00
2.050749999999999886e+02,2.089409999999999878e-01,3.660009999999999999e-03,2.065680000000000016e-01,1.626474803005567571e-03,5.000000000000000000e+00
2.061009999999999991e+02,2.059229999999999949e-01,3.630790000000000059e-03,2.042951999999999546e-01,1.617415843091689429e-03,5.000000000000000000e+00
2.071310000000000002e+02,2.020780000000000076e-01,3.596460000000000108e-03,2.013246000000000202e-01,1.605587044196607862e-03,5.000000000000000000e+00
2.081670000000000016e+02,1.992639999999999967e-01,3.570419999999999931e-03,1.982480000000000075e-01,1.593113760461568450e-03,5.000000000000000000e+00
2.092079999999999984e+02,1.904170000000000029e-01,3.490989999999999805e-03,1.954719999999999791e-01,1.581943277792222102e-03,5.000000000000000000e+00
2.102539999999999907e+02,1.935580000000000078e-01,3.521110000000000038e-03,1.927828000000000042e-01,1.571300085939028980e-03,5.000000000000000000e+00
2.113050000000000068e+02,1.920429999999999915e-01,3.506560000000000146e-03,1.918430000000000135e-01,1.567870762866633433e-03,5.000000000000000000e+00
2.123619999999999948e+02,1.886319999999999941e-01,3.477860000000000153e-03,1.920415999999999790e-01,1.568991008880547822e-03,5.000000000000000000e+00
2.134240000000000066e+02,1.945649999999999880e-01,3.532529999999999872e-03,1.920285999999999937e-01,1.569549756401497588e-03,5.000000000000000000e+00
2.144910000000000139e+02,1.914099999999999968e-01,3.503549999999999807e-03,1.925366000000000022e-01,1.572171486217709135e-03,5.000000000000000000e+00
2.155629999999999882e+02,1.934929999999999983e-01,3.527329999999999962e-03,1.930818000000000256e-01,1.575009023572880888e-03,5.000000000000000000e+00
2.166409999999999911e+02,1.945830000000000060e-01,3.535799999999999967e-03,1.929357999999999906e-01,1.575085288254575748e-03,5.000000000000000000e+00
2.177239999999999895e+02,1.913580000000000003e-01,3.509809999999999926e-03,1.950939999999999896e-01,1.585043258410318706e-03,5.000000000000000000e+00
2.188129999999999882e+02,1.938350000000000073e-01,3.533380000000000028e-03,1.972069999999999657e-01,1.594150099047138020e-03,5.000000000000000000e+00
2.199070000000000107e+02,2.022009999999999919e-01,3.614079999999999984e-03,1.998391999999999946e-01,1.605931223594584583e-03,5.000000000000000000e+00
2.210060000000000002e+02,2.040579999999999894e-01,3.628479999999999900e-03,2.029192000000000218e-01,1.619076701323318972e-03,5.000000000000000000e+00
2.221109999999999900e+02,2.077440000000000120e-01,3.666659999999999971e-03,2.056028000000000022e-01,1.630432757948637682e-03,5.000000000000000000e+00
2.232220000000000084e+02,2.067579999999999973e-01,3.657679999999999959e-03,2.086674000000000029e-01,1.642850319771098442e-03,5.000000000000000000e+00
2.243379999999999939e+02,2.072529999999999928e-01,3.661600000000000098e-03,2.097870000000000290e-01,1.647754102302889222e-03,5.000000000000000000e+00
2.254600000000000080e+02,2.175239999999999951e-01,3.752029999999999949e-03,2.103238000000000052e-01,1.649915624026877109e-03,5.000000000000000000e+00
2.265869999999999891e+02,2.096560000000000090e-01,3.683650000000000119e-03,2.114100000000000146e-01,1.654014360840920820e-03,5.000000000000000000e+00
2.277199999999999989e+02,2.104280000000000039e-01,3.690880000000000116e-03,2.110317999999999916e-01,1.652262228819626703e-03,5.000000000000000000e+00
2.288590000000000089e+02,2.121889999999999887e-01,3.703670000000000052e-03,2.077129999999999810e-01,1.638825232351515853e-03,5.000000000000000000e+00
2.300029999999999859e+02,2.053619999999999890e-01,3.641769999999999903e-03,2.064218000000000441e-01,1.633213015773508914e-03,5.000000000000000000e+00
2.311529999999999916e+02,2.009299999999999975e-01,3.601689999999999840e-03,2.066628000000000076e-01,1.633666142025352614e-03,5.000000000000000000e+00
2.323089999999999975e+02,2.031999999999999917e-01,3.620799999999999973e-03,2.068955999999999573e-01,1.634011787858337048e-03,5.000000000000000000e+00
2.334699999999999989e+02,2.116329999999999878e-01,3.695889999999999852e-03,2.087857999999999659e-01,1.641016680488044301e-03,5.000000000000000000e+00
2.346380000000000052e+02,2.133529999999999871e-01,3.707479999999999977e-03,2.128080000000000249e-01,1.656797286634668475e-03,5.000000000000000000e+00
2.358110000000000070e+02,2.148130000000000039e-01,3.719679999999999948e-03,2.173989999999999811e-01,1.674580456203881478e-03,5.000000000000000000e+00
2.369900000000000091e+02,2.210409999999999875e-01,3.777990000000000168e-03,2.202555999999999958e-01,1.685881054218238808e-03,5.000000000000000000e+00
2.381750000000000114e+02,2.261549999999999949e-01,3.819850000000000068e-03,2.230293999999999888e-01,1.696882554379058970e-03,5.000000000000000000e+00
2.393660000000000139e+02,2.259160000000000057e-01,3.822170000000000168e-03,2.273696000000000050e-01,1.714188374273959651e-03,5.000000000000000000e+00
2.405620000000000118e+02,2.272220000000000073e-01,3.830899999999999930e-03,2.295866000000000295e-01,1.722684691779665170e-03,5.000000000000000000e+00
2.417649999999999864e+02,2.365140000000000020e-01,3.913029999999999634e-03,2.310303999999999969e-01,1.728602448128545212e-03,5.000000000000000000e+00
2.429739999999999895e+02,2.321259999999999990e-01,3.873399999999999933e-03,2.310515999999999681e-01,1.728882913312523861e-03,5.000000000000000000e+00
2.441889999999999930e+02,2.333739999999999981e-01,3.886109999999999912e-03,2.298956000000000055e-01,1.724842192163677417e-03,5.000000000000000000e+00
2.454099999999999966e+02,2.260220000000000007e-01,3.825339999999999990e-03,2.267043999999999726e-01,1.712864724838479525e-03,5.000000000000000000e+00
2.466370000000000005e+02,2.214419999999999999e-01,3.785090000000000069e-03,2.224710000000000021e-01,1.697056548290598208e-03,5.000000000000000000e+00
2.478700000000000045e+02,2.205580000000000040e-01,3.779209999999999861e-03,2.179314000000000251e-01,1.679621672191687360e-03,5.000000000000000000e+00
2.491090000000000089e+02,2.109590000000000076e-01,3.695350000000000024e-03,2.152168000000000136e-01,1.668900164727656716e-03,5.000000000000000000e+00
2.503549999999999898e+02,2.106760000000000022e-01,3.691890000000000189e-03,2.092950000000000088e-01,1.645783768403370718e-03,5.000000000000000000e+00
2.516069999999999993e+02,2.124489999999999990e-01,3.706169999999999951e-03,2.039616000000000207e-01,1.624587640415868809e-03,5.000000000000000000e+00
2.528650000000000091e+02,1.918330000000000035e-01,3.522969999999999834e-03,1.988560000000000050e-01,1.604240248993896948e-03,5.000000000000000000e+00
2.541289999999999907e+02,1.938910000000000078e-01,3.542519999999999957e-03,1.939786000000000288e-01,1.584391229719478130e-03,5.000000000000000000e+00
2.554000000000000057e+02,1.854310000000000125e-01,3.465999999999999897e-03,1.879488000000000270e-01,1.559669022732707716e-03,5.000000000000000000e+00
2.566770000000000209e+02,1.862890000000000101e-01,3.470990000000000186e-03,1.857866000000000239e-01,1.550563488684033155e-03,5.000000000000000000e+00
2.579599999999999795e+02,1.822999999999999898e-01,3.434019999999999868e-03,1.823484000000000216e-01,1.536067098314393203e-03,5.000000000000000000e+00
2.592500000000000000e+02,1.810219999999999885e-01,3.421009999999999936e-03,1.807099999999999818e-01,1.529009822482511145e-03,5.000000000000000000e+00
2.605459999999999923e+02,1.766999999999999960e-01,3.380950000000000188e-03,1.785465999999999998e-01,1.520062307501899787e-03,5.000000000000000000e+00
2.618489999999999895e+02,1.772390000000000077e-01,3.387090000000000153e-03,1.790595999999999854e-01,1.522674406637216857e-03,5.000000000000000000e+00
2.631580000000000155e+02,1.754719999999999891e-01,3.371310000000000192e-03,1.777353999999999878e-01,1.517487669875442532e-03,5.000000000000000000e+00
2.644739999999999895e+02,1.848650000000000015e-01,3.462830000000000075e-03,1.790458000000000049e-01,1.523476949874857760e-03,5.000000000000000000e+00
2.657959999999999923e+02,1.744010000000000005e-01,3.362899999999999830e-03,1.816054000000000002e-01,1.534592816898345830e-03,5.000000000000000000e+00
2.671250000000000000e+02,1.832519999999999982e-01,3.447630000000000139e-03,1.866762000000000143e-01,1.556456658309507933e-03,5.000000000000000000e+00
2.684610000000000127e+02,1.900370000000000115e-01,3.510300000000000052e-03,1.899044000000000010e-01,1.570059374279839061e-03,5.000000000000000000e+00
2.698029999999999973e+02,2.008260000000000045e-01,3.613209999999999946e-03,1.953541999999999779e-01,1.593004521383414168e-03,5.000000000000000000e+00
2.711519999999999868e+02,2.010059999999999902e-01,3.613089999999999791e-03,2.011245999999999867e-01,1.616713077844055945e-03,5.000000000000000000e+00
2.725079999999999814e+02,2.016499999999999959e-01,3.622639999999999888e-03,2.077269999999999950e-01,1.643696887442450518e-03,5.000000000000000000e+00
2.738709999999999809e+02,2.121039999999999870e-01,3.713300000000000108e-03,2.141078000000000148e-01,1.669455830918566185e-03,5.000000000000000000e+00
2.752400000000000091e+02,2.230489999999999973e-01,3.810730000000000020e-03,2.223196000000000061e-01,1.701866384714146837e-03,5.000000000000000000e+00
2.766159999999999854e+02,2.327299999999999924e-01,3.897289999999999869e-03,2.312624000000000068e-01,1.736437621687574430e-03,5.000000000000000000e+00
2.779990000000000236e+02,2.420650000000000024e-01,3.973169999999999827e-03,2.395452000000000137e-01,1.768320726052827977e-03,5.000000000000000000e+00
2.793890000000000100e+02,2.463639999999999997e-01,4.011879999999999787e-03,2.474339999999999873e-01,1.798267813623988156e-03,5.000000000000000000e+00
2.807860000000000014e+02,2.535180000000000211e-01,4.072120000000000253e-03,2.561186000000000296e-01,1.830323251611036929e-03,5.000000000000000000e+00
2.821899999999999977e+02,2.624929999999999763e-01,4.146310000000000273e-03,2.636167999999999845e-01,1.858079221899862962e-03,5.000000000000000000e+00
2.836009999999999991e+02,2.761529999999999818e-01,4.254029999999999791e-03,2.701303999999999927e-01,1.882003856840893958e-03,5.000000000000000000e+00
2.850190000000000055e+02,2.795560000000000267e-01,4.283160000000000266e-03,2.770112000000000130e-01,1.906930521511468165e-03,5.000000000000000000e+00
2.864440000000000168e+02,2.789320000000000133e-01,4.281609999999999930e-03,2.829407999999999923e-01,1.928568075180132164e-03,5.000000000000000000e+00
2.878759999999999764e+02,2.879220000000000113e-01,4.352390000000000252e-03,2.843037999999999954e-01,1.934698395490108431e-03,5.000000000000000000e+00
2.893159999999999741e+02,2.921409999999999840e-01,4.389380000000000018e-03,2.847928000000000126e-01,1.937613695374803017e-03,5.000000000000000000e+00
2.907620000000000005e+02,2.829679999999999973e-01,4.323060000000000097e-03,2.835904000000000202e-01,1.934823626308093290e-03,5.000000000000000000e+00
2.922160000000000082e+02,2.820010000000000017e-01,4.315979999999999643e-03,2.809137999999999913e-01,1.927301553680689592e-03,5.000000000000000000e+00
2.936770000000000209e+02,2.729199999999999959e-01,4.249949999999999735e-03,2.760112000000000121e-01,1.911821345353168552e-03,5.000000000000000000e+00
2.951460000000000150e+02,2.745389999999999775e-01,4.268140000000000128e-03,2.699239999999999418e-01,1.892026932525010547e-03,5.000000000000000000e+00
2.966209999999999809e+02,2.676279999999999770e-01,4.216740000000000071e-03,2.635261999999999882e-01,1.871327486189416304e-03,5.000000000000000000e+00
2.981039999999999850e+02,2.525319999999999787e-01,4.099570000000000297e-03,2.561453999999999676e-01,1.846634176811422483e-03,5.000000000000000000e+00
2.995950000000000273e+02,2.500120000000000120e-01,4.084139999999999993e-03,2.476901999999999993e-01,1.817298326138006319e-03,5.000000000000000000e+00
3.010930000000000177e+02,2.360160000000000036e-01,3.970750000000000321e-03,2.408058000000000143e-01,1.793738937943869290e-03,5.000000000000000000e+00
3.025980000000000132e+02,2.322629999999999972e-01,3.940800000000000379e-03,2.355605999999999811e-01,1.775933548014677413e-03,5.000000000000000000e+00
3.041109999999999900e+02,2.332059999999999966e-01,3.956519999999999829e-03,2.306174000000000002e-01,1.758760819206522984e-03,5.000000000000000000e+00
3.056320000000000050e+02,2.263060000000000072e-01,3.900960000000000191e-03,2.277330000000000187e-01,1.749638788241733144e-03,5.000000000000000000e+00
3.071600000000000250e+02,2.252959999999999963e-01,3.893929999999999874e-03,2.221360000000000279e-01,1.729952828783490283e-03,5.000000000000000000e+00
3.086960000000000264e+02,2.215940000000000132e-01,3.868690000000000150e-03,2.167676000000000047e-01,1.710683450261912125e-03,5.000000000000000000e+00
3.102389999999999759e+02,2.042779999999999874e-01,3.717180000000000050e-03,2.111379999999999924e-01,1.690327777187608255e-03,5.000000000000000000e+00
3.117909999999999968e+02,2.063639999999999919e-01,3.741200000000000081e-03,2.026016000000000206e-01,1.657931921418970712e-03,5.000000000000000000e+00
3.133500000000000227e+02,1.981580000000000008e-01,3.672429999999999965e-03,1.944222000000000172e-01,1.626043693531019699e-03,5.000000000000000000e+00
3.149159999999999968e+02,1.826139999999999985e-01,3.528589999999999852e-03,1.883183999999999969e-01,1.602569820810313250e-03,5.000000000000000000e+00
3.164909999999999854e+02,1.806969999999999965e-01,3.514080000000000155e-03,1.795047999999999921e-01,1.566905337112615548e-03,5.000000000000000000e+00
3.180729999999999791e+02,1.737589999999999968e-01,3.452929999999999888e-03,1.708753999999999829e-01,1.530850761431694872e-03,5.000000000000000000e+00
3.196639999999999873e+02,1.622959999999999958e-01,3.342250000000000169e-03,1.634325999999999834e-01,1.499469662092567856e-03,5.000000000000000000e+00
3.212620000000000005e+02,1.550110000000000099e-01,3.270250000000000153e-03,1.548438000000000037e-01,1.461842628286643070e-03,5.000000000000000000e+00
3.228679999999999950e+02,1.454000000000000015e-01,3.173889999999999958e-03,1.459915999999999991e-01,1.421597469356216791e-03,5.000000000000000000e+00
3.244830000000000041e+02,1.377529999999999866e-01,3.092430000000000179e-03,1.388192000000000037e-01,1.388441629482492848e-03,5.000000000000000000e+00
3.261050000000000182e+02,1.294980000000000020e-01,3.003599999999999933e-03,1.328014000000000139e-01,1.360410975461459702e-03,5.000000000000000000e+00
3.277359999999999900e+02,1.264339999999999908e-01,2.973449999999999878e-03,1.273440000000000127e-01,1.334016228775347559e-03,5.000000000000000000e+00
3.293740000000000236e+02,1.249220000000000053e-01,2.961119999999999811e-03,1.228624000000000105e-01,1.312492248678063557e-03,5.000000000000000000e+00
3.310210000000000150e+02,1.181129999999999958e-01,2.880209999999999802e-03,1.196662000000000142e-01,1.297226995904725939e-03,5.000000000000000000e+00
3.326759999999999877e+02,1.153450000000000031e-01,2.852899999999999794e-03,1.166480000000000017e-01,1.282658478164784132e-03,5.000000000000000000e+00
3.343399999999999750e+02,1.135170000000000068e-01,2.832959999999999819e-03,1.135066000000000130e-01,1.266831379027216677e-03,5.000000000000000000e+00
3.360110000000000241e+02,1.113429999999999975e-01,2.811010000000000071e-03,1.117026000000000130e-01,1.258554558984234170e-03,5.000000000000000000e+00
3.376909999999999741e+02,1.092150000000000065e-01,2.785580000000000174e-03,1.095296000000000047e-01,1.247919463276376574e-03,5.000000000000000000e+00
3.393799999999999955e+02,1.090929999999999955e-01,2.788019999999999995e-03,1.069012000000000018e-01,1.234778406541027799e-03,5.000000000000000000e+00
3.410769999999999982e+02,1.044800000000000034e-01,2.733610000000000033e-03,1.051538000000000056e-01,1.226187585132062921e-03,5.000000000000000000e+00
3.427819999999999823e+02,1.003750000000000059e-01,2.685149999999999863e-03,1.045951999999999993e-01,1.224544379177822974e-03,5.000000000000000000e+00
3.444959999999999809e+02,1.026060000000000028e-01,2.715369999999999936e-03,1.033129999999999882e-01,1.218613577675876653e-03,5.000000000000000000e+00
3.462180000000000177e+02,1.064220000000000027e-01,2.767449999999999858e-03,1.027448000000000111e-01,1.216573701841363979e-03,5.000000000000000000e+00
3.479499999999999886e+02,1.026819999999999955e-01,2.722280000000000099e-03,1.025078799999999957e-01,1.216583413423017205e-03,5.000000000000000000e+00
3.496890000000000214e+02,1.016389999999999932e-01,2.710800000000000189e-03,1.013269999999999865e-01,1.210981567645024164e-03,5.000000000000000000e+00
3.514379999999999882e+02,9.919039999999999802e-02,2.685260000000000077e-03,9.862126000000000225e-02,1.196354496449944472e-03,5.000000000000000000e+00
3.531949999999999932e+02,9.670159999999999867e-02,2.652030000000000099e-03,9.757169999999999732e-02,1.191568759830501740e-03,5.000000000000000000e+00
3.549610000000000127e+02,9.289329999999999810e-02,2.603550000000000048e-03,9.762529999999999819e-02,1.193648620180997764e-03,5.000000000000000000e+00
3.567359999999999900e+02,9.743419999999999859e-02,2.669289999999999944e-03,9.825981999999999772e-02,1.199006789772268057e-03,5.000000000000000000e+00
3.585190000000000055e+02,1.019069999999999976e-01,2.733580000000000211e-03,9.854941999999998481e-02,1.202484793404057922e-03,5.000000000000000000e+00
3.603120000000000118e+02,1.023629999999999957e-01,2.744289999999999924e-03,9.991053999999999213e-02,1.212701501117236956e-03,5.000000000000000000e+00
3.621139999999999759e+02,9.814960000000000351e-02,2.691110000000000030e-03,1.001745200000000030e-01,1.215821545750855708e-03,5.000000000000000000e+00
3.639239999999999782e+02,9.969889999999999308e-02,2.719440000000000052e-03,9.843678000000000150e-02,1.206728324152540974e-03,5.000000000000000000e+00
3.657440000000000282e+02,9.875409999999999744e-02,2.704540000000000069e-03,9.690068000000000292e-02,1.198775247026731116e-03,5.000000000000000000e+00
3.675720000000000027e+02,9.321830000000000394e-02,2.630920000000000133e-03,9.614829999999999210e-02,1.195952827011165839e-03,5.000000000000000000e+00
3.694100000000000250e+02,9.468250000000000277e-02,2.655719999999999869e-03,9.534709999999999019e-02,1.192451903100498218e-03,5.000000000000000000e+00
3.712570000000000050e+02,9.438770000000000493e-02,2.659529999999999793e-03,9.524982000000001281e-02,1.193923267835919188e-03,5.000000000000000000e+00
3.731139999999999759e+02,9.569289999999999741e-02,2.680730000000000092e-03,9.551058000000001158e-02,1.197463410651031148e-03,5.000000000000000000e+00
3.749789999999999850e+02,9.826769999999999949e-02,2.720719999999999823e-03,9.606513999999999331e-02,1.203007630024016108e-03,5.000000000000000000e+00
3.768539999999999850e+02,9.452209999999999779e-02,2.670839999999999846e-03,9.799879999999999702e-02,1.216812688824372816e-03,5.000000000000000000e+00
3.787379999999999995e+02,9.745529999999999471e-02,2.717639999999999900e-03,9.881726000000000398e-02,1.223722232482518917e-03,5.000000000000000000e+00
3.806320000000000050e+02,1.040559999999999957e-01,2.812160000000000180e-03,9.927611999999999548e-02,1.228470543861756581e-03,5.000000000000000000e+00
3.825350000000000250e+02,9.978520000000000445e-02,2.758239999999999911e-03,1.008437000000000083e-01,1.240178676567211310e-03,5.000000000000000000e+00
3.844479999999999791e+02,1.005619999999999986e-01,2.773700000000000037e-03,1.009117199999999964e-01,1.242439069968422896e-03,5.000000000000000000e+00
3.863700000000000045e+02,1.023600000000000065e-01,2.802849999999999960e-03,1.007743200000000144e-01,1.243481933839008348e-03,5.000000000000000000e+00
3.883020000000000209e+02,9.779540000000000455e-02,2.743329999999999987e-03,1.005841600000000058e-01,1.244164113666681830e-03,5.000000000000000000e+00
3.902440000000000282e+02,1.033690000000000025e-01,2.823659999999999972e-03,1.003678800000000065e-01,1.244847053672056480e-03,5.000000000000000000e+00
3.921949999999999932e+02,9.883440000000000281e-02,2.765919999999999837e-03,1.006632799999999939e-01,1.248517352867792697e-03,5.000000000000000000e+00
3.941560000000000059e+02,9.948060000000000236e-02,2.781350000000000142e-03,1.014019999999999921e-01,1.255309046950590793e-03,5.000000000000000000e+00
3.961270000000000095e+02,1.038369999999999987e-01,2.843370000000000012e-03,1.011324000000000112e-01,1.255925971519022532e-03,5.000000000000000000e+00
3.981070000000000277e+02,1.014889999999999959e-01,2.819750000000000208e-03,1.022485199999999955e-01,1.265267071355293026e-03,5.000000000000000000e+00
4.000980000000000132e+02,1.020210000000000006e-01,2.830510000000000057e-03,1.035022000000000164e-01,1.275017130775896656e-03,5.000000000000000000e+00
4.020980000000000132e+02,1.044149999999999939e-01,2.870380000000000067e-03,1.045391999999999849e-01,1.283941156594024021e-03,5.000000000000000000e+00
4.041089999999999804e+02,1.057489999999999958e-01,2.890520000000000155e-03,1.058751999999999888e-01,1.294399921770702198e-03,5.000000000000000000e+00
4.061290000000000191e+02,1.090219999999999939e-01,2.942049999999999874e-03,1.074263999999999913e-01,1.306464822326265261e-03,5.000000000000000000e+00
4.081600000000000250e+02,1.081690000000000013e-01,2.936859999999999905e-03,1.093345999999999901e-01,1.320416927540691643e-03,5.000000000000000000e+00
4.102010000000000218e+02,1.097769999999999996e-01,2.965849999999999910e-03,1.114117999999999914e-01,1.335316406182444904e-03,5.000000000000000000e+00
4.122520000000000095e+02,1.139560000000000017e-01,3.025780000000000049e-03,1.126030000000000086e-01,1.344841855403080448e-03,5.000000000000000000e+00
4.143129999999999882e+02,1.161350000000000021e-01,3.056849999999999845e-03,1.140631999999999896e-01,1.355964511983997383e-03,5.000000000000000000e+00
4.163840000000000146e+02,1.149779999999999969e-01,3.048589999999999894e-03,1.148251999999999884e-01,1.362824343121298845e-03,5.000000000000000000e+00
4.184660000000000082e+02,1.154700000000000032e-01,3.062050000000000188e-03,1.146364000000000133e-01,1.364040563168119301e-03,5.000000000000000000e+00
4.205590000000000259e+02,1.135869999999999935e-01,3.043440000000000121e-03,1.154469999999999941e-01,1.371608665233637345e-03,5.000000000000000000e+00
4.226619999999999777e+02,1.130120000000000013e-01,3.039449999999999964e-03,1.156149999999999956e-01,1.375392943444163525e-03,5.000000000000000000e+00
4.247749999999999773e+02,1.201880000000000032e-01,3.140369999999999967e-03,1.163298000000000110e-01,1.382346005049387132e-03,5.000000000000000000e+00
4.268990000000000009e+02,1.158180000000000043e-01,3.090920000000000039e-03,1.168611999999999984e-01,1.388034279236647923e-03,5.000000000000000000e+00
4.290330000000000155e+02,1.190439999999999970e-01,3.139349999999999953e-03,1.170538000000000134e-01,1.392134096224929233e-03,5.000000000000000000e+00
4.311779999999999973e+02,1.162440000000000001e-01,3.107490000000000079e-03,1.160230000000000150e-01,1.389128672172596120e-03,5.000000000000000000e+00
4.333340000000000032e+02,1.139750000000000069e-01,3.085969999999999946e-03,1.173849999999999894e-01,1.400409147149503548e-03,5.000000000000000000e+00
4.355009999999999764e+02,1.150339999999999974e-01,3.106919999999999994e-03,1.177546000000000009e-01,1.405551789541744376e-03,5.000000000000000000e+00
4.376779999999999973e+02,1.226280000000000009e-01,3.215659999999999959e-03,1.195510000000000045e-01,1.419848806184658557e-03,5.000000000000000000e+00
4.398670000000000186e+02,1.208919999999999995e-01,3.196290000000000069e-03,1.209535999999999945e-01,1.431149104211018337e-03,5.000000000000000000e+00
4.420659999999999741e+02,1.252260000000000040e-01,3.265940000000000162e-03,1.221041999999999961e-01,1.440721403465638779e-03,5.000000000000000000e+00
4.442760000000000105e+02,1.209879999999999983e-01,3.213820000000000045e-03,1.218126000000000070e-01,1.441760327140402271e-03,5.000000000000000000e+00
4.464979999999999905e+02,1.207870000000000055e-01,3.215620000000000197e-03,1.212144000000000138e-01,1.441335818035477650e-03,5.000000000000000000e+00
4.487300000000000182e+02,1.211699999999999999e-01,3.227279999999999906e-03,1.212833999999999995e-01,1.444022823304396330e-03,5.000000000000000000e+00
4.509739999999999895e+02,1.179010000000000058e-01,3.191499999999999893e-03,1.225103999999999915e-01,1.453966317949628327e-03,5.000000000000000000e+00
4.532289999999999850e+02,1.255709999999999882e-01,3.295479999999999937e-03,1.221712000000000076e-01,1.454796203720644691e-03,5.000000000000000000e+00
4.554950000000000045e+02,1.271230000000000138e-01,3.324010000000000072e-03,1.216982000000000064e-01,1.455123785820299246e-03,5.000000000000000000e+00
4.577730000000000246e+02,1.190910000000000024e-01,3.224990000000000061e-03,1.222481999999999874e-01,1.461462903033806113e-03,5.000000000000000000e+00
4.600609999999999786e+02,1.188049999999999939e-01,3.230970000000000109e-03,1.208228000000000080e-01,1.456530721654713352e-03,5.000000000000000000e+00
4.623620000000000232e+02,1.206509999999999944e-01,3.263110000000000056e-03,1.189356000000000024e-01,1.448507176743007952e-03,5.000000000000000000e+00
4.646730000000000018e+02,1.184439999999999937e-01,3.240429999999999873e-03,1.181155999999999873e-01,1.446986656762252370e-03,5.000000000000000000e+00
4.669970000000000141e+02,1.176869999999999999e-01,3.235169999999999886e-03,1.177442000000000072e-01,1.447853165426660248e-03,5.000000000000000000e+00
4.693319999999999936e+02,1.149909999999999960e-01,3.207880000000000193e-03,1.175575999999999982e-01,1.450215388646803683e-03,5.000000000000000000e+00
4.716789999999999736e+02,1.169479999999999964e-01,3.240659999999999808e-03,1.165805999999999926e-01,1.447791601304552296e-03,5.000000000000000000e+00
4.740369999999999777e+02,1.197180000000000050e-01,3.289230000000000192e-03,1.153769999999999935e-01,1.444056216037311940e-03,5.000000000000000000e+00
4.764069999999999823e+02,1.135589999999999933e-01,3.213220000000000139e-03,1.150146000000000085e-01,1.445512004452401697e-03,5.000000000000000000e+00
4.787889999999999873e+02,1.116690000000000044e-01,3.193160000000000009e-03,1.147212000000000093e-01,1.447142343790686026e-03,5.000000000000000000e+00
4.811829999999999927e+02,1.131790000000000018e-01,3.224229999999999804e-03,1.131232000000000071e-01,1.440384674943468151e-03,5.000000000000000000e+00
4.835889999999999986e+02,1.154810000000000003e-01,3.258800000000000065e-03,1.116629999999999984e-01,1.434139674355325777e-03,5.000000000000000000e+00
4.860070000000000050e+02,1.117279999999999940e-01,3.214219999999999838e-03,1.099468000000000112e-01,1.426146471724415703e-03,5.000000000000000000e+00
4.884370000000000118e+02,1.062580000000000052e-01,3.142610000000000108e-03,1.088578000000000046e-01,1.422315266978457305e-03,5.000000000000000000e+00
4.908790000000000191e+02,1.030879999999999991e-01,3.102370000000000128e-03,1.066826000000000024e-01,1.411419149989116524e-03,5.000000000000000000e+00
4.933340000000000032e+02,1.077339999999999964e-01,3.181639999999999902e-03,1.046942000000000011e-01,1.401540330470729071e-03,5.000000000000000000e+00
4.958000000000000114e+02,1.046050000000000035e-01,3.138129999999999826e-03,1.032320200000000077e-01,1.394719696460905434e-03,5.000000000000000000e+00
4.982789999999999964e+02,1.017860000000000015e-01,3.104270000000000120e-03,1.021981799999999996e-01,1.390728639785634123e-03,5.000000000000000000e+00
5.007710000000000150e+02,9.894709999999999617e-02,3.065809999999999976e-03,1.005853341805550138e-01,1.381937202856704924e-03,5.000578250000000224e+00
5.032740000000000009e+02,9.791880000000000028e-02,3.057250000000000072e-03,9.889708037375499750e-02,1.371027877932359763e-03,5.002455499999999944e+00
5.057909999999999968e+02,9.967189999999999384e-02,3.093330000000000038e-03,9.774977589325249683e-02,1.363428029356116141e-03,5.004343249999999799e+00
5.083199999999999932e+02,9.616740000000000010e-02,3.045190000000000136e-03,9.635073272800000199e-02,1.354227851751446882e-03,5.006240000000000023e+00
5.108609999999999900e+02,9.606470000000000287e-02,3.048139999999999964e-03,9.544710533388252316e-02,1.348613357786786118e-03,5.008145749999999730e+00
5.134160000000000537e+02,9.194620000000000570e-02,2.990749999999999919e-03,9.404073613152000299e-02,1.339485857289241834e-03,5.010062000000000459e+00
5.159829999999999472e+02,9.340450000000000141e-02,3.023019999999999961e-03,9.348372887709499590e-02,1.336227218257398644e-03,5.011987249999999783e+00
5.185629999999999882e+02,9.262639999999999763e-02,3.020019999999999996e-03,9.283595469206248896e-02,1.332171322902085979e-03,5.013922250000000247e+00
5.211549999999999727e+02,9.338359999999999717e-02,3.037559999999999913e-03,9.319559085572501345e-02,1.335434207429288082e-03,5.015866250000000193e+00
5.237609999999999673e+02,9.280879999999999685e-02,3.031589999999999806e-03,9.367468571302252356e-02,1.339936170950281396e-03,5.017820750000000274e+00
5.263799999999999955e+02,9.371939999999999438e-02,3.057330000000000030e-03,9.361861292834998405e-02,1.339930677828527275e-03,5.019784999999999719e+00
5.290119999999999436e+02,9.585490000000000677e-02,3.103460000000000159e-03,9.334177281836998630e-02,1.338451739403105850e-03,5.021759000000000306e+00
5.316570000000000391e+02,9.235400000000000553e-02,3.050199999999999873e-03,9.371379361846751688e-02,1.341986004978332507e-03,5.023742750000000257e+00
5.343150000000000546e+02,9.194800000000000195e-02,3.050980000000000011e-03,9.415528251865000475e-02,1.345793589356606779e-03,5.025736250000000460e+00
5.369869999999999663e+02,9.464759999999999840e-02,3.102479999999999908e-03,9.373154776468500815e-02,1.343128324693296195e-03,5.027740249999999911e+00
5.396720000000000255e+02,9.598260000000000125e-02,3.131450000000000032e-03,9.456484826092000084e-02,1.350064037624424838e-03,5.029753999999999614e+00
5.423700000000000045e+02,9.365909999999999513e-02,3.103859999999999952e-03,9.506389331492498540e-02,1.354788803093348766e-03,5.031777499999999570e+00
5.450819999999999936e+02,9.659230000000000593e-02,3.161109999999999962e-03,9.582437591556498824e-02,1.361610160893148274e-03,5.033811499999999661e+00
5.478070000000000164e+02,9.434979999999999756e-02,3.137759999999999855e-03,9.692546097404498850e-02,1.371139517968273909e-03,5.035855250000000005e+00
5.505460000000000491e+02,9.837189999999999823e-02,3.212619999999999799e-03,9.734063948478999251e-02,1.375022082273118489e-03,5.037909499999999596e+00
5.532989999999999782e+02,1.016890000000000016e-01,3.272629999999999897e-03,9.708556082426750278e-02,1.373828603102986287e-03,5.039974250000000211e+00
5.560660000000000309e+02,9.576790000000000302e-02,3.182830000000000208e-03,9.786894016144501163e-02,1.379940600657427949e-03,5.042049500000000073e+00
5.588460000000000036e+02,9.521110000000000684e-02,3.180440000000000090e-03,9.820569665457998254e-02,1.383289031679371802e-03,5.044134500000000187e+00
5.616399999999999864e+02,9.822179999999999800e-02,3.242930000000000205e-03,9.708289778570002027e-02,1.376333561611093985e-03,5.046229999999999549e+00
5.644479999999999791e+02,1.002210000000000045e-01,3.285059999999999803e-03,9.741945288448002060e-02,1.379391328727703689e-03,5.048335999999999935e+00
5.672709999999999582e+02,9.598399999999999987e-02,3.225469999999999813e-03,9.857755810416247988e-02,1.388792091303535717e-03,5.050453250000000338e+00
5.701069999999999709e+02,9.730669999999999598e-02,3.252999999999999815e-03,9.852984655451252349e-02,1.389120125682325856e-03,5.052580250000000106e+00
5.729579999999999700e+02,1.011790000000000050e-01,3.325540000000000093e-03,9.805866663159500118e-02,1.386160748740085337e-03,5.054718499999999892e+00
5.758220000000000027e+02,9.799480000000000690e-02,3.281819999999999963e-03,9.902402788985500970e-02,1.393330203874276968e-03,5.056866499999999931e+00
5.787019999999999982e+02,9.770940000000000181e-02,3.285150000000000136e-03,1.004779693467400120e-01,1.404618955884827727e-03,5.059026499999999871e+00
5.815950000000000273e+02,1.006539999999999935e-01,3.345560000000000027e-03,1.004896231381500055e-01,1.406350905520217841e-03,5.061196250000000063e+00
5.845030000000000427e+02,1.047980000000000023e-01,3.421770000000000193e-03,9.992944422282000472e-02,1.403179254356427038e-03,5.063377250000000274e+00
5.874260000000000446e+02,1.015780000000000016e-01,3.382510000000000031e-03,1.002157738023300299e-01,1.406751339501829132e-03,5.065569499999999614e+00
5.903630000000000564e+02,9.493699999999999362e-02,3.280390000000000215e-03,9.916518818603249630e-02,1.399892987160087851e-03,5.067772249999999978e+00
5.933139999999999645e+02,9.938279999999999337e-02,3.365519999999999883e-03,9.743905650845999245e-02,1.388670247798758995e-03,5.069985499999999590e+00
5.962809999999999491e+02,9.531159999999999632e-02,3.300110000000000196e-03,9.661750392377251029e-02,1.383230475819464825e-03,5.072210749999999990e+00
5.992619999999999436e+02,9.598850000000000438e-02,3.325170000000000122e-03,9.724335923268499771e-02,1.388163404821552566e-03,5.074446499999999638e+00
6.022590000000000146e+02,9.739470000000000072e-02,3.354549999999999980e-03,9.774977685498750790e-02,1.393487680205878062e-03,5.076694250000000075e+00
6.052699999999999818e+02,9.781470000000000442e-02,3.376979999999999912e-03,9.777096864102498286e-02,1.394323981527293517e-03,5.078952499999999759e+00
6.082960000000000491e+02,1.024090000000000000e-01,3.466330000000000106e-03,9.848081646711999426e-02,1.400537448808104922e-03,5.081222000000000349e+00
6.113379999999999654e+02,9.512980000000000047e-02,3.348600000000000187e-03,9.897061567142499683e-02,1.405928733519452509e-03,5.083503499999999953e+00
6.143949999999999818e+02,9.954300000000000648e-02,3.439069999999999801e-03,9.876690201651250334e-02,1.405512131034220187e-03,5.085796249999999574e+00
6.174669999999999845e+02,1.001260000000000067e-01,3.459359999999999866e-03,9.821052613488250038e-02,1.402362188976607679e-03,5.088100250000000102e+00
6.205539999999999736e+02,9.656979999999999731e-02,3.411159999999999887e-03,9.908604197084999732e-02,1.410785832456119566e-03,5.090415499999999760e+00
6.236570000000000391e+02,9.955150000000000110e-02,3.467200000000000143e-03,9.816095566258249694e-02,1.404740121657994251e-03,5.092742750000000207e+00
6.267749999999999773e+02,9.998920000000000030e-02,3.493000000000000011e-03,9.782332571418748957e-02,1.404166398289260825e-03,5.095081249999999784e+00
6.299089999999999918e+02,9.452009999999999579e-02,3.404159999999999825e-03,9.726566476971999775e-02,1.401315592783674126e-03,5.097431750000000150e+00
6.330579999999999927e+02,9.877470000000000694e-02,3.492990000000000071e-03,9.515220469832999517e-02,1.386467902276782103e-03,5.099793499999999646e+00
6.362240000000000464e+02,9.423779999999999657e-02,3.417460000000000202e-03,9.419679901367999930e-02,1.380449271108923027e-03,5.102167999999999815e+00
6.394049999999999727e+02,8.823930000000000662e-02,3.321199999999999847e-03,9.426194120121250686e-02,1.382033160152137822e-03,5.104553750000000001e+00
6.426019999999999754e+02,9.515129999999999422e-02,3.459489999999999961e-03,9.335501547273999945e-02,1.376964775183369370e-03,5.106951500000000088e+00
6.458150000000000546e+02,9.489870000000000250e-02,3.464420000000000173e-03,9.293664582618749170e-02,1.375683558947899624e-03,5.109361250000000076e+00
6.490439999999999827e+02,9.435109999999999331e-02,3.471510000000000134e-03,9.359601622821997480e-02,1.380615328562583575e-03,5.111782999999999966e+00
6.522889999999999873e+02,9.221859999999999780e-02,3.442869999999999785e-03,9.389887903185249740e-02,1.384308151553221688e-03,5.114216749999999756e+00
6.555510000000000446e+02,9.104310000000000180e-02,3.425259999999999850e-03,9.375436490170499515e-02,1.384272716098782028e-03,5.116663250000000218e+00
6.588279999999999745e+02,9.693859999999999977e-02,3.547180000000000038e-03,9.335107848531000452e-02,1.381900499352917014e-03,5.119120999999999810e+00
6.621219999999999573e+02,9.435540000000000593e-02,3.506420000000000110e-03,9.317189051012500500e-02,1.381026381898248310e-03,5.121591500000000075e+00
6.654329999999999927e+02,9.239300000000000290e-02,3.484269999999999815e-03,9.299382529701999411e-02,1.381070679186664893e-03,5.124074750000000122e+00
6.687599999999999909e+02,9.144239999999999313e-02,3.474930000000000206e-03,9.170375995520001211e-02,1.372251085003542946e-03,5.126570000000000071e+00
6.721040000000000418e+02,9.014500000000000290e-02,3.469359999999999892e-03,9.138499885193999972e-02,1.371015316383423967e-03,5.129077999999999804e+00
6.754640000000000555e+02,9.010239999999999916e-02,3.477969999999999933e-03,9.172533491685998241e-02,1.375820319505462273e-03,5.131598000000000326e+00
6.788419999999999845e+02,9.245180000000000065e-02,3.532850000000000140e-03,9.108999728532500562e-02,1.371457009641829840e-03,5.134131499999999626e+00
6.822359999999999900e+02,9.493630000000000124e-02,3.590149999999999852e-03,9.150458364011000711e-02,1.374710282370129790e-03,5.136676999999999715e+00
6.856470000000000482e+02,8.770100000000000118e-02,3.461370000000000072e-03,9.225928274924499739e-02,1.380607063650768091e-03,5.139235250000000477e+00
6.890750000000000455e+02,9.208260000000000056e-02,3.554700000000000047e-03,9.301205888025000645e-02,1.387327877564699559e-03,5.141806250000000134e+00
6.925209999999999582e+02,9.363939999999999764e-02,3.597280000000000009e-03,9.314905927479749659e-02,1.390584779431700219e-03,5.144390750000000345e+00
6.959829999999999472e+02,9.634489999999999721e-02,3.663099999999999863e-03,9.423967900410250287e-02,1.399984856583609549e-03,5.146987249999999570e+00
6.994629999999999654e+02,9.595420000000000338e-02,3.677530000000000035e-03,9.440551839324498595e-02,1.402625470317986171e-03,5.149597250000000237e+00
7.029610000000000127e+02,9.333719999999999517e-02,3.632339999999999961e-03,9.436238693793000398e-02,1.402639133244670301e-03,5.152220749999999683e+00
7.064750000000000227e+02,9.296619999999999884e-02,3.636410000000000076e-03,9.467405564956250796e-02,1.405806259689076129e-03,5.154856249999999918e+00
7.100080000000000382e+02,9.272930000000000061e-02,3.642339999999999987e-03,9.491620208794002145e-02,1.408018901415291398e-03,5.157505999999999702e+00
7.135579999999999927e+02,9.805139999999999689e-02,3.750569999999999946e-03,9.564769412154500161e-02,1.414757455760320103e-03,5.160168500000000158e+00
7.171259999999999764e+02,9.718019999999999436e-02,3.752979999999999944e-03,9.610740745534498974e-02,1.419436321289538425e-03,5.162844500000000281e+00
7.207110000000000127e+02,9.726579999999999948e-02,3.769450000000000144e-03,9.583242107483749828e-02,1.418492261534066035e-03,5.165533250000000187e+00
7.243150000000000546e+02,9.597999999999999587e-02,3.749419999999999836e-03,9.482203076946249531e-02,1.411004558193217767e-03,5.168236249999999643e+00
7.279360000000000355e+02,9.130660000000000165e-02,3.679200000000000092e-03,9.560712743223999388e-02,1.418367278833328627e-03,5.170951999999999771e+00
7.315760000000000218e+02,9.144850000000000201e-02,3.694470000000000046e-03,9.619023789375999445e-02,1.425031919438262285e-03,5.173682000000000336e+00
7.352340000000000373e+02,1.012630000000000058e-01,3.896800000000000177e-03,9.643886204106999482e-02,1.428635229007827823e-03,5.176425499999999680e+00
7.389099999999999682e+02,1.008700000000000013e-01,3.907700000000000062e-03,9.818958918044998208e-02,1.442807585050619222e-03,5.179182499999999578e+00
7.426050000000000182e+02,9.674770000000000592e-02,3.845589999999999859e-03,1.000538499500374934e-01,1.457641477984590681e-03,5.181953749999999914e+00
7.463179999999999836e+02,1.001260000000000067e-01,3.921309999999999900e-03,9.945356209535499703e-02,1.455446228085061902e-03,5.184738499999999917e+00
7.500489999999999782e+02,1.013909999999999950e-01,3.950600000000000292e-03,9.790205088388499732e-02,1.444436407155375284e-03,5.187536749999999586e+00
7.537999999999999545e+02,9.923239999999999839e-02,3.923359999999999868e-03,9.757565918050001286e-02,1.441841758800892258e-03,5.190349999999999575e+00
7.575689999999999600e+02,9.253279999999999839e-02,3.808170000000000045e-03,9.711292303995250341e-02,1.438027616305684146e-03,5.193176750000000119e+00
7.613559999999999945e+02,9.468089999999999840e-02,3.860839999999999932e-03,9.701693408990999523e-02,1.438924343720148977e-03,5.196017000000000330e+00
7.651630000000000109e+02,9.705800000000000538e-02,3.918139999999999644e-03,9.707241655082500531e-02,1.440395340733895439e-03,5.198872249999999973e+00
7.689890000000000327e+02,1.011380000000000057e-01,4.014890000000000125e-03,9.827558049893499181e-02,1.449994287906869158e-03,5.201741750000000053e+00
7.728339999999999463e+02,9.963779999999999859e-02,3.995679999999999718e-03,9.908160855314498972e-02,1.456135223548632408e-03,5.204625499999999683e+00
7.766979999999999791e+02,9.890770000000000117e-02,3.995340000000000003e-03,1.001917387344149896e-01,1.465620568659428951e-03,5.207523499999999750e+00
7.805819999999999936e+02,9.801980000000000415e-02,3.996290000000000432e-03,1.005428514735849932e-01,1.469129738557209321e-03,5.210436500000000137e+00
7.844850000000000136e+02,1.027450000000000030e-01,4.102830000000000019e-03,1.011716523538125079e-01,1.474384078786075128e-03,5.213363750000000074e+00
7.884070000000000391e+02,1.030409999999999937e-01,4.117599999999999906e-03,1.021580977765100123e-01,1.483341163130844336e-03,5.216305250000000449e+00
7.923490000000000464e+02,1.025400000000000061e-01,4.121370000000000068e-03,1.030056237052999757e-01,1.489388311453392717e-03,5.219261750000000255e+00
7.963110000000000355e+02,1.044520000000000032e-01,4.178440000000000279e-03,1.035199358931500058e-01,1.492583524956112668e-03,5.222233250000000382e+00
8.002920000000000300e+02,1.021190000000000014e-01,4.136299999999999873e-03,1.051451247976999959e-01,1.506766921260163736e-03,5.225219000000000058e+00
8.042939999999999827e+02,1.036969999999999975e-01,4.194530000000000133e-03,1.056579922972000068e-01,1.513389010168421844e-03,5.228220499999999937e+00
8.083150000000000546e+02,1.126230000000000009e-01,4.375819999999999883e-03,1.047276944946999994e-01,1.507291335585758847e-03,5.231236250000000254e+00
8.123569999999999709e+02,1.066560000000000008e-01,4.281459999999999953e-03,1.047035133390350203e-01,1.507777364821127159e-03,5.234267749999999886e+00
8.164189999999999827e+02,9.929979999999999363e-02,4.147520000000000026e-03,1.051537155424200065e-01,1.512238328592650435e-03,5.237314249999999838e+00
8.205009999999999764e+02,1.009540000000000021e-01,4.195560000000000088e-03,1.040138874159800136e-01,1.504813372857306906e-03,5.240375750000000110e+00
8.246029999999999518e+02,1.061200000000000060e-01,4.316590000000000357e-03,1.046895848684900043e-01,1.511068968989131515e-03,5.243452249999999815e+00
8.287259999999999991e+02,1.057160000000000044e-01,4.322849999999999610e-03,1.064543225591000064e-01,1.525821440295072008e-03,5.246544499999999722e+00
8.328700000000000045e+02,1.103569999999999968e-01,4.427480000000000131e-03,1.069375695854999919e-01,1.531660452620437016e-03,5.249652499999999833e+00
8.370339999999999918e+02,1.094239999999999935e-01,4.426420000000000354e-03,1.058320552845500306e-01,1.522063840928208726e-03,5.252775500000000264e+00
8.412190000000000509e+02,1.050569999999999976e-01,4.352909999999999766e-03,1.062968044403499873e-01,1.528364017419362765e-03,5.255914250000000010e+00
8.454249999999999545e+02,9.778799999999999992e-02,4.216980000000000381e-03,1.048721740981250067e-01,1.519439594702214590e-03,5.259068749999999959e+00
8.496530000000000200e+02,1.095529999999999976e-01,4.483189999999999745e-03,1.033912465477000164e-01,1.510065047863102042e-03,5.262239749999999994e+00
8.539009999999999536e+02,1.031770000000000048e-01,4.359280000000000099e-03,1.026107504079249999e-01,1.505205591837447451e-03,5.265425750000000349e+00
8.581699999999999591e+02,1.020439999999999958e-01,4.351830000000000108e-03,1.034143056241249858e-01,1.513126115918049519e-03,5.268627500000000019e+00
8.624610000000000127e+02,1.004909999999999970e-01,4.336910000000000244e-03,1.014096375118949955e-01,1.499523554198248492e-03,5.271845749999999775e+00
8.667730000000000246e+02,1.026139999999999969e-01,4.401170000000000256e-03,1.000201813853974914e-01,1.490198342031498480e-03,5.275079749999999734e+00
8.711069999999999709e+02,9.996869999999999368e-02,4.350599999999999606e-03,9.882828575466501286e-02,1.481549934834805677e-03,5.278330249999999779e+00
8.754629999999999654e+02,9.615650000000000586e-02,4.281759999999999906e-03,9.845639246596499250e-02,1.478882918541591035e-03,5.281597249999999910e+00
8.798400000000000318e+02,9.513649999999999884e-02,4.276440000000000276e-03,9.812672953119999653e-02,1.476633036476082119e-03,5.284880000000000244e+00
8.842390000000000327e+02,9.790210000000000579e-02,4.350320000000000402e-03,9.867272025805248759e-02,1.482252099940825239e-03,5.288179249999999776e+00
8.886609999999999445e+02,1.005039999999999961e-01,4.420570000000000402e-03,1.000285532419849799e-01,1.496256106143657727e-03,5.291495750000000164e+00
8.931040000000000418e+02,1.020019999999999954e-01,4.483919999999999746e-03,1.005763290088799999e-01,1.501414666020506068e-03,5.294827999999999868e+00
8.975689999999999600e+02,1.052629999999999955e-01,4.567660000000000296e-03,1.010477713527874882e-01,1.506327067386868668e-03,5.298176749999999657e+00
9.020570000000000164e+02,9.742460000000000009e-02,4.410850000000000014e-03,1.013031155933125094e-01,1.510693599625570352e-03,5.301542750000000304e+00
9.065679999999999836e+02,9.974790000000000045e-02,4.479480000000000094e-03,1.010996361180999809e-01,1.510347924963465621e-03,5.304926000000000030e+00
9.111000000000000227e+02,1.021849999999999981e-01,4.549659999999999642e-03,1.002426432587500138e-01,1.505221138996642267e-03,5.308324999999999960e+00
9.156559999999999491e+02,1.008990000000000026e-01,4.538440000000000356e-03,1.006482220285399853e-01,1.509464214067191999e-03,5.311741999999999742e+00
9.202340000000000373e+02,1.010199999999999987e-01,4.552109999999999837e-03,1.002196480076850138e-01,1.508059235346083512e-03,5.315175500000000497e+00
9.248350000000000364e+02,1.000090000000000007e-01,4.540119999999999920e-03,9.925112939856249594e-02,1.500007868736975619e-03,5.318626250000000333e+00
9.294600000000000364e+02,9.838639999999999886e-02,4.528090000000000240e-03,9.951847693574998599e-02,1.503601253955592475e-03,5.322095000000000020e+00
9.341069999999999709e+02,9.516510000000000247e-02,4.461099999999999961e-03,9.970443028627498649e-02,1.507509375219098389e-03,5.325580249999999793e+00
9.387770000000000437e+02,1.020189999999999986e-01,4.648900000000000081e-03,9.978345335910998593e-02,1.509454498096985666e-03,5.329082750000000424e+00
9.434710000000000036e+02,1.030189999999999995e-01,4.680969999999999576e-03,1.007583376084150023e-01,1.518223624634343133e-03,5.332603250000000017e+00
9.481889999999999645e+02,9.943829999999999336e-02,4.616989999999999636e-03,1.021906414409824992e-01,1.532989866364193286e-03,5.336141750000000350e+00
9.529299999999999500e+02,1.028489999999999960e-01,4.715470000000000252e-03,1.014456521162249991e-01,1.527747185425588385e-03,5.339697499999999764e+00
9.576939999999999600e+02,1.051929999999999948e-01,4.782409999999999960e-03,1.010420216001549909e-01,1.525802761316147425e-03,5.343270500000000034e+00
9.624829999999999472e+02,9.691639999999999977e-02,4.612800000000000233e-03,1.015925864865950129e-01,1.530591406777513782e-03,5.346862250000000039e+00
9.672949999999999591e+02,1.008209999999999940e-01,4.706649999999999723e-03,1.011945658428000105e-01,1.532344202177342079e-03,5.350471250000000012e+00
9.721319999999999482e+02,1.010169999999999957e-01,4.733039999999999990e-03,9.873023524146999630e-02,1.513533674711698036e-03,5.354098999999999720e+00
9.769919999999999618e+02,1.053950000000000026e-01,4.859719999999999665e-03,9.904454181039999694e-02,1.516436692354595226e-03,5.357744000000000284e+00
9.818769999999999527e+02,9.033120000000000038e-02,4.509459999999999857e-03,9.946449336516249851e-02,1.523404255570037042e-03,5.361407749999999695e+00
9.867870000000000346e+02,9.608529999999999849e-02,4.683040000000000293e-03,9.970773125193752029e-02,1.527420725009541588e-03,5.365090249999999727e+00
9.917200000000000273e+02,1.040070000000000022e-01,4.883779999999999892e-03,9.963954040149999858e-02,1.529922075700727337e-03,5.368789999999999729e+00
9.966789999999999736e+02,1.009840000000000043e-01,4.832959999999999860e-03,1.023661930935324954e-01,1.554530549302950712e-03,5.372509250000000236e+00
1.001659999999999968e+03,1.050669999999999937e-01,4.950790000000000052e-03,1.036887624012500092e-01,1.568009951889684245e-03,5.376244999999999941e+00
1.006669999999999959e+03,1.049019999999999953e-01,4.973339999999999705e-03,1.033152189161249956e-01,1.566978805799422534e-03,5.380002499999999799e+00
1.011700000000000045e+03,1.047399999999999998e-01,4.983429999999999631e-03,1.044169342362500086e-01,1.577564964363938798e-03,5.383774999999999977e+00
1.016759999999999991e+03,9.993349999999999456e-02,4.893019999999999661e-03,1.048861145994999799e-01,1.584168060125549669e-03,5.387570000000000192e+00
1.021850000000000023e+03,1.061239999999999961e-01,5.049129999999999764e-03,1.047182826193749916e-01,1.586232107867576119e-03,5.391387500000000443e+00
1.026960000000000036e+03,1.082749999999999962e-01,5.120959999999999922e-03,1.036807009862000112e-01,1.580913245026701382e-03,5.395220000000000127e+00
1.032089999999999918e+03,1.062069999999999959e-01,5.094529999999999892e-03,1.040077580811000213e-01,1.583868930978259322e-03,5.399067500000000130e+00
1.037250000000000000e+03,9.988020000000000231e-02,4.957419999999999709e-03,1.044836258837500143e-01,1.591117318787227267e-03,5.402937500000000171e+00
1.042440000000000055e+03,9.796219999999999928e-02,4.932559999999999896e-03,1.044052737856000085e-01,1.594626325773765415e-03,5.406830000000000247e+00
1.047650000000000091e+03,1.084719999999999990e-01,5.214629999999999613e-03,1.047312703722500099e-01,1.599827835018294373e-03,5.410737499999999756e+00
1.052890000000000100e+03,1.089890000000000025e-01,5.243199999999999944e-03,1.068543355358000102e-01,1.619712773737852366e-03,5.414667500000000189e+00
1.058150000000000091e+03,1.058240000000000014e-01,5.194380000000000178e-03,1.097134299075000208e-01,1.643310242590635120e-03,5.418612500000000054e+00
1.063440000000000055e+03,1.116140000000000049e-01,5.347890000000000109e-03,1.112588676179999958e-01,1.658745376755452238e-03,5.422579999999999956e+00
1.068759999999999991e+03,1.106540000000000024e-01,5.336559999999999741e-03,1.127839530570000082e-01,1.672773980191667644e-03,5.426569999999999894e+00
1.074099999999999909e+03,1.177509999999999946e-01,5.536850000000000278e-03,1.148945175974999955e-01,1.692989738383975920e-03,5.430575000000000152e+00
1.079470000000000027e+03,1.151189999999999991e-01,5.489159999999999873e-03,1.154086342747499966e-01,1.699721896916673268e-03,5.434602500000000447e+00
1.084869999999999891e+03,1.205129999999999951e-01,5.641570000000000265e-03,1.169129940030000092e-01,1.714943260999106248e-03,5.438652499999999890e+00
1.090299999999999955e+03,1.118460000000000010e-01,5.465180000000000038e-03,1.168737897875000153e-01,1.718877453496155941e-03,5.442725000000000257e+00
1.095750000000000000e+03,1.183799999999999991e-01,5.636109999999999731e-03,1.165228619187499981e-01,1.720697906510593352e-03,5.446812500000000057e+00
1.101230000000000018e+03,1.193369999999999986e-01,5.678820000000000222e-03,1.143166840494999892e-01,1.708777931480446243e-03,5.450922499999999893e+00
1.106730000000000018e+03,1.147999999999999993e-01,5.590369999999999888e-03,1.128503449680000048e-01,1.701375501332883823e-03,5.455047500000000049e+00
1.112269999999999982e+03,1.109009999999999996e-01,5.520830000000000008e-03,1.102924252579999959e-01,1.685583815340226587e-03,5.459202499999999958e+00
1.117829999999999927e+03,1.052580000000000043e-01,5.394610000000000204e-03,1.085397082965000037e-01,1.676251437456457039e-03,5.463372500000000187e+00
1.123420000000000073e+03,1.020680000000000059e-01,5.349040000000000218e-03,1.076924136649999864e-01,1.675327631060980491e-03,5.467565000000000452e+00
1.129029999999999973e+03,1.081160000000000038e-01,5.513449999999999601e-03,1.074712483549999931e-01,1.678033413825919494e-03,5.471772500000000150e+00
1.134680000000000064e+03,1.122569999999999957e-01,5.645479999999999596e-03,1.079526282790000125e-01,1.688315939415421666e-03,5.476010000000000488e+00
1.140349999999999909e+03,1.073660000000000031e-01,5.546689999999999954e-03,1.076277877456250087e-01,1.690624535436601903e-03,5.480262500000000259e+00
1.146049999999999955e+03,1.128409999999999969e-01,5.705850000000000158e-03,1.065418265508749907e-01,1.686781178852081843e-03,5.484537500000000065e+00
1.151779999999999973e+03,1.012569999999999998e-01,5.440170000000000249e-03,1.054532659296500002e-01,1.683102671838934868e-03,5.488834999999999908e+00
1.157539999999999964e+03,9.912730000000000152e-02,5.404080000000000342e-03,1.054671698779500039e-01,1.688314208571476934e-03,5.493154999999999788e+00
1.163329999999999927e+03,1.062250000000000000e-01,5.597020000000000294e-03,1.052946798212750223e-01,1.692656411064026633e-03,5.497497499999999704e+00
1.169150000000000091e+03,1.064679999999999932e-01,5.631330000000000363e-03,1.076131940851249857e-01,1.716982313282028067e-03,5.501862499999999656e+00
1.174990000000000009e+03,1.086329999999999935e-01,5.717820000000000194e-03,1.104038163384999938e-01,1.744189604969388109e-03,5.506242499999999929e+00
1.180869999999999891e+03,1.158310000000000034e-01,5.930989999999999700e-03,1.126124376810000022e-01,1.768065640518367383e-03,5.510652499999999954e+00
1.186769999999999982e+03,1.115170000000000050e-01,5.840030000000000394e-03,1.142322210934999943e-01,1.786733380570029468e-03,5.515077500000000299e+00
1.192710000000000036e+03,1.176640000000000047e-01,6.023249999999999958e-03,1.159909249745000037e-01,1.805613842110480056e-03,5.519532500000000397e+00
1.198670000000000073e+03,1.189530000000000032e-01,6.069859999999999839e-03,1.176276257545000037e-01,1.825070667283012300e-03,5.524002499999999927e+00
1.204660000000000082e+03,1.111720000000000069e-01,5.882710000000000196e-03,1.181435727194999896e-01,1.835957967095338530e-03,5.528495000000000381e+00
1.210690000000000055e+03,1.261549999999999894e-01,6.310350000000000160e-03,1.171281647169999940e-01,1.834494252244141905e-03,5.533017499999999700e+00
1.216740000000000009e+03,1.232229999999999992e-01,6.261450000000000002e-03,1.171056772944999991e-01,1.842064536242246815e-03,5.537555000000000227e+00
1.222819999999999936e+03,1.047899999999999943e-01,5.800490000000000160e-03,1.183671877914999893e-01,1.859885122638249740e-03,5.542114999999999903e+00
1.228940000000000055e+03,1.198929999999999996e-01,6.229229999999999663e-03,1.166897848394999881e-01,1.854216325529508842e-03,5.546705000000000219e+00
1.235079999999999927e+03,1.177060000000000051e-01,6.192229999999999956e-03,1.143559589500000029e-01,1.843075247331488848e-03,5.551309999999999967e+00
1.241259999999999991e+03,1.185060000000000002e-01,6.238170000000000347e-03,1.148478382300000128e-01,1.854178055207548548e-03,5.555944999999999467e+00
1.247460000000000036e+03,1.153549999999999992e-01,6.179109999999999811e-03,1.123985650195000047e-01,1.841703816760844161e-03,5.560595000000000176e+00
1.253700000000000045e+03,1.055200000000000027e-01,5.936630000000000032e-03,1.100618200474999947e-01,1.830317591625486807e-03,5.565274999999999750e+00
1.259970000000000027e+03,1.094799999999999940e-01,6.072580000000000165e-03,1.076932227232499928e-01,1.818890929273794940e-03,5.569977500000000248e+00
1.266269999999999982e+03,1.035220000000000029e-01,5.920650000000000392e-03,1.062540625749999884e-01,1.815976413841469085e-03,5.574702499999999894e+00
1.272599999999999909e+03,1.060740000000000016e-01,6.018459999999999782e-03,1.073657440200000146e-01,1.834714937477405911e-03,5.579449999999999577e+00
1.278960000000000036e+03,1.048639999999999989e-01,6.016600000000000420e-03,1.077656900460000067e-01,1.847519836905622869e-03,5.584220000000000184e+00
1.285359999999999900e+03,1.096720000000000056e-01,6.182459999999999865e-03,1.089972819880000027e-01,1.867663574008757935e-03,5.589019999999999655e+00
1.291789999999999964e+03,1.133839999999999987e-01,6.313230000000000404e-03,1.095185548485000104e-01,1.881333669058430627e-03,5.593842500000000051e+00
1.298240000000000009e+03,1.101990000000000053e-01,6.255479999999999895e-03,1.103977189679999915e-01,1.898934752356781601e-03,5.598679999999999879e+00
1.304740000000000009e+03,1.104549999999999976e-01,6.274599999999999969e-03,1.109107690460000017e-01,1.913950216483774249e-03,5.603555000000000064e+00
1.311259999999999991e+03,1.077319999999999944e-01,6.219299999999999655e-03,1.109351611464999970e-01,1.924747261342428257e-03,5.608444999999999681e+00
1.317819999999999936e+03,1.113839999999999969e-01,6.370060000000000305e-03,1.114213860505000181e-01,1.939067751352694085e-03,5.613364999999999938e+00
1.324410000000000082e+03,1.134140000000000009e-01,6.451759999999999960e-03,1.123258454402500106e-01,1.959307953248664875e-03,5.618307500000000232e+00
1.331029999999999973e+03,1.135789999999999994e-01,6.478010000000000192e-03,1.135685354214999998e-01,1.981681213186359519e-03,5.623272499999999674e+00
1.337680000000000064e+03,1.123750000000000027e-01,6.470700000000000236e-03,1.140434024860000062e-01,1.997544505404225384e-03,5.628260000000000041e+00
1.344369999999999891e+03,1.178010000000000029e-01,6.665950000000000347e-03,1.134449360227499926e-01,2.002385429896197822e-03,5.633277500000000160e+00
1.351089999999999918e+03,1.123429999999999984e-01,6.536580000000000168e-03,1.134617934277500073e-01,2.015944805108931762e-03,5.638317499999999427e+00
1.357849999999999909e+03,1.152490000000000042e-01,6.641809999999999728e-03,1.132138065262500021e-01,2.023598750154812550e-03,5.643387500000000223e+00
1.364640000000000100e+03,1.064579999999999971e-01,6.398309999999999935e-03,1.113295038400000103e-01,2.018499293320423493e-03,5.648480000000000167e+00
1.371460000000000036e+03,1.186409999999999965e-01,6.783560000000000111e-03,1.111238898455000068e-01,2.028681889540702010e-03,5.653595000000000148e+00
1.378319999999999936e+03,1.058489999999999986e-01,6.430660000000000369e-03,1.101213095860000268e-01,2.030145427997377249e-03,5.658739999999999881e+00
1.385210000000000036e+03,1.082059999999999966e-01,6.527479999999999567e-03,1.102685965107499944e-01,2.043771592170530709e-03,5.663907499999999651e+00
1.392140000000000100e+03,1.131140000000000062e-01,6.694649999999999906e-03,1.084452962574999901e-01,2.040730041906419889e-03,5.669105000000000061e+00
1.399099999999999909e+03,1.074269999999999947e-01,6.543359999999999801e-03,1.098868600649999944e-01,2.068826506222506360e-03,5.674324999999999619e+00
1.406089999999999918e+03,1.072239999999999999e-01,6.575509999999999688e-03,1.105835382919999887e-01,2.087592273140686811e-03,5.679567500000000102e+00
1.413119999999999891e+03,1.090929999999999955e-01,6.662300000000000340e-03,1.091931034680000134e-01,2.087401665583222665e-03,5.684839999999999449e+00
1.420190000000000055e+03,1.167900000000000049e-01,6.914479999999999758e-03,1.088508238069999801e-01,2.099294802780322933e-03,5.690142500000000325e+00
1.427289999999999964e+03,1.094399999999999956e-01,6.726110000000000422e-03,1.092000734362499892e-01,2.117301023689419602e-03,5.695467500000000349e+00
1.434430000000000064e+03,1.029709999999999931e-01,6.542799999999999658e-03,1.095702072152499873e-01,2.135552184256934560e-03,5.700822500000000126e+00
1.441599999999999909e+03,1.069060000000000010e-01,6.689109999999999848e-03,1.084030635399999970e-01,2.139444261892131140e-03,5.706199999999999939e+00
1.448809999999999945e+03,1.104210000000000053e-01,6.823300000000000025e-03,1.082042664272500065e-01,2.152485170998854822e-03,5.711607499999999504e+00
1.456049999999999955e+03,1.115710000000000035e-01,6.892340000000000272e-03,1.085531424825000035e-01,2.170860908104737391e-03,5.717037499999999994e+00
1.463329999999999927e+03,1.094620000000000037e-01,6.856509999999999688e-03,1.083918686872499954e-01,2.186419230814860924e-03,5.722497500000000237e+00
1.470650000000000091e+03,1.077440000000000064e-01,6.832659999999999949e-03,1.077917184887499935e-01,2.198648093292575583e-03,5.727987500000000232e+00
1.478000000000000000e+03,1.036340000000000039e-01,6.733059999999999913e-03,1.070608639500000292e-01,2.210878446945716003e-03,5.733500000000000263e+00
1.485390000000000100e+03,1.071170000000000039e-01,6.861009999999999852e-03,1.073103721909999947e-01,2.233197724991157519e-03,5.739042500000000047e+00
1.492819999999999936e+03,1.069670000000000065e-01,6.913560000000000018e-03,1.076945539605000113e-01,2.253722103234263256e-03,5.744614999999999583e+00
1.500279999999999973e+03,1.076069999999999943e-01,6.978500000000000328e-03,1.092374343100000061e-01,2.288289714034899558e-03,5.750210000000000043e+00
1.507779999999999973e+03,1.122689999999999938e-01,7.129260000000000111e-03,1.116033599240000007e-01,2.335715504759611639e-03,5.755835000000000257e+00
1.515319999999999936e+03,1.089350000000000041e-01,7.032270000000000187e-03,1.143792999189999909e-01,2.382856848072791717e-03,5.761490000000000222e+00
1.522900000000000091e+03,1.138450000000000017e-01,7.221889999999999907e-03,1.157600079500000212e-01,2.411968353586975249e-03,5.767174999999999940e+00
1.530509999999999991e+03,1.232509999999999994e-01,7.579400000000000026e-03,1.146320809152500120e-01,2.417632404873475745e-03,5.772882499999999695e+00
1.538160000000000082e+03,1.226200000000000068e-01,7.576120000000000423e-03,1.147169043200000071e-01,2.441427831762044143e-03,5.778620000000000090e+00
1.545859999999999900e+03,1.128679999999999961e-01,7.287889999999999993e-03,1.149130631429999966e-01,2.465195611329381968e-03,5.784394999999999953e+00
1.553579999999999927e+03,1.033260000000000012e-01,7.011950000000000301e-03,1.134195768250000069e-01,2.469168372857555045e-03,5.790185000000000137e+00
1.561349999999999909e+03,1.115980000000000028e-01,7.302020000000000212e-03,1.121555638062499971e-01,2.475887944763447562e-03,5.796012499999999790e+00
1.569160000000000082e+03,1.161129999999999940e-01,7.463929999999999697e-03,1.114553123250000000e-01,2.486042869669549422e-03,5.801870000000000083e+00
1.577000000000000000e+03,1.141749999999999987e-01,7.451710000000000278e-03,1.134896983500000012e-01,2.532774760617160191e-03,5.807750000000000412e+00
1.584890000000000100e+03,1.156829999999999942e-01,7.496990000000000251e-03,1.143815022324999875e-01,2.564956860331625565e-03,5.813667500000000210e+00
1.592809999999999945e+03,1.067639999999999978e-01,7.236570000000000329e-03,1.131073438257499952e-01,2.571970681993801088e-03,5.819607500000000044e+00
1.600779999999999973e+03,1.174950000000000022e-01,7.651110000000000029e-03,1.131884947109999817e-01,2.600013658749063955e-03,5.825585000000000235e+00
1.608779999999999973e+03,1.165199999999999986e-01,7.640039999999999852e-03,1.122020368139999974e-01,2.611846420623022656e-03,5.831585000000000463e+00
1.616829999999999927e+03,1.066600000000000048e-01,7.341140000000000339e-03,1.126436825247500023e-01,2.641871002171124021e-03,5.837622500000000159e+00
1.624910000000000082e+03,1.167239999999999944e-01,7.727920000000000102e-03,1.110910061765000012e-01,2.646690891760942153e-03,5.843682499999999891e+00
1.633029999999999973e+03,1.082830000000000042e-01,7.451759999999999981e-03,1.107588753842500134e-01,2.669660391168238341e-03,5.849772500000000264e+00
1.641200000000000045e+03,1.096069999999999961e-01,7.522580000000000065e-03,1.119435343600000132e-01,2.708740881997115379e-03,5.855900000000000105e+00
1.649410000000000082e+03,1.082319999999999949e-01,7.492539999999999790e-03,1.110533651319999954e-01,2.723097265917850517e-03,5.862057500000000587e+00
1.657650000000000091e+03,1.159570000000000045e-01,7.794670000000000071e-03,1.113124451187499919e-01,2.750969190444122522e-03,5.868237500000000217e+00
1.665940000000000055e+03,1.130430000000000046e-01,7.749350000000000335e-03,1.112013893510000045e-01,2.774849728922639501e-03,5.874455000000000204e+00
1.674269999999999982e+03,1.112260000000000054e-01,7.713170000000000096e-03,1.123450825117499885e-01,2.818107541357409238e-03,5.880702499999999944e+00
1.682640000000000100e+03,1.095359999999999945e-01,7.658950000000000306e-03,1.112359227540000162e-01,2.830255052599276334e-03,5.886980000000000324e+00
1.691059999999999945e+03,1.088719999999999966e-01,7.657660000000000161e-03,1.103200028199999988e-01,2.844509706496962768e-03,5.893295000000000172e+00
1.699509999999999991e+03,1.159390000000000004e-01,7.945970000000000116e-03,1.116675973812499834e-01,2.892147066356979233e-03,5.899632500000000057e+00
1.708009999999999991e+03,1.084269999999999956e-01,7.716680000000000067e-03,1.131819764365000064e-01,2.940201337890846738e-03,5.906007500000000299e+00
1.716549999999999955e+03,1.075760000000000050e-01,7.707010000000000249e-03,1.135856139762499994e-01,2.973672212787901135e-03,5.912412500000000293e+00
1.725130000000000109e+03,1.207249999999999990e-01,8.204339999999999203e-03,1.136897916814999937e-01,3.006004586615207419e-03,5.918847500000000039e+00
1.733759999999999991e+03,1.180969999999999936e-01,8.144059999999999841e-03,1.155499624959999971e-01,3.060845372917690623e-03,5.925320000000000142e+00
1.742430000000000064e+03,1.104229999999999934e-01,7.904410000000000602e-03,1.147496484172500081e-01,3.077448126370279247e-03,5.931822499999999998e+00
1.751140000000000100e+03,1.172300000000000009e-01,8.166740000000000457e-03,1.125519712949999973e-01,3.079428616621506833e-03,5.938354999999999606e+00
1.759890000000000100e+03,1.196070000000000050e-01,8.287430000000000144e-03,1.116458918724999999e-01,3.098749435330261023e-03,5.944917499999999855e+00
1.768690000000000055e+03,1.013330000000000064e-01,7.655829999999999753e-03,1.111899699425000082e-01,3.122662809141948329e-03,5.951517499999999572e+00
1.777539999999999964e+03,1.083120000000000055e-01,7.931640000000000218e-03,1.104523695425000118e-01,3.146008116417815109e-03,5.958154999999999646e+00
1.786420000000000073e+03,1.130629999999999968e-01,8.137270000000000267e-03,1.109933185364999908e-01,3.186456035891519194e-03,5.964814999999999756e+00
1.795359999999999900e+03,1.073749999999999982e-01,7.962280000000000399e-03,1.129625843200000035e-01,3.243697062958208772e-03,5.971519999999999939e+00
1.804329999999999927e+03,1.131589999999999957e-01,8.210399999999999643e-03,1.138252813247499912e-01,3.289640065579147506e-03,5.978247500000000159e+00
1.813349999999999909e+03,1.232309999999999933e-01,8.574139999999999193e-03,1.136740936687500036e-01,3.321946186305084307e-03,5.985012499999999847e+00
1.822420000000000073e+03,1.126240000000000019e-01,8.212580000000000574e-03,1.148112997090000031e-01,3.373236717523874027e-03,5.991814999999999891e+00
1.831529999999999973e+03,1.134909999999999947e-01,8.299030000000000643e-03,1.152828074039999734e-01,3.414767192127968459e-03,5.998647499999999688e+00
1.840690000000000055e+03,1.121370000000000006e-01,8.288230000000000597e-03,1.129524414309523717e-01,3.377813407616675999e-03,6.005517499999999842e+00
1.849890000000000100e+03,1.142200000000000021e-01,8.393299999999999372e-03,1.124015619570833402e-01,3.358886992703703257e-03,6.012417499999999748e+00
1.859140000000000100e+03,1.159950000000000009e-01,8.481819999999999291e-03,1.133053480841666738e-01,3.360463358884901997e-03,6.019355000000000011e+00
1.868440000000000055e+03,1.091990000000000044e-01,8.240259999999999252e-03,1.134902240595238171e-01,3.350467700667650404e-03,6.026329999999999742e+00
1.877779999999999973e+03,1.093650000000000039e-01,8.277609999999999482e-03,1.117788474094047746e-01,3.312361884575221009e-03,6.033335000000000115e+00
1.887170000000000073e+03,1.189130000000000048e-01,8.665960000000000329e-03,1.111511027399999796e-01,3.291915427942419640e-03,6.040377499999999955e+00
1.896609999999999900e+03,1.132800000000000057e-01,8.491220000000000712e-03,1.119321768861309407e-01,3.292938352987931881e-03,6.047457500000000152e+00
1.906089999999999918e+03,1.038509999999999989e-01,8.167119999999999935e-03,1.143514898001190688e-01,3.316778481191276755e-03,6.054567500000000102e+00
1.915619999999999891e+03,1.121299999999999936e-01,8.525019999999999473e-03,1.139747582498809586e-01,3.298977174516361244e-03,6.061714999999999520e+00
1.925200000000000045e+03,1.141660000000000036e-01,8.615519999999999776e-03,1.135841432690476160e-01,3.281229441397814223e-03,6.068900000000000183e+00
1.934819999999999936e+03,1.240040000000000031e-01,9.001020000000000201e-03,1.155500576883333325e-01,3.295223893232777576e-03,6.076114999999999711e+00
1.944500000000000000e+03,1.161539999999999934e-01,8.755580000000000654e-03,1.160713234791666548e-01,3.286996359128886280e-03,6.083375000000000199e+00
1.954220000000000027e+03,1.112179999999999974e-01,8.585680000000000048e-03,1.148241964127380971e-01,3.256128542232802122e-03,6.090664999999999552e+00
1.963990000000000009e+03,1.164000000000000035e-01,8.778980000000000464e-03,1.144171115825000085e-01,3.236622427426981592e-03,6.097992500000000149e+00
1.973809999999999945e+03,1.147709999999999980e-01,8.775319999999999648e-03,1.162608669587499866e-01,3.249188031485984902e-03,6.105357500000000215e+00
1.983680000000000064e+03,1.064500000000000030e-01,8.499249999999999861e-03,1.174284866790476223e-01,3.251749237323297258e-03,6.112759999999999749e+00
1.993599999999999909e+03,1.206929999999999947e-01,9.063579999999999900e-03,1.150114270333333216e-01,3.204600758399721652e-03,6.120199999999999640e+00
2.003569999999999936e+03,1.280429999999999902e-01,9.333130000000000245e-03,1.137864579885119048e-01,3.175935659733042891e-03,6.127677499999999888e+00
2.013589999999999918e+03,1.188239999999999991e-01,9.025470000000000714e-03,1.135514799109523659e-01,3.160959529743043346e-03,6.135192499999999605e+00
2.023650000000000091e+03,1.011419999999999958e-01,8.376019999999999646e-03,1.145807300901785786e-01,3.161777807469690234e-03,6.142737499999999962e+00
2.033769999999999982e+03,1.074569999999999970e-01,8.688680000000000708e-03,1.138844007676190484e-01,3.140299480210536742e-03,6.150327499999999503e+00
2.043940000000000055e+03,1.059889999999999999e-01,8.650369999999999240e-03,1.134819919133333299e-01,3.125140379299745901e-03,6.157954999999999401e+00
2.054159999999999854e+03,1.252659999999999885e-01,9.447060000000000179e-03,1.140088594133333300e-01,3.122197812888566088e-03,6.165619999999999656e+00
2.064429999999999836e+03,1.227639999999999981e-01,9.356710000000000721e-03,1.147626827045833409e-01,3.115019977917484525e-03,6.173322499999999380e+00
2.074750000000000000e+03,1.175339999999999996e-01,9.167849999999999958e-03,1.165653344181547535e-01,3.125986766946451962e-03,6.181062499999999460e+00
2.085130000000000109e+03,1.069139999999999951e-01,8.760949999999999988e-03,1.140746277613094994e-01,3.071363026680102703e-03,6.188847499999999613e+00
2.095550000000000182e+03,1.112220000000000014e-01,8.965110000000000093e-03,1.103297668291666478e-01,3.007598077316676281e-03,6.196662500000000406e+00
2.106030000000000200e+03,1.173769999999999952e-01,9.262009999999999341e-03,1.102204482391666573e-01,2.995583946566947667e-03,6.204522499999999496e+00
2.116559999999999945e+03,1.067749999999999949e-01,8.856460000000000027e-03,1.093534885738095264e-01,2.974866001498094239e-03,6.212419999999999831e+00
2.127139999999999873e+03,1.000000000000000056e-01,8.615509999999999835e-03,1.083606669697619040e-01,2.947727930133659142e-03,6.220354999999999634e+00
2.137780000000000200e+03,1.177139999999999992e-01,9.348900000000000265e-03,1.058798414408333305e-01,2.900092506627547587e-03,6.228334999999999511e+00
2.148469999999999800e+03,1.034909999999999997e-01,8.800630000000000258e-03,1.052270909578571501e-01,2.882341503052269181e-03,6.236352499999999743e+00
2.159210000000000036e+03,1.042489999999999944e-01,8.850469999999999171e-03,1.071678444899404614e-01,2.900396947244113840e-03,6.244407500000000333e+00
2.170010000000000218e+03,1.007239999999999941e-01,8.758399999999999519e-03,1.077344585924999987e-01,2.892744926463862703e-03,6.252507500000000107e+00
2.180860000000000127e+03,1.048599999999999949e-01,8.937040000000000262e-03,1.081685937525000002e-01,2.891678634534993950e-03,6.260645000000000238e+00
2.191760000000000218e+03,1.135250000000000009e-01,9.355179999999999399e-03,1.096562210004761867e-01,2.903301844972294449e-03,6.268819999999999837e+00
2.202719999999999800e+03,1.173170000000000046e-01,9.529019999999999158e-03,1.125717763657142906e-01,2.934012502398395620e-03,6.277039999999999509e+00
2.213730000000000018e+03,1.094220000000000054e-01,9.213600000000000609e-03,1.142257309965476197e-01,2.945647749769968789e-03,6.285297500000000426e+00
2.224800000000000182e+03,1.133849999999999997e-01,9.457899999999999988e-03,1.162300743428571481e-01,2.959883955081427098e-03,6.293599999999999639e+00
2.235929999999999836e+03,1.198509999999999992e-01,9.755990000000000842e-03,1.173737739688095333e-01,2.964887467400274552e-03,6.301947499999999813e+00
2.247110000000000127e+03,1.142419999999999963e-01,9.550970000000000640e-03,1.173596090443452533e-01,2.958420700388009108e-03,6.310332499999999456e+00
2.258340000000000146e+03,1.238739999999999980e-01,9.973169999999999952e-03,1.193593056480952430e-01,2.974015172601155148e-03,6.318755000000000344e+00
2.269630000000000109e+03,1.234839999999999965e-01,9.988900000000000209e-03,1.206051827331547643e-01,2.977758638066552339e-03,6.327222499999999528e+00
2.280980000000000018e+03,1.115310000000000051e-01,9.516570000000000237e-03,1.218759155574999919e-01,2.985807328180523600e-03,6.335734999999999673e+00
2.292389999999999873e+03,1.248839999999999950e-01,1.012049999999999929e-02,1.200515637950595182e-01,2.949163801233600606e-03,6.344292499999999890e+00
2.303849999999999909e+03,1.258380000000000054e-01,1.016240000000000025e-02,1.166124683208333290e-01,2.895398714344875335e-03,6.352887499999999577e+00
2.315369999999999891e+03,1.239520000000000066e-01,1.012380000000000051e-02,1.164548498885714378e-01,2.888446728476015864e-03,6.361527500000000224e+00
2.326940000000000055e+03,1.094340000000000035e-01,9.502550000000000233e-03,1.165044126767857124e-01,2.877210302342042732e-03,6.370205000000000339e+00
2.338579999999999927e+03,1.018469999999999931e-01,9.194290000000000795e-03,1.154894330494047605e-01,2.855848418542170780e-03,6.378935000000000244e+00
2.350269999999999982e+03,1.143829999999999986e-01,9.799699999999999731e-03,1.134359280045238172e-01,2.823694741473569032e-03,6.387702499999999617e+00
2.362019999999999982e+03,1.207649999999999973e-01,1.009290000000000014e-02,1.133269116333333465e-01,2.820193000689738116e-03,6.396514999999999951e+00
2.373829999999999927e+03,1.190019999999999967e-01,1.001580000000000005e-02,1.144647206166666681e-01,2.831555953415872216e-03,6.405372500000000358e+00
2.385699999999999818e+03,1.114850000000000008e-01,9.748859999999999817e-03,1.151750118327380945e-01,2.833767509181820462e-03,6.414274999999999949e+00
2.397630000000000109e+03,1.138819999999999971e-01,9.866190000000000376e-03,1.161048833714285605e-01,2.840706172935130325e-03,6.423222499999999613e+00
2.409619999999999891e+03,1.119249999999999967e-01,9.819539999999999866e-03,1.177306644749999964e-01,2.859621717570781565e-03,6.432215000000000238e+00
2.421670000000000073e+03,1.142900000000000027e-01,9.968909999999999230e-03,1.185978055030952327e-01,2.870011432576086499e-03,6.441252500000000047e+00
2.433769999999999982e+03,1.242459999999999953e-01,1.040929999999999980e-02,1.176051769270833325e-01,2.856195066101716289e-03,6.450327500000000214e+00
2.445940000000000055e+03,1.300540000000000029e-01,1.067700000000000073e-02,1.176411248754761912e-01,2.854853262838777730e-03,6.459455000000000169e+00
2.458170000000000073e+03,1.200610000000000011e-01,1.029580000000000078e-02,1.208572950487500075e-01,2.892503246824252704e-03,6.468627500000000197e+00
2.470460000000000036e+03,1.065910000000000052e-01,9.730580000000000826e-03,1.211430071140476294e-01,2.895109196955440549e-03,6.477845000000000297e+00
2.482820000000000164e+03,1.130140000000000033e-01,1.000619999999999982e-02,1.212653268985714183e-01,2.900481400144042359e-03,6.487115000000000187e+00
2.495230000000000018e+03,1.340050000000000130e-01,1.093260000000000065e-02,1.225941434362499971e-01,2.925565451678293922e-03,6.496422500000000433e+00
2.507710000000000036e+03,1.217690000000000022e-01,1.046610000000000075e-02,1.215542956169047561e-01,2.918465357912250480e-03,6.505782500000000468e+00
2.520250000000000000e+03,1.282079999999999886e-01,1.082280000000000048e-02,1.218151257648809604e-01,2.927195241679227036e-03,6.515187499999999687e+00
2.532849999999999909e+03,1.331380000000000063e-01,1.112409999999999961e-02,1.202793899541666767e-01,2.916961433576567477e-03,6.524637499999999868e+00
2.545510000000000218e+03,1.061840000000000006e-01,9.910820000000000740e-03,1.179778463558333185e-01,2.898845850595856491e-03,6.534132500000000121e+00
2.558239999999999782e+03,1.117820000000000064e-01,1.018439999999999970e-02,1.167869236419047663e-01,2.893473162368018041e-03,6.543680000000000163e+00
2.571030000000000200e+03,1.139229999999999965e-01,1.032250000000000008e-02,1.149167852017857205e-01,2.879295875549792421e-03,6.553272500000000278e+00
2.583880000000000109e+03,1.127530000000000060e-01,1.028979999999999999e-02,1.161789616014285709e-01,2.904843074588176182e-03,6.562910000000000466e+00
2.596800000000000182e+03,1.171709999999999974e-01,1.051629999999999926e-02,1.184908282999999896e-01,2.944935652918917804e-03,6.572600000000000442e+00
2.609789999999999964e+03,1.183049999999999935e-01,1.061089999999999950e-02,1.181196896008928632e-01,2.952192106014960883e-03,6.582342500000000207e+00
2.622840000000000146e+03,1.283839999999999981e-01,1.110900000000000082e-02,1.186320681566666591e-01,2.970565224880358356e-03,6.592130000000000045e+00
2.635949999999999818e+03,1.239949999999999941e-01,1.091390000000000068e-02,1.178621403842261689e-01,2.974837471734648880e-03,6.601962499999999956e+00
2.649130000000000109e+03,1.103949999999999931e-01,1.031729999999999974e-02,1.164366174926190350e-01,2.972220194186830922e-03,6.611847499999999656e+00
2.662380000000000109e+03,1.168020000000000030e-01,1.062180000000000069e-02,1.138849505446428434e-01,2.957984347732469429e-03,6.621785000000000032e+00
2.675690000000000055e+03,1.096820000000000017e-01,1.032029999999999927e-02,1.124026941058333118e-01,2.957030050648427541e-03,6.631767500000000481e+00
2.689070000000000164e+03,1.082879999999999954e-01,1.029680000000000005e-02,1.122046641170237891e-01,2.972227054359720747e-03,6.641802500000000720e+00
2.702510000000000218e+03,1.056669999999999970e-01,1.022389999999999931e-02,1.111275386832738243e-01,2.978689225799994230e-03,6.651882500000000142e+00
2.716019999999999982e+03,1.166819999999999941e-01,1.078280000000000037e-02,1.094247079898809649e-01,2.975495725131342001e-03,6.662015000000000242e+00
2.729610000000000127e+03,1.172030000000000016e-01,1.082100000000000076e-02,1.096071940745238088e-01,3.001046479052794664e-03,6.672207499999999847e+00
2.743250000000000000e+03,1.057469999999999938e-01,1.026179999999999974e-02,1.103588430833333245e-01,3.035150856746173919e-03,6.682437499999999808e+00
2.756969999999999800e+03,1.028000000000000025e-01,1.013990000000000030e-02,1.106144038550000014e-01,3.066556234558751558e-03,6.692727500000000163e+00
2.770750000000000000e+03,1.103849999999999970e-01,1.056990000000000013e-02,1.103131008854166817e-01,3.088506582739878898e-03,6.703062499999999702e+00
2.784610000000000127e+03,1.123770000000000047e-01,1.070800000000000050e-02,1.130425325712500068e-01,3.152808431826958739e-03,6.713457500000000522e+00
2.798530000000000200e+03,1.111759999999999970e-01,1.068099999999999952e-02,1.143546035645237879e-01,3.201119372871067889e-03,6.723897499999999638e+00
2.812519999999999982e+03,1.147780000000000050e-01,1.086529999999999961e-02,1.161815843371428458e-01,3.263184391587141322e-03,6.734389999999999432e+00
2.826590000000000146e+03,1.317069999999999907e-01,1.170150000000000010e-02,1.149180426444047637e-01,3.279538722309537080e-03,6.744942500000000507e+00
2.840719999999999800e+03,1.137009999999999965e-01,1.088749999999999961e-02,1.140127689714285630e-01,3.300955241341738643e-03,6.755539999999999878e+00
2.854920000000000073e+03,1.174270000000000036e-01,1.114129999999999981e-02,1.133804391676190432e-01,3.326942798747898819e-03,6.766189999999999927e+00
2.869199999999999818e+03,1.025350000000000011e-01,1.041079999999999957e-02,1.123752361880952511e-01,3.354374253816576508e-03,6.776899999999999480e+00
2.883539999999999964e+03,1.059879999999999989e-01,1.061980000000000042e-02,1.109029302294047697e-01,3.364413096073634417e-03,6.787654999999999994e+00
2.897960000000000036e+03,1.078940000000000038e-01,1.069660000000000055e-02,1.116752285804761824e-01,3.414447343805958671e-03,6.798470000000000013e+00
2.912449999999999818e+03,1.122260000000000063e-01,1.095080000000000012e-02,1.128253550422619184e-01,3.467357699343100261e-03,6.809337499999999821e+00
2.927010000000000218e+03,1.172190000000000037e-01,1.122650000000000037e-02,1.150726628851785893e-01,3.543503662814005868e-03,6.820257500000000306e+00
2.941650000000000091e+03,1.197460000000000052e-01,1.134770000000000049e-02,1.148115327672619146e-01,3.582542054019177778e-03,6.831237500000000296e+00
2.956360000000000127e+03,1.219510000000000038e-01,1.155429999999999999e-02,1.150195568433333565e-01,3.632947931997264172e-03,6.842270000000000074e+00
2.971139999999999873e+03,1.186350000000000043e-01,1.139510000000000002e-02,1.141843135542857102e-01,3.668897596295029370e-03,6.853355000000000530e+00
2.985989999999999782e+03,1.046850000000000003e-01,1.074319999999999962e-02,1.129721075529761809e-01,3.700273545596988612e-03,6.864492499999999886e+00
3.000920000000000073e+03,1.101739999999999942e-01,1.104789999999999939e-02,1.112715157121428600e-01,3.725242692474991547e-03,6.875690000000000524e+00
3.015929999999999836e+03,1.073869999999999963e-01,1.095409999999999960e-02,1.117153156677380965e-01,3.780437990828611206e-03,6.886947499999999778e+00
3.031010000000000218e+03,1.092739999999999961e-01,1.110189999999999962e-02,1.129611420237500025e-01,3.849167030685628644e-03,6.898257499999999709e+00
3.046159999999999854e+03,1.083120000000000055e-01,1.107159999999999915e-02,1.176474762961904758e-01,3.982185585414080992e-03,6.909620000000000317e+00
3.061389999999999873e+03,1.244360000000000049e-01,1.185740000000000058e-02,1.184434657958333276e-01,4.051014671668461652e-03,6.921042500000000430e+00
3.076699999999999818e+03,1.254939999999999944e-01,1.193340000000000026e-02,1.196038761874999856e-01,4.128615027396658269e-03,6.932525000000000048e+00
3.092079999999999927e+03,1.376789999999999958e-01,1.254579999999999931e-02,1.209125366823809583e-01,4.206481737264061195e-03,6.944060000000000343e+00
3.107539999999999964e+03,1.155169999999999947e-01,1.155330000000000072e-02,1.236443347179761870e-01,4.314147599662229542e-03,6.955655000000000143e+00
3.123079999999999927e+03,1.157109999999999944e-01,1.161180000000000025e-02,1.230353915540476073e-01,4.366215646638966878e-03,6.967309999999999448e+00
3.138699999999999818e+03,1.184240000000000015e-01,1.172549999999999981e-02,1.238271735863094997e-01,4.446902029485412348e-03,6.979025000000000034e+00
3.154389999999999873e+03,1.282899999999999874e-01,1.224229999999999936e-02,1.210287309648214321e-01,4.462217402877703513e-03,6.990792499999999521e+00
3.170159999999999854e+03,1.202259999999999995e-01,1.189650000000000082e-02,1.206988259142857262e-01,4.497843753615724145e-03,7.002620000000000289e+00
3.186010000000000218e+03,1.312810000000000088e-01,1.248220000000000059e-02,1.218739478040625074e-01,4.477463819111027372e-03,7.014507500000000562e+00
3.201940000000000055e+03,1.176930000000000059e-01,1.186459999999999945e-02,1.207234886710714244e-01,4.416016556756876751e-03,7.026455000000000339e+00
3.217949999999999818e+03,1.132589999999999986e-01,1.167100000000000082e-02,1.192923433640625114e-01,4.351954084496775788e-03,7.038462499999999622e+00
3.234039999999999964e+03,1.240919999999999940e-01,1.223139999999999991e-02,1.199206626021428607e-01,4.325552686281142027e-03,7.050530000000000186e+00
3.250210000000000036e+03,1.102859999999999951e-01,1.156510000000000003e-02,1.188571669094196231e-01,4.269941397386837166e-03,7.062657500000000255e+00
3.266469999999999800e+03,1.180289999999999950e-01,1.202819999999999931e-02,1.191808460041517831e-01,4.240166676888662382e-03,7.074852500000000433e+00
3.282800000000000182e+03,1.246270000000000017e-01,1.239490000000000036e-02,1.187260646053571317e-01,4.193225507696395418e-03,7.087100000000000399e+00
3.299210000000000036e+03,1.239129999999999954e-01,1.241710000000000036e-02,1.174868441092410537e-01,4.137095231655668094e-03,7.099407499999999871e+00
3.315710000000000036e+03,1.206880000000000036e-01,1.230470000000000001e-02,1.178035358850446357e-01,4.104450422091572570e-03,7.111782500000000340e+00
3.332289999999999964e+03,1.096810000000000007e-01,1.176390000000000075e-02,1.184985588646428611e-01,4.074374399650243853e-03,7.124217500000000314e+00
3.348949999999999818e+03,1.156950000000000062e-01,1.212880000000000034e-02,1.204749955310267795e-01,4.073363476473904586e-03,7.136712499999999793e+00
3.365690000000000055e+03,1.116840000000000055e-01,1.193909999999999937e-02,1.215747521972767864e-01,4.053966296478930809e-03,7.149267500000000553e+00
3.382519999999999982e+03,1.209059999999999996e-01,1.242859999999999972e-02,1.224283607575000071e-01,4.027910184021842033e-03,7.161889999999999645e+00
3.399429999999999836e+03,1.392940000000000011e-01,1.338119999999999934e-02,1.251371797626785465e-01,4.039492262506883848e-03,7.174572500000000019e+00
3.416429999999999836e+03,1.325040000000000107e-01,1.305060000000000074e-02,1.248174092398214308e-01,3.993717624781908428e-03,7.187322499999999614e+00
3.433510000000000218e+03,1.258670000000000067e-01,1.279250000000000005e-02,1.255377243569196222e-01,3.962422819852154214e-03,7.200132500000000491e+00
3.450679999999999836e+03,1.318870000000000042e-01,1.313789999999999923e-02,1.256809694830357260e-01,3.931141776410252038e-03,7.213009999999999700e+00
3.467929999999999836e+03,1.131189999999999973e-01,1.218780000000000037e-02,1.226969802539732146e-01,3.849639596693176825e-03,7.225947500000000190e+00
3.485269999999999982e+03,1.156469999999999998e-01,1.230279999999999915e-02,1.206881373854464257e-01,3.787333668955002435e-03,7.238952499999999901e+00
3.502699999999999818e+03,1.229770000000000030e-01,1.279809999999999975e-02,1.194235093111607193e-01,3.733671367879101786e-03,7.252024999999999721e+00
3.520210000000000036e+03,1.176999999999999991e-01,1.255840000000000081e-02,1.173630387446875090e-01,3.675436141116476818e-03,7.265157500000000823e+00
3.537809999999999945e+03,1.186559999999999976e-01,1.263700000000000066e-02,1.169598975857142897e-01,3.637177821342926949e-03,7.278357500000000258e+00
3.555500000000000000e+03,1.158809999999999979e-01,1.251030000000000024e-02,1.174788219888392715e-01,3.618262105014424367e-03,7.291624999999999801e+00
3.573280000000000200e+03,1.198520000000000002e-01,1.279300000000000055e-02,1.179628913085714187e-01,3.597269627684595867e-03,7.304959999999999454e+00
3.591150000000000091e+03,1.078169999999999962e-01,1.217080000000000072e-02,1.198590752912946367e-01,3.603961568220565362e-03,7.318362500000000104e+00
3.609099999999999909e+03,1.177099999999999952e-01,1.274010000000000073e-02,1.214583619312499946e-01,3.604338893588019017e-03,7.331825000000000259e+00
3.627150000000000091e+03,1.241199999999999942e-01,1.311990000000000031e-02,1.237176759352678623e-01,3.617590369105661788e-03,7.345362500000000239e+00
3.645280000000000200e+03,1.323969999999999869e-01,1.361449999999999987e-02,1.248653076771428505e-01,3.615330002519179676e-03,7.358959999999999724e+00
3.663510000000000218e+03,1.287540000000000073e-01,1.346750000000000030e-02,1.277755975196875060e-01,3.638399284245596305e-03,7.372632499999999922e+00
3.681829999999999927e+03,1.335989999999999955e-01,1.371900000000000029e-02,1.302733630326785852e-01,3.659561683196473330e-03,7.386372500000000230e+00
3.700239999999999782e+03,1.293370000000000075e-01,1.356680000000000039e-02,1.314845963214285596e-01,3.664256885443006959e-03,7.400179999999999758e+00
3.718739999999999782e+03,1.258479999999999877e-01,1.349559999999999996e-02,1.305394929487500022e-01,3.637600513909206804e-03,7.414054999999999396e+00
3.737329999999999927e+03,1.355659999999999921e-01,1.405430000000000047e-02,1.300548905104910447e-01,3.617928194833142531e-03,7.427997500000000031e+00
3.756019999999999982e+03,1.367269999999999874e-01,1.408249999999999953e-02,1.293869272844642704e-01,3.600053590096683517e-03,7.442014999999999603e+00
3.774800000000000182e+03,1.265040000000000053e-01,1.358080000000000051e-02,1.292799820750000217e-01,3.592118685778047243e-03,7.456100000000000172e+00
3.793670000000000073e+03,1.238429999999999948e-01,1.346200000000000001e-02,1.296434258294196507e-01,3.588882320839312853e-03,7.470252499999999962e+00
3.812639999999999873e+03,1.274270000000000125e-01,1.368890000000000037e-02,1.285235090514285639e-01,3.570439092811620706e-03,7.484479999999999578e+00
3.831699999999999818e+03,1.305020000000000069e-01,1.389860000000000054e-02,1.269828595812499961e-01,3.549772231275290669e-03,7.498775000000000190e+00
3.850860000000000127e+03,1.258370000000000044e-01,1.363840000000000018e-02,1.285793633339285535e-01,3.578347693986010103e-03,7.513144999999999740e+00
3.870119999999999891e+03,1.321549999999999947e-01,1.408159999999999967e-02,1.306406521998214332e-01,3.618343970835587262e-03,7.527590000000000003e+00
3.889469999999999800e+03,1.211430000000000007e-01,1.348910000000000040e-02,1.306324889788392785e-01,3.630765569023220677e-03,7.542102500000000376e+00
3.908920000000000073e+03,1.301390000000000047e-01,1.407420000000000025e-02,1.307809176437499943e-01,3.649164148579730430e-03,7.556689999999999685e+00
3.928460000000000036e+03,1.473579999999999890e-01,1.506389999999999986e-02,1.331677586393750223e-01,3.705090111456592512e-03,7.571345000000000880e+00
3.948099999999999909e+03,1.304859999999999909e-01,1.420919999999999996e-02,1.349094029598214284e-01,3.751985773598452006e-03,7.586074999999999235e+00
3.967840000000000146e+03,1.243579999999999963e-01,1.387999999999999998e-02,1.370280373699999943e-01,3.805886518856432289e-03,7.600880000000000081e+00
3.987679999999999836e+03,1.384029999999999982e-01,1.471070000000000016e-02,1.371303197742856916e-01,3.833342990203528547e-03,7.615759999999999863e+00
4.007619999999999891e+03,1.482729999999999881e-01,1.529739999999999919e-02,1.346118864025000195e-01,3.826110982320701098e-03,7.630715000000000359e+00
4.027659999999999854e+03,1.425099999999999978e-01,1.500360000000000062e-02,1.353457891025000026e-01,3.870820005167668020e-03,7.645744999999999791e+00
4.047800000000000182e+03,1.329279999999999906e-01,1.452239999999999955e-02,1.364482998500000099e-01,3.919936669600851929e-03,7.660849999999999937e+00
4.068039999999999964e+03,1.295860000000000067e-01,1.433689999999999964e-02,1.351066888051785930e-01,3.941930428464495394e-03,7.676029999999999909e+00
4.088380000000000109e+03,1.275000000000000022e-01,1.425060000000000042e-02,1.327804399808928393e-01,3.953056949212194887e-03,7.691284999999999705e+00
4.108819999999999709e+03,1.416300000000000059e-01,1.507159999999999923e-02,1.306181349159821481e-01,3.967755785779110075e-03,7.706614999999999327e+00
4.129359999999999673e+03,1.274180000000000035e-01,1.435160000000000081e-02,1.310776797210714273e-01,4.033917614927494920e-03,7.722019999999999662e+00
4.150010000000000218e+03,1.287639999999999896e-01,1.451900000000000066e-02,1.309378116854910679e-01,4.082717696251529117e-03,7.737507499999999538e+00
4.170760000000000218e+03,1.314619999999999955e-01,1.471440000000000074e-02,1.313441504092857093e-01,4.151096093572104878e-03,7.753070000000000128e+00
4.191609999999999673e+03,1.233029999999999959e-01,1.430829999999999949e-02,1.306202786829464280e-01,4.202734277364273546e-03,7.768707499999999655e+00
4.212569999999999709e+03,1.424259999999999970e-01,1.544680000000000011e-02,1.306871911464732028e-01,4.263810824184944073e-03,7.784427499999999611e+00
4.233630000000000109e+03,1.225839999999999985e-01,1.432280000000000011e-02,1.314054340224107276e-01,4.345934037369551112e-03,7.800222500000000281e+00
4.254800000000000182e+03,1.338489999999999958e-01,1.496040000000000043e-02,1.326286823535714199e-01,4.440409274763833410e-03,7.816100000000000492e+00
4.276079999999999927e+03,1.367160000000000042e-01,1.514700000000000074e-02,1.351508903128571526e-01,4.556751829330389462e-03,7.832060000000000244e+00
4.297460000000000036e+03,1.250449999999999895e-01,1.452739999999999934e-02,1.340772669654464455e-01,4.615545352763214017e-03,7.848095000000000709e+00
4.318939999999999600e+03,1.371290000000000009e-01,1.529359999999999921e-02,1.370398063826785695e-01,4.754297969823536793e-03,7.864205000000000112e+00
4.340539999999999964e+03,1.418699999999999961e-01,1.566709999999999978e-02,1.375156087793749926e-01,4.848598142709769319e-03,7.880404999999999660e+00
4.362239999999999782e+03,1.430730000000000057e-01,1.573590000000000058e-02,1.382886645450000229e-01,4.957399271687889554e-03,7.896679999999999922e+00
4.384050000000000182e+03,1.319990000000000052e-01,1.524009999999999948e-02,1.400863109984374910e-01,5.083474055222756208e-03,7.913037499999999724e+00
4.405970000000000255e+03,1.483609999999999929e-01,1.615779999999999994e-02,1.386073587620089420e-01,5.151302378224960864e-03,7.929477499999999957e+00
4.428000000000000000e+03,1.356860000000000011e-01,1.550119999999999970e-02,1.367003164642857094e-01,5.214379999229128149e-03,7.945999999999999730e+00
4.450140000000000327e+03,1.437859999999999971e-01,1.598660000000000012e-02,1.348751729279464295e-01,5.282751930829318598e-03,7.962604999999999933e+00
4.472390000000000327e+03,1.386449999999999905e-01,1.572959999999999983e-02,1.339819208747767831e-01,5.363688374465405868e-03,7.979292500000000565e+00
4.494750000000000000e+03,1.242970000000000047e-01,1.493620000000000017e-02,1.298824641562500160e-01,5.381207515091069454e-03,7.996062499999999851e+00
4.517229999999999563e+03,1.271720000000000073e-01,1.516209999999999954e-02,1.277148750000000055e-01,5.370756723393361673e-03,8.000000000000000000e+00
4.539810000000000400e+03,1.287969999999999948e-01,1.531730000000000071e-02,1.250232500000000024e-01,5.328582375046504380e-03,8.000000000000000000e+00
4.562510000000000218e+03,1.248969999999999941e-01,1.506569999999999958e-02,1.225466250000000062e-01,5.288078415481491969e-03,8.000000000000000000e+00
4.585329999999999927e+03,1.157159999999999994e-01,1.449369999999999999e-02,1.225086249999999960e-01,5.299344550758730392e-03,8.000000000000000000e+00
4.608250000000000000e+03,1.184090000000000004e-01,1.477999999999999974e-02,1.224500000000000033e-01,5.310011733641108699e-03,8.000000000000000000e+00
4.631289999999999964e+03,1.222530000000000006e-01,1.505629999999999989e-02,1.245787500000000020e-01,5.375474656149561645e-03,8.000000000000000000e+00
4.654449999999999818e+03,1.188319999999999932e-01,1.482900000000000017e-02,1.246281250000000063e-01,5.394050965531378868e-03,8.000000000000000000e+00
4.677720000000000255e+03,1.239930000000000060e-01,1.518959999999999928e-02,1.263941249999999961e-01,5.452075479232656834e-03,8.000000000000000000e+00
4.701109999999999673e+03,1.267030000000000101e-01,1.539910000000000063e-02,1.271516249999999904e-01,5.483947163782329146e-03,8.000000000000000000e+00
4.724619999999999891e+03,1.458270000000000122e-01,1.671490000000000128e-02,1.291458749999999933e-01,5.542149935733988245e-03,8.000000000000000000e+00
4.748239999999999782e+03,1.252919999999999867e-01,1.548479999999999995e-02,1.308600000000000041e-01,5.595835207726479639e-03,8.000000000000000000e+00
4.771979999999999563e+03,1.298439999999999872e-01,1.582230000000000095e-02,1.306083749999999988e-01,5.607699814289946079e-03,8.000000000000000000e+00
4.795840000000000146e+03,1.244689999999999963e-01,1.551630000000000023e-02,1.298520000000000230e-01,5.608515495515502443e-03,8.000000000000000000e+00
4.819819999999999709e+03,1.382069999999999965e-01,1.636349999999999957e-02,1.271709999999999785e-01,5.560061509341083889e-03,8.000000000000000000e+00
4.843920000000000073e+03,1.325449999999999962e-01,1.606760000000000133e-02,1.281346250000000020e-01,5.592921788436031570e-03,8.000000000000000000e+00
4.868140000000000327e+03,1.219800000000000051e-01,1.546709999999999925e-02,1.280129999999999879e-01,5.600502790110120817e-03,8.000000000000000000e+00
4.892479999999999563e+03,1.206519999999999954e-01,1.541810000000000055e-02,1.295550000000000035e-01,5.642937230027572290e-03,8.000000000000000000e+00
4.916939999999999600e+03,1.243790000000000034e-01,1.564460000000000156e-02,1.304223749999999793e-01,5.670932561592052432e-03,8.000000000000000000e+00
4.941529999999999745e+03,1.330010000000000081e-01,1.622449999999999934e-02,1.291364999999999874e-01,5.652867905721063908e-03,8.000000000000000000e+00
4.966229999999999563e+03,1.288710000000000133e-01,1.599300000000000027e-02,1.299741249999999959e-01,5.684554702066050777e-03,8.000000000000000000e+00
4.991069999999999709e+03,1.368050000000000099e-01,1.647090000000000012e-02,1.326678749999999907e-01,5.759874868283273303e-03,8.000000000000000000e+00
5.016020000000000437e+03,1.451459999999999972e-01,1.697159999999999988e-02,1.369797500000000112e-01,5.869046619354479320e-03,8.000000000000000000e+00
5.041100000000000364e+03,1.222580000000000056e-01,1.565489999999999937e-02,1.401113749999999825e-01,5.951082641327227335e-03,8.000000000000000000e+00
5.066310000000000400e+03,1.286809999999999898e-01,1.619330000000000075e-02,1.420326250000000234e-01,6.008529692094501801e-03,8.000000000000000000e+00
5.091640000000000327e+03,1.422019999999999951e-01,1.711390000000000133e-02,1.427288749999999773e-01,6.042115701435321964e-03,8.000000000000000000e+00
5.117100000000000364e+03,1.588739999999999875e-01,1.805560000000000151e-02,1.443473750000000000e-01,6.098391047414677968e-03,8.000000000000000000e+00
5.142680000000000291e+03,1.580540000000000000e-01,1.803590000000000054e-02,1.475301250000000119e-01,6.178683090182425681e-03,8.000000000000000000e+00
5.168399999999999636e+03,1.442410000000000081e-01,1.731320000000000081e-02,1.490517499999999829e-01,6.221156524965836682e-03,8.000000000000000000e+00
5.194239999999999782e+03,1.423750000000000016e-01,1.723929999999999907e-02,1.486518749999999889e-01,6.223355852539990719e-03,8.000000000000000000e+00
5.220210000000000036e+03,1.580940000000000123e-01,1.821429999999999924e-02,1.482353750000000026e-01,6.226188828436200404e-03,8.000000000000000000e+00
5.246310000000000400e+03,1.477199999999999902e-01,1.755460000000000007e-02,1.473033750000000142e-01,6.220021880965331124e-03,8.000000000000000000e+00
5.272539999999999964e+03,1.408540000000000070e-01,1.720259999999999845e-02,1.464242500000000058e-01,6.215337673826539303e-03,8.000000000000000000e+00
5.298899999999999636e+03,1.390029999999999877e-01,1.716499999999999970e-02,1.472612500000000102e-01,6.249878500981538750e-03,8.000000000000000000e+00
5.325399999999999636e+03,1.555420000000000136e-01,1.811799999999999869e-02,1.480443750000000058e-01,6.281718294147808045e-03,8.000000000000000000e+00
5.352029999999999745e+03,1.505980000000000096e-01,1.789920000000000053e-02,1.498013750000000144e-01,6.337643008470302160e-03,8.000000000000000000e+00
5.378789999999999964e+03,1.372079999999999966e-01,1.720520000000000035e-02,1.501728750000000112e-01,6.360975610681706208e-03,8.000000000000000000e+00
5.405680000000000291e+03,1.490710000000000091e-01,1.802080000000000001e-02,1.505641249999999931e-01,6.385938671641683967e-03,8.000000000000000000e+00
5.432710000000000036e+03,1.643590000000000051e-01,1.890230000000000035e-02,1.484624999999999972e-01,6.364517522648024776e-03,8.000000000000000000e+00
5.459869999999999891e+03,1.617760000000000031e-01,1.879710000000000061e-02,1.463355000000000072e-01,6.340013217158936044e-03,8.000000000000000000e+00
5.487170000000000073e+03,1.438260000000000094e-01,1.774519999999999917e-02,1.470120000000000038e-01,6.370248611036012816e-03,8.000000000000000000e+00
5.514609999999999673e+03,1.421330000000000093e-01,1.774830000000000158e-02,1.447182499999999927e-01,6.334805301825089004e-03,8.000000000000000000e+00
5.542180000000000291e+03,1.387289999999999912e-01,1.762899999999999884e-02,1.423328750000000253e-01,6.302890588315907504e-03,8.000000000000000000e+00
5.569890000000000327e+03,1.335820000000000063e-01,1.733370000000000050e-02,1.404998749999999963e-01,6.279385834879175517e-03,8.000000000000000000e+00
5.597739999999999782e+03,1.426199999999999968e-01,1.790570000000000009e-02,1.402393749999999994e-01,6.289134789522423177e-03,8.000000000000000000e+00
5.625729999999999563e+03,1.307210000000000039e-01,1.720259999999999845e-02,1.397498749999999956e-01,6.289743502781433224e-03,8.000000000000000000e+00
5.653859999999999673e+03,1.452759999999999885e-01,1.820669999999999927e-02,1.404591250000000180e-01,6.315387473093990629e-03,8.000000000000000000e+00
5.682130000000000109e+03,1.471119999999999928e-01,1.828669999999999948e-02,1.428916249999999943e-01,6.380648940363060038e-03,8.000000000000000000e+00
5.710539999999999964e+03,1.417420000000000069e-01,1.796479999999999952e-02,1.459157500000000107e-01,6.468512147716524822e-03,8.000000000000000000e+00
5.739090000000000146e+03,1.382170000000000065e-01,1.776209999999999942e-02,1.474997499999999850e-01,6.518047938296979080e-03,8.000000000000000000e+00
5.767789999999999964e+03,1.444030000000000036e-01,1.820630000000000165e-02,1.456108750000000007e-01,6.489614052866028715e-03,8.000000000000000000e+00
5.796619999999999891e+03,1.530420000000000114e-01,1.880120000000000055e-02,1.437038750000000087e-01,6.463244521728715719e-03,8.000000000000000000e+00
5.825609999999999673e+03,1.668129999999999891e-01,1.982089999999999894e-02,1.426638749999999956e-01,6.455306608531948855e-03,8.000000000000000000e+00
5.854739999999999782e+03,1.433929999999999927e-01,1.836029999999999954e-02,1.411662499999999931e-01,6.437581446195943420e-03,8.000000000000000000e+00
5.884010000000000218e+03,1.301650000000000029e-01,1.754460000000000047e-02,1.423559999999999826e-01,6.485425735543504100e-03,8.000000000000000000e+00
5.913430000000000291e+03,1.318560000000000010e-01,1.767890000000000086e-02,1.441636250000000175e-01,6.540922530452031487e-03,8.000000000000000000e+00
5.943000000000000000e+03,1.334220000000000128e-01,1.778120000000000048e-02,1.434097500000000025e-01,6.531733262444107749e-03,8.000000000000000000e+00
5.972710000000000036e+03,1.262359999999999871e-01,1.734549999999999981e-02,1.447037500000000199e-01,6.574072458933846036e-03,8.000000000000000000e+00
6.002569999999999709e+03,1.539210000000000023e-01,1.926239999999999897e-02,1.477102499999999874e-01,6.660088519764114333e-03,8.000000000000000000e+00
6.032590000000000146e+03,1.675030000000000130e-01,1.999379999999999907e-02,1.472996250000000173e-01,6.666479635061334577e-03,8.000000000000000000e+00
6.062750000000000000e+03,1.607820000000000082e-01,1.962600000000000108e-02,1.489468749999999786e-01,6.721885434894271129e-03,8.000000000000000000e+00
6.093060000000000400e+03,1.537449999999999928e-01,1.930319999999999953e-02,1.505508750000000284e-01,6.772403913700991360e-03,8.000000000000000000e+00
6.123529999999999745e+03,1.542169999999999930e-01,1.951069999999999888e-02,1.481181249999999894e-01,6.728124925487691081e-03,8.000000000000000000e+00
6.154149999999999636e+03,1.285709999999999908e-01,1.783240000000000172e-02,1.432617500000000210e-01,6.635920741914324260e-03,8.000000000000000000e+00
6.184920000000000073e+03,1.466000000000000081e-01,1.906949999999999965e-02,1.388248749999999865e-01,6.554868314502492778e-03,8.000000000000000000e+00
6.215840000000000146e+03,1.390679999999999972e-01,1.856060000000000001e-02,1.362098750000000080e-01,6.509580507653699513e-03,8.000000000000000000e+00
6.246920000000000073e+03,1.344589999999999952e-01,1.824229999999999949e-02,1.341074999999999906e-01,6.471104980930131485e-03,8.000000000000000000e+00
6.278159999999999854e+03,1.286519999999999886e-01,1.791339999999999946e-02,1.368201250000000146e-01,6.547436369428782064e-03,8.000000000000000000e+00
6.309550000000000182e+03,1.252870000000000095e-01,1.779760000000000023e-02,1.382101249999999892e-01,6.594157724432097439e-03,8.000000000000000000e+00
6.341090000000000146e+03,1.328249999999999986e-01,1.829609999999999917e-02,1.431721249999999834e-01,6.733975527258675639e-03,8.000000000000000000e+00
6.372800000000000182e+03,1.373979999999999924e-01,1.867359999999999853e-02,1.462636250000000082e-01,6.824706337615377323e-03,8.000000000000000000e+00
6.404659999999999854e+03,1.502719999999999889e-01,1.953440000000000037e-02,1.513321249999999840e-01,6.958272216914735027e-03,8.000000000000000000e+00
6.436689999999999600e+03,1.577199999999999991e-01,2.007340000000000166e-02,1.575539999999999718e-01,7.113402845707003999e-03,8.000000000000000000e+00
6.468869999999999891e+03,1.787640000000000062e-01,2.153510000000000146e-02,1.626532499999999992e-01,7.245677445661137181e-03,8.000000000000000000e+00
6.501220000000000255e+03,1.591909999999999992e-01,2.028579999999999967e-02,1.660024999999999973e-01,7.336198242086121486e-03,8.000000000000000000e+00
6.533720000000000255e+03,1.691999999999999893e-01,2.094539999999999944e-02,1.665082500000000243e-01,7.364848853697711709e-03,8.000000000000000000e+00
6.566390000000000327e+03,1.750619999999999954e-01,2.136499999999999858e-02,1.663906250000000142e-01,7.379977045261981033e-03,8.000000000000000000e+00
6.599220000000000255e+03,1.736189999999999956e-01,2.136129999999999973e-02,1.653087500000000043e-01,7.369146020974037641e-03,8.000000000000000000e+00
6.632220000000000255e+03,1.641920000000000046e-01,2.081300000000000164e-02,1.695419999999999983e-01,7.481666752667399424e-03,8.000000000000000000e+00
6.665380000000000109e+03,1.543180000000000107e-01,2.021260000000000071e-02,1.703320000000000112e-01,7.519615907276697674e-03,8.000000000000000000e+00
6.698710000000000036e+03,1.567790000000000017e-01,2.042590000000000031e-02,1.678103750000000116e-01,7.479614089842386883e-03,8.000000000000000000e+00
6.732199999999999818e+03,1.701090000000000102e-01,2.129640000000000005e-02,1.658047500000000007e-01,7.448578720740118599e-03,8.000000000000000000e+00
6.765859999999999673e+03,1.930570000000000064e-01,2.276970000000000036e-02,1.670312500000000200e-01,7.492135539955380348e-03,8.000000000000000000e+00
6.799689999999999600e+03,1.755200000000000093e-01,2.179779999999999912e-02,1.693491249999999892e-01,7.555718889761168719e-03,8.000000000000000000e+00
6.833689999999999600e+03,1.548889999999999989e-01,2.044659999999999880e-02,1.710658750000000061e-01,7.607419534223645169e-03,8.000000000000000000e+00
6.867859999999999673e+03,1.575739999999999919e-01,2.065559999999999966e-02,1.707766250000000152e-01,7.615608545848044121e-03,8.000000000000000000e+00
6.902199999999999818e+03,1.740039999999999920e-01,2.179060000000000025e-02,1.674281249999999832e-01,7.553037902797373609e-03,8.000000000000000000e+00
6.936710000000000036e+03,1.728609999999999869e-01,2.167449999999999932e-02,1.689871249999999880e-01,7.599738178127832776e-03,8.000000000000000000e+00
6.971390000000000327e+03,1.705129999999999979e-01,2.161920000000000161e-02,1.703125000000000056e-01,7.641872032304977344e-03,8.000000000000000000e+00
7.006250000000000000e+03,1.677949999999999997e-01,2.148289999999999922e-02,1.701046250000000093e-01,7.648490997003918636e-03,8.000000000000000000e+00
7.041279999999999745e+03,1.662690000000000001e-01,2.139430000000000151e-02,1.685973749999999938e-01,7.625035702416415456e-03,8.000000000000000000e+00
7.076489999999999782e+03,1.879919999999999924e-01,2.281299999999999994e-02,1.708109999999999906e-01,7.696042824917800028e-03,8.000000000000000000e+00
7.111869999999999891e+03,1.654920000000000002e-01,2.142809999999999854e-02,1.751411250000000086e-01,7.817247456945763603e-03,8.000000000000000000e+00
7.147430000000000291e+03,1.559109999999999940e-01,2.081179999999999836e-02,1.791493749999999996e-01,7.927668723961351499e-03,8.000000000000000000e+00
7.183159999999999854e+03,1.619460000000000066e-01,2.125799999999999912e-02,1.823322500000000013e-01,8.017763661035334777e-03,8.000000000000000000e+00
7.219079999999999927e+03,1.905699999999999894e-01,2.322520000000000140e-02,1.820522499999999988e-01,8.032513789904129758e-03,8.000000000000000000e+00
7.255180000000000291e+03,2.051540000000000030e-01,2.424310000000000007e-02,1.824626250000000172e-01,8.059560511513640807e-03,8.000000000000000000e+00
7.291449999999999818e+03,1.998610000000000109e-01,2.393290000000000001e-02,1.839371250000000069e-01,8.110731537213519693e-03,8.000000000000000000e+00
7.327909999999999854e+03,1.917320000000000135e-01,2.344479999999999828e-02,1.853480000000000127e-01,8.162094769228975602e-03,8.000000000000000000e+00
7.364550000000000182e+03,1.857520000000000004e-01,2.314269999999999869e-02,1.844698750000000054e-01,8.156448460008881851e-03,8.000000000000000000e+00
7.401369999999999891e+03,1.687750000000000083e-01,2.206850000000000131e-02,1.794256250000000330e-01,8.059614183199543744e-03,8.000000000000000000e+00
7.438380000000000109e+03,1.677069999999999950e-01,2.204740000000000172e-02,1.747348750000000117e-01,7.969494220041900209e-03,8.000000000000000000e+00
7.475569999999999709e+03,1.732329999999999981e-01,2.248100000000000098e-02,1.707773750000000090e-01,7.894187639382614988e-03,8.000000000000000000e+00
7.512949999999999818e+03,1.835450000000000137e-01,2.309790000000000107e-02,1.683485000000000120e-01,7.851983510195052751e-03,8.000000000000000000e+00
7.550510000000000218e+03,1.648000000000000020e-01,2.207330000000000056e-02,1.714136250000000139e-01,7.939197551587000301e-03,8.000000000000000000e+00
7.588260000000000218e+03,1.623350000000000071e-01,2.191649999999999848e-02,1.756477499999999914e-01,8.053352787077255534e-03,8.000000000000000000e+00
7.626210000000000036e+03,1.600719999999999921e-01,2.175320000000000031e-02,1.782706250000000159e-01,8.130992331812889745e-03,8.000000000000000000e+00
7.664340000000000146e+03,1.663209999999999966e-01,2.220480000000000023e-02,1.746478750000000080e-01,8.069544043810654432e-03,8.000000000000000000e+00
7.702659999999999854e+03,1.932959999999999956e-01,2.398250000000000035e-02,1.740504999999999969e-01,8.068501687813542725e-03,8.000000000000000000e+00
7.741170000000000073e+03,2.015800000000000092e-01,2.455459999999999934e-02,1.749632499999999868e-01,8.104092666700495398e-03,8.000000000000000000e+00
7.779880000000000109e+03,1.942159999999999997e-01,2.420359999999999873e-02,1.790942500000000104e-01,8.218820471066696012e-03,8.000000000000000000e+00
7.818779999999999745e+03,1.545630000000000059e-01,2.167490000000000042e-02,1.808797500000000058e-01,8.275609634681000207e-03,8.000000000000000000e+00
7.857869999999999891e+03,1.600209999999999966e-01,2.204889999999999975e-02,1.780962500000000115e-01,8.227659892741375630e-03,8.000000000000000000e+00
7.897159999999999854e+03,1.696370000000000100e-01,2.274139999999999842e-02,1.732623749999999963e-01,8.306889616466335904e-03,8.000000000000000000e+00
7.936649999999999636e+03,1.931200000000000139e-01,2.435270000000000143e-02,1.702690000000000037e-01,8.841539612729753042e-03,8.000000000000000000e+00
7.976329999999999927e+03,1.806049999999999878e-01,2.351599999999999871e-02,1.728866666666666607e-01,9.661876720504263688e-03,8.000000000000000000e+00
8.016210000000000036e+03,1.710280000000000133e-01,2.290230000000000044e-02,1.754597999999999991e-01,1.072289705672865336e-02,8.000000000000000000e+00
8.050869999999999891e+03,1.629089999999999983e-01,2.620629999999999835e-02,1.769155000000000033e-01,1.213811599433268704e-02,8.000000000000000000e+00
