X_cm-1,subtracted_Y,subtracted_E,loaded_raw_Y,loaded_raw_E,empty_smoothed_Y,empty_smoothed_E
-2.010340000000000060e+01,7.984599999999991010e-04,2.408652859961351970e-03,9.083429999999999976e-03,2.085500000000000114e-03,8.284970000000000875e-03,1.205113417815933171e-03
-1.998239999999999839e+01,-1.631567499999999303e-03,2.002579934150569823e-03,6.220700000000000014e-03,1.726850000000000043e-03,7.852267499999999317e-03,1.014058908625381722e-03
-1.986139999999999972e+01,-1.542433999999998778e-03,1.970691175493512193e-03,6.317210000000000186e-03,1.749230000000000056e-03,7.859643999999998965e-03,9.076442674682631264e-04
-1.974040000000000106e+01,5.899213999999999847e-03,2.726339960464945356e-03,1.377920000000000013e-02,2.569810000000000063e-03,7.879986000000000282e-03,9.104977451526170395e-04
-1.961939999999999884e+01,1.276466000000000406e-03,2.181290814102512191e-03,8.299590000000000786e-03,2.005209999999999892e-03,7.023124000000000380e-03,8.585816627368651408e-04
-1.949849999999999994e+01,7.393720000000001194e-03,2.786966681258317650e-03,1.451780000000000084e-02,2.648810000000000140e-03,7.124079999999999649e-03,8.665961379697004110e-04
-1.937750000000000128e+01,5.752299999999999254e-03,2.685094713730597476e-03,1.336509999999999955e-02,2.530539999999999960e-03,7.612800000000000296e-03,8.978312369838778104e-04
-1.925649999999999906e+01,3.160421999999999537e-03,2.466593560541339037e-03,1.080150000000000034e-02,2.295900000000000024e-03,7.641078000000000800e-03,9.016246352579325874e-04
-1.913550000000000040e+01,2.088237600000000110e-02,3.914581054220744524e-03,2.938709999999999933e-02,3.797169999999999886e-03,8.504723999999999964e-03,9.515486436141874218e-04
-1.901450000000000173e+01,1.179582799999999952e-02,3.368274266942049289e-03,2.106629999999999961e-02,3.218069999999999958e-03,9.270472000000000087e-03,9.946341098333597378e-04
-1.889349999999999952e+01,2.170758000000000063e-03,2.590551183221825263e-03,1.183659999999999921e-02,2.383039999999999898e-03,9.665841999999999143e-03,1.015911310741247821e-03
-1.877260000000000062e+01,3.188657000000000297e-02,4.670695863838706177e-03,4.198110000000000036e-02,4.553469999999999566e-03,1.009453000000000086e-02,1.039860957811187441e-03
-1.865159999999999840e+01,7.284157999999998911e-03,3.167408396575976514e-03,1.816560000000000050e-02,2.978220000000000173e-03,1.088144200000000159e-02,1.078277136129668617e-03
-1.853059999999999974e+01,6.654458000000001983e-03,3.076222725514523443e-03,1.710460000000000105e-02,2.888700000000000122e-03,1.045014199999999907e-02,1.057619292076312448e-03
-1.840960000000000107e+01,1.755145999999999790e-02,3.981228321595232933e-03,2.965989999999999946e-02,3.814919999999999856e-03,1.210843999999999983e-02,1.138667792761347995e-03
-1.828859999999999886e+01,8.186564000000002075e-03,3.320693809789153263e-03,1.982930000000000109e-02,3.126830000000000147e-03,1.164273599999999902e-02,1.118007839629043014e-03
-1.816760000000000019e+01,-1.799360000000003318e-04,2.649228085398462173e-03,1.164420000000000038e-02,2.398180000000000190e-03,1.182413600000000072e-02,1.125674080746287813e-03
-1.804670000000000130e+01,7.301143999999998996e-03,3.271538185443660911e-03,1.914480000000000001e-02,3.070810000000000206e-03,1.184365600000000102e-02,1.128312032514055705e-03
-1.792569999999999908e+01,5.365953999999999169e-03,3.107689301403214303e-03,1.710539999999999977e-02,2.897219999999999830e-03,1.173944600000000060e-02,1.124210418763320297e-03
-1.780470000000000041e+01,4.360634000000000385e-03,2.932881058051280826e-03,1.502619999999999997e-02,2.729099999999999929e-03,1.066556599999999959e-02,1.074152917733783375e-03
-1.768370000000000175e+01,8.762490000000001250e-03,3.319967323169913630e-03,1.985260000000000150e-02,3.133260000000000125e-03,1.109011000000000025e-02,1.097663336053455053e-03
-1.756269999999999953e+01,3.660729999999999193e-03,2.914029222932398508e-03,1.477290000000000027e-02,2.698149999999999854e-03,1.111217000000000107e-02,1.100705632584843231e-03
-1.744170000000000087e+01,1.148236999999999869e-02,3.620794915418988538e-03,2.367669999999999844e-02,3.431839999999999804e-03,1.219432999999999975e-02,1.154395960632226010e-03
-1.732079999999999842e+01,9.792600000000001997e-03,3.534827856175177131e-03,2.219070000000000070e-02,3.336979999999999807e-03,1.239809999999999870e-02,1.166007055035260141e-03
-1.719979999999999976e+01,8.623620000000000244e-03,3.460708458539089351e-03,2.128530000000000005e-02,3.254509999999999955e-03,1.266167999999999981e-02,1.176719038217704724e-03
-1.707880000000000109e+01,9.098339999999998165e-03,3.597740663027839542e-03,2.298789999999999861e-02,3.380859999999999855e-03,1.388956000000000045e-02,1.230253444947015809e-03
-1.695779999999999887e+01,1.204802000000000130e-02,3.906480313022964689e-03,2.719550000000000092e-02,3.687580000000000198e-03,1.514747999999999963e-02,1.289318494258109935e-03
-1.683680000000000021e+01,1.206896000000000357e-02,3.958572764890901964e-03,2.770440000000000055e-02,3.734089999999999805e-03,1.563543999999999698e-02,1.314104336358418732e-03
-1.671580000000000155e+01,1.929418000000000105e-02,4.562952093381651697e-03,3.718880000000000102e-02,4.339879999999999953e-03,1.789461999999999997e-02,1.409245681950453948e-03
-1.659489999999999910e+01,1.694928000000000060e-02,4.561598741355490927e-03,3.669839999999999908e-02,4.313560000000000137e-03,1.974911999999999848e-02,1.483705901968445989e-03
-1.647390000000000043e+01,1.348742000000000343e-02,4.377181400101211664e-03,3.340950000000000170e-02,4.114660000000000019e-03,1.992207999999999826e-02,1.493080739207361049e-03
-1.635290000000000177e+01,1.896994000000000458e-02,4.699083285980362387e-03,3.892140000000000183e-02,4.455449999999999688e-03,1.995145999999999725e-02,1.493435310309757045e-03
-1.623189999999999955e+01,1.569511999999999990e-02,4.510936203865889560e-03,3.552539999999999865e-02,4.258539999999999895e-03,1.983027999999999874e-02,1.487744098878567272e-03
-1.611090000000000089e+01,2.748180000000000067e-02,5.134658712102294943e-03,4.705580000000000179e-02,4.917780000000000068e-03,1.957400000000000112e-02,1.476536474784148492e-03
-1.598990000000000045e+01,2.565852000000000063e-02,5.065050964703908531e-03,4.547960000000000197e-02,4.841739999999999759e-03,1.982108000000000134e-02,1.487378582422108292e-03
-1.586899999999999977e+01,2.681625999999999455e-02,5.225453156640867507e-03,4.854019999999999863e-02,4.987120000000000268e-03,2.172394000000000408e-02,1.560126532640221430e-03
-1.574799999999999933e+01,1.139924799999999933e-01,8.710634901042516726e-03,1.375139999999999973e-01,8.557479999999999254e-03,2.352152000000000062e-02,1.626252264828553524e-03
-1.562700000000000067e+01,1.158784000000000064e-01,8.850653904917533260e-03,1.413490000000000024e-01,8.686819999999999611e-03,2.547059999999999949e-02,1.695061306334375711e-03
-1.550600000000000023e+01,1.058493400000000140e-01,8.619378104981357397e-03,1.332480000000000053e-01,8.438050000000000758e-03,2.739865999999999829e-02,1.758690170021996735e-03
-1.538499999999999979e+01,1.242188000000000042e-01,9.218272023364249348e-03,1.540279999999999982e-01,9.033060000000000742e-03,2.980919999999999750e-02,1.838577203475557243e-03
-1.526399999999999935e+01,1.255489800000000045e-01,9.371663213349059468e-03,1.572770000000000001e-01,9.176810000000000522e-03,3.172801999999999567e-02,1.901112728993207320e-03
-1.514310000000000045e+01,1.482283200000000245e-01,1.011151672910172265e-02,1.824030000000000096e-01,9.916390000000000621e-03,3.417467999999999895e-02,1.976861130885020166e-03
-1.502210000000000001e+01,1.543428199999999917e-01,1.031610707371205873e-02,1.902810000000000057e-01,1.011429999999999968e-02,3.593818000000000012e-02,2.030517339569401589e-03
-1.490109999999999957e+01,1.392688200000000154e-01,9.988942343691447484e-03,1.775430000000000064e-01,9.766129999999999603e-03,3.827417999999999793e-02,2.098016675027155557e-03
-1.478009999999999913e+01,1.832571000000000061e-01,1.120187170025545298e-02,2.240590000000000082e-01,1.099020000000000032e-02,4.080189999999999512e-02,2.167356350253459973e-03
-1.465910000000000046e+01,1.575142800000000065e-01,1.065906569271941363e-02,2.016489999999999949e-01,1.041719999999999972e-02,4.413472000000000228e-02,2.257792196307711625e-03
-1.453810000000000002e+01,1.721633200000000086e-01,1.120291007396328163e-02,2.221029999999999949e-01,1.094129999999999929e-02,4.993968000000000018e-02,2.406896016721120964e-03
-1.441719999999999935e+01,1.431881800000000260e-01,1.067452661307507350e-02,1.995570000000000122e-01,1.036220000000000023e-02,5.636881999999998616e-02,2.563265412174088598e-03
-1.429620000000000068e+01,1.294131399999999821e-01,1.047073923095251033e-02,1.906779999999999864e-01,1.012219999999999960e-02,6.126485999999999738e-02,2.679075811284182575e-03
-1.417520000000000024e+01,1.265082600000000113e-01,1.058643882278530873e-02,1.936140000000000083e-01,1.020770000000000011e-02,6.710573999999999706e-02,2.806340616991458408e-03
-1.405419999999999980e+01,1.337069799999999753e-01,1.096678334238203149e-02,2.071759999999999990e-01,1.056580000000000019e-02,7.346902000000000987e-02,2.938402157422976245e-03
-1.393319999999999936e+01,1.321038999999999963e-01,1.107994003719929912e-02,2.114860000000000073e-01,1.065100000000000074e-02,7.938209999999999711e-02,3.053075535903427250e-03
-1.381220000000000070e+01,1.147060000000000024e-01,1.082868460245675450e-02,1.991040000000000032e-01,1.036059999999999932e-02,8.439800000000000080e-02,3.149345624012073793e-03
-1.369130000000000003e+01,1.405644000000000060e-01,1.171939624208278088e-02,2.339090000000000058e-01,1.124119999999999980e-02,9.334459999999999980e-02,3.313558636714310918e-03
-1.357029999999999959e+01,1.707733399999999679e-01,1.247864072419412051e-02,2.685989999999999767e-01,1.200859999999999948e-02,9.782566000000000872e-02,3.392639144311696518e-03
-1.344929999999999914e+01,1.555293599999999776e-01,1.235647176593642448e-02,2.593139999999999890e-01,1.185199999999999969e-02,1.037846400000000113e-01,3.494637392117242412e-03
-1.332830000000000048e+01,1.381909799999999910e-01,1.198686075973188353e-02,2.421999999999999986e-01,1.146439999999999959e-02,1.040090200000000076e-01,3.500337628458146701e-03
-1.320730000000000004e+01,1.387654799999999966e-01,1.207692116484859572e-02,2.456810000000000105e-01,1.154419999999999925e-02,1.069155200000000000e-01,3.547318872327098836e-03
-1.308629999999999960e+01,1.479228800000000066e-01,1.228445833415214156e-02,2.557820000000000094e-01,1.175649999999999959e-02,1.078591200000000028e-01,3.562670952181803876e-03
-1.296540000000000070e+01,1.639607400000000215e-01,1.276441203099320208e-02,2.765839999999999965e-01,1.223409999999999949e-02,1.126232599999999751e-01,3.641017946531436428e-03
-1.284440000000000026e+01,1.738157399999999964e-01,1.303652364076696678e-02,2.881440000000000112e-01,1.250940000000000038e-02,1.143282600000000010e-01,3.669585845334047934e-03
-1.272339999999999982e+01,1.750354000000000076e-01,1.318634561149752311e-02,2.946690000000000142e-01,1.263990000000000079e-02,1.196336000000000066e-01,3.756679195228147198e-03
-1.260239999999999938e+01,1.808719999999999772e-01,1.338734758664911900e-02,3.032929999999999793e-01,1.283650000000000069e-02,1.224210000000000020e-01,3.800702981786395658e-03
-1.248140000000000072e+01,1.801806000000000241e-01,1.340340904001590359e-02,3.050010000000000221e-01,1.284240000000000034e-02,1.248203999999999841e-01,3.837204208011348906e-03
-1.236040000000000028e+01,1.776214000000000126e-01,1.339893067864357523e-02,3.045720000000000094e-01,1.282780000000000031e-02,1.269505999999999968e-01,3.870257160848100675e-03
-1.223949999999999960e+01,2.278308000000000277e-01,1.448093431563944253e-02,3.580940000000000234e-01,1.393969999999999931e-02,1.302631999999999957e-01,3.922017664909733907e-03
-1.211849999999999916e+01,2.432404000000000233e-01,1.480328049748081895e-02,3.748770000000000158e-01,1.426859999999999934e-02,1.316365999999999925e-01,3.942609228302496396e-03
-1.199750000000000050e+01,1.771643999999999997e-01,1.361416628828045379e-02,3.120870000000000033e-01,1.301549999999999929e-02,1.349226000000000036e-01,3.992778916362888127e-03
-1.187650000000000006e+01,2.210084000000000215e-01,1.457878623691204190e-02,3.613830000000000098e-01,1.399800000000000003e-02,1.403745999999999883e-01,4.073942088637981171e-03
-1.175549999999999962e+01,2.040590000000000181e-01,1.439710789715976241e-02,3.500510000000000010e-01,1.378449999999999988e-02,1.459919999999999829e-01,4.155030150607814075e-03
-1.163449999999999918e+01,2.628278000000000558e-01,1.552299918252113969e-02,4.118200000000000194e-01,1.494539999999999931e-02,1.489921999999999913e-01,4.195059291661084287e-03
-1.151360000000000028e+01,2.382360000000000033e-01,1.511768126205775137e-02,3.881660000000000110e-01,1.452050000000000042e-02,1.499300000000000077e-01,4.207061503136363088e-03
-1.139259999999999984e+01,2.360425999999999913e-01,1.516490967604067208e-02,3.896379999999999844e-01,1.455410000000000037e-02,1.535953999999999930e-01,4.260593699529678993e-03
-1.127159999999999940e+01,2.666118000000000099e-01,1.571431404261312142e-02,4.215409999999999990e-01,1.512059999999999967e-02,1.549291999999999891e-01,4.278682211834386635e-03
-1.115060000000000073e+01,2.565022000000000135e-01,1.554253314822239690e-02,4.109380000000000255e-01,1.494320000000000023e-02,1.544357999999999842e-01,4.274471946754593299e-03
-1.102960000000000029e+01,2.467018000000000266e-01,1.546625790912772684e-02,4.052640000000000131e-01,1.484680000000000027e-02,1.585621999999999865e-01,4.333320144145363928e-03
-1.090859999999999985e+01,2.828778000000000126e-01,1.631937969459991769e-02,4.538900000000000157e-01,1.568550000000000152e-02,1.710122000000000031e-01,4.504136250883181147e-03
-1.078769999999999918e+01,2.764202000000000048e-01,1.632763866366536420e-02,4.530870000000000175e-01,1.567230000000000012e-02,1.766668000000000127e-01,4.579388282425939614e-03
-1.066670000000000051e+01,3.444090000000000207e-01,1.747635327129272789e-02,5.237910000000000066e-01,1.685580000000000064e-02,1.793819999999999859e-01,4.615726380866180291e-03
-1.054570000000000007e+01,2.049315999999999638e-01,1.536429921463390406e-02,3.935159999999999769e-01,1.461690000000000038e-02,1.885844000000000131e-01,4.733700956630023868e-03
-1.042469999999999963e+01,2.416168000000000204e-01,1.610764752565687144e-02,4.351550000000000140e-01,1.537640000000000014e-02,1.935381999999999936e-01,4.798190476710985711e-03
-1.030369999999999919e+01,2.444634000000000529e-01,1.607995113070932042e-02,4.333620000000000250e-01,1.536569999999999950e-02,1.888985999999999721e-01,4.739207937619956124e-03
-1.018280000000000030e+01,2.407226000000000365e-01,1.610959560308079103e-02,4.349430000000000240e-01,1.537619999999999959e-02,1.942203999999999875e-01,4.805366172811391216e-03
-1.006179999999999986e+01,2.403503999999999918e-01,1.625381031326501163e-02,4.410549999999999748e-01,1.550170000000000020e-02,2.007045999999999830e-01,4.887089809856168081e-03
-9.940780000000000172e+00,2.623817999999999984e-01,1.665175029274700708e-02,4.656060000000000199e-01,1.590870000000000131e-02,2.032242000000000215e-01,4.918744974279516506e-03
-9.819800000000000750e+00,3.029191999999999996e-01,1.736583391599724052e-02,5.084659999999999735e-01,1.664650000000000157e-02,2.055467999999999740e-01,4.946334536603847441e-03
-9.698819999999999553e+00,2.802236000000000171e-01,1.716555098090358569e-02,4.948779999999999846e-01,1.640370000000000023e-02,2.146543999999999952e-01,5.057150065797929445e-03
-9.577830000000000510e+00,3.335886000000000129e-01,1.804140467103379150e-02,5.504890000000000061e-01,1.731009999999999840e-02,2.169003999999999655e-01,5.084557059764399992e-03
-9.456849999999999312e+00,2.825771999999999728e-01,1.730868118320976964e-02,5.017749999999999710e-01,1.653639999999999971e-02,2.191978000000000260e-01,5.112525730204201500e-03
-9.335869999999999891e+00,3.088284000000000029e-01,1.771681181543676917e-02,5.284689999999999666e-01,1.696129999999999860e-02,2.196405999999999636e-01,5.118566519407557504e-03
-9.214880000000000848e+00,3.027958000000000038e-01,1.773585447584637848e-02,5.282280000000000308e-01,1.696030000000000107e-02,2.254322000000000270e-01,5.187365217371916679e-03
-9.093899999999999650e+00,3.004905999999999411e-01,1.782078990691490089e-02,5.306509999999999838e-01,1.703239999999999962e-02,2.301604000000000150e-01,5.241936965130351497e-03
-8.972920000000000229e+00,3.214030000000000498e-01,1.815379144714403953e-02,5.530350000000000543e-01,1.737500000000000155e-02,2.316320000000000046e-01,5.260182402388723436e-03
-8.851940000000000808e+00,3.029461999999999433e-01,1.793582809965572900e-02,5.374409999999999465e-01,1.713639999999999955e-02,2.344948000000000032e-01,5.295066067614265064e-03
-8.730949999999999989e+00,3.022549999999999959e-01,1.788144451358446296e-02,5.352000000000000091e-01,1.708459999999999840e-02,2.329450000000000132e-01,5.278494172811029270e-03
-8.609970000000000567e+00,2.978650000000000464e-01,1.771877501221796880e-02,5.265180000000000415e-01,1.692979999999999832e-02,2.286529999999999951e-01,5.228466304146943064e-03
-8.488989999999999370e+00,2.933477999999999919e-01,1.756514946801193688e-02,5.167979999999999796e-01,1.678750000000000034e-02,2.234501999999999877e-01,5.168589709350124121e-03
-8.368000000000000327e+00,3.120064000000000171e-01,1.776052979483438640e-02,5.307490000000000263e-01,1.700849999999999931e-02,2.187425999999999815e-01,5.113447598558138948e-03
-8.247019999999999129e+00,3.338563999999999421e-01,1.788004051988697357e-02,5.415189999999999726e-01,1.717230000000000145e-02,2.076626000000000027e-01,4.980759149246226890e-03
-8.126039999999999708e+00,3.625465999999999411e-01,1.833945050018674985e-02,5.715569999999999817e-01,1.764519999999999977e-02,2.090104000000000128e-01,4.998235849657356802e-03
-8.005050000000000665e+00,3.479200000000000070e-01,1.808896357964159471e-02,5.542390000000000372e-01,1.739370000000000152e-02,2.063190000000000024e-01,4.966870613937915228e-03
-7.884070000000000356e+00,3.327018000000000475e-01,1.785823346017181151e-02,5.396170000000000133e-01,1.715140000000000067e-02,2.069151999999999936e-01,4.974533179907437638e-03
-7.763090000000000046e+00,3.578997999999999347e-01,1.828893584902084937e-02,5.670699999999999630e-01,1.759219999999999881e-02,2.091702000000000283e-01,4.999967364853494765e-03
-7.642100000000000115e+00,3.530041999999999902e-01,1.832124345559547549e-02,5.690410000000000190e-01,1.760269999999999890e-02,2.160368000000000011e-01,5.080641147453734442e-03
-7.521119999999999806e+00,3.356699999999999684e-01,1.810120058475680332e-02,5.525679999999999481e-01,1.737100000000000102e-02,2.168979999999999797e-01,5.089383224871163632e-03
-7.400140000000000384e+00,3.657112000000000696e-01,1.854807962192312962e-02,5.838600000000000456e-01,1.783190000000000122e-02,2.181487999999999761e-01,5.104370681210368063e-03
-7.279149999999999565e+00,4.059139999999999970e-01,1.912741822052312426e-02,6.233999999999999542e-01,1.843610000000000040e-02,2.174859999999999849e-01,5.095914498183815380e-03
-7.158170000000000144e+00,3.953320000000000167e-01,1.895152663448514824e-02,6.114359999999999795e-01,1.825809999999999933e-02,2.161039999999999905e-01,5.079581298453642556e-03
-7.037189999999999834e+00,4.093090000000000339e-01,1.919568158748211767e-02,6.282180000000000542e-01,1.850210000000000049e-02,2.189090000000000202e-01,5.113363589458508156e-03
-6.916199999999999903e+00,4.658443999999999918e-01,1.997619737738891982e-02,6.841139999999999999e-01,1.931240000000000040e-02,2.182696000000000081e-01,5.106825618757702794e-03
-6.795219999999999594e+00,4.178359999999999297e-01,1.939383381914983745e-02,6.404889999999999750e-01,1.869509999999999922e-02,2.226530000000000453e-01,5.158878385346954420e-03
-6.674240000000000173e+00,4.656143999999999838e-01,2.017724673018595968e-02,6.954380000000000006e-01,1.948460000000000122e-02,2.298236000000000168e-01,5.241340329610356084e-03
-6.553259999999999863e+00,4.904937999999999798e-01,2.064397418226442127e-02,7.293199999999999683e-01,1.993980000000000058e-02,2.388262000000000163e-01,5.345843805986104542e-03
-6.432269999999999932e+00,4.306599999999999873e-01,1.991219015689635330e-02,6.732270000000000199e-01,1.916970000000000132e-02,2.425670000000000326e-01,5.386828264795528141e-03
-6.311289999999999623e+00,4.658094000000000401e-01,2.050331159877350276e-02,7.173030000000000239e-01,1.975580000000000044e-02,2.514935999999999838e-01,5.485813784335010108e-03
-6.190310000000000201e+00,4.953932000000000890e-01,2.098154023926747033e-02,7.524760000000000337e-01,2.023499999999999951e-02,2.570827999999999447e-01,5.547053795664866165e-03
-6.069320000000000270e+00,5.192673999999999346e-01,2.136479666069396668e-02,7.791989999999999750e-01,2.062320000000000125e-02,2.599316000000000404e-01,5.580157534765483283e-03
-5.948339999999999961e+00,4.919840000000000879e-01,2.108916837381692375e-02,7.579360000000000541e-01,2.032029999999999947e-02,2.659519999999999662e-01,5.642555326197520003e-03
-5.827359999999999651e+00,5.686185999999999741e-01,2.222804311815144984e-02,8.453869999999999996e-01,2.147019999999999831e-02,2.767683999999999700e-01,5.754686161937938062e-03
-5.706369999999999720e+00,5.657706000000000124e-01,2.221811841451926117e-02,8.456690000000000040e-01,2.145319999999999866e-02,2.798983999999999361e-01,5.779705497825992667e-03
-5.585390000000000299e+00,5.771855999999999653e-01,2.254852496306576290e-02,8.694079999999999586e-01,2.176209999999999950e-02,2.922223999999999933e-01,5.903133201953009515e-03
-5.464409999999999989e+00,6.112168000000000045e-01,2.311440120914232121e-02,9.173919999999999852e-01,2.231239999999999959e-02,3.061752000000000362e-01,6.035921594686266892e-03
-5.343420000000000059e+00,6.387528000000000095e-01,2.360090897456282311e-02,9.561119999999999619e-01,2.278789999999999982e-02,3.173592000000000080e-01,6.141214701962471531e-03
-5.222439999999999749e+00,6.523075999999998764e-01,2.387220531328431913e-02,9.790759999999999463e-01,2.304550000000000001e-02,3.267684000000000144e-01,6.227930335962341725e-03
-5.101460000000000328e+00,6.486450000000001381e-01,2.407952013903101249e-02,9.941060000000000452e-01,2.321350000000000149e-02,3.454609999999999626e-01,6.399742797644292561e-03
-4.980470000000000397e+00,7.135253999999998653e-01,2.499706703561839841e-02,1.075499999999999901e+00,2.412540000000000170e-02,3.619746000000000352e-01,6.543579694876497377e-03
-4.859490000000000087e+00,7.394720000000000182e-01,2.547069561628028875e-02,1.116559999999999997e+00,2.458139999999999978e-02,3.770879999999999788e-01,6.671664651134677319e-03
-4.738509999999999778e+00,7.878674000000001065e-01,2.627805333370795970e-02,1.190050000000000052e+00,2.536010000000000000e-02,4.021826000000000012e-01,6.884868553516471090e-03
-4.617519999999999847e+00,8.383445999999998843e-01,2.721783903409673647e-02,1.276589999999999892e+00,2.625440000000000065e-02,4.382454000000000072e-01,7.177551276445192155e-03
-4.496540000000000425e+00,8.894712000000000174e-01,2.821095153548706241e-02,1.371550000000000047e+00,2.719009999999999830e-02,4.820788000000000295e-01,7.520388854813294180e-03
-4.375560000000000116e+00,9.151544000000001455e-01,2.901102030646974389e-02,1.452220000000000066e+00,2.790779999999999997e-02,5.370655999999999208e-01,7.924266425505897132e-03
-4.254570000000000185e+00,9.789440000000000364e-01,3.040607273437988603e-02,1.592079999999999940e+00,2.920669999999999863e-02,6.131359999999999033e-01,8.455645110717455518e-03
-4.133589999999999876e+00,1.082769400000000104e+00,3.240526785628534273e-02,1.806289999999999951e+00,3.107990000000000058e-02,7.235205999999999582e-01,9.172851292133760853e-03
-4.012609999999999566e+00,1.214498599999999984e+00,3.465963696745250067e-02,2.066819999999999879e+00,3.320120000000000016e-02,8.523213999999998958e-01,9.948404559304974831e-03
-3.891630000000000145e+00,1.417274399999999934e+00,3.759045612436220235e-02,2.433219999999999938e+00,3.598950000000000066e-02,1.015945600000000004e+00,1.085349166801172736e-02
-3.770640000000000214e+00,1.582311000000000245e+00,4.045698917179577081e-02,2.809890000000000221e+00,3.865849999999999842e-02,1.227578999999999976e+00,1.192846807418286928e-02
-3.649659999999999904e+00,1.877482000000000317e+00,4.426245053254055511e-02,3.367170000000000218e+00,4.226699999999999902e-02,1.489687999999999901e+00,1.314021453955756258e-02
-3.528680000000000039e+00,2.199395999999999685e+00,4.829076432524545548e-02,4.004839999999999733e+00,4.607279999999999709e-02,1.805444000000000049e+00,1.446703215163358883e-02
-3.407690000000000108e+00,2.667303999999999675e+00,5.319322421030708153e-02,4.864180000000000170e+00,5.074109999999999732e-02,2.196876000000000495e+00,1.596433126310024819e-02
-3.286709999999999798e+00,3.197493999999999836e+00,5.853814524164564076e-02,5.879269999999999996e+00,5.581440000000000012e-02,2.681776000000000160e+00,1.764843338577110066e-02
-3.165729999999999933e+00,3.678726000000000163e+00,6.340497660667022972e-02,6.886230000000000295e+00,6.039130000000000192e-02,3.207504000000000133e+00,1.931532921806925623e-02
-3.044740000000000002e+00,4.519311999999999330e+00,6.985190019127897332e-02,8.358679999999999666e+00,6.657449999999999479e-02,3.839368000000000336e+00,2.114530468171125707e-02
-2.923760000000000137e+00,5.677595999999999421e+00,7.705544939872585597e-02,1.019759999999999955e+01,7.355440000000000589e-02,4.520004000000000133e+00,2.296285092665107178e-02
-2.802779999999999827e+00,6.779109999999999303e+00,8.373413277484874351e-02,1.205879999999999974e+01,7.996799999999999742e-02,5.279690000000000438e+00,2.482990067551620397e-02
-2.681789999999999896e+00,8.507685999999999638e+00,9.204805779494751317e-02,1.462299999999999933e+01,8.808009999999999451e-02,6.115313999999999695e+00,2.673463910008885835e-02
-2.560810000000000031e+00,1.033811200000000241e+01,1.003101061873608035e-01,1.739720000000000155e+01,9.610589999999999411e-02,7.059088000000000029e+00,2.873627304487483963e-02
-2.439830000000000165e+00,1.294694000000000322e+01,1.101858283019409024e-01,2.105880000000000152e+01,1.057870000000000060e-01,8.111859999999998294e+00,3.082251432937942529e-02
-2.318839999999999790e+00,1.609208199999999778e+01,1.209228269437032238e-01,2.542579999999999885e+01,1.163089999999999957e-01,9.333718000000001069e+00,3.308393258149339156e-02
-2.197859999999999925e+00,1.954737000000000080e+01,1.318594968623056640e-01,3.028049999999999997e+01,1.269869999999999888e-01,1.073312999999999917e+01,3.551378244823268776e-02
-2.076880000000000059e+00,2.364799800000000118e+01,1.438466345918888722e-01,3.603679999999999950e+01,1.386789999999999967e-01,1.238880199999999832e+01,3.820980557935881039e-02
-1.955889999999999906e+00,2.813299999999999912e+01,1.563726335535562950e-01,4.252210000000000178e+01,1.508319999999999939e-01,1.438910000000000267e+01,4.125661523289083504e-02
-1.834910000000000041e+00,3.346806000000000125e+01,1.700290791360560272e-01,5.019140000000000157e+01,1.640830000000000066e-01,1.672334000000000032e+01,4.457192909057448860e-02
-1.713929999999999954e+00,3.901201999999999259e+01,1.837179004928904680e-01,5.839869999999999806e+01,1.773099999999999954e-01,1.938668000000000191e+01,4.809813781754549572e-02
-1.592950000000000088e+00,4.510493999999999915e+01,1.975431306380092955e-01,6.731619999999999493e+01,1.906859999999999944e-01,2.221125999999999934e+01,5.159590939469523713e-02
-1.471959999999999935e+00,5.287219999999999942e+01,2.129175827894915773e-01,7.799150000000000205e+01,2.056979999999999920e-01,2.511930000000000263e+01,5.497481111309069496e-02
-1.350980000000000070e+00,6.212500000000000000e+01,2.287964021768698897e-01,8.987210000000000321e+01,2.213569999999999982e-01,2.774709999999999965e+01,5.786944098641354228e-02
-1.229999999999999982e+00,7.238531999999999300e+01,2.443264706373012018e-01,1.023389999999999986e+02,2.367930000000000035e-01,2.995368000000000208e+01,6.020381553589439910e-02
-1.109010000000000051e+00,8.325327999999998951e+01,2.589805738687749326e-01,1.148259999999999934e+02,2.514819999999999833e-01,3.157272000000000389e+01,6.186874265248971938e-02
-9.880290000000000461e-01,9.469979999999999620e+01,2.727926923924466340e-01,1.273469999999999942e+02,2.654290000000000260e-01,3.264719999999999800e+01,6.295473756374495022e-02
-8.670459999999999834e-01,1.047923199999999895e+02,2.840625664413387597e-01,1.378969999999999914e+02,2.768920000000000270e-01,3.310468000000000188e+01,6.342209385726713111e-02
-7.460630000000000317e-01,1.135868400000000094e+02,2.929942757767120542e-01,1.467050000000000125e+02,2.860420000000000185e-01,3.311816000000000315e+01,6.344777280504020067e-02
-6.250799999999999690e-01,1.205375200000000007e+02,2.995887883597782575e-01,1.532580000000000098e+02,2.928749999999999964e-01,3.272048000000000201e+01,6.306882340649774821e-02
-5.040970000000000173e-01,1.247419999999999902e+02,3.030387298903557958e-01,1.567059999999999889e+02,2.965590000000000170e-01,3.196400000000000574e+01,6.233162385627379065e-02
-3.831129999999999813e-01,1.269460800000000091e+02,3.042002634087616619e-01,1.578640000000000043e+02,2.979620000000000046e-01,3.091791999999999874e+01,6.128985898140082433e-02
-2.621299999999999741e-01,1.255917200000000093e+02,3.017036507747296037e-01,1.552340000000000089e+02,2.956779999999999964e-01,2.964227999999999952e+01,5.999677663674940487e-02
-1.411469999999999947e-01,1.216155199999999894e+02,2.966391066163057144e-01,1.499329999999999927e+02,2.907879999999999909e-01,2.831747999999999976e+01,5.862677400403334266e-02
-2.016389999999999849e-02,1.160482199999999864e+02,2.899756000414517865e-01,1.431049999999999898e+02,2.842580000000000107e-01,2.705677999999999628e+01,5.729954672944630178e-02
1.008190000000000058e-01,1.082686400000000191e+02,2.808443962018826179e-01,1.340680000000000121e+02,2.752140000000000142e-01,2.579935999999999652e+01,5.595381204171884226e-02
2.218019999999999992e-01,9.837826000000001159e+01,2.694053614206666225e-01,1.230270000000000010e+02,2.637920000000000265e-01,2.464873999999999654e+01,5.470858706089931633e-02
3.427859999999999796e-01,8.721567999999999188e+01,2.558981571374831510e-01,1.106979999999999933e+02,2.502590000000000092e-01,2.348232000000000141e+01,5.342564688761382297e-02
4.637689999999999868e-01,7.498064000000000817e+01,2.403317452725710901e-01,9.722740000000000293e+01,2.346310000000000062e-01,2.224675999999999831e+01,5.203500384126055062e-02
5.847520000000000495e-01,6.236374000000000706e+01,2.229456242756964190e-01,8.325620000000000687e+01,2.171599999999999919e-01,2.089245999999999981e+01,5.046073506876410514e-02
7.057350000000000012e-01,5.013588000000000022e+01,2.045318193691142983e-01,6.965160000000000196e+01,1.986249999999999960e-01,1.951571999999999818e+01,4.879932898555060933e-02
8.267179999999999529e-01,3.875673999999999353e+01,1.852961186384096681e-01,5.676659999999999684e+01,1.792620000000000047e-01,1.800985999999999976e+01,4.690188629958927380e-02
9.477010000000000156e-01,2.861001999999999867e+01,1.661526617018914964e-01,4.519129999999999825e+01,1.599359999999999948e-01,1.658127999999999957e+01,4.502424785183201800e-02
1.068680000000000074e+00,2.024871999999999872e+01,1.478461836097218762e-01,3.538569999999999993e+01,1.414439999999999864e-01,1.513697999999999944e+01,4.303590212786993774e-02
1.189670000000000005e+00,1.407054000000000116e+01,1.317890367586242173e-01,2.777430000000000021e+01,1.252630000000000132e-01,1.370375999999999905e+01,4.095767377141919241e-02
1.310650000000000093e+00,9.139668000000002124e+00,1.167732059499592551e-01,2.147670000000000101e+01,1.101140000000000035e-01,1.233703199999999889e+01,3.887015091084159574e-02
1.431629999999999958e+00,5.832885999999998461e+00,1.044453045942631136e-01,1.692510000000000048e+01,9.772409999999999430e-02,1.109221400000000202e+01,3.686220192796952483e-02
1.552619999999999889e+00,3.560463999999999629e+00,9.374304805762825876e-02,1.344449999999999967e+01,8.704520000000000313e-02,9.884036000000000044e+00,3.479787660324692999e-02
1.673599999999999977e+00,2.477115999999998763e+00,8.631231503916460268e-02,1.130640000000000001e+01,7.980009999999999881e-02,8.829284000000001242e+00,3.289011656121029747e-02
1.794580000000000064e+00,1.870331999999999439e+00,8.044246884339142922e-02,9.770920000000000272e+00,7.418230000000000657e-02,7.900588000000000832e+00,3.111233132264440426e-02
1.915569999999999995e+00,1.671142000000000571e+00,7.636233134500543251e-02,8.801239999999999952e+00,7.041029999999999511e-02,7.130097999999999381e+00,2.955664565464762375e-02
2.036550000000000082e+00,1.670988000000001250e+00,7.363578510876081507e-02,8.205659999999999954e+00,6.798150000000000026e-02,6.534671999999998704e+00,2.829742932376720296e-02
2.157529999999999948e+00,1.804073999999999067e+00,7.195362371192989825e-02,7.871279999999999610e+00,6.658719999999999917e-02,6.067206000000000543e+00,2.726662357971738546e-02
2.278519999999999879e+00,2.062383999999999773e+00,7.121060394102833591e-02,7.762419999999999654e+00,6.612490000000000034e-02,5.700035999999999881e+00,2.642816137448839031e-02
2.399500000000000188e+00,2.080431999999999171e+00,6.984042195038056566e-02,7.481200000000000294e+00,6.492779999999999385e-02,5.400768000000001123e+00,2.573063010046975491e-02
2.520480000000000054e+00,2.319659999999999833e+00,6.963533156794186885e-02,7.481110000000000149e+00,6.493089999999999973e-02,5.161450000000000315e+00,2.516063647380964441e-02
2.641469999999999985e+00,2.517445999999999628e+00,6.914783393964847591e-02,7.419229999999999769e+00,6.465070000000000539e-02,4.901784000000000141e+00,2.452977635558873520e-02
2.762449999999999850e+00,2.657592000000000176e+00,6.847949698033127530e-02,7.305119999999999614e+00,6.417390000000000594e-02,4.647527999999999437e+00,2.389878794979360260e-02
2.883430000000000160e+00,2.440167999999999893e+00,6.644925523111000487e-02,6.861539999999999750e+00,6.222049999999999803e-02,4.421371999999999858e+00,2.332622773873221228e-02
3.004420000000000091e+00,2.228678000000000381e+00,6.461280141991368464e-02,6.457600000000000229e+00,6.044599999999999973e-02,4.228921999999999848e+00,2.282750952971436195e-02
3.125399999999999956e+00,1.846753999999999785e+00,6.195034068156203555e-02,5.890049999999999564e+00,5.778350000000000153e-02,4.043295999999999779e+00,2.233633448692063511e-02
3.246379999999999821e+00,1.559964000000000794e+00,5.992619452218203580e-02,5.472480000000000011e+00,5.574830000000000063e-02,3.912515999999999217e+00,2.198353558962707135e-02
3.367360000000000131e+00,1.340367999999999782e+00,5.843682958556530721e-02,5.169340000000000046e+00,5.423420000000000324e-02,3.828972000000000264e+00,2.176039067600579746e-02
3.488350000000000062e+00,1.218143999999999227e+00,5.733561234697680947e-02,4.955569999999999808e+00,5.314769999999999911e-02,3.737426000000000581e+00,2.151033304978795455e-02
3.609329999999999927e+00,1.085012000000000310e+00,5.628619800099842613e-02,4.755410000000000359e+00,5.208929999999999810e-02,3.670398000000000049e+00,2.132699957606789057e-02
3.730309999999999793e+00,9.855599999999999916e-01,5.533791586947234969e-02,4.580580000000000318e+00,5.115089999999999915e-02,3.595020000000000326e+00,2.111564258948327860e-02
3.851300000000000168e+00,9.406660000000002242e-01,5.465325504153251829e-02,4.459060000000000024e+00,5.049889999999999934e-02,3.518393999999999799e+00,2.090070298877049620e-02
3.972280000000000033e+00,7.834099999999999397e-01,5.330550900230481698e-02,4.217810000000000059e+00,4.913939999999999975e-02,3.434400000000000119e+00,2.065905752048723121e-02
4.093259999999999899e+00,7.872199999999995867e-01,5.280909659760144037e-02,4.141659999999999897e+00,4.869910000000000211e-02,3.354440000000000310e+00,2.042543371986994122e-02
4.214249999999999829e+00,7.285339999999997929e-01,5.168518059698350153e-02,3.957790000000000141e+00,4.763710000000000166e-02,3.229256000000000348e+00,2.005154849214394255e-02
4.335230000000000139e+00,6.500300000000001077e-01,5.041680881130419095e-02,3.754420000000000091e+00,4.642120000000000274e-02,3.104389999999999983e+00,1.967045503478757895e-02
4.456209999999999560e+00,6.330979999999999386e-01,4.928048875834735443e-02,3.585649999999999782e+00,4.538930000000000048e-02,2.952551999999999843e+00,1.919317633357230102e-02
4.577200000000000379e+00,5.618199999999999861e-01,4.778298837690669182e-02,3.360730000000000217e+00,4.397299999999999820e-02,2.798910000000000231e+00,1.869730593501641239e-02
4.698179999999999801e+00,5.487079999999995295e-01,4.663576165632978693e-02,3.199959999999999916e+00,4.293319999999999775e-02,2.651252000000000386e+00,1.821083751577614457e-02
4.819160000000000110e+00,5.230760000000000964e-01,4.549040319216350603e-02,3.042089999999999961e+00,4.188019999999999937e-02,2.519013999999999864e+00,1.776022608374116379e-02
4.940150000000000041e+00,4.497859999999995750e-01,4.409532284427453847e-02,2.846639999999999837e+00,4.054479999999999890e-02,2.396854000000000262e+00,1.733541720584768492e-02
5.061130000000000351e+00,4.006039999999999601e-01,4.292988138865980879e-02,2.689630000000000187e+00,3.944040000000000046e-02,2.289026000000000227e+00,1.695374778284730599e-02
5.182109999999999772e+00,4.591159999999998576e-01,4.240942521824128675e-02,2.633109999999999840e+00,3.905340000000000200e-02,2.173993999999999982e+00,1.653454855088581227e-02
5.303099999999999703e+00,4.588579999999997661e-01,4.131222706602489386e-02,2.501009999999999955e+00,3.807329999999999742e-02,2.042152000000000189e+00,1.603508441713981034e-02
5.424080000000000013e+00,3.527920000000002165e-01,3.973386554677508370e-02,2.295889999999999986e+00,3.651959999999999928e-02,1.943097999999999770e+00,1.565563435729130579e-02
5.545060000000000322e+00,3.498179999999999623e-01,3.896556559617735116e-02,2.207640000000000047e+00,3.582719999999999655e-02,1.857822000000000084e+00,1.532080423443886973e-02
5.666050000000000253e+00,3.212899999999996314e-01,3.808752456645089074e-02,2.104109999999999925e+00,3.500059999999999977e-02,1.782820000000000293e+00,1.502057013698215003e-02
5.787029999999999674e+00,3.141859999999996322e-01,3.745410055502601532e-02,2.033059999999999867e+00,3.442359999999999864e-02,1.718874000000000235e+00,1.475890956087203519e-02
5.908009999999999984e+00,3.222480000000000899e-01,3.723660580070100451e-02,2.007080000000000197e+00,3.424479999999999885e-02,1.684832000000000107e+00,1.462390113877962486e-02
6.028990000000000293e+00,3.440719999999997114e-01,3.708358056887171850e-02,1.994159999999999933e+00,3.413850000000000218e-02,1.650088000000000221e+00,1.448291288235899199e-02
6.149980000000000224e+00,3.050020000000002174e-01,3.642504168854168722e-02,1.916970000000000063e+00,3.348999999999999894e-02,1.611967999999999845e+00,1.432492799325706979e-02
6.270959999999999646e+00,3.048159999999999759e-01,3.602046277500609711e-02,1.872589999999999977e+00,3.312980000000000091e-02,1.567774000000000001e+00,1.413824920156664909e-02
6.391939999999999955e+00,2.653980000000000228e-01,3.548022889816242198e-02,1.809940000000000104e+00,3.258199999999999985e-02,1.544542000000000082e+00,1.404492501460936904e-02
6.512929999999999886e+00,2.604379999999999473e-01,3.516865845726276779e-02,1.775709999999999900e+00,3.229579999999999951e-02,1.515271999999999952e+00,1.392177575037035174e-02
6.633910000000000196e+00,2.817879999999999274e-01,3.496859802056124372e-02,1.757579999999999920e+00,3.215160000000000240e-02,1.475791999999999993e+00,1.375054416972651926e-02
6.754889999999999617e+00,2.326580000000002535e-01,3.435327365697191104e-02,1.687570000000000014e+00,3.151940000000000297e-02,1.454911999999999761e+00,1.366289993342555478e-02
6.875880000000000436e+00,1.760180000000000078e-01,3.394116607975630057e-02,1.634830000000000005e+00,3.105729999999999949e-02,1.458811999999999998e+00,1.369112382398172609e-02
6.996859999999999857e+00,1.735459999999999781e-01,3.384458621469023376e-02,1.624570000000000070e+00,3.096339999999999856e-02,1.451024000000000092e+00,1.366469452580627506e-02
7.117840000000000167e+00,1.308660000000001489e-01,3.356449541292107902e-02,1.588910000000000045e+00,3.063820000000000085e-02,1.458043999999999896e+00,1.370678857661414285e-02
7.238830000000000098e+00,1.108620000000000161e-01,3.356784161768522345e-02,1.583290000000000086e+00,3.060850000000000029e-02,1.472428000000000070e+00,1.378113633268316339e-02
7.359810000000000407e+00,1.734419999999998740e-01,3.418215311048735522e-02,1.649839999999999973e+00,3.126890000000000225e-02,1.476398000000000099e+00,1.380852939522525871e-02
7.480789999999999829e+00,9.812799999999999301e-02,3.334700920551646880e-02,1.557960000000000012e+00,3.038580000000000100e-02,1.459832000000000019e+00,1.373776478590312856e-02
7.601779999999999760e+00,1.693780000000002506e-01,3.396897566514480576e-02,1.626260000000000039e+00,3.107029999999999861e-02,1.456881999999999788e+00,1.373054134581735974e-02
7.722760000000000069e+00,1.340300000000000935e-01,3.354124141188575409e-02,1.578799999999999981e+00,3.062499999999999944e-02,1.444769999999999888e+00,1.367933662318462050e-02
7.843740000000000379e+00,1.876700000000000035e-01,3.393379961555734875e-02,1.623569999999999958e+00,3.106930000000000108e-02,1.435899999999999954e+00,1.364556169085025250e-02
7.964730000000000310e+00,1.956539999999999946e-01,3.397571026265676364e-02,1.626479999999999926e+00,3.112300000000000136e-02,1.430825999999999931e+00,1.362746340490408360e-02
8.085710000000000619e+00,2.296439999999999593e-01,3.418230514105214529e-02,1.650619999999999976e+00,3.136459999999999942e-02,1.420976000000000017e+00,1.359013802711363239e-02
8.206690000000000040e+00,1.835379999999999789e-01,3.336753193194845479e-02,1.562310000000000088e+00,3.056029999999999858e-02,1.378772000000000109e+00,1.339627751054747219e-02
8.327669999999999462e+00,1.412680000000001712e-01,3.236569336406065756e-02,1.461610000000000076e+00,2.958660000000000109e-02,1.320341999999999905e+00,1.312140264515954981e-02
8.448660000000000281e+00,1.893160000000000398e-01,3.190220930592112258e-02,1.427880000000000038e+00,2.925710000000000116e-02,1.238563999999999998e+00,1.271900382061425319e-02
8.569639999999999702e+00,1.681719999999997661e-01,3.067317719633230397e-02,1.316089999999999982e+00,2.811649999999999913e-02,1.147918000000000216e+00,1.225994400752303606e-02
8.690619999999999123e+00,1.950441999999998899e-01,2.993093070893720203e-02,1.256000000000000005e+00,2.750690000000000079e-02,1.060955800000000115e+00,1.179962141313016868e-02
8.811609999999999943e+00,1.860159999999999592e-01,2.901880193486285064e-02,1.179230000000000000e+00,2.667239999999999889e-02,9.932140000000000413e-01,1.143127044447816466e-02
8.932589999999999364e+00,1.852262000000001185e-01,2.836319782705045908e-02,1.124060000000000059e+00,2.608939999999999870e-02,9.388337999999999406e-01,1.112718286972942845e-02
9.053570000000000562e+00,1.537191999999998338e-01,2.762863235551843433e-02,1.060279999999999889e+00,2.536669999999999897e-02,9.065608000000000555e-01,1.094860068439798377e-02
9.174559999999999604e+00,1.328784000000000631e-01,2.703889630172799999e-02,1.010769999999999946e+00,2.479550000000000157e-02,8.778915999999998832e-01,1.078355660093644613e-02
9.295540000000000802e+00,1.427677999999998892e-01,2.691548501152449951e-02,1.002159999999999940e+00,2.470599999999999880e-02,8.593922000000000505e-01,1.067974238479561799e-02
9.416520000000000223e+00,1.161795999999999385e-01,2.616037814530975184e-02,9.414700000000000291e-01,2.397190000000000085e-02,8.252904000000000906e-01,1.047441621741278597e-02
9.537509999999999266e+00,9.524980000000005109e-02,2.532792351810941520e-02,8.781550000000000189e-01,2.317810000000000009e-02,7.829051999999999678e-01,1.021172806772683260e-02
9.658490000000000464e+00,9.170160000000004974e-02,2.457435363510503470e-02,8.258790000000000298e-01,2.249260000000000148e-02,7.341773999999999800e-01,9.898575747207271486e-03
9.779469999999999885e+00,7.370379999999998599e-02,2.362683550806582433e-02,7.600329999999999586e-01,2.159640000000000171e-02,6.863291999999999726e-01,9.582424701775641915e-03
9.900460000000000704e+00,1.592163999999999247e-01,2.366754396872645591e-02,7.757169999999999899e-01,2.185089999999999949e-02,6.165006000000000652e-01,9.093448559353047023e-03
1.002139999999999986e+01,1.535191999999999668e-01,2.295777495228141368e-02,7.295279999999999543e-01,2.120309999999999903e-02,5.760087999999999875e-01,8.802725779529884179e-03
1.014240000000000030e+01,1.519598000000000892e-01,2.242814965634927146e-02,6.950129999999999919e-01,2.073209999999999983e-02,5.430531999999999027e-01,8.555812445209396572e-03
1.026340000000000074e+01,1.481879999999998754e-01,2.171035887090768529e-02,6.528929999999999456e-01,2.007940000000000072e-02,5.047050000000000702e-01,8.255748175883273476e-03
1.038439999999999941e+01,2.020968000000000764e-01,2.181676262143400491e-02,6.667570000000000441e-01,2.032559999999999922e-02,4.646601999999999677e-01,7.927238858518141640e-03
1.050539999999999985e+01,1.591326000000000129e-01,2.096915942028197005e-02,6.097420000000000062e-01,1.946020000000000041e-02,4.506093999999999933e-01,7.810650597306218954e-03
1.062640000000000029e+01,1.811745999999999635e-01,2.083943883661937627e-02,6.063180000000000236e-01,1.940769999999999995e-02,4.251434000000000601e-01,7.591007293844473369e-03
1.074729999999999919e+01,1.769484000000000057e-01,2.052547181039208329e-02,5.869210000000000260e-01,1.912240000000000120e-02,4.099726000000000203e-01,7.458472449449686514e-03
1.086829999999999963e+01,1.917429999999999968e-01,2.059952325965822006e-02,5.938149999999999817e-01,1.922779999999999975e-02,4.020719999999999850e-01,7.391350734825130955e-03
1.098930000000000007e+01,1.902106000000000074e-01,2.055949093444679743e-02,5.896609999999999907e-01,1.919169999999999904e-02,3.994503999999999833e-01,7.373690974918870045e-03
1.111030000000000051e+01,1.807253999999999805e-01,2.012038945790065730e-02,5.637529999999999486e-01,1.877819999999999837e-02,3.830275999999999681e-01,7.225598708591558436e-03
1.123129999999999917e+01,1.907766000000000184e-01,2.003836154924848109e-02,5.608020000000000227e-01,1.873589999999999978e-02,3.700254000000000043e-01,7.106474848221163224e-03
1.135229999999999961e+01,1.911332000000000031e-01,1.973610389244037297e-02,5.448469999999999702e-01,1.847060000000000021e-02,3.537137999999999671e-01,6.953469097738191988e-03
1.147320000000000029e+01,2.134325999999999723e-01,2.000426457395522439e-02,5.610450000000000159e-01,1.877699999999999855e-02,3.476124000000000436e-01,6.898903691515051451e-03
1.159420000000000073e+01,1.952675999999999301e-01,1.950209248385413596e-02,5.311029999999999918e-01,1.828360000000000055e-02,3.358354000000000616e-01,6.785394777667692542e-03
1.171519999999999939e+01,2.009999999999999565e-01,1.950018532847316161e-02,5.315389999999999837e-01,1.829949999999999979e-02,3.305390000000000272e-01,6.736878178711561138e-03
1.183619999999999983e+01,1.851248000000000338e-01,1.909526298496043092e-02,5.071020000000000527e-01,1.789839999999999834e-02,3.219772000000000189e-01,6.654047332623956763e-03
1.195720000000000027e+01,1.804377999999999815e-01,1.890144570414654598e-02,4.962869999999999782e-01,1.771309999999999898e-02,3.158491999999999966e-01,6.596266981922426116e-03
1.207820000000000071e+01,1.749845999999999346e-01,1.860092859313211902e-02,4.802609999999999935e-01,1.743180000000000077e-02,3.052764000000000588e-01,6.490523344600186706e-03
1.219909999999999961e+01,1.811994000000000105e-01,1.879410287874364038e-02,4.899510000000000254e-01,1.762220000000000106e-02,3.087516000000000149e-01,6.532715375462181881e-03
1.232010000000000005e+01,1.965235999999999650e-01,1.903436974862052211e-02,5.035239999999999716e-01,1.788270000000000137e-02,3.070004000000000066e-01,6.520450324724512588e-03
1.244110000000000049e+01,2.127461999999999964e-01,1.937612908659518823e-02,5.224490000000000522e-01,1.823450000000000071e-02,3.097028000000000558e-01,6.552662674852109854e-03
1.256209999999999916e+01,1.736228000000000216e-01,1.870016887315192194e-02,4.821540000000000270e-01,1.751720000000000013e-02,3.085312000000000054e-01,6.545534358965659702e-03
1.268309999999999960e+01,1.778534000000000503e-01,1.882842963411447343e-02,4.883440000000000003e-01,1.764390000000000056e-02,3.104905999999999500e-01,6.572865073679818107e-03
1.280410000000000004e+01,1.529719999999999969e-01,1.838453979986445080e-02,4.611109999999999931e-01,1.717660000000000020e-02,3.081389999999999962e-01,6.554061038226604088e-03
1.292500000000000071e+01,1.442765999999999771e-01,1.826021426745042323e-02,4.530159999999999743e-01,1.703959999999999850e-02,3.087393999999999972e-01,6.564103665634783355e-03
1.304599999999999937e+01,1.891854000000000036e-01,1.902356100844423623e-02,4.971269999999999856e-01,1.785689999999999847e-02,3.079415999999999820e-01,6.559496614222770465e-03
1.316699999999999982e+01,1.624865999999999810e-01,1.859958236283815181e-02,4.713860000000000272e-01,1.739800000000000027e-02,3.088994000000000462e-01,6.576781893297055544e-03
1.328800000000000026e+01,1.991191999999999962e-01,1.910609299682172052e-02,5.020360000000000378e-01,1.796029999999999849e-02,3.029168000000000416e-01,6.516932830189367358e-03
1.340900000000000070e+01,1.704794000000000032e-01,1.854054126591777804e-02,4.682279999999999776e-01,1.737709999999999949e-02,2.977485999999999744e-01,6.464368957848863444e-03
1.352999999999999936e+01,1.679732000000000447e-01,1.834685973703402070e-02,4.585839999999999916e-01,1.719750000000000098e-02,2.906107999999999469e-01,6.391655181594201041e-03
1.365090000000000003e+01,1.841064000000000034e-01,1.849534699986999167e-02,4.677379999999999871e-01,1.738189999999999874e-02,2.836315999999999837e-01,6.320396588474492920e-03
1.377190000000000047e+01,2.029960000000000098e-01,1.861648728903495323e-02,4.759639999999999982e-01,1.755229999999999985e-02,2.729679999999999884e-01,6.204060258637080459e-03
1.389289999999999914e+01,2.050313999999999748e-01,1.837653577117297557e-02,4.640090000000000048e-01,1.735309999999999978e-02,2.589776000000000300e-01,6.047064357124041709e-03
1.401389999999999958e+01,2.083301999999999932e-01,1.818888764138147998e-02,4.559409999999999852e-01,1.719889999999999960e-02,2.476107999999999920e-01,5.918908042941704514e-03
1.413490000000000002e+01,2.055613999999999775e-01,1.800673294761712118e-02,4.472809999999999842e-01,1.702920000000000128e-02,2.417196000000000067e-01,5.852245620853588001e-03
1.425590000000000046e+01,2.170947999999999767e-01,1.818517714741321734e-02,4.567039999999999988e-01,1.722510000000000013e-02,2.396092000000000222e-01,5.830660157546485069e-03
1.437679999999999936e+01,1.909008000000000094e-01,1.752903907819250429e-02,4.215969999999999995e-01,1.656789999999999999e-02,2.306961999999999902e-01,5.724674715195615313e-03
1.449779999999999980e+01,2.061698000000000142e-01,1.776091729964418206e-02,4.341470000000000051e-01,1.682319999999999996e-02,2.279771999999999910e-01,5.694745392447322224e-03
1.461880000000000024e+01,1.991839999999999722e-01,1.742573295460480773e-02,4.179399999999999782e-01,1.650820000000000065e-02,2.187560000000000060e-01,5.579919512430264045e-03
1.473980000000000068e+01,2.106187999999999394e-01,1.757858755250830615e-02,4.261289999999999800e-01,1.668249999999999941e-02,2.155102000000000406e-01,5.540842362962513160e-03
1.486079999999999934e+01,2.333285999999999971e-01,1.767644727046699046e-02,4.341119999999999979e-01,1.684739999999999849e-02,2.007834000000000008e-01,5.349944050698099939e-03
1.498170000000000002e+01,2.264590000000000214e-01,1.745741095608395119e-02,4.229660000000000086e-01,1.663509999999999989e-02,1.965069999999999872e-01,5.294775281312702128e-03
1.510270000000000046e+01,2.100820000000000187e-01,1.701965507192199079e-02,4.005420000000000091e-01,1.620160000000000003e-02,1.904599999999999904e-01,5.213138805671684722e-03
1.522369999999999912e+01,2.379789999999999961e-01,1.748281581903784673e-02,4.247179999999999844e-01,1.670280000000000029e-02,1.867389999999999883e-01,5.163847511536335047e-03
1.534469999999999956e+01,2.205988000000000115e-01,1.703155213397768847e-02,4.027330000000000076e-01,1.624909999999999896e-02,1.821341999999999961e-01,5.102991013356774318e-03
1.546570000000000000e+01,2.215582000000000107e-01,1.707709132466064816e-02,4.042859999999999787e-01,1.629339999999999955e-02,1.827277999999999680e-01,5.113918707879507031e-03
1.558670000000000044e+01,2.440560000000000229e-01,1.744712021709026936e-02,4.231240000000000001e-01,1.669659999999999894e-02,1.790679999999999772e-01,5.062168735789039642e-03
1.570759999999999934e+01,1.954602000000000284e-01,1.658519643415778261e-02,3.771200000000000108e-01,1.578109999999999929e-02,1.816597999999999824e-01,5.101531490601621255e-03
1.582859999999999978e+01,1.939933999999999548e-01,1.645361748441965047e-02,3.717829999999999746e-01,1.565940000000000040e-02,1.777896000000000198e-01,5.050219793593145948e-03
1.594960000000000022e+01,2.089748000000000161e-01,1.654461649535582390e-02,3.773199999999999887e-01,1.579720000000000082e-02,1.683451999999999726e-01,4.916584906050134110e-03
1.607059999999999889e+01,2.197666000000000064e-01,1.665598041492604570e-02,3.832309999999999883e-01,1.593409999999999965e-02,1.634643999999999819e-01,4.850375322838430120e-03
1.619160000000000110e+01,2.498658000000000268e-01,1.721686985760187416e-02,4.123240000000000238e-01,1.652239999999999959e-02,1.624581999999999971e-01,4.840548102601605236e-03
1.631259999999999977e+01,2.349418000000000062e-01,1.680398209418232022e-02,3.916520000000000001e-01,1.611620000000000066e-02,1.567101999999999939e-01,4.758351792543296689e-03
1.643349999999999866e+01,2.529295999999999767e-01,1.721211982070773236e-02,4.107089999999999907e-01,1.653579999999999980e-02,1.577793999999999863e-01,4.777487528230712176e-03
1.655450000000000088e+01,2.247280000000000111e-01,1.673805403084838855e-02,3.856720000000000148e-01,1.602639999999999967e-02,1.609440000000000037e-01,4.828763379955576356e-03
1.667549999999999955e+01,2.609006000000000380e-01,1.744289933115478197e-02,4.211670000000000136e-01,1.676379999999999884e-02,1.602663999999999755e-01,4.819724746995412631e-03
1.679650000000000176e+01,2.560105999999999771e-01,1.727931471406201486e-02,4.130869999999999820e-01,1.660620000000000152e-02,1.570764000000000049e-01,4.775859979898908030e-03
1.691750000000000043e+01,2.496326000000000378e-01,1.715990032122564554e-02,4.060380000000000100e-01,1.648439999999999975e-02,1.564053999999999722e-01,4.767256619314718530e-03
1.703849999999999909e+01,2.402546000000000403e-01,1.690154014953666739e-02,3.938820000000000099e-01,1.622639999999999846e-02,1.536273999999999695e-01,4.729270817620831110e-03
1.715940000000000154e+01,2.646606000000000236e-01,1.726581368480976236e-02,4.123780000000000223e-01,1.663020000000000123e-02,1.477174000000000265e-01,4.641634427501158122e-03
1.728040000000000020e+01,2.702724000000000237e-01,1.724782271984971402e-02,4.127190000000000025e-01,1.663310000000000136e-02,1.424465999999999788e-01,4.563701673572014006e-03
1.740139999999999887e+01,2.612630000000000230e-01,1.698781970115494436e-02,3.995770000000000155e-01,1.638080000000000092e-02,1.383139999999999925e-01,4.500601021968955208e-03
1.752240000000000109e+01,2.745721999999999885e-01,1.706098758910069846e-02,4.038479999999999848e-01,1.649520000000000153e-02,1.292757999999999963e-01,4.357255383317346596e-03
1.764339999999999975e+01,2.948859999999999815e-01,1.742241246657729933e-02,4.221559999999999757e-01,1.687620000000000092e-02,1.272699999999999942e-01,4.328317192113812634e-03
1.776439999999999841e+01,2.727774000000000032e-01,1.684149524823197117e-02,3.932729999999999837e-01,1.630540000000000114e-02,1.204955999999999944e-01,4.215435094532947458e-03
1.788530000000000086e+01,2.982710000000000083e-01,1.728300132066869568e-02,4.154370000000000007e-01,1.677489999999999884e-02,1.171659999999999924e-01,4.159911614474038136e-03
1.800629999999999953e+01,2.762662000000000173e-01,1.676078569583943842e-02,3.896769999999999956e-01,1.625269999999999840e-02,1.134107999999999922e-01,4.095568318543349635e-03
1.812730000000000175e+01,3.045680000000000054e-01,1.735914068946260019e-02,4.186759999999999926e-01,1.686510000000000092e-02,1.141079999999999872e-01,4.111954215036446245e-03
1.824830000000000041e+01,2.887087999999999877e-01,1.695025211499321879e-02,3.984269999999999756e-01,1.646310000000000134e-02,1.097181999999999880e-01,4.034524154325017445e-03
1.836929999999999907e+01,2.611388599999999727e-01,1.636090862804056092e-02,3.696459999999999746e-01,1.586080000000000129e-02,1.085071399999999880e-01,4.014268861834244251e-03
1.849030000000000129e+01,3.291673200000000410e-01,1.767850216766454416e-02,4.349330000000000140e-01,1.722819999999999907e-02,1.057656800000000008e-01,3.964664380766674823e-03
1.861120000000000019e+01,3.304627199999999876e-01,1.767571008897283330e-02,4.348449999999999815e-01,1.723049999999999929e-02,1.043822800000000078e-01,3.942156376834383621e-03
1.873219999999999885e+01,3.070993200000000090e-01,1.713019965365903188e-02,4.087749999999999995e-01,1.668199999999999891e-02,1.016756800000000044e-01,3.892893034006970985e-03
1.885320000000000107e+01,3.237600000000000477e-01,1.743423529007361028e-02,4.227000000000000202e-01,1.700580000000000147e-02,9.894000000000000017e-02,3.841266263831238405e-03
1.897419999999999973e+01,3.047555400000000470e-01,1.710146714698233122e-02,4.057430000000000203e-01,1.665480000000000085e-02,1.009874599999999872e-01,3.883016293980235539e-03
1.909519999999999840e+01,2.921501399999999471e-01,1.679863190268397755e-02,3.908519999999999772e-01,1.635319999999999829e-02,9.870186000000000237e-02,3.842770297828377972e-03
1.921620000000000061e+01,3.014745600000000025e-01,1.695763029105741213e-02,3.979380000000000139e-01,1.652599999999999902e-02,9.646343999999999752e-02,3.801650837226901690e-03
1.933709999999999951e+01,3.237178600000000239e-01,1.733110489759807568e-02,4.170690000000000230e-01,1.692199999999999954e-02,9.335114000000001300e-02,3.743409271178881059e-03
1.945810000000000173e+01,3.115787199999999757e-01,1.709472189732046815e-02,4.042569999999999775e-01,1.668189999999999951e-02,9.267828000000000177e-02,3.734130305268952479e-03
1.957910000000000039e+01,3.411913199999999646e-01,1.772706838083556308e-02,4.353170000000000095e-01,1.732219999999999940e-02,9.412568000000001711e-02,3.767006840824688348e-03
1.970009999999999906e+01,3.284732200000000102e-01,1.745001174696521676e-02,4.224570000000000269e-01,1.703920000000000087e-02,9.398377999999998900e-02,3.764116540335062794e-03
1.982110000000000127e+01,3.336254200000000059e-01,1.762187991901556505e-02,4.289020000000000055e-01,1.720910000000000148e-02,9.527657999999999960e-02,3.791771231259080666e-03
1.994209999999999994e+01,2.895281199999999999e-01,1.682883393220802049e-02,3.876330000000000053e-01,1.638250000000000123e-02,9.810488000000000541e-02,3.850109773478673468e-03
2.006299999999999883e+01,3.480821200000000504e-01,1.792599644906670009e-02,4.428190000000000182e-01,1.752189999999999998e-02,9.473687999999999554e-02,3.784754824549670278e-03
2.018400000000000105e+01,3.320525599999999966e-01,1.745777741735676791e-02,4.207069999999999976e-01,1.706919999999999965e-02,8.865444000000000102e-02,3.662840934844428104e-03
2.030499999999999972e+01,3.371672999999999476e-01,1.758953887985890280e-02,4.265669999999999740e-01,1.719980000000000120e-02,8.939969999999999861e-02,3.682221878983937997e-03
2.042599999999999838e+01,3.734158000000000199e-01,1.827803058630694116e-02,4.618550000000000155e-01,1.790680000000000049e-02,8.843920000000000947e-02,3.665094251717409320e-03
2.054700000000000060e+01,3.541760400000000253e-01,1.787998549965776757e-02,4.406300000000000217e-01,1.750849999999999976e-02,8.645396000000001024e-02,3.625783945296796179e-03
2.066799999999999926e+01,3.612126999999999977e-01,1.811808431678680470e-02,4.524079999999999768e-01,1.773080000000000142e-02,9.119529999999999303e-02,3.726085166793158786e-03
2.078890000000000171e+01,3.388506000000000018e-01,1.772157839737318816e-02,4.311820000000000097e-01,1.731970000000000037e-02,9.233139999999999403e-02,3.752643442194314970e-03
2.090990000000000038e+01,3.599423999999999957e-01,1.816818371508665750e-02,4.523170000000000246e-01,1.777580000000000132e-02,9.237460000000000115e-02,3.755507138209165843e-03
2.103089999999999904e+01,3.606018599999999963e-01,1.817149858273323440e-02,4.527930000000000010e-01,1.777969999999999898e-02,9.219114000000000475e-02,3.753082553352110693e-03
2.115190000000000126e+01,3.465970800000000018e-01,1.791273646158218769e-02,4.384350000000000191e-01,1.751619999999999913e-02,9.183792000000000344e-02,3.748181572722430847e-03
2.127289999999999992e+01,3.731592200000000137e-01,1.841046163343081077e-02,4.643070000000000253e-01,1.802689999999999848e-02,9.114777999999999769e-02,3.738445391607051003e-03
2.139389999999999858e+01,3.432774800000000237e-01,1.777130866905045695e-02,4.312409999999999854e-01,1.738779999999999840e-02,8.796351999999998950e-02,3.672032539434801936e-03
2.151480000000000103e+01,3.495902800000000310e-01,1.789565030018490377e-02,4.375370000000000092e-01,1.751460000000000169e-02,8.794672000000000600e-02,3.673293686394813601e-03
2.163579999999999970e+01,3.811236399999999858e-01,1.847699707367266020e-02,4.668780000000000152e-01,1.811710000000000056e-02,8.575436000000000170e-02,3.629064404293205672e-03
2.175679999999999836e+01,3.530535200000000096e-01,1.784266701804671298e-02,4.354339999999999877e-01,1.748430000000000123e-02,8.238048000000000592e-02,3.558092161101508114e-03
2.187780000000000058e+01,3.600016799999999906e-01,1.798814398751611213e-02,4.410529999999999728e-01,1.763850000000000140e-02,8.105131999999999615e-02,3.529396813282972833e-03
2.199879999999999924e+01,4.115408400000000189e-01,1.899034370768070204e-02,4.931940000000000213e-01,1.865630000000000066e-02,8.165316000000000241e-02,3.546212690441451817e-03
2.211980000000000146e+01,3.533817599999999892e-01,1.784914938429033385e-02,4.335129999999999817e-01,1.749979999999999938e-02,8.013124000000000635e-02,3.514133421302042311e-03
2.224070000000000036e+01,4.001317600000000030e-01,1.877877611965007854e-02,4.808060000000000112e-01,1.844420000000000087e-02,8.067423999999999429e-02,3.529011038795429843e-03
2.236169999999999902e+01,3.713984999999999648e-01,1.824072070465649481e-02,4.526209999999999956e-01,1.789320000000000147e-02,8.122250000000000303e-02,3.543626050429700587e-03
2.248270000000000124e+01,3.455012000000000083e-01,1.776250561396977914e-02,4.271530000000000049e-01,1.740289999999999893e-02,8.165180000000001048e-02,3.556076106652949955e-03
2.260369999999999990e+01,3.470971999999999946e-01,1.780007303713970410e-02,4.286139999999999950e-01,1.744149999999999867e-02,8.151680000000000037e-02,3.554810526245808042e-03
2.272469999999999857e+01,3.968133999999999828e-01,1.875339112790388313e-02,4.778879999999999795e-01,1.841490000000000141e-02,8.107459999999999667e-02,3.546989820417307399e-03
2.284570000000000078e+01,3.783244999999999525e-01,1.849708145834299058e-02,4.623669999999999725e-01,1.814059999999999978e-02,8.404250000000000609e-02,3.613952699825497168e-03
2.296659999999999968e+01,3.799719999999999764e-01,1.856623909472287365e-02,4.657600000000000073e-01,1.820290000000000102e-02,8.578800000000000314e-02,3.655087647706412816e-03
2.308759999999999835e+01,3.672169599999999812e-01,1.821942043632606908e-02,4.486899999999999777e-01,1.786700000000000094e-02,8.147303999999999657e-02,3.566173304203821594e-03
2.320860000000000056e+01,4.097424800000000200e-01,1.906390292054635852e-02,4.916170000000000262e-01,1.872559999999999850e-02,8.187451999999999230e-02,3.575513837760385585e-03
2.332959999999999923e+01,3.979435600000000295e-01,1.888884934158446827e-02,4.810710000000000264e-01,1.854099999999999845e-02,8.312743999999999689e-02,3.608316567192518080e-03
2.345060000000000144e+01,3.934898599999999691e-01,1.878861544955029439e-02,4.751489999999999880e-01,1.844480000000000078e-02,8.165913999999999118e-02,3.577907694600295646e-03
2.357160000000000011e+01,4.089623399999999798e-01,1.908930733977259875e-02,4.912460000000000160e-01,1.874800000000000078e-02,8.228366000000000846e-02,3.593626401324433693e-03
2.369249999999999901e+01,3.956730200000000419e-01,1.889165769799675335e-02,4.795470000000000010e-01,1.853959999999999983e-02,8.387397999999998688e-02,3.630146335656456950e-03
2.381350000000000122e+01,4.151842799999999611e-01,1.928934806661863205e-02,4.999259999999999815e-01,1.893999999999999850e-02,8.474171999999999261e-02,3.654497070071886268e-03
2.393449999999999989e+01,3.770776799999999707e-01,1.860901425435812842e-02,4.615339999999999998e-01,1.821170000000000080e-02,8.445632000000000139e-02,3.824839163795517964e-03
2.405549999999999855e+01,3.832515600000000466e-01,1.867216167994761172e-02,4.673320000000000252e-01,1.833229999999999929e-02,8.408043999999999241e-02,3.546321828613979796e-03
2.415630000000000166e+01,3.863974199999999914e-01,2.275902993141447686e-02,4.695980000000000154e-01,2.252720000000000070e-02,8.320057999999999621e-02,3.240170300928641063e-03
2.425710000000000122e+01,4.036175600000000419e-01,1.012927203519936939e-02,4.871710000000000207e-01,9.692199999999999774e-03,8.355344000000000659e-02,2.943367310254022678e-03
2.437839999999999918e+01,4.018645200000000028e-01,9.983251807369379963e-03,4.847029999999999950e-01,9.640440000000000120e-03,8.283848000000000600e-02,2.593691048630117693e-03
2.450029999999999930e+01,3.980022400000000071e-01,9.738948670069269911e-03,4.802770000000000095e-01,9.560789999999999567e-03,8.227476000000000234e-02,1.854296571248515140e-03
2.462280000000000157e+01,4.258045799999999881e-01,9.967946601175590310e-03,5.070909999999999584e-01,9.797020000000000034e-03,8.128641999999999812e-02,1.838031164993673191e-03
2.474589999999999890e+01,4.181604600000000116e-01,9.871201449407665182e-03,4.990100000000000091e-01,9.700409999999999588e-03,8.084953999999999752e-02,1.828295349960722040e-03
2.486959999999999837e+01,4.064052599999999904e-01,9.721360391905856796e-03,4.875889999999999946e-01,9.548110000000000278e-03,8.118373999999999036e-02,1.827140743680135803e-03
2.499399999999999977e+01,4.069204200000000049e-01,9.722580552976868920e-03,4.889260000000000272e-01,9.548249999999999446e-03,8.200558000000000847e-02,1.832892399085117845e-03
2.511899999999999977e+01,4.082607400000000109e-01,9.687520809430655994e-03,4.887880000000000003e-01,9.516379999999999631e-03,8.052725999999998940e-02,1.812890269363261891e-03
2.524459999999999837e+01,4.223918399999999629e-01,9.798491870484558885e-03,5.026599999999999957e-01,9.630959999999999174e-03,8.026816000000000506e-02,1.804176381164546757e-03
2.537079999999999913e+01,4.188127200000000272e-01,9.742786867745798635e-03,4.984660000000000202e-01,9.576640000000000846e-03,7.965328000000000686e-02,1.791608847019906994e-03
2.549759999999999849e+01,4.071101999999999776e-01,9.594458875922081548e-03,4.866860000000000075e-01,9.426930000000000032e-03,7.957580000000000209e-02,1.785113973072868006e-03
2.562509999999999977e+01,4.129533400000000021e-01,9.626852164790523220e-03,4.926360000000000183e-01,9.460609999999999506e-03,7.968266000000000238e-02,1.781331252359313498e-03
2.575329999999999941e+01,4.012236800000000270e-01,9.515031771655415097e-03,4.833680000000000199e-01,9.342619999999999397e-03,8.214432000000000678e-02,1.803130930135690268e-03
2.588200000000000145e+01,4.099967199999999812e-01,9.570412518081548511e-03,4.913429999999999742e-01,9.401329999999999409e-03,8.134628000000000692e-02,1.791030428929670740e-03
2.601139999999999830e+01,4.204131400000000185e-01,9.648984990074967530e-03,5.024600000000000177e-01,9.480620000000000366e-03,8.204686000000001311e-02,1.794646414838310406e-03
2.614150000000000063e+01,4.051995199999999797e-01,9.503022979666628928e-03,4.884479999999999933e-01,9.330440000000000608e-03,8.324847999999999970e-02,1.802868591570666590e-03
2.627220000000000155e+01,4.255498199999999676e-01,9.664377332479108518e-03,5.092969999999999997e-01,9.494620000000000490e-03,8.374718000000000440e-02,1.803435687829205419e-03
2.640360000000000085e+01,4.227786599999999728e-01,9.618420276164687394e-03,5.063339999999999508e-01,9.448919999999999542e-03,8.355534000000000572e-02,1.797753999449312832e-03
2.653559999999999874e+01,4.213446599999999820e-01,9.578337814020551622e-03,5.050379999999999869e-01,9.408579999999999721e-03,8.369334000000000495e-02,1.795321047360610555e-03
2.666819999999999879e+01,4.205190400000000661e-01,9.546368411635494308e-03,5.034570000000000434e-01,9.378469999999999862e-03,8.293796000000000501e-02,1.782540409015178490e-03
2.680160000000000053e+01,4.136856199999999761e-01,9.433459568088687144e-03,4.950379999999999781e-01,9.267730000000000065e-03,8.135238000000000191e-02,1.760494268625717408e-03
2.693560000000000088e+01,4.315880400000000061e-01,9.566963612515728618e-03,5.123240000000000016e-01,9.405850000000000322e-03,8.073595999999999551e-02,1.748364533128031386e-03
2.707029999999999959e+01,4.413235599999999481e-01,9.625548308678939444e-03,5.208669999999999689e-01,9.468779999999999558e-03,7.954343999999999304e-02,1.730140327924876726e-03
2.720560000000000045e+01,4.234393200000000079e-01,9.449322098057828800e-03,5.037139999999999951e-01,9.288980000000000500e-03,8.027468000000000103e-02,1.733360514273934614e-03
2.734169999999999945e+01,4.333068400000000264e-01,9.513024527999914756e-03,5.131820000000000270e-01,9.355300000000000421e-03,7.987516000000000060e-02,1.725107990917670213e-03
2.747840000000000060e+01,4.322348999999999775e-01,9.481188040915968299e-03,5.129500000000000171e-01,9.321899999999999284e-03,8.071510000000001184e-02,1.730637760251404946e-03
2.761580000000000013e+01,4.408323599999999232e-01,9.535919770178018923e-03,5.212599999999999456e-01,9.378819999999999518e-03,8.042763999999999469e-02,1.723804301790664295e-03
2.775379999999999825e+01,4.269004000000000132e-01,9.397555613399687091e-03,5.083670000000000133e-01,9.236619999999999206e-03,8.146659999999998625e-02,1.731733952586251039e-03
2.789260000000000161e+01,4.239641199999999999e-01,9.343510038877681639e-03,5.047059999999999880e-01,9.183870000000000228e-03,8.074188000000000198e-02,1.719799892344455209e-03
2.803209999999999980e+01,4.308677999999999675e-01,9.395725805958154986e-03,5.127159999999999496e-01,9.235520000000000534e-03,8.184819999999999596e-02,1.727667141074344702e-03
2.817220000000000013e+01,4.369723600000000596e-01,9.421116665934882103e-03,5.181860000000000355e-01,9.263429999999999581e-03,8.121363999999998973e-02,1.716480080937731172e-03
2.831309999999999860e+01,4.506219799999999776e-01,9.524013210504068613e-03,5.321599999999999664e-01,9.368080000000000851e-03,8.153801999999998884e-02,1.716363815586893424e-03
2.845469999999999899e+01,4.455922599999999623e-01,9.455724702973114168e-03,5.262569999999999748e-01,9.300930000000000655e-03,8.066473999999998479e-02,1.703945654507795730e-03
2.859690000000000154e+01,4.429929000000000228e-01,9.425314828245049542e-03,5.249970000000000470e-01,9.268190000000000803e-03,8.200409999999999644e-02,1.713830136109176835e-03
2.873989999999999867e+01,4.291920400000000524e-01,9.291232068504799019e-03,5.113990000000000480e-01,9.132059999999999136e-03,8.220696000000000947e-02,1.712446643610246759e-03
2.888360000000000127e+01,4.418364599999999864e-01,9.370390576970203528e-03,5.233149999999999746e-01,9.214719999999999162e-03,8.147854000000000207e-02,1.700927654714332743e-03
2.902799999999999869e+01,4.597264199999999690e-01,9.491100265653503246e-03,5.399209999999999843e-01,9.340569999999999429e-03,8.019458000000000142e-02,1.683667522935570300e-03
2.917320000000000135e+01,4.451576800000000000e-01,9.339640467473467669e-03,5.246250000000000080e-01,9.188810000000000380e-03,7.946732000000000795e-02,1.671722119722054587e-03
2.931899999999999906e+01,4.360739399999999932e-01,9.213010750097928858e-03,5.131890000000000063e-01,9.065159999999999191e-03,7.711505999999999916e-02,1.643910355165390316e-03
2.946559999999999846e+01,4.601947399999999355e-01,9.356156888886376852e-03,5.335569999999999480e-01,9.218459999999999502e-03,7.336225999999999858e-02,1.599270758144473708e-03
2.961299999999999955e+01,4.488598999999999783e-01,9.229892856976618098e-03,5.218859999999999610e-01,9.091609999999999969e-03,7.302610000000001045e-02,1.591712838161456591e-03
2.976099999999999923e+01,4.586699199999999532e-01,9.289594398672744099e-03,5.306079999999999686e-01,9.154960000000000181e-03,7.193808000000000147e-02,1.575839931671995948e-03
2.990980000000000061e+01,4.513608000000000064e-01,9.197478712683383045e-03,5.226530000000000342e-01,9.063359999999999472e-03,7.129220000000000002e-02,1.564966511035938927e-03
3.005940000000000012e+01,4.621619599999999828e-01,9.271105008742593426e-03,5.335189999999999655e-01,9.138590000000000255e-03,7.135704000000001046e-02,1.561909374782032445e-03
3.020970000000000155e+01,4.614236400000000238e-01,9.259935098882279489e-03,5.344560000000000421e-01,9.124709999999999419e-03,7.303235999999999062e-02,1.576726181495062117e-03
3.036070000000000135e+01,4.672989599999999855e-01,9.276186276047931542e-03,5.388359999999999816e-01,9.144730000000000220e-03,7.153704000000001006e-02,1.556131438870123279e-03
3.051249999999999929e+01,4.659587399999999824e-01,9.256213597711756072e-03,5.387509999999999799e-01,9.122820000000000235e-03,7.279225999999999752e-02,1.565773104272774347e-03
3.066509999999999891e+01,4.694392000000000564e-01,9.257652407686950066e-03,5.410740000000000549e-01,9.126959999999999934e-03,7.163479999999999848e-02,1.550073953059014423e-03
3.081840000000000046e+01,4.637072799999999440e-01,9.186179614239207286e-03,5.346309999999999674e-01,9.056369999999999351e-03,7.092371999999999566e-02,1.538849676922343169e-03
3.097250000000000014e+01,4.541783799999999927e-01,9.080540400122230280e-03,5.246129999999999960e-01,8.950730000000000491e-03,7.043462000000000334e-02,1.529917130223725462e-03
3.112740000000000151e+01,4.668140400000000412e-01,9.165980892889315224e-03,5.378800000000000248e-01,9.036699999999999941e-03,7.106596000000001134e-02,1.534033519455164831e-03
3.128300000000000125e+01,4.632192600000000215e-01,9.100102733199664715e-03,5.326910000000000256e-01,8.973349999999999729e-03,6.947174000000000404e-02,1.513558565859940636e-03
3.143939999999999912e+01,4.639277600000000223e-01,9.108180029497002506e-03,5.349099999999999966e-01,8.979439999999999991e-03,7.098224000000000200e-02,1.525975339292217963e-03
3.159659999999999869e+01,4.766435999999999451e-01,9.185323944382582997e-03,5.466809999999999725e-01,9.059980000000000464e-03,7.003739999999999966e-02,1.512262663312163987e-03
3.175459999999999994e+01,4.802114200000000555e-01,9.187036130611874601e-03,5.494510000000000227e-01,9.063699999999999188e-03,6.923957999999999502e-02,1.500325023175978333e-03
3.191339999999999932e+01,4.770205599999999269e-01,9.144041649598933993e-03,5.465839999999999588e-01,9.020250000000000490e-03,6.956344000000000416e-02,1.499529135128757672e-03
3.207289999999999708e+01,4.774817399999999878e-01,9.140697022785734815e-03,5.482439999999999536e-01,9.015240000000000753e-03,7.076225999999999350e-02,1.509234840826304122e-03
3.223329999999999984e+01,4.788284800000000008e-01,9.136212556008970961e-03,5.501909999999999856e-01,9.010179999999999578e-03,7.136252000000001261e-02,1.512295022862933207e-03
3.239450000000000074e+01,4.703644000000000158e-01,9.064803187733090975e-03,5.430059999999999887e-01,8.935959999999999737e-03,7.264160000000000061e-02,1.522916843014089118e-03
3.255639999999999645e+01,4.802015200000000483e-01,9.129011144198258612e-03,5.533470000000000333e-01,9.000680000000000486e-03,7.314547999999999883e-02,1.525320952618169391e-03
3.271920000000000073e+01,4.687219400000000036e-01,9.008578034986431879e-03,5.408129999999999882e-01,8.880829999999999280e-03,7.209106000000001235e-02,1.511733019927791319e-03
3.288280000000000314e+01,4.781524400000000119e-01,9.056865623242734212e-03,5.496130000000000182e-01,8.931510000000000143e-03,7.146055999999999242e-02,1.501647108136928499e-03
3.304719999999999658e+01,4.841576799999999792e-01,9.074370854144985649e-03,5.547469999999999901e-01,8.951380000000000101e-03,7.058931999999999707e-02,1.488960205699265890e-03
3.321249999999999858e+01,4.778985599999999723e-01,9.009719220142433163e-03,5.488659999999999650e-01,8.885749999999999552e-03,7.096743999999999275e-02,1.489458748439848653e-03
3.337850000000000250e+01,4.895008200000000587e-01,9.093254681102030945e-03,5.613280000000000491e-01,8.969539999999999805e-03,7.182717999999999048e-02,1.494868851700375699e-03
3.354540000000000077e+01,5.011427199999999305e-01,9.172881881937648696e-03,5.741309999999999469e-01,9.048809999999999146e-03,7.298827999999998872e-02,1.503595558612754292e-03
3.371320000000000050e+01,4.969448000000000198e-01,9.113136780771810899e-03,5.688170000000000170e-01,8.990750000000000478e-03,7.187219999999998332e-02,1.488514837868941138e-03
3.388170000000000215e+01,4.946990800000000132e-01,9.069214238638538539e-03,5.658830000000000249e-01,8.948050000000000795e-03,7.118391999999999775e-02,1.477514163662737960e-03
3.405109999999999815e+01,4.988038200000000089e-01,9.087727352373420678e-03,5.703350000000000364e-01,8.966750000000000762e-03,7.153117999999999976e-02,1.477898125235971609e-03
3.422140000000000271e+01,4.896577800000000424e-01,8.990514192695989171e-03,5.610230000000000494e-01,8.868920000000000622e-03,7.136522000000000698e-02,1.473636143241607768e-03
3.439249999999999829e+01,4.983911999999999787e-01,9.045824096482753263e-03,5.698769999999999669e-01,8.925340000000000357e-03,7.148580000000000212e-02,1.471475269553654220e-03
3.456450000000000244e+01,4.872652600000000334e-01,8.937185754760164358e-03,5.589650000000000452e-01,8.815250000000000169e-03,7.169974000000001180e-02,1.471277218129880696e-03
3.473729999999999762e+01,5.011266399999999566e-01,9.032702966956237395e-03,5.734789999999999610e-01,8.911399999999999877e-03,7.235236000000000445e-02,1.475355187492150954e-03
3.491100000000000136e+01,5.078212800000000415e-01,9.059559537593426387e-03,5.796540000000000026e-01,8.939970000000000208e-03,7.183272000000000268e-02,1.467158960133495369e-03
3.508550000000000324e+01,5.020751799999999543e-01,9.002820170399050692e-03,5.742909999999999959e-01,8.882380000000000483e-03,7.221582000000001389e-02,1.467684079134198242e-03
3.526089999999999947e+01,5.272897600000000518e-01,9.176047080453979959e-03,5.997190000000000021e-01,9.058089999999999545e-03,7.242923999999999196e-02,1.466576140065015393e-03
3.543730000000000047e+01,5.183895600000000270e-01,9.104720860254421691e-03,5.932450000000000223e-01,8.982330000000000175e-03,7.485543999999999532e-02,1.487847342388324331e-03
3.561440000000000339e+01,5.056112600000000068e-01,9.003654871480358188e-03,5.821560000000000068e-01,8.877780000000000046e-03,7.654474000000000000e-02,1.500274413676378100e-03
3.579249999999999687e+01,5.116588600000000486e-01,9.042620305996264263e-03,5.887780000000000236e-01,8.917049999999999282e-03,7.711914000000000269e-02,1.501732764481084319e-03
3.597149999999999892e+01,5.026801399999999420e-01,8.956521432592677232e-03,5.796249999999999458e-01,8.830589999999999273e-03,7.694486000000000381e-02,1.496648397049888356e-03
3.615129999999999910e+01,5.143343000000000220e-01,9.022582865809990887e-03,5.919659999999999922e-01,8.896960000000000632e-03,7.763169999999999793e-02,1.500368064445521373e-03
3.633209999999999695e+01,5.056675200000000370e-01,8.929802902583685448e-03,5.819440000000000168e-01,8.805669999999999817e-03,7.627648000000000761e-02,1.483764041245102866e-03
3.651370000000000005e+01,5.130748000000000530e-01,8.956399339656534106e-03,5.887980000000000436e-01,8.833840000000000789e-03,7.572320000000000439e-02,1.476604207565453174e-03
3.669630000000000081e+01,5.248886400000000174e-01,9.022786908658321850e-03,6.004270000000000440e-01,8.901809999999999584e-03,7.553835999999999884e-02,1.472569972176534549e-03
3.687980000000000302e+01,5.236305400000000887e-01,9.003141780137864994e-03,5.998480000000000478e-01,8.881290000000000018e-03,7.621746000000000076e-02,1.476228251038436134e-03
3.706419999999999959e+01,5.109843200000000474e-01,8.873123108057726083e-03,5.858980000000000299e-01,8.752150000000000207e-03,7.491368000000001026e-02,1.460200009672647488e-03
3.724949999999999761e+01,5.261985799999999713e-01,8.974893796686396821e-03,6.021279999999999966e-01,8.854269999999999155e-03,7.592941999999999747e-02,1.466499720047705936e-03
3.743580000000000041e+01,5.271031600000000150e-01,8.956403517800880232e-03,6.028740000000000210e-01,8.836389999999999523e-03,7.577084000000000596e-02,1.461292490084035089e-03
3.762290000000000134e+01,5.251900000000000457e-01,8.933032661705430505e-03,6.013910000000000089e-01,8.812580000000000413e-03,7.620100000000000484e-02,1.462021298988493015e-03
3.781110000000000326e+01,5.505578799999999440e-01,9.097163837146607368e-03,6.263929999999999776e-01,8.980049999999999838e-03,7.583512000000000586e-02,1.455022981738776687e-03
3.800010000000000332e+01,5.392710800000000138e-01,9.000699186647889011e-03,6.154650000000000398e-01,8.882279999999999343e-03,7.619391999999999832e-02,1.455227765720541787e-03
3.819010000000000105e+01,5.329208599999999407e-01,8.917024883769475094e-03,6.078559999999999519e-01,8.799950000000000827e-03,7.493513999999999731e-02,1.440212753472208413e-03
3.838110000000000355e+01,5.560443400000000258e-01,9.059087476328948896e-03,6.306180000000000119e-01,8.945009999999999767e-03,7.457365999999999995e-02,1.433130141920125732e-03
3.857300000000000040e+01,5.320143399999999190e-01,8.864585210166576329e-03,6.056049999999999489e-01,8.750020000000000714e-03,7.359066000000000218e-02,1.420570641645110214e-03
3.876579999999999870e+01,5.282443999999999473e-01,8.809159696631228831e-03,6.011809999999999654e-01,8.695380000000000817e-03,7.293660000000000421e-02,1.411262277662093337e-03
3.895969999999999800e+01,5.306402199999999958e-01,8.817052617809422246e-03,6.041710000000000136e-01,8.702859999999999763e-03,7.353077999999999004e-02,1.414441474794909991e-03
3.915449999999999875e+01,5.487121999999999833e-01,8.926189515663445276e-03,6.227660000000000418e-01,8.812910000000000188e-03,7.405380000000000296e-02,1.417560087417813874e-03
3.935020000000000095e+01,5.422210399999999320e-01,8.857184181516606150e-03,6.158169999999999478e-01,8.744299999999999989e-03,7.359595999999998805e-02,1.409584738604955376e-03
3.954699999999999704e+01,5.662050999999999057e-01,9.015642451633273241e-03,6.404189999999999605e-01,8.904320000000000290e-03,7.421389999999999931e-02,1.412407219357080532e-03
3.974470000000000169e+01,5.400625400000000909e-01,8.814896543320972430e-03,6.147970000000000379e-01,8.700640000000000804e-03,7.473445999999998868e-02,1.414660616491460838e-03
3.994339999999999691e+01,5.638514199999999921e-01,8.954820778031460926e-03,6.376929999999999543e-01,8.844299999999999384e-03,7.384157999999999000e-02,1.402559330889071622e-03
4.014320000000000022e+01,5.452069200000000393e-01,8.817590743141348955e-03,6.199390000000000178e-01,8.704540000000000194e-03,7.473208000000000628e-02,1.407440905307217466e-03
4.034389999999999787e+01,5.491321200000000013e-01,8.824251935246635314e-03,6.240879999999999761e-01,8.711399999999999352e-03,7.495588000000000251e-02,1.406745270723879122e-03
4.054560000000000031e+01,5.507214400000000065e-01,8.816748002009811708e-03,6.258200000000000429e-01,8.704029999999999753e-03,7.509855999999999476e-02,1.405313875987851966e-03
4.074830000000000041e+01,5.592087599999999714e-01,8.855795096078273448e-03,6.345520000000000049e-01,8.743690000000000143e-03,7.534324000000000576e-02,1.404632324711345978e-03
4.095210000000000150e+01,5.509127799999999908e-01,8.775837333725597378e-03,6.257380000000000164e-01,8.663850000000000717e-03,7.482521999999999784e-02,1.397506381206182471e-03
4.115679999999999694e+01,5.595720200000000588e-01,8.821637211354137545e-03,6.344880000000000519e-01,8.710570000000000812e-03,7.491598000000000701e-02,1.395440204325502443e-03
4.136260000000000048e+01,5.691035399999999633e-01,8.866290555306429941e-03,6.442350000000000021e-01,8.755910000000000429e-03,7.513145999999999713e-02,1.394685729121797552e-03
4.156940000000000168e+01,5.646458399999999545e-01,8.816413397717237990e-03,6.398639999999999883e-01,8.705700000000000244e-03,7.521816000000000613e-02,1.392814671608538345e-03
4.177729999999999677e+01,5.763992999999999478e-01,8.885240197156181116e-03,6.523889999999999967e-01,8.774699999999999861e-03,7.598970000000000724e-02,1.397187629189437135e-03
4.198619999999999663e+01,5.578878200000000342e-01,8.744397681449534929e-03,6.345669999999999922e-01,8.631599999999999689e-03,7.667917999999998568e-02,1.399990089729209568e-03
4.219610000000000127e+01,5.778149599999999886e-01,8.849902261373060117e-03,6.526870000000000172e-01,8.741630000000000233e-03,7.487204000000000081e-02,1.380099626460350908e-03
4.240709999999999980e+01,5.783157800000000570e-01,8.825774840043676753e-03,6.525560000000000249e-01,8.718599999999999961e-03,7.424021999999999566e-02,1.371245990750018370e-03
4.261910000000000309e+01,5.690180799999999817e-01,8.738759884450194096e-03,6.423889999999999878e-01,8.632219999999999477e-03,7.337092000000000613e-02,1.360405156442741435e-03
4.283220000000000027e+01,5.778060999999999892e-01,8.770922329475048379e-03,6.504469999999999974e-01,8.666329999999999867e-03,7.264089999999999436e-02,1.350482447417958873e-03
4.304639999999999844e+01,5.784289200000000131e-01,8.759168457953299750e-03,6.507089999999999819e-01,8.655349999999999155e-03,7.228007999999999655e-02,1.344599736837695601e-03
4.326160000000000139e+01,5.789722200000000374e-01,8.754474945511238684e-03,6.525220000000000464e-01,8.649260000000000628e-03,7.354977999999999516e-02,1.353193638761282297e-03
4.347789999999999822e+01,5.907097599999999726e-01,8.807204195592832630e-03,6.642709999999999448e-01,8.703010000000000607e-03,7.356123999999999996e-02,1.350726723940856924e-03
4.369530000000000314e+01,5.836709199999999820e-01,8.741502111008152276e-03,6.567020000000000080e-01,8.637709999999999833e-03,7.303107999999999822e-02,1.343065565287115785e-03
4.391380000000000194e+01,5.894578999999999791e-01,8.762234430994185475e-03,6.624759999999999538e-01,8.659240000000000340e-03,7.301810000000000245e-02,1.339520379128290905e-03
4.413329999999999842e+01,5.857753600000000782e-01,8.721825580261048302e-03,6.589500000000000357e-01,8.618539999999999188e-03,7.317463999999999913e-02,1.338286113241858328e-03
4.435399999999999920e+01,5.978866800000000037e-01,8.766825350265853439e-03,6.695919999999999650e-01,8.666570000000000176e-03,7.170532000000000294e-02,1.322040527806920152e-03
4.457580000000000098e+01,5.926501599999999259e-01,8.714951419084791470e-03,6.643839999999999746e-01,8.614490000000000688e-03,7.173384000000000704e-02,1.319446958732331966e-03
4.479869999999999663e+01,5.738253999999999300e-01,8.580111924897484629e-03,6.458279999999999577e-01,8.478160000000000210e-03,7.200259999999999994e-02,1.318758377477845592e-03
4.502259999999999707e+01,5.832150799999999968e-01,8.612898466018511015e-03,6.542130000000000445e-01,8.513150000000000578e-03,7.099792000000000602e-02,1.307018386804103139e-03
4.524779999999999802e+01,5.943190599999998991e-01,8.668999848811856021e-03,6.655029999999999557e-01,8.570029999999999315e-03,7.118394000000001498e-02,1.306194540564306530e-03
4.547399999999999665e+01,6.111437999999999038e-01,8.761503436159574082e-03,6.826029999999999598e-01,8.663550000000000764e-03,7.145920000000001437e-02,1.306462345165753389e-03
4.570139999999999958e+01,5.799889799999999873e-01,8.541632896963437943e-03,6.511090000000000488e-01,8.441979999999999970e-03,7.112002000000001989e-02,1.300948202692174798e-03
4.592990000000000350e+01,5.982052199999999820e-01,8.643257654594591749e-03,6.699340000000000295e-01,8.544239999999999821e-03,7.172878000000000587e-02,1.304555750479066255e-03
4.615950000000000131e+01,5.926173200000000030e-01,8.588423256096079650e-03,6.646239999999999926e-01,8.488759999999999709e-03,7.200668000000000346e-02,1.304594836817929470e-03
4.639030000000000342e+01,6.124279799999999829e-01,8.695092179972562646e-03,6.839579999999999549e-01,8.597820000000000809e-03,7.153001999999999971e-02,1.296965406562565048e-03
4.662230000000000274e+01,6.067752600000000385e-01,8.653438672787599345e-03,6.792000000000000259e-01,8.554920000000000579e-03,7.242474000000000134e-02,1.302054014738252040e-03
4.685540000000000305e+01,5.975730399999999998e-01,8.571405895820125367e-03,6.695189999999999753e-01,8.472989999999999688e-03,7.194596000000000324e-02,1.295160025170635169e-03
4.708970000000000056e+01,5.929859399999999336e-01,8.524939361357827816e-03,6.650439999999999685e-01,8.426200000000000009e-03,7.205806000000000711e-02,1.293732845230420722e-03
4.732509999999999906e+01,6.033427599999999780e-01,8.575080853948841009e-03,6.757419999999999538e-01,8.476809999999999554e-03,7.239924000000000359e-02,1.294489812883824935e-03
4.756170000000000186e+01,5.883110200000000178e-01,8.468944774156932087e-03,6.608730000000000437e-01,8.369500000000000203e-03,7.256197999999999815e-02,1.294022927818514433e-03
4.779950000000000188e+01,6.008582399999999879e-01,8.527423100284163907e-03,6.727720000000000367e-01,8.429809999999999387e-03,7.191376000000000712e-02,1.286564454335654192e-03
4.803849999999999909e+01,6.025193599999999483e-01,8.524470365248270134e-03,6.750859999999999639e-01,8.426329999999999237e-03,7.256664000000000170e-02,1.289789804230131228e-03
4.827870000000000061e+01,5.916253999999999680e-01,8.440966068702562136e-03,6.643419999999999881e-01,8.342079999999999981e-03,7.271659999999999235e-02,1.288258299638702113e-03
4.852009999999999934e+01,6.062899000000000482e-01,8.510727620760050183e-03,6.782120000000000370e-01,8.414100000000000745e-03,7.192210000000001657e-02,1.278829865450443722e-03
4.876270000000000238e+01,6.052460200000000512e-01,8.487496038619635891e-03,6.770080000000000542e-01,8.391219999999999582e-03,7.176198000000000299e-02,1.274761121616124629e-03
4.900650000000000261e+01,6.146094199999999619e-01,8.527908859027048122e-03,6.865019999999999456e-01,8.432310000000000152e-03,7.189258000000001148e-02,1.273333252441009693e-03
4.925160000000000338e+01,6.267465199999999736e-01,8.583363731992952467e-03,6.984439999999999538e-01,8.489029999999999840e-03,7.169748000000000787e-02,1.269055796563728659e-03
4.949779999999999802e+01,6.032582399999999456e-01,8.420078537604741217e-03,6.749009999999999732e-01,8.324359999999999399e-03,7.164275999999999978e-02,1.265998882239633078e-03
4.974530000000000030e+01,6.035125800000000762e-01,8.411443448843961349e-03,6.753620000000000179e-01,8.315789999999999987e-03,7.184941999999999718e-02,1.264918008805313975e-03
4.999399999999999977e+01,6.148125599999999524e-01,8.468328331097939657e-03,6.872709999999999653e-01,8.372900000000000828e-03,7.245843999999999896e-02,1.267726434715313495e-03
5.024399999999999977e+01,6.149158000000000124e-01,8.453688808512648326e-03,6.874959999999999960e-01,8.358330000000000620e-03,7.258020000000001137e-02,1.266165108614196715e-03
5.049519999999999698e+01,6.238049799999999534e-01,8.495178013702833070e-03,6.969039999999999679e-01,8.399959999999999719e-03,7.309902000000000066e-02,1.268353847670278430e-03
5.074770000000000181e+01,6.154187399999999641e-01,8.421170536735614678e-03,6.873329999999999718e-01,8.326959999999999570e-03,7.191425999999999374e-02,1.256125139937896420e-03
5.100150000000000006e+01,6.118603799999999815e-01,8.383242961162702331e-03,6.835029999999999717e-01,8.289299999999999446e-03,7.164262000000000408e-02,1.251506314759937618e-03
5.125650000000000261e+01,6.276839800000000302e-01,8.453284057939139742e-03,6.981800000000000228e-01,8.361989999999999701e-03,7.049602000000000646e-02,1.239005489942639465e-03
5.151270000000000238e+01,6.345429999999999682e-01,8.488912010720339046e-03,7.059549999999999992e-01,8.397180000000000616e-03,7.141200000000000325e-02,1.244586346282169388e-03
5.177029999999999887e+01,6.340156399999999914e-01,8.460389970980534274e-03,7.046759999999999691e-01,8.369669999999999194e-03,7.066036000000000539e-02,1.235646612979617335e-03
5.202920000000000300e+01,6.342801000000000133e-01,8.461390613809764358e-03,7.065280000000000449e-01,8.369089999999999169e-03,7.224790000000000378e-02,1.246380235469096319e-03
5.228929999999999723e+01,6.313672799999999752e-01,8.429638474761537090e-03,7.037269999999999914e-01,8.337110000000000007e-03,7.235971999999998849e-02,1.245552754033324742e-03
5.255069999999999908e+01,6.348031800000000224e-01,8.437190099025623433e-03,7.075190000000000090e-01,8.344650000000000331e-03,7.271582000000001433e-02,1.246191455834937080e-03
5.281349999999999767e+01,6.298305800000000287e-01,8.385976303766664447e-03,7.010939999999999950e-01,8.295059999999999933e-03,7.126342000000000787e-02,1.231494280837714707e-03
5.307759999999999678e+01,6.436339600000000605e-01,8.451496819536288840e-03,7.154690000000000216e-01,8.360899999999999235e-03,7.183504000000000278e-02,1.234159503723890588e-03
5.334300000000000352e+01,6.302422399999999536e-01,8.358958415839140565e-03,7.013589999999999547e-01,8.268509999999999749e-03,7.111676000000000109e-02,1.226347494647418322e-03
5.360969999999999658e+01,6.305341399999999652e-01,8.350329097682077789e-03,7.023840000000000083e-01,8.259139999999999884e-03,7.184986000000000150e-02,1.230691878577249484e-03
5.387769999999999726e+01,6.395859600000000089e-01,8.389755979287122356e-03,7.115860000000000518e-01,8.299050000000000524e-03,7.200004000000000126e-02,1.230355432175596992e-03
5.414710000000000178e+01,6.404838400000000265e-01,8.380599773156811871e-03,7.123099999999999987e-01,8.290280000000000565e-03,7.182616000000000001e-02,1.227073787282574168e-03
5.441779999999999973e+01,6.444180800000000042e-01,8.379794479182647859e-03,7.152260000000000284e-01,8.290979999999999878e-03,7.080791999999999642e-02,1.216801607880265649e-03
5.468990000000000151e+01,6.540462200000000115e-01,8.425423596087024819e-03,7.257730000000000015e-01,8.336259999999999851e-03,7.172678000000000387e-02,1.222510525885155738e-03
5.496340000000000003e+01,6.611910600000000526e-01,8.449122814765803319e-03,7.325350000000000472e-01,8.361010000000000317e-03,7.134394000000000846e-02,1.217040721954692822e-03
5.523819999999999908e+01,6.512807200000000352e-01,8.387199696435754248e-03,7.237360000000000460e-01,8.297360000000000152e-03,7.245527999999999691e-02,1.224310327609793615e-03
5.551440000000000197e+01,6.417965199999999815e-01,8.323053906542957417e-03,7.148470000000000102e-01,8.232039999999999497e-03,7.305048000000000097e-02,1.227494916331631864e-03
5.579200000000000159e+01,6.505653399999999920e-01,8.367680059693726261e-03,7.245409999999999906e-01,8.276270000000000501e-03,7.397565999999999864e-02,1.233460363569093259e-03
5.607090000000000174e+01,6.496727800000000608e-01,8.342694571404374662e-03,7.226200000000000401e-01,8.252580000000000679e-03,7.294722000000000706e-02,1.222896584074058225e-03
5.635130000000000194e+01,6.389784800000000153e-01,8.266120985727464995e-03,7.117970000000000130e-01,8.175580000000000000e-03,7.281851999999999769e-02,1.220101559004003588e-03
5.663300000000000267e+01,6.680983200000000233e-01,8.414706828070718861e-03,7.404279999999999751e-01,8.326719999999999261e-03,7.232967999999999342e-02,1.213682431272695072e-03
5.691620000000000346e+01,6.569245799999999802e-01,8.341967574825017925e-03,7.291360000000000063e-01,8.253639999999999588e-03,7.221141999999999839e-02,1.210722829483280253e-03
5.720080000000000098e+01,6.633872599999999231e-01,8.370205902900836048e-03,7.362619999999999720e-01,8.281649999999999776e-03,7.287474000000000729e-02,1.214339381909357264e-03
5.748680000000000234e+01,6.632740999999999776e-01,8.351000163941801890e-03,7.358200000000000296e-01,8.262939999999999868e-03,7.254590000000001038e-02,1.209556238690868155e-03
5.777420000000000044e+01,6.716783200000000509e-01,8.393150358582169429e-03,7.452330000000000343e-01,8.304560000000000761e-03,7.355468000000001116e-02,1.216246746416203188e-03
5.806309999999999860e+01,6.670440800000000392e-01,8.345318384481924603e-03,7.393640000000000212e-01,8.257920000000000191e-03,7.231992000000000975e-02,1.204614549128475449e-03
5.835340000000000060e+01,6.689606200000000058e-01,8.347329318887330291e-03,7.422140000000000404e-01,8.259080000000000241e-03,7.325338000000000682e-02,1.210580154948857510e-03
5.864520000000000266e+01,6.815579000000000498e-01,8.399447680583290235e-03,7.541940000000000310e-01,8.312810000000000338e-03,7.263609999999999511e-02,1.203291836071366432e-03
5.893840000000000146e+01,6.713583199999999529e-01,8.338574374934362710e-03,7.447789999999999688e-01,8.250669999999999879e-03,7.342067999999998817e-02,1.207587329103779585e-03
5.923310000000000031e+01,6.654056800000001104e-01,8.287585507632002496e-03,7.383110000000000506e-01,8.200090000000000157e-03,7.290531999999999568e-02,1.201081819948999216e-03
5.952929999999999922e+01,6.656493999999999467e-01,8.284472841406868848e-03,7.401219999999999466e-01,8.195360000000000492e-03,7.447259999999999991e-02,1.211843525546099469e-03
5.982690000000000197e+01,6.705459799999999859e-01,8.288330466333494392e-03,7.436690000000000245e-01,8.201230000000000325e-03,7.312302000000001079e-02,1.198435816492481130e-03
6.012599999999999767e+01,6.756426400000000720e-01,8.293732234157791955e-03,7.478930000000000300e-01,8.207990000000000078e-03,7.225035999999999958e-02,1.189493392923222622e-03
6.042669999999999675e+01,6.878639399999999515e-01,8.349264514983821550e-03,7.601919999999999789e-01,8.264260000000000703e-03,7.232805999999999957e-02,1.188370562395417137e-03
6.072879999999999967e+01,6.807001400000000091e-01,8.298539954550317871e-03,7.533410000000000384e-01,8.212920000000000290e-03,7.264086000000000154e-02,1.188995563855475531e-03
6.103240000000000265e+01,6.916998800000000447e-01,8.336980951267431925e-03,7.636140000000000150e-01,8.252890000000000573e-03,7.191411999999999805e-02,1.181125746775507418e-03
6.133760000000000190e+01,6.859191199999999933e-01,8.304768841433697590e-03,7.590419999999999945e-01,8.219149999999999720e-03,7.312288000000000121e-02,1.189436331691612640e-03
6.164430000000000121e+01,6.975790000000000601e-01,8.361696795507238267e-03,7.722120000000000095e-01,8.275150000000000214e-03,7.463299999999999101e-02,1.199944072653388394e-03
6.195250000000000057e+01,6.996404600000000196e-01,8.361615989453235684e-03,7.747300000000000297e-01,8.274810000000000498e-03,7.508953999999998241e-02,1.201724352328769393e-03
6.226230000000000331e+01,6.930684599999999973e-01,8.314672965690713541e-03,7.683809999999999807e-01,8.227369999999999475e-03,7.531254000000001114e-02,1.201735998249199447e-03
6.257359999999999900e+01,6.853804799999999586e-01,8.266806489066982899e-03,7.612919999999999687e-01,8.178559999999999650e-03,7.591151999999999622e-02,1.204676659556414052e-03
6.288649999999999807e+01,7.249830600000000125e-01,8.457413890825020084e-03,8.002529999999999921e-01,8.372259999999999425e-03,7.526994000000000740e-02,1.197126648738553508e-03
6.320089999999999719e+01,7.012293400000000343e-01,8.321244025425045959e-03,7.768829999999999902e-01,8.234520000000000381e-03,7.565365999999998370e-02,1.198241419861623613e-03
6.351689999999999969e+01,7.156525799999999826e-01,8.381472178979538709e-03,7.909300000000000219e-01,8.296080000000000815e-03,7.527741999999999767e-02,1.193370236183222523e-03
6.383449999999999847e+01,7.116024199999999578e-01,8.355153507319180300e-03,7.877399999999999958e-01,8.268809999999999702e-03,7.613757999999999637e-02,1.198069828836366250e-03
6.415370000000000061e+01,7.273079599999999756e-01,8.426776374491493776e-03,8.039520000000000000e-01,8.340890000000000110e-03,7.664403999999999662e-02,1.200047529720385704e-03
6.447440000000000282e+01,7.245359200000000000e-01,8.410498419038672444e-03,8.028300000000000436e-01,8.322790000000000049e-03,7.829408000000000201e-02,1.211466166490835243e-03
6.479680000000000462e+01,7.314194000000000528e-01,8.439131378075115375e-03,8.106550000000000145e-01,8.350949999999999346e-03,7.923560000000000325e-02,1.216787785076757066e-03
6.512080000000000268e+01,7.194279000000000091e-01,8.372628583589027812e-03,7.999380000000000379e-01,8.282499999999999932e-03,8.051010000000000111e-02,1.225195147203905635e-03
6.544639999999999702e+01,7.449333200000000099e-01,8.498176494498334288e-03,8.262129999999999752e-01,8.408799999999999261e-03,8.127968000000000692e-02,1.229262499079834380e-03
6.577360000000000184e+01,7.415540400000000254e-01,8.480880990286564225e-03,8.250420000000000531e-01,8.389100000000000029e-03,8.348795999999999995e-02,1.244324540224133000e-03
6.610250000000000625e+01,7.347615200000000568e-01,8.443473578463072532e-03,8.193650000000000100e-01,8.350240000000000093e-03,8.460347999999999480e-02,1.251294534713549931e-03
6.643300000000000693e+01,7.397741599999999584e-01,8.462181166568345098e-03,8.253399999999999626e-01,8.368330000000000213e-03,8.556584000000000412e-02,1.256806710247840644e-03
6.676519999999999300e+01,7.492560999999999805e-01,8.509317006274476347e-03,8.367160000000000153e-01,8.414160000000000389e-03,8.745990000000000708e-02,1.269010404871449404e-03
6.709900000000000375e+01,7.682944000000000440e-01,8.605787539250083981e-03,8.579280000000000239e-01,8.509620000000000725e-03,8.963359999999999383e-02,1.282944514120544369e-03
6.743449999999999989e+01,7.587285799999999858e-01,8.557517393209316398e-03,8.499489999999999545e-01,8.459329999999999281e-03,9.122041999999999651e-02,1.292609719203750927e-03
6.777160000000000650e+01,7.719309199999999649e-01,8.627555536383406734e-03,8.657190000000000163e-01,8.527669999999999348e-03,9.378807999999999589e-02,1.309029756911583723e-03
6.811050000000000182e+01,7.717912799999999685e-01,8.627600804948268656e-03,8.676939999999999653e-01,8.525670000000000817e-03,9.590271999999999686e-02,1.322288433226276056e-03
6.845109999999999673e+01,7.641558000000000517e-01,8.591928309277492917e-03,8.621600000000000374e-01,8.487520000000000134e-03,9.800419999999999965e-02,1.335378718328250093e-03
6.879330000000000211e+01,7.740475600000000789e-01,8.637497785755548357e-03,8.734410000000000229e-01,8.532299999999999607e-03,9.939343999999999957e-02,1.343958596435173083e-03
6.913729999999999620e+01,7.890995400000000437e-01,8.708237776978301758e-03,8.896230000000000526e-01,8.602880000000000249e-03,1.005234599999999812e-01,1.350503937792111838e-03
6.948300000000000409e+01,8.027230400000000543e-01,8.775598978844008358e-03,9.051470000000000349e-01,8.669249999999999873e-03,1.024239600000000083e-01,1.362072639394830680e-03
6.983039999999999736e+01,8.056039999999999868e-01,8.793735921935113761e-03,9.107049999999999867e-01,8.685019999999999893e-03,1.051010000000000000e-01,1.378484335903748959e-03
7.017950000000000443e+01,7.893894000000000188e-01,8.725086764394266586e-03,8.983010000000000161e-01,8.611699999999999910e-03,1.089115999999999973e-01,1.402056402648623693e-03
7.053040000000000020e+01,8.061863999999999697e-01,8.811574928221856118e-03,9.179359999999999742e-01,8.696550000000000807e-03,1.117496000000000045e-01,1.419109161822303383e-03
7.088309999999999889e+01,7.976959999999999607e-01,8.796152993287918720e-03,9.150139999999999940e-01,8.675290000000000432e-03,1.173180000000000056e-01,1.453152055783564489e-03
7.123749999999999716e+01,8.066217999999999444e-01,8.862199695574909594e-03,9.300129999999999786e-01,8.736100000000000115e-03,1.233912000000000064e-01,1.489677896139967586e-03
7.159369999999999834e+01,8.028842000000000478e-01,8.885731324398684142e-03,9.349859999999999838e-01,8.751099999999999504e-03,1.321017999999999915e-01,1.540931523267662865e-03
7.195170000000000243e+01,8.031228000000000256e-01,8.912643144160098396e-03,9.421450000000000102e-01,8.771360000000000615e-03,1.390221999999999847e-01,1.580649096271528452e-03
7.231140000000000612e+01,7.991498000000000212e-01,8.934568093790319632e-03,9.471829999999999972e-01,8.784449999999999203e-03,1.480332000000000037e-01,1.630933849080335981e-03
7.267300000000000182e+01,8.068049999999999944e-01,9.008778724933585655e-03,9.631060000000000176e-01,8.851569999999999577e-03,1.563009999999999955e-01,1.675649918663203427e-03
7.303629999999999711e+01,8.151652000000000342e-01,9.078664167196404469e-03,9.789259999999999629e-01,8.915249999999999564e-03,1.637607999999999842e-01,1.714777098702918679e-03
7.340149999999999864e+01,7.994513999999999232e-01,9.017167479273965544e-03,9.668949999999999489e-01,8.849030000000000784e-03,1.674435999999999980e-01,1.733198606154528294e-03
7.376850000000000307e+01,8.179659999999999709e-01,9.092655698668900346e-03,9.858040000000000136e-01,8.925860000000000738e-03,1.678379999999999872e-01,1.733612100481534812e-03
7.413739999999999952e+01,8.218180000000000485e-01,9.074231366781650501e-03,9.856660000000000421e-01,8.911509999999999224e-03,1.638479999999999936e-01,1.710749665434426001e-03
7.450809999999999889e+01,8.241885999999999379e-01,9.019460407820192524e-03,9.780069999999999597e-01,8.866350000000000273e-03,1.538183999999999940e-01,1.654842507834506770e-03
7.488060000000000116e+01,8.273327999999999793e-01,8.940585693552520127e-03,9.671939999999999982e-01,8.800840000000000746e-03,1.398611999999999911e-01,1.574575446955781780e-03
7.525499999999999545e+01,8.331965999999999539e-01,8.883187777319580952e-03,9.599400000000000155e-01,8.756440000000000751e-03,1.267434000000000061e-01,1.495253695370788935e-03
7.563129999999999598e+01,8.424161999999999484e-01,8.854862256382987559e-03,9.584559999999999746e-01,8.739099999999999646e-03,1.160397999999999985e-01,1.427135862318651112e-03
7.600939999999999941e+01,8.616900600000000354e-01,8.884772966931457627e-03,9.692830000000000057e-01,8.778350000000000736e-03,1.075929400000000119e-01,1.371044109945409196e-03
7.638949999999999818e+01,8.646300599999999781e-01,8.860253945901098993e-03,9.681049999999999933e-01,8.758109999999999506e-03,1.034749400000000152e-01,1.341495141160041612e-03
7.677139999999999986e+01,8.593633800000000100e-01,8.813025538571642517e-03,9.607820000000000249e-01,8.712769999999999890e-03,1.014186199999999871e-01,1.325540671053136721e-03
7.715529999999999688e+01,8.736704600000000376e-01,8.850141949319909745e-03,9.728320000000000300e-01,8.752930000000000779e-03,9.916154000000002022e-02,1.308139494936224213e-03
7.754110000000000014e+01,8.641554799999999759e-01,8.788363238600008231e-03,9.619370000000000420e-01,8.692160000000000858e-03,9.778152000000001065e-02,1.296797188451609710e-03
7.792879999999999541e+01,8.721858599999999795e-01,8.809371697651767821e-03,9.691140000000000310e-01,8.714589999999999489e-03,9.692814000000000985e-02,1.288778817054346245e-03
7.831839999999999691e+01,8.707436600000000304e-01,8.788560780648671522e-03,9.675430000000000419e-01,8.694020000000000220e-03,9.679933999999999761e-02,1.285619241749282483e-03
7.870999999999999375e+01,8.856612599999998947e-01,8.838947856036939027e-03,9.820719999999999450e-01,8.745609999999999148e-03,9.641074000000000865e-02,1.281134235605309313e-03
7.910349999999999682e+01,8.662536600000000364e-01,8.737706183206208482e-03,9.625350000000000295e-01,8.643700000000000688e-03,9.628134000000000692e-02,1.278264313058922845e-03
7.949909999999999854e+01,8.845646799999999921e-01,8.805774408166039749e-03,9.808219999999999716e-01,8.712869999999999296e-03,9.625732000000000732e-02,1.275758319828642186e-03
7.989660000000000650e+01,8.909148799999999646e-01,8.827298942026377826e-03,9.881689999999999641e-01,8.733990000000000503e-03,9.725411999999999946e-02,1.280088001584265894e-03
8.029600000000000648e+01,8.946564799999999762e-01,8.832993088994238115e-03,9.919249999999999456e-01,8.740049999999999208e-03,9.726851999999999721e-02,1.278003485018722445e-03
8.069750000000000512e+01,8.944505000000000372e-01,8.821395149198113170e-03,9.924709999999999921e-01,8.727890000000000301e-03,9.802049999999999652e-02,1.280995131214791253e-03
8.110099999999999909e+01,8.781676600000000166e-01,8.735132916959877439e-03,9.755489999999999995e-01,8.641609999999999223e-03,9.738133999999999679e-02,1.274803390666968744e-03
8.150650000000000261e+01,8.879718400000000678e-01,8.765508195219260876e-03,9.846960000000000157e-01,8.673200000000000701e-03,9.672415999999998959e-02,1.268753593278064331e-03
8.191410000000000480e+01,9.001155800000000262e-01,8.797542642420552728e-03,9.950390000000000068e-01,8.707539999999999725e-03,9.492342000000000835e-02,1.255190700096204528e-03
8.232359999999999900e+01,9.169051599999998858e-01,8.852216519618349641e-03,1.010559999999999903e+00,8.764189999999999828e-03,9.365483999999998921e-02,1.245275453104251933e-03
8.273520000000000607e+01,8.893487799999999499e-01,8.703175125545390550e-03,9.805639999999999912e-01,8.616220000000000823e-03,9.121521999999999963e-02,1.227196063191208402e-03
8.314889999999999759e+01,8.971035400000000326e-01,8.724832639545127000e-03,9.872170000000000112e-01,8.639360000000000442e-03,9.011346000000000633e-02,1.218262442362892531e-03
8.356470000000000198e+01,9.006167600000000162e-01,8.719108093046901500e-03,9.889860000000000317e-01,8.635479999999999198e-03,8.836923999999998780e-02,1.204712043534055411e-03
8.398250000000000171e+01,9.007998000000000394e-01,8.709169183290446301e-03,9.886890000000000400e-01,8.626139999999999156e-03,8.788920000000000066e-02,1.199723536309928304e-03
8.440240000000000009e+01,9.109609799999999202e-01,8.732246719133626711e-03,9.972609999999999530e-01,8.651199999999999515e-03,8.630002000000000506e-02,1.186958855150421722e-03
8.482439999999999714e+01,9.130210599999999399e-01,8.730591824686342872e-03,9.993189999999999573e-01,8.649729999999999572e-03,8.629793999999998966e-02,1.185497590204214694e-03
8.524850000000000705e+01,9.133916200000000707e-01,8.718421981910947152e-03,9.990900000000000336e-01,8.638210000000000333e-03,8.569837999999999067e-02,1.179919425455823326e-03
8.567480000000000473e+01,9.167774199999999540e-01,8.725348034558162713e-03,1.002809999999999979e+00,8.645079999999999432e-03,8.603257999999999739e-02,1.180800625748479153e-03
8.610309999999999775e+01,9.230256800000000705e-01,8.737501027786835281e-03,1.008180000000000076e+00,8.658370000000000302e-03,8.515432000000000556e-02,1.173266019995465419e-03
8.653369999999999607e+01,9.022706799999999916e-01,8.636587469953396767e-03,9.872189999999999577e-01,8.556920000000000845e-03,8.494831999999999383e-02,1.170368847738181926e-03
8.696630000000000393e+01,9.183518600000000198e-01,8.693999024322007080e-03,1.003260000000000041e+00,8.615110000000000476e-03,8.490813999999999306e-02,1.168545558723321515e-03
8.740120000000000289e+01,9.126240800000000597e-01,8.662435803185384101e-03,9.979850000000000110e-01,8.583030000000000173e-03,8.536092000000000679e-02,1.170209410066420670e-03
8.783820000000000050e+01,9.102422799999999592e-01,8.642237095214872974e-03,9.954309999999999548e-01,8.562989999999999491e-03,8.518871999999999556e-02,1.167674727742276652e-03
8.827740000000000009e+01,9.165928400000000753e-01,8.661490638736960013e-03,1.001980000000000093e+00,8.582450000000000148e-03,8.538715999999998973e-02,1.167463953374150336e-03
8.871869999999999834e+01,9.172174200000000610e-01,8.648498862700972414e-03,1.001940000000000053e+00,8.570160000000000278e-03,8.472258000000000566e-02,1.161417303358271754e-03
8.916230000000000189e+01,9.006122199999999633e-01,8.566884406138557118e-03,9.858019999999999561e-01,8.487579999999999777e-03,8.518977999999999273e-02,1.162967829193911878e-03
8.960819999999999652e+01,9.335550999999999711e-01,8.692718046304274970e-03,1.018680000000000030e+00,8.614909999999999929e-03,8.512490000000000334e-02,1.160462289108956735e-03
9.005620000000000402e+01,9.193542800000000792e-01,8.620470506442439937e-03,1.004490000000000105e+00,8.542239999999999556e-03,8.513571999999999806e-02,1.158726686861055993e-03
9.050650000000000261e+01,9.139978199999999608e-01,8.588602344056686655e-03,9.991679999999999451e-01,8.510230000000000572e-03,8.517017999999999811e-02,1.157616331707531001e-03
9.095900000000000318e+01,9.047022999999999593e-01,8.539878060013269406e-03,9.907869999999999733e-01,8.460479999999999390e-03,8.608469999999998623e-02,1.161806976005911327e-03
9.141379999999999484e+01,8.978340599999999894e-01,8.494364874634242543e-03,9.833779999999999744e-01,8.415290000000000617e-03,8.554393999999999887e-02,1.156342872732824033e-03
9.187090000000000600e+01,9.010280600000000195e-01,8.487825556433873861e-03,9.854770000000000474e-01,8.409939999999999430e-03,8.444894000000000012e-02,1.147210474521567509e-03
9.233020000000000493e+01,9.066237600000000008e-01,8.507446142895997224e-03,9.918909999999999672e-01,8.429249999999999243e-03,8.526723999999999415e-02,1.150818974372598731e-03
9.279189999999999827e+01,9.001820600000000061e-01,8.472136429314391232e-03,9.859050000000000313e-01,8.393470000000000097e-03,8.572293999999999747e-02,1.151849398148907435e-03
9.325579999999999359e+01,8.889815999999999274e-01,8.410413875962108668e-03,9.747989999999999711e-01,8.331339999999999579e-03,8.581740000000000201e-02,1.150580448893513946e-03
9.372209999999999752e+01,8.997647200000000733e-01,8.443991484624793070e-03,9.863600000000000145e-01,8.364800000000000360e-03,8.659527999999999670e-02,1.153738771306572720e-03
9.419070000000000675e+01,8.830487599999999881e-01,8.371735419007460613e-03,9.710159999999999902e-01,8.290830000000000768e-03,8.796724000000000210e-02,1.161073570866204881e-03
9.466169999999999618e+01,8.881878600000000512e-01,8.377792749427260058e-03,9.758240000000000247e-01,8.297499999999999321e-03,8.763614000000000126e-02,1.157110669882531213e-03
9.513500000000000512e+01,8.743878799999998952e-01,8.311172834188687228e-03,9.628679999999999461e-01,8.229770000000000835e-03,8.848012000000000932e-02,1.160379087564059747e-03
9.561069999999999425e+01,8.801079000000000541e-01,8.332770648422768364e-03,9.698250000000000481e-01,8.250689999999999760e-03,8.971710000000000795e-02,1.166696705710614564e-03
9.608870000000000289e+01,8.868329999999999824e-01,8.345386587346088209e-03,9.763990000000000169e-01,8.263819999999999846e-03,8.956600000000000672e-02,1.163939989800161657e-03
9.656919999999999504e+01,8.848534999999999595e-01,8.331531604914909489e-03,9.756399999999999517e-01,8.248959999999999626e-03,9.078650000000001996e-02,1.170075981334545764e-03
9.705200000000000671e+01,8.696157599999999599e-01,8.263381110740082233e-03,9.615540000000000198e-01,8.179409999999999806e-03,9.193824000000001828e-02,1.175040183668626774e-03
9.753730000000000189e+01,8.628247399999999789e-01,8.227304923278340454e-03,9.556059999999999555e-01,8.142450000000000729e-03,9.278126000000000428e-02,1.178581477073180599e-03
9.802490000000000236e+01,8.695736600000000260e-01,8.250700037044374213e-03,9.636130000000000528e-01,8.165220000000000811e-03,9.403933999999999904e-02,1.184581551808063741e-03
9.851510000000000389e+01,8.601253199999999710e-01,8.207517432016578005e-03,9.563639999999999919e-01,8.119829999999999756e-03,9.623868000000000700e-02,1.196537992692250354e-03
9.900759999999999650e+01,8.605109199999999570e-01,8.204885873632368140e-03,9.583509999999999529e-01,8.116019999999999832e-03,9.784008000000000982e-02,1.204313729445944661e-03
9.950270000000000437e+01,8.613041399999999959e-01,8.201356501473399188e-03,9.593340000000000201e-01,8.112509999999999860e-03,9.802985999999999644e-02,1.203922740112504117e-03
1.000000000000000000e+02,8.539494599999999380e-01,8.167676481308745046e-03,9.536559999999999482e-01,8.077179999999999777e-03,9.970654000000001016e-02,1.212477773373186237e-03
1.005000000000000000e+02,8.472921599999999609e-01,8.131845260291663616e-03,9.482979999999999743e-01,8.039990000000000331e-03,1.010058400000000134e-01,1.218797824591100892e-03
1.010030000000000001e+02,8.407590999999999815e-01,8.102283868416855842e-03,9.431460000000000399e-01,8.009080000000000019e-03,1.023869000000000168e-01,1.225414802427324864e-03
1.015079999999999956e+02,8.371695000000000109e-01,8.077970547833905265e-03,9.404449999999999754e-01,7.983870000000000550e-03,1.032755000000000062e-01,1.229401478269812401e-03
1.020150000000000006e+02,8.338379999999999681e-01,8.067282708180245621e-03,9.391899999999999693e-01,7.971330000000000429e-03,1.053520000000000012e-01,1.240543560220277054e-03
1.025250000000000057e+02,8.226893999999999041e-01,8.004797586450266081e-03,9.281239999999999490e-01,7.908170000000000824e-03,1.054346000000000033e-01,1.240012762490773617e-03
1.030379999999999967e+02,8.204734000000000194e-01,7.988804691707014974e-03,9.259169999999999900e-01,7.892140000000000613e-03,1.054435999999999984e-01,1.239002269021328333e-03
1.035529999999999973e+02,8.097043999999999908e-01,7.929894628279747504e-03,9.145529999999999493e-01,7.833200000000000232e-03,1.048486000000000001e-01,1.234587613586010223e-03
1.040709999999999980e+02,8.131972000000000644e-01,7.937589382633747706e-03,9.190460000000000296e-01,7.840240000000000056e-03,1.058487999999999929e-01,1.239339319839405287e-03
1.045909999999999940e+02,8.010867999999999878e-01,7.885459567489264826e-03,9.080730000000000190e-01,7.786549999999999722e-03,1.069862000000000035e-01,1.245034813974291946e-03
1.051140000000000043e+02,8.007315999999999878e-01,7.878726595072582314e-03,9.082879999999999843e-01,7.779409999999999624e-03,1.075563999999999965e-01,1.247041623926001958e-03
1.056400000000000006e+02,7.917167999999999983e-01,7.835209846505963513e-03,8.999489999999999990e-01,7.734910000000000223e-03,1.082322000000000006e-01,1.249672209294901571e-03
1.061680000000000064e+02,8.038488000000000300e-01,7.887847283860913855e-03,9.143729999999999913e-01,7.786300000000000339e-03,1.105242000000000030e-01,1.261612889721724310e-03
1.066989999999999981e+02,7.843290000000000539e-01,7.796912960958844209e-03,8.952510000000000190e-01,7.693990000000000377e-03,1.109220000000000067e-01,1.262683491880684959e-03
1.072319999999999993e+02,7.791173999999999600e-01,7.767216061851762825e-03,8.904590000000000005e-01,7.663750000000000423e-03,1.113415999999999989e-01,1.263558977249578264e-03
1.077680000000000007e+02,7.844802000000000719e-01,7.786940376508092940e-03,8.964670000000000138e-01,7.683399999999999952e-03,1.119867999999999836e-01,1.265624299423806194e-03
1.083070000000000022e+02,7.709211999999999732e-01,7.722986525072537793e-03,8.841430000000000122e-01,7.617689999999999878e-03,1.132217999999999974e-01,1.270952371393987285e-03
1.088490000000000038e+02,7.682631999999999239e-01,7.706630342668058763e-03,8.823889999999999789e-01,7.600580000000000010e-03,1.141258000000000133e-01,1.274101605890205335e-03
1.093930000000000007e+02,7.618507999999999392e-01,7.678689536406325435e-03,8.770719999999999628e-01,7.571539999999999868e-03,1.152211999999999958e-01,1.278301617348581677e-03
1.099399999999999977e+02,7.625956000000000401e-01,7.685908630817308955e-03,8.798719999999999875e-01,7.577350000000000058e-03,1.172763999999999890e-01,1.287228984591319569e-03
1.104899999999999949e+02,7.561286000000000396e-01,7.663150037803513441e-03,8.762079999999999869e-01,7.551999999999999685e-03,1.200793999999999889e-01,1.300447808213770580e-03
1.110420000000000016e+02,7.465220000000000189e-01,7.627063600855837205e-03,8.687080000000000357e-01,7.513800000000000166e-03,1.221859999999999891e-01,1.309545238432028962e-03
1.115969999999999942e+02,7.529692000000000052e-01,7.649953239850555350e-03,8.758209999999999607e-01,7.536690000000000403e-03,1.228517999999999971e-01,1.311521412634959576e-03
1.121550000000000011e+02,7.544185999999999392e-01,7.654210040458257237e-03,8.781379999999999741e-01,7.540449999999999757e-03,1.237194000000000071e-01,1.314741473047838444e-03
1.127159999999999940e+02,7.435935999999999657e-01,7.600254086552370170e-03,8.676289999999999836e-01,7.485509999999999907e-03,1.240353999999999901e-01,1.315675575533725803e-03
1.132800000000000011e+02,7.310022000000000464e-01,7.537867400437340583e-03,8.550210000000000310e-01,7.422309999999999672e-03,1.240187999999999846e-01,1.314822881789026341e-03
1.138460000000000036e+02,7.266766000000000059e-01,7.512073680614161572e-03,8.500670000000000170e-01,7.396800000000000250e-03,1.233903999999999834e-01,1.310954134581374282e-03
1.144150000000000063e+02,7.377067999999999959e-01,7.555619954220037585e-03,8.620790000000000397e-01,7.440259999999999756e-03,1.243722000000000022e-01,1.315265762121100527e-03
1.149869999999999948e+02,7.210784000000000082e-01,7.486177436126664406e-03,8.462790000000000035e-01,7.369129999999999778e-03,1.252005999999999952e-01,1.318626424834570127e-03
1.155619999999999976e+02,7.253428000000000653e-01,7.502023335652056521e-03,8.515430000000000499e-01,7.384439999999999928e-03,1.262002000000000124e-01,1.323026838377816105e-03
1.161400000000000006e+02,7.127358000000000304e-01,7.448826760499132824e-03,8.400950000000000362e-01,7.329460000000000315e-03,1.273591999999999780e-01,1.328170251258474575e-03
1.167210000000000036e+02,7.008482000000000323e-01,7.405305406218706289e-03,8.308379999999999654e-01,7.282849999999999567e-03,1.299897999999999887e-01,1.341135353673148086e-03
1.173050000000000068e+02,6.865871999999999531e-01,7.350424801433723572e-03,8.186900000000000288e-01,7.225139999999999688e-03,1.321028000000000202e-01,1.351331470044267067e-03
1.178910000000000053e+02,7.093895999999999535e-01,7.450841636159770409e-03,8.427000000000000046e-01,7.326230000000000415e-03,1.333103999999999956e-01,1.356980130374796497e-03
1.184809999999999945e+02,6.928399999999999004e-01,7.382405616394699041e-03,8.277729999999999810e-01,7.255150000000000141e-03,1.349330000000000251e-01,1.364811768148267278e-03
1.190729999999999933e+02,6.891548000000000673e-01,7.372539565220114638e-03,8.260920000000000485e-01,7.243239999999999748e-03,1.369372000000000089e-01,1.374705038594097907e-03
1.196680000000000064e+02,6.922898000000000662e-01,7.381759222742231667e-03,8.290110000000000534e-01,7.252960000000000136e-03,1.367212000000000149e-01,1.372931338756603692e-03
1.202669999999999959e+02,6.839020000000000099e-01,7.343136123762380660e-03,8.213629999999999542e-01,7.213060000000000305e-03,1.374609999999999999e-01,1.376013651278213150e-03
1.208679999999999950e+02,6.743255999999999695e-01,7.307011429596097819e-03,8.134599999999999609e-01,7.174780000000000393e-03,1.391344000000000192e-01,1.383816455982512118e-03
1.214719999999999942e+02,6.694510000000000183e-01,7.286669414101890757e-03,8.090100000000000069e-01,7.153829999999999911e-03,1.395590000000000164e-01,1.385015336199566958e-03
1.220799999999999983e+02,6.717793999999999155e-01,7.291421253147289776e-03,8.110859999999999737e-01,7.159119999999999720e-03,1.393066000000000026e-01,1.382687497755006115e-03
1.226899999999999977e+02,6.615406000000000342e-01,7.245283886995732871e-03,8.011620000000000408e-01,7.111969999999999577e-03,1.396214000000000066e-01,1.383481594478220764e-03
1.233040000000000020e+02,6.620614000000000221e-01,7.239543720201985048e-03,8.009330000000000060e-01,7.106989999999999662e-03,1.388716000000000117e-01,1.379016467130106350e-03
1.239200000000000017e+02,6.552489999999999704e-01,7.203096597198458198e-03,7.934090000000000309e-01,7.070790000000000408e-03,1.381600000000000050e-01,1.374237739429389838e-03
1.245400000000000063e+02,6.448133999999999810e-01,7.156011477075200841e-03,7.838469999999999605e-01,7.022190000000000203e-03,1.390336000000000072e-01,1.377442508394452177e-03
1.251620000000000061e+02,6.458869999999999889e-01,7.155965126891829751e-03,7.849859999999999616e-01,7.022320000000000298e-03,1.390990000000000004e-01,1.376538671774970570e-03
1.257879999999999967e+02,6.586571999999999427e-01,7.209765730223139692e-03,7.982489999999999863e-01,7.076930000000000373e-03,1.395917999999999881e-01,1.377600689532347761e-03
1.264170000000000016e+02,6.507763999999999216e-01,7.177456191462264906e-03,7.918539999999999468e-01,7.042859999999999746e-03,1.410775999999999974e-01,1.383474033279988996e-03
1.270490000000000066e+02,6.463993999999999573e-01,7.165236330473405760e-03,7.893219999999999681e-01,7.028849999999999681e-03,1.429226000000000107e-01,1.391358813906750681e-03
1.276839999999999975e+02,6.321561999999999459e-01,7.107395229252978439e-03,7.767389999999999572e-01,6.968440000000000224e-03,1.445828000000000113e-01,1.398538848658842154e-03
1.283230000000000075e+02,6.293645999999999407e-01,7.103815853240285152e-03,7.767800000000000260e-01,6.962229999999999808e-03,1.474154000000000297e-01,1.411223973665413781e-03
1.289639999999999986e+02,6.184093999999999980e-01,7.067807369648666446e-03,7.687249999999999917e-01,6.922870000000000239e-03,1.503155999999999937e-01,1.423998587625704059e-03
1.296090000000000089e+02,6.268382000000000120e-01,7.109831714094504498e-03,7.788019999999999943e-01,6.964439999999999693e-03,1.519637999999999822e-01,1.430483306139571781e-03
1.302570000000000050e+02,6.183918000000000470e-01,7.075041669055526054e-03,7.719430000000000458e-01,6.927570000000000082e-03,1.535511999999999710e-01,1.437006789814160908e-03
1.309089999999999918e+02,6.119052000000000380e-01,7.057907987257981512e-03,7.683550000000000102e-01,6.907560000000000089e-03,1.564498000000000000e-01,1.449027260958191772e-03
1.315629999999999882e+02,6.095341999999999150e-01,7.055268089100512514e-03,7.677479999999999860e-01,6.903440000000000271e-03,1.582138000000000155e-01,1.455789811573085729e-03
1.322210000000000036e+02,6.111419999999999630e-01,7.073894427346508716e-03,7.726889999999999592e-01,6.919449999999999733e-03,1.615469999999999962e-01,1.470100019299367452e-03
1.328820000000000050e+02,6.091683999999999433e-01,7.082779969640452117e-03,7.752269999999999994e-01,6.924340000000000182e-03,1.660586000000000007e-01,1.489727378663626648e-03
1.335459999999999923e+02,6.067643999999999815e-01,7.090512572828003984e-03,7.770369999999999777e-01,6.928440000000000119e-03,1.702726000000000239e-01,1.507344589611811503e-03
1.342139999999999986e+02,5.948090000000000321e-01,7.053476573787425923e-03,7.687030000000000252e-01,6.887260000000000083e-03,1.738940000000000208e-01,1.522229111982818361e-03
1.348849999999999909e+02,5.934572000000000180e-01,7.075584135312644983e-03,7.735579999999999679e-01,6.904129999999999642e-03,1.801008000000000053e-01,1.548185970414407350e-03
1.355600000000000023e+02,5.802062000000000053e-01,7.042695867620012151e-03,7.658789999999999765e-01,6.865249999999999825e-03,1.856727999999999990e-01,1.570957517341573222e-03
1.362379999999999995e+02,5.745221999999999829e-01,7.040585767577866097e-03,7.654149999999999565e-01,6.858300000000000333e-03,1.908928000000000014e-01,1.591718901257379703e-03
1.369190000000000111e+02,5.600760000000000183e-01,7.017491791781733761e-03,7.594680000000000319e-01,6.826630000000000198e-03,1.993919999999999859e-01,1.625519575650813441e-03
1.376030000000000086e+02,5.559020000000000072e-01,7.032658217006141146e-03,7.627169999999999783e-01,6.835319999999999764e-03,2.068149999999999711e-01,1.654292022233075973e-03
1.382909999999999968e+02,5.551468000000000513e-01,7.055809579622454759e-03,7.676460000000000505e-01,6.853940000000000206e-03,2.124991999999999714e-01,1.675695467646791783e-03
1.389830000000000041e+02,5.459486000000000061e-01,7.045709881941492753e-03,7.649730000000000141e-01,6.837600000000000101e-03,2.190243999999999802e-01,1.699780568334630353e-03
1.396779999999999973e+02,5.451052000000000675e-01,7.076222774445417585e-03,7.718340000000000201e-01,6.861919999999999652e-03,2.267287999999999804e-01,1.728288942040653083e-03
1.403760000000000048e+02,5.423982000000000525e-01,7.086232719525940166e-03,7.734250000000000291e-01,6.868400000000000200e-03,2.310267999999999766e-01,1.743495223761739894e-03
1.410780000000000030e+02,5.311273999999999162e-01,7.060865846598701236e-03,7.678509999999999502e-01,6.837039999999999958e-03,2.367236000000000062e-01,1.763720653069527147e-03
1.417829999999999870e+02,5.199095999999999718e-01,7.048939641853660225e-03,7.643969999999999931e-01,6.817460000000000013e-03,2.444873999999999936e-01,1.791588463597597585e-03
1.424919999999999902e+02,5.325758000000000436e-01,7.132679670810684186e-03,7.829519999999999813e-01,6.898620000000000273e-03,2.503761999999999932e-01,1.812225532872771506e-03
1.432050000000000125e+02,5.226138000000000172e-01,7.110686982231463442e-03,7.781780000000000364e-01,6.871200000000000051e-03,2.555641999999999636e-01,1.829885220246340758e-03
1.439209999999999923e+02,5.108422000000000240e-01,7.090582412601943718e-03,7.731259999999999799e-01,6.844120000000000412e-03,2.622837999999999559e-01,1.853208130648039114e-03
1.446399999999999864e+02,5.094541999999999682e-01,7.114118957313828907e-03,7.777290000000000036e-01,6.862929999999999725e-03,2.682747999999999799e-01,1.873734333866997146e-03
1.453640000000000043e+02,4.904631999999999326e-01,7.048799832209168455e-03,7.627939999999999721e-01,6.791479999999999913e-03,2.723308000000000395e-01,1.887161488625708301e-03
1.460900000000000034e+02,4.849826000000000414e-01,7.053221352960361602e-03,7.630470000000000308e-01,6.790769999999999793e-03,2.780643999999999894e-01,1.906141196489913618e-03
1.468209999999999980e+02,4.762026000000000314e-01,7.039517536712014585e-03,7.594520000000000159e-01,6.771779999999999813e-03,2.832493999999999845e-01,1.922967181538988088e-03
1.475550000000000068e+02,4.691377999999999382e-01,7.021489830445672847e-03,7.557239999999999513e-01,6.750100000000000197e-03,2.865862000000000132e-01,1.933253586328498351e-03
1.482930000000000064e+02,4.744691999999999243e-01,7.049593989860125122e-03,7.625539999999999541e-01,6.778160000000000088e-03,2.880848000000000297e-01,1.937349332534532564e-03
1.490339999999999918e+02,4.600028000000000450e-01,6.990935271575041306e-03,7.495000000000000551e-01,6.716029999999999570e-03,2.894972000000000101e-01,1.941163828854226229e-03
1.497789999999999964e+02,4.643261999999999112e-01,7.012100674872829772e-03,7.546469999999999567e-01,6.737489999999999625e-03,2.903208000000000455e-01,1.943137765175696405e-03
1.505279999999999916e+02,4.641165999999999903e-01,7.006705884132714314e-03,7.546530000000000182e-01,6.731850000000000160e-03,2.905364000000000280e-01,1.943224877424123715e-03
1.512810000000000059e+02,4.626245999999999414e-01,7.002034892319803847e-03,7.538399999999999546e-01,6.726610000000000054e-03,2.912154000000000131e-01,1.944533502196349418e-03
1.520370000000000061e+02,4.511261999999999772e-01,6.957208014041840055e-03,7.436760000000000037e-01,6.678899999999999768e-03,2.925498000000000265e-01,1.948085763165472231e-03
1.527969999999999970e+02,4.510112000000000010e-01,6.967685945525673753e-03,7.464269999999999516e-01,6.687280000000000307e-03,2.954157999999999507e-01,1.956766117111597737e-03
1.535610000000000070e+02,4.402860000000000107e-01,6.923890574062245042e-03,7.369229999999999947e-01,6.640680000000000367e-03,2.966369999999999840e-01,1.960007606920952886e-03
1.543290000000000077e+02,4.480953999999999771e-01,6.956949074944274343e-03,7.449139999999999651e-01,6.675170000000000235e-03,2.968185999999999880e-01,1.959909666915289183e-03
1.551009999999999991e+02,4.326375999999999555e-01,6.897231647275592695e-03,7.312849999999999628e-01,6.611299999999999642e-03,2.986474000000000073e-01,1.965328650933476952e-03
1.558760000000000048e+02,4.278906000000000653e-01,6.873973206631227122e-03,7.263840000000000297e-01,6.587349999999999629e-03,2.984933999999999643e-01,1.964262615584789779e-03
1.566560000000000059e+02,4.291409999999999947e-01,6.868265073533198761e-03,7.261039999999999717e-01,6.583079999999999835e-03,2.969629999999999770e-01,1.958602265370894789e-03
1.574389999999999930e+02,4.237666000000000488e-01,6.838225627694950563e-03,7.199750000000000316e-01,6.552670000000000022e-03,2.962083999999999828e-01,1.955465572789252642e-03
1.582259999999999991e+02,4.349737999999999660e-01,6.880286133022085748e-03,7.304289999999999949e-01,6.597500000000000066e-03,2.954552000000000289e-01,1.952263051501001035e-03
1.590169999999999959e+02,4.272765999999999509e-01,6.827803192302777345e-03,7.194939999999999669e-01,6.546119999999999890e-03,2.922174000000000160e-01,1.940930029243712702e-03
1.598120000000000118e+02,4.246067999999999509e-01,6.811866520096823002e-03,7.165589999999999460e-01,6.529980000000000333e-03,2.919521999999999951e-01,1.939300566497106958e-03
1.606119999999999948e+02,4.325935999999999670e-01,6.832453062730545201e-03,7.222359999999999891e-01,6.553960000000000168e-03,2.896424000000000221e-01,1.930808942597894706e-03
1.614149999999999920e+02,4.293313999999999742e-01,6.811614436100739411e-03,7.178889999999999993e-01,6.533439999999999734e-03,2.885576000000000252e-01,1.926720787373199014e-03
1.622220000000000084e+02,4.094383999999999801e-01,6.711842481281574471e-03,6.961469999999999603e-01,6.431329999999999859e-03,2.867085999999999801e-01,1.920110393866977490e-03
1.630329999999999870e+02,4.171221999999999985e-01,6.747611565026546097e-03,7.040980000000000016e-01,6.468449999999999721e-03,2.869758000000000031e-01,1.920785368014865050e-03
1.638480000000000132e+02,4.154341999999999757e-01,6.734236795601710596e-03,7.013509999999999467e-01,6.455569999999999885e-03,2.859167999999999710e-01,1.917175316536283858e-03
1.646670000000000016e+02,4.046850000000000169e-01,6.695280709680812882e-03,6.921859999999999680e-01,6.413290000000000310e-03,2.875009999999999510e-01,1.922627149845752229e-03
1.654910000000000139e+02,4.027600000000000069e-01,6.687395230561447163e-03,6.905780000000000252e-01,6.404779999999999675e-03,2.878180000000000183e-01,1.923550914672133173e-03
1.663180000000000121e+02,3.883241999999999527e-01,6.623717094565860670e-03,6.759579999999999478e-01,6.338360000000000348e-03,2.876337999999999950e-01,1.923231826703166933e-03
1.671500000000000057e+02,4.012643999999999656e-01,6.673031552789481131e-03,6.871249999999999858e-01,6.391609999999999826e-03,2.858606000000000202e-01,1.917464918172950882e-03
1.679850000000000136e+02,3.870640000000000747e-01,6.603173382108333198e-03,6.719450000000000145e-01,6.319520000000000345e-03,2.848809999999999398e-01,1.914566709149618292e-03
1.688249999999999886e+02,3.869797999999999849e-01,6.590646251075534846e-03,6.701639999999999819e-01,6.308049999999999942e-03,2.831841999999999970e-01,1.909220575081884124e-03
1.696690000000000111e+02,3.957891999999998967e-01,6.619643331746506709e-03,6.768729999999999469e-01,6.340389999999999568e-03,2.810838000000000503e-01,1.902401768143627660e-03
1.705180000000000007e+02,3.892597999999999336e-01,6.589024264654668589e-03,6.695339999999999625e-01,6.309229999999999873e-03,2.802742000000000289e-01,1.899699336028730801e-03
1.713700000000000045e+02,3.885577999999999532e-01,6.569545474278110260e-03,6.662249999999999561e-01,6.291439999999999706e-03,2.776672000000000029e-01,1.891219306428527274e-03
1.722270000000000039e+02,3.780911999999999606e-01,6.505744404172055136e-03,6.527330000000000076e-01,6.227940000000000385e-03,2.746418000000000470e-01,1.880817271511509795e-03
1.730879999999999939e+02,3.699866000000000543e-01,6.446653797624004277e-03,6.405030000000000445e-01,6.170489999999999829e-03,2.705163999999999902e-01,1.866654318913922540e-03
1.739540000000000077e+02,3.847247999999999779e-01,6.489671201182692709e-03,6.507199999999999651e-01,6.220060000000000346e-03,2.659951999999999872e-01,1.851130977499971684e-03
1.748230000000000075e+02,3.769480000000000608e-01,6.432451558422184849e-03,6.391940000000000399e-01,6.164229999999999710e-03,2.622459999999999791e-01,1.838124467643037583e-03
1.756980000000000075e+02,3.642793999999999754e-01,6.361305260103778184e-03,6.243279999999999941e-01,6.092379999999999671e-03,2.600486000000000186e-01,1.830057525823710046e-03
1.765759999999999934e+02,3.711190000000000877e-01,6.381822657297835620e-03,6.291130000000000333e-01,6.115970000000000087e-03,2.579939999999999456e-01,1.822792195588954266e-03
1.774590000000000032e+02,3.575820000000000110e-01,6.310706838556200300e-03,6.142360000000000042e-01,6.043279999999999832e-03,2.566539999999999933e-01,1.817632428132816974e-03
1.783460000000000036e+02,3.554437999999999764e-01,6.292586499891757515e-03,6.107939999999999481e-01,6.025830000000000249e-03,2.553501999999999716e-01,1.812737617450468170e-03
1.792379999999999995e+02,3.573080000000000700e-01,6.292918512593341680e-03,6.116340000000000110e-01,6.027369999999999776e-03,2.543259999999999410e-01,1.808765957563332385e-03
1.801339999999999861e+02,3.410961999999999605e-01,6.223349817979059902e-03,5.965829999999999744e-01,5.953499999999999591e-03,2.554868000000000139e-01,1.812710872406297523e-03
1.810349999999999966e+02,3.248976000000000641e-01,6.141159367614880578e-03,5.799560000000000271e-01,5.868139999999999988e-03,2.550583999999999629e-01,1.810737783016635669e-03
1.819399999999999977e+02,3.400315999999999894e-01,6.210728304616133962e-03,5.946799999999999864e-01,5.941459999999999970e-03,2.546483999999999970e-01,1.808922093999628528e-03
1.828499999999999943e+02,3.389030000000000653e-01,6.210796113536814697e-03,5.946700000000000319e-01,5.940449999999999897e-03,2.557669999999999666e-01,1.812468527016124556e-03
1.837640000000000100e+02,3.248652000000000761e-01,6.151692216915927332e-03,5.818410000000000526e-01,5.877480000000000031e-03,2.569757999999999765e-01,1.816189962879434126e-03
1.846829999999999927e+02,3.195964000000000582e-01,6.121158654163441973e-03,5.760260000000000380e-01,5.846340000000000217e-03,2.564295999999999798e-01,1.813530224131927908e-03
1.856059999999999945e+02,3.120683999999999680e-01,6.085140682616302192e-03,5.690079999999999583e-01,5.808159999999999712e-03,2.569395999999999902e-01,1.814997118904600627e-03
1.865339999999999918e+02,3.029051999999999856e-01,6.058336785433111882e-03,5.623960000000000070e-01,5.777390000000000303e-03,2.594908000000000214e-01,1.823515668600629667e-03
1.874670000000000130e+02,2.963856000000000823e-01,6.040035364076603956e-03,5.583320000000000505e-01,5.755520000000000080e-03,2.619463999999999682e-01,1.831943429502122826e-03
1.884039999999999964e+02,2.939973999999999643e-01,6.046339266195372569e-03,5.591720000000000024e-01,5.758629999999999825e-03,2.651746000000000381e-01,1.842932186770853591e-03
1.893460000000000036e+02,2.885282000000000679e-01,6.031290159386796211e-03,5.561120000000000507e-01,5.740140000000000346e-03,2.675837999999999828e-01,1.851284356093358275e-03
1.902930000000000064e+02,2.767499999999999960e-01,5.988329971704966191e-03,5.467899999999999983e-01,5.692290000000000023e-03,2.700400000000000023e-01,1.859551130224710875e-03
1.912439999999999998e+02,2.747175999999999507e-01,5.980059040473429538e-03,5.449659999999999505e-01,5.683259999999999874e-03,2.702483999999999997e-01,1.860554191618185235e-03
1.922009999999999934e+02,2.772696000000000049e-01,5.978249114519066688e-03,5.453590000000000382e-01,5.683790000000000196e-03,2.680894000000000332e-01,1.853103804741655300e-03
1.931620000000000061e+02,2.780035999999999619e-01,5.954561421839898658e-03,5.414099999999999469e-01,5.664009999999999705e-03,2.634063999999999850e-01,1.837332971010970529e-03
1.941279999999999859e+02,2.713760000000000061e-01,5.879792991137017082e-03,5.280989999999999851e-01,5.592889999999999667e-03,2.567229999999999790e-01,1.814262127291423141e-03
1.950980000000000132e+02,2.753894000000000064e-01,5.849963574120781856e-03,5.238030000000000186e-01,5.571050000000000134e-03,2.484135999999999844e-01,1.784790104197129298e-03
1.960740000000000123e+02,2.756889999999999619e-01,5.800786848850766203e-03,5.160369999999999679e-01,5.528820000000000262e-03,2.403480000000000061e-01,1.755356793760174576e-03
1.970540000000000020e+02,2.898803999999999825e-01,5.819247563659755637e-03,5.215859999999999941e-01,5.558289999999999585e-03,2.317056000000000116e-01,1.723094449837268881e-03
1.980389999999999873e+02,2.904553999999999747e-01,5.773684094293347717e-03,5.145330000000000181e-01,5.519600000000000374e-03,2.240776000000000434e-01,1.693943287331662424e-03
1.990289999999999964e+02,2.901683999999999375e-01,5.742461585248612513e-03,5.097009999999999597e-01,5.492300000000000307e-03,2.195326000000000222e-01,1.676456312599883909e-03
2.000250000000000057e+02,2.769309999999999827e-01,5.656449629155730144e-03,4.934049999999999825e-01,5.405899999999999941e-03,2.164739999999999998e-01,1.664832603349658199e-03
2.010250000000000057e+02,2.768425999999999942e-01,5.634704561736665791e-03,4.900950000000000029e-01,5.386959999999999665e-03,2.132524000000000086e-01,1.652439849572746259e-03
2.020300000000000011e+02,2.824917999999999596e-01,5.650279470400380345e-03,4.936200000000000032e-01,5.405700000000000262e-03,2.111282000000000159e-01,1.644404330944187337e-03
2.030399999999999920e+02,2.811951999999999785e-01,5.640764550058440137e-03,4.914890000000000092e-01,5.396640000000000291e-03,2.102938000000000029e-01,1.641493655058099939e-03
2.040550000000000068e+02,2.769731999999999195e-01,5.606336540307226002e-03,4.856539999999999746e-01,5.362630000000000174e-03,2.086808000000000551e-01,1.634995072250678295e-03
2.050749999999999886e+02,2.635920000000000485e-01,5.521300750259127213e-03,4.701600000000000223e-01,5.276300000000000261e-03,2.065680000000000016e-01,1.626474803005567571e-03
2.061009999999999991e+02,2.731228000000000544e-01,5.556129431491314830e-03,4.774180000000000090e-01,5.315499999999999912e-03,2.042951999999999546e-01,1.617415843091689429e-03
2.071310000000000002e+02,2.717363999999999891e-01,5.530875432198053589e-03,4.730610000000000093e-01,5.292700000000000009e-03,2.013246000000000202e-01,1.605587044196607862e-03
2.081670000000000016e+02,2.774560000000000359e-01,5.542188016674642545e-03,4.757040000000000157e-01,5.308280000000000290e-03,1.982480000000000075e-01,1.593113760461568450e-03
2.092079999999999984e+02,2.792499999999999982e-01,5.534368302322497345e-03,4.747219999999999773e-01,5.303460000000000292e-03,1.954719999999999791e-01,1.581943277792222102e-03
2.102539999999999907e+02,2.840972000000000497e-01,5.540770781224575899e-03,4.768800000000000261e-01,5.313299999999999967e-03,1.927828000000000042e-01,1.571300085939028980e-03
2.113050000000000068e+02,2.846279999999999921e-01,5.538609949495631318e-03,4.764709999999999779e-01,5.312060000000000393e-03,1.918430000000000135e-01,1.567870762866633433e-03
2.123619999999999948e+02,2.748344000000000342e-01,5.489258861490137371e-03,4.668760000000000132e-01,5.260250000000000169e-03,1.920415999999999790e-01,1.568991008880547822e-03
2.134240000000000066e+02,2.701664000000000287e-01,5.464212144620668281e-03,4.621950000000000225e-01,5.233940000000000294e-03,1.920285999999999937e-01,1.569549756401497588e-03
2.144910000000000139e+02,2.809233999999999898e-01,5.527479701860152535e-03,4.734599999999999920e-01,5.299179999999999689e-03,1.925366000000000022e-01,1.572171486217709135e-03
2.155629999999999882e+02,2.791151999999999522e-01,5.524319145916173866e-03,4.721969999999999779e-01,5.295039999999999990e-03,1.930818000000000256e-01,1.575009023572880888e-03
2.166409999999999911e+02,2.635031999999999930e-01,5.440099257676830717e-03,4.564389999999999836e-01,5.207090000000000156e-03,1.929357999999999906e-01,1.575085288254575748e-03
2.177239999999999895e+02,2.646669999999999856e-01,5.463954898334355721e-03,4.597609999999999753e-01,5.229000000000000141e-03,1.950939999999999896e-01,1.585043258410318706e-03
2.188129999999999882e+02,2.568240000000000522e-01,5.438526516244266903e-03,4.540310000000000179e-01,5.199640000000000165e-03,1.972069999999999657e-01,1.594150099047138020e-03
2.199070000000000107e+02,2.545818000000000247e-01,5.445651029566253229e-03,4.544210000000000194e-01,5.203469999999999970e-03,1.998391999999999946e-01,1.605931223594584583e-03
2.210060000000000002e+02,2.572197999999999984e-01,5.480382481393793540e-03,4.601390000000000202e-01,5.235759999999999893e-03,2.029192000000000218e-01,1.619076701323318972e-03
2.221109999999999900e+02,2.554731999999999559e-01,5.489209739898084743e-03,4.610759999999999859e-01,5.241479999999999750e-03,2.056028000000000022e-01,1.630432757948637682e-03
2.232220000000000084e+02,2.464466000000000157e-01,5.463652444040708114e-03,4.551140000000000185e-01,5.210809999999999748e-03,2.086674000000000029e-01,1.642850319771098442e-03
2.243379999999999939e+02,2.478539999999999910e-01,5.479585387833279739e-03,4.576410000000000200e-01,5.225969999999999921e-03,2.097870000000000290e-01,1.647754102302889222e-03
2.254600000000000080e+02,2.538121999999999878e-01,5.513087604465214710e-03,4.641359999999999930e-01,5.260410000000000086e-03,2.103238000000000052e-01,1.649915624026877109e-03
2.265869999999999891e+02,2.449610000000000121e-01,5.474168682272039822e-03,4.563710000000000266e-01,5.218310000000000309e-03,2.114100000000000146e-01,1.654014360840920820e-03
2.277199999999999989e+02,2.395961999999999814e-01,5.444655809395484297e-03,4.506279999999999730e-01,5.187899999999999630e-03,2.110317999999999916e-01,1.652262228819626703e-03
2.288590000000000089e+02,2.368270000000000097e-01,5.405561438434679754e-03,4.445399999999999907e-01,5.151150000000000173e-03,2.077129999999999810e-01,1.638825232351515853e-03
2.300029999999999859e+02,2.306591999999999532e-01,5.359250834192405555e-03,4.370809999999999973e-01,5.104329999999999805e-03,2.064218000000000441e-01,1.633213015773508914e-03
2.311529999999999916e+02,2.317541999999999935e-01,5.366799205830230686e-03,4.384170000000000011e-01,5.112109999999999571e-03,2.066628000000000076e-01,1.633666142025352614e-03
2.323089999999999975e+02,2.482324000000000197e-01,5.457251492945875727e-03,4.551279999999999770e-01,5.206879999999999668e-03,2.068955999999999573e-01,1.634011787858337048e-03
2.334699999999999989e+02,2.395152000000000392e-01,5.421235224156944685e-03,4.483010000000000050e-01,5.166900000000000312e-03,2.087857999999999659e-01,1.641016680488044301e-03
2.346380000000000052e+02,2.331689999999999874e-01,5.414711935929740830e-03,4.459770000000000123e-01,5.155009999999999801e-03,2.128080000000000249e-01,1.656797286634668475e-03
2.358110000000000070e+02,2.194600000000000162e-01,5.367156257945170095e-03,4.368589999999999973e-01,5.099229999999999735e-03,2.173989999999999811e-01,1.674580456203881478e-03
2.369900000000000091e+02,2.207944000000000018e-01,5.393105055334264548e-03,4.410499999999999976e-01,5.122830000000000092e-03,2.202555999999999958e-01,1.685881054218238808e-03
2.381750000000000114e+02,2.304925999999999919e-01,5.466717237927713399e-03,4.535219999999999807e-01,5.196690000000000337e-03,2.230293999999999888e-01,1.696882554379058970e-03
2.393660000000000139e+02,2.217703999999999787e-01,5.447969508917610733e-03,4.491399999999999837e-01,5.171259999999999572e-03,2.273696000000000050e-01,1.714188374273959651e-03
2.405620000000000118e+02,2.228933999999999638e-01,5.470158814850990640e-03,4.524799999999999933e-01,5.191819999999999768e-03,2.295866000000000295e-01,1.722684691779665170e-03
2.417649999999999864e+02,2.134165999999999841e-01,5.427082683042152092e-03,4.444469999999999810e-01,5.144430000000000183e-03,2.310303999999999969e-01,1.728602448128545212e-03
2.429739999999999895e+02,2.150454000000000532e-01,5.436822636434262071e-03,4.460970000000000213e-01,5.154609999999999574e-03,2.310515999999999681e-01,1.728882913312523861e-03
2.441889999999999930e+02,2.078183999999999865e-01,5.393651190452345041e-03,4.377139999999999920e-01,5.110420000000000067e-03,2.298956000000000055e-01,1.724842192163677417e-03
2.454099999999999966e+02,2.099386000000000307e-01,5.385006961415741630e-03,4.366430000000000033e-01,5.105329999999999938e-03,2.267043999999999726e-01,1.712864724838479525e-03
2.466370000000000005e+02,2.188310000000000255e-01,5.405153103936650300e-03,4.413020000000000276e-01,5.131830000000000419e-03,2.224710000000000021e-01,1.697056548290598208e-03
2.478700000000000045e+02,2.109475999999999851e-01,5.327375349137321130e-03,4.288790000000000102e-01,5.055669999999999956e-03,2.179314000000000251e-01,1.679621672191687360e-03
2.491090000000000089e+02,2.157211999999999741e-01,5.334470481306275227e-03,4.309379999999999877e-01,5.066690000000000429e-03,2.152168000000000136e-01,1.668900164727656716e-03
2.503549999999999898e+02,2.188629999999999742e-01,5.314217526112381511e-03,4.281579999999999830e-01,5.052949999999999629e-03,2.092950000000000088e-01,1.645783768403370718e-03
2.516069999999999993e+02,2.166543999999999692e-01,5.268636147001612424e-03,4.206159999999999899e-01,5.011909999999999629e-03,2.039616000000000207e-01,1.624587640415868809e-03
2.528650000000000091e+02,2.242670000000000219e-01,5.274342099161942118e-03,4.231230000000000269e-01,5.024449999999999750e-03,1.988560000000000050e-01,1.604240248993896948e-03
2.541289999999999907e+02,2.201883999999999786e-01,5.218445498509302789e-03,4.141670000000000074e-01,4.972110000000000071e-03,1.939786000000000288e-01,1.584391229719478130e-03
2.554000000000000057e+02,2.159041999999999906e-01,5.152659424420752421e-03,4.038530000000000175e-01,4.910939999999999923e-03,1.879488000000000270e-01,1.559669022732707716e-03
2.566770000000000209e+02,2.194603999999999999e-01,5.158922841498988360e-03,4.052470000000000239e-01,4.920390000000000180e-03,1.857866000000000239e-01,1.550563488684033155e-03
2.579599999999999795e+02,2.233785999999999827e-01,5.157581777482931826e-03,4.057270000000000043e-01,4.923529999999999747e-03,1.823484000000000216e-01,1.536067098314393203e-03
2.592500000000000000e+02,2.147570000000000312e-01,5.095248140537220020e-03,3.954670000000000130e-01,4.860419999999999845e-03,1.807099999999999818e-01,1.529009822482511145e-03
2.605459999999999923e+02,2.251844000000000068e-01,5.142586242221709042e-03,4.037310000000000065e-01,4.912800000000000153e-03,1.785465999999999998e-01,1.520062307501899787e-03
2.618489999999999895e+02,2.298964000000000008e-01,5.175146934486788558e-03,4.089559999999999862e-01,4.946070000000000327e-03,1.790595999999999854e-01,1.522674406637216857e-03
2.631580000000000155e+02,2.179326000000000318e-01,5.095630290074428317e-03,3.956680000000000197e-01,4.864430000000000316e-03,1.777353999999999878e-01,1.517487669875442532e-03
2.644739999999999895e+02,2.149511999999999812e-01,5.088228086161232858e-03,3.939969999999999861e-01,4.854800000000000261e-03,1.790458000000000049e-01,1.523476949874857760e-03
2.657959999999999923e+02,2.137806000000000151e-01,5.098433005706361036e-03,3.953860000000000152e-01,4.862000000000000002e-03,1.816054000000000002e-01,1.534592816898345830e-03
2.671250000000000000e+02,2.043648000000000131e-01,5.082832667400727367e-03,3.910410000000000275e-01,4.838659999999999836e-03,1.866762000000000143e-01,1.556456658309507933e-03
2.684610000000000127e+02,2.105445999999999984e-01,5.146080348883409934e-03,4.004489999999999994e-01,4.900719999999999903e-03,1.899044000000000010e-01,1.570059374279839061e-03
2.698029999999999973e+02,2.062978000000000312e-01,5.163646596500190422e-03,4.016520000000000090e-01,4.911780000000000139e-03,1.953541999999999779e-01,1.593004521383414168e-03
2.711519999999999868e+02,1.975914000000000281e-01,5.150971950852770501e-03,3.987160000000000148e-01,4.890679999999999680e-03,2.011245999999999867e-01,1.616713077844055945e-03
2.725079999999999814e+02,1.963630000000000098e-01,5.193698728785488619e-03,4.040900000000000047e-01,4.926739999999999765e-03,2.077269999999999950e-01,1.643696887442450518e-03
2.738709999999999809e+02,1.851771999999999863e-01,5.175614923107011225e-03,3.992850000000000010e-01,4.898969999999999887e-03,2.141078000000000148e-01,1.669455830918566185e-03
2.752400000000000091e+02,1.763884000000000007e-01,5.183222388728849807e-03,3.987080000000000068e-01,4.895860000000000142e-03,2.223196000000000061e-01,1.701866384714146837e-03
2.766159999999999854e+02,1.778425999999999896e-01,5.259446143360724420e-03,4.091049999999999964e-01,4.964529999999999985e-03,2.312624000000000068e-01,1.736437621687574430e-03
2.779990000000000236e+02,1.760557999999999845e-01,5.309529101369349011e-03,4.156009999999999982e-01,5.006410000000000200e-03,2.395452000000000137e-01,1.768320726052827977e-03
2.793890000000000100e+02,1.660280000000000089e-01,5.311005029136763901e-03,4.134619999999999962e-01,4.997299999999999659e-03,2.474339999999999873e-01,1.798267813623988156e-03
2.807860000000000014e+02,1.571153999999999606e-01,5.321784610662855762e-03,4.132339999999999902e-01,4.997129999999999801e-03,2.561186000000000296e-01,1.830323251611036929e-03
2.821899999999999977e+02,1.460612000000000021e-01,5.312587377018471689e-03,4.096779999999999866e-01,4.977060000000000164e-03,2.636167999999999845e-01,1.858079221899862962e-03
2.836009999999999991e+02,1.466145999999999838e-01,5.364456197720697539e-03,4.167449999999999766e-01,5.023490000000000247e-03,2.701303999999999927e-01,1.882003856840893958e-03
2.850190000000000055e+02,1.415897999999999879e-01,5.388175973033175123e-03,4.186010000000000009e-01,5.039450000000000006e-03,2.770112000000000130e-01,1.906930521511468165e-03
2.864440000000000168e+02,1.330091999999999941e-01,5.382313287565487596e-03,4.159499999999999864e-01,5.024930000000000369e-03,2.829407999999999923e-01,1.928568075180132164e-03
2.878759999999999764e+02,1.298302000000000067e-01,5.376376162956978191e-03,4.141340000000000021e-01,5.016210000000000113e-03,2.843037999999999954e-01,1.934698395490108431e-03
2.893159999999999741e+02,1.200211999999999946e-01,5.330069727555540766e-03,4.048140000000000072e-01,4.965409999999999963e-03,2.847928000000000126e-01,1.937613695374803017e-03
2.907620000000000005e+02,1.231546000000000030e-01,5.345132658832706975e-03,4.067450000000000232e-01,4.982659999999999867e-03,2.835904000000000202e-01,1.934823626308093290e-03
2.922160000000000082e+02,1.253312000000000315e-01,5.341537740877620906e-03,4.062450000000000228e-01,4.981720000000000245e-03,2.809137999999999913e-01,1.927301553680689592e-03
2.936770000000000209e+02,1.259618000000000126e-01,5.314701082981807857e-03,4.019730000000000247e-01,4.958930000000000282e-03,2.760112000000000121e-01,1.911821345353168552e-03
2.951460000000000150e+02,1.301560000000000494e-01,5.300279151120250616e-03,4.000799999999999912e-01,4.951080000000000064e-03,2.699239999999999418e-01,1.892026932525010547e-03
2.966209999999999809e+02,1.253408000000000300e-01,5.233826915658178203e-03,3.888670000000000182e-01,4.887850000000000007e-03,2.635261999999999882e-01,1.871327486189416304e-03
2.981039999999999850e+02,1.257856000000000529e-01,5.187257019646124810e-03,3.819310000000000205e-01,4.847429999999999795e-03,2.561453999999999676e-01,1.846634176811422483e-03
2.995950000000000273e+02,1.342928000000000177e-01,5.183497503258200322e-03,3.819830000000000170e-01,4.854490000000000367e-03,2.476901999999999993e-01,1.817298326138006319e-03
3.010930000000000177e+02,1.324241999999999919e-01,5.125509273193835057e-03,3.732300000000000062e-01,4.801389999999999998e-03,2.408058000000000143e-01,1.793738937943869290e-03
3.025980000000000132e+02,1.499303999999999915e-01,5.195501368440201030e-03,3.854909999999999726e-01,4.882550000000000258e-03,2.355605999999999811e-01,1.775933548014677413e-03
3.041109999999999900e+02,1.478156000000000192e-01,5.152906098511401793e-03,3.784330000000000194e-01,4.843469999999999893e-03,2.306174000000000002e-01,1.758760819206522984e-03
3.056320000000000050e+02,1.432149999999999812e-01,5.108626821193734333e-03,3.709480000000000000e-01,4.799669999999999805e-03,2.277330000000000187e-01,1.749638788241733144e-03
3.071600000000000250e+02,1.424189999999999900e-01,5.066213939404454365e-03,3.645550000000000179e-01,4.761699999999999787e-03,2.221360000000000279e-01,1.729952828783490283e-03
3.086960000000000264e+02,1.500273999999999774e-01,5.080969535029707454e-03,3.667949999999999822e-01,4.784329999999999833e-03,2.167676000000000047e-01,1.710683450261912125e-03
3.102389999999999759e+02,1.498200000000000087e-01,5.042530971915987724e-03,3.609580000000000011e-01,4.750779999999999587e-03,2.111379999999999924e-01,1.690327777187608255e-03
3.117909999999999968e+02,1.504393999999999731e-01,4.986205421566584223e-03,3.530409999999999937e-01,4.702500000000000083e-03,2.026016000000000206e-01,1.657931921418970712e-03
3.133500000000000227e+02,1.528817999999999844e-01,4.943846494114880960e-03,3.473040000000000016e-01,4.668789999999999919e-03,1.944222000000000172e-01,1.626043693531019699e-03
3.149159999999999968e+02,1.561506000000000283e-01,4.923191407427909491e-03,3.444690000000000252e-01,4.655059999999999927e-03,1.883183999999999969e-01,1.602569820810313250e-03
3.164909999999999854e+02,1.642142000000000046e-01,4.913972526080299941e-03,3.437189999999999968e-01,4.657460000000000419e-03,1.795047999999999921e-01,1.566905337112615548e-03
3.180729999999999791e+02,1.676615999999999940e-01,4.873667310534850368e-03,3.385369999999999768e-01,4.627000000000000036e-03,1.708753999999999829e-01,1.530850761431694872e-03
3.196639999999999873e+02,1.659874000000000072e-01,4.812664993497469540e-03,3.294199999999999906e-01,4.573110000000000022e-03,1.634325999999999834e-01,1.499469662092567856e-03
3.212620000000000005e+02,1.631272000000000000e-01,4.729510354812218806e-03,3.179710000000000036e-01,4.497919999999999870e-03,1.548438000000000037e-01,1.461842628286643070e-03
3.228679999999999950e+02,1.746344000000000229e-01,4.738761400923241843e-03,3.206260000000000221e-01,4.520500000000000212e-03,1.459915999999999991e-01,1.421597469356216791e-03
3.244830000000000041e+02,1.802167999999999826e-01,4.725001494018811476e-03,3.190359999999999863e-01,4.516400000000000275e-03,1.388192000000000037e-01,1.388441629482492848e-03
3.261050000000000182e+02,1.800665999999999656e-01,4.679463756100264889e-03,3.128679999999999795e-01,4.477349999999999733e-03,1.328014000000000139e-01,1.360410975461459702e-03
3.277359999999999900e+02,1.783259999999999845e-01,4.629104221880946113e-03,3.056699999999999973e-01,4.432720000000000236e-03,1.273440000000000127e-01,1.334016228775347559e-03
3.293740000000000236e+02,1.765125999999999917e-01,4.587089044147715788e-03,2.993750000000000022e-01,4.395310000000000362e-03,1.228624000000000105e-01,1.312492248678063557e-03
3.310210000000000150e+02,1.756938000000000111e-01,4.557526331136662473e-03,2.953600000000000114e-01,4.369010000000000428e-03,1.196662000000000142e-01,1.297226995904725939e-03
3.326759999999999877e+02,1.869470000000000021e-01,4.618293227114103443e-03,3.035950000000000037e-01,4.436599999999999745e-03,1.166480000000000017e-01,1.282658478164784132e-03
3.343399999999999750e+02,1.789663999999999699e-01,4.540814509896654201e-03,2.924729999999999830e-01,4.360519999999999674e-03,1.135066000000000130e-01,1.266831379027216677e-03
3.360110000000000241e+02,1.901983999999999619e-01,4.611079654261027866e-03,3.019009999999999749e-01,4.435999999999999839e-03,1.117026000000000130e-01,1.258554558984234170e-03
3.376909999999999741e+02,1.847043999999999908e-01,4.558999407899061961e-03,2.942339999999999955e-01,4.384879999999999854e-03,1.095296000000000047e-01,1.247919463276376574e-03
3.393799999999999955e+02,1.770567999999999864e-01,4.485734774466720691e-03,2.839579999999999882e-01,4.312439999999999850e-03,1.069012000000000018e-01,1.234778406541027799e-03
3.410769999999999982e+02,1.756571999999999578e-01,4.465364661260264739e-03,2.808109999999999773e-01,4.293710000000000061e-03,1.051538000000000056e-01,1.226187585132062921e-03
3.427819999999999823e+02,1.729368000000000016e-01,4.445559014677006107e-03,2.775320000000000009e-01,4.273579999999999914e-03,1.045951999999999993e-01,1.224544379177822974e-03
3.444959999999999809e+02,1.769270000000000009e-01,4.466590560068831040e-03,2.802399999999999891e-01,4.297139999999999641e-03,1.033129999999999882e-01,1.218613577675876653e-03
3.462180000000000177e+02,1.692871999999999710e-01,4.411284667317673901e-03,2.720319999999999960e-01,4.240210000000000333e-03,1.027448000000000111e-01,1.216573701841363979e-03
3.479499999999999886e+02,1.730331199999999847e-01,4.443930569598944849e-03,2.755409999999999804e-01,4.274159999999999938e-03,1.025078799999999957e-01,1.216583413423017205e-03
3.496890000000000214e+02,1.735630000000000228e-01,4.440851253946252047e-03,2.748900000000000232e-01,4.272549999999999959e-03,1.013269999999999865e-01,1.210981567645024164e-03
3.514379999999999882e+02,1.696787399999999946e-01,4.396204904832804079e-03,2.682999999999999829e-01,4.230290000000000265e-03,9.862126000000000225e-02,1.196354496449944472e-03
3.531949999999999932e+02,1.744533000000000333e-01,4.428527120104832140e-03,2.720250000000000168e-01,4.265210000000000182e-03,9.757169999999999732e-02,1.191568759830501740e-03
3.549610000000000127e+02,1.810057000000000194e-01,4.480120036434291110e-03,2.786310000000000175e-01,4.318179999999999588e-03,9.762529999999999819e-02,1.193648620180997764e-03
3.567359999999999900e+02,1.664361799999999891e-01,4.382642088457600581e-03,2.646959999999999869e-01,4.215439999999999986e-03,9.825981999999999772e-02,1.199006789772268057e-03
3.585190000000000055e+02,1.814495799999999992e-01,4.505038668698416356e-03,2.799989999999999979e-01,4.341590000000000206e-03,9.854941999999998481e-02,1.202484793404057922e-03
3.603120000000000118e+02,1.691404599999999925e-01,4.430778064732197701e-03,2.690509999999999846e-01,4.261589999999999996e-03,9.991053999999999213e-02,1.212701501117236956e-03
3.621139999999999759e+02,1.754624800000000318e-01,4.489630533575340691e-03,2.756370000000000209e-01,4.321870000000000225e-03,1.001745200000000030e-01,1.215821545750855708e-03
3.639239999999999782e+02,1.700242200000000037e-01,4.438028472273695957e-03,2.684610000000000052e-01,4.270819999999999825e-03,9.843678000000000150e-02,1.206728324152540974e-03
3.657440000000000282e+02,1.722943200000000008e-01,4.446473911065261693e-03,2.691950000000000176e-01,4.281830000000000358e-03,9.690068000000000292e-02,1.198775247026731116e-03
3.675720000000000027e+02,1.732906999999999920e-01,4.453775836796908770e-03,2.694389999999999841e-01,4.290200000000000090e-03,9.614829999999999210e-02,1.195952827011165839e-03
3.694100000000000250e+02,1.648959000000000119e-01,4.388879017426659986e-03,2.602430000000000021e-01,4.223779999999999896e-03,9.534709999999999019e-02,1.192451903100498218e-03
3.712570000000000050e+02,1.675111800000000095e-01,4.413466773136510111e-03,2.627610000000000223e-01,4.248909999999999840e-03,9.524982000000001281e-02,1.193923267835919188e-03
3.731139999999999759e+02,1.629914199999999980e-01,4.388367255454812474e-03,2.585020000000000095e-01,4.221830000000000201e-03,9.551058000000001158e-02,1.197463410651031148e-03
3.749789999999999850e+02,1.709098600000000245e-01,4.464033670605094956e-03,2.669750000000000179e-01,4.298879999999999715e-03,9.606513999999999331e-02,1.203007630024016108e-03
3.768539999999999850e+02,1.660992000000000024e-01,4.449167981913472805e-03,2.640979999999999994e-01,4.279540000000000080e-03,9.799879999999999702e-02,1.216812688824372816e-03
3.787379999999999995e+02,1.674427399999999788e-01,4.476672444033849736e-03,2.662599999999999967e-01,4.306169999999999790e-03,9.881726000000000398e-02,1.223722232482518917e-03
3.806320000000000050e+02,1.614878800000000003e-01,4.443931913827663636e-03,2.607639999999999958e-01,4.270760000000000181e-03,9.927611999999999548e-02,1.228470543861756581e-03
3.825350000000000250e+02,1.550422999999999940e-01,4.410626161012968539e-03,2.558860000000000023e-01,4.232679999999999949e-03,1.008437000000000083e-01,1.240178676567211310e-03
3.844479999999999791e+02,1.576632800000000167e-01,4.437953343905723901e-03,2.585749999999999993e-01,4.260489999999999590e-03,1.009117199999999964e-01,1.242439069968422896e-03
3.863700000000000045e+02,1.634146799999999788e-01,4.493135040190089635e-03,2.641890000000000072e-01,4.317640000000000193e-03,1.007743200000000144e-01,1.243481933839008348e-03
3.883020000000000209e+02,1.632038400000000167e-01,4.493074048592567149e-03,2.637880000000000225e-01,4.317380000000000002e-03,1.005841600000000058e-01,1.244164113666681830e-03
3.902440000000000282e+02,1.554501199999999694e-01,4.436890750225432750e-03,2.558179999999999898e-01,4.258679999999999931e-03,1.003678800000000065e-01,1.244847053672056480e-03
3.921949999999999932e+02,1.555807200000000334e-01,4.446443965014289408e-03,2.562440000000000273e-01,4.267560000000000103e-03,1.006632799999999939e-01,1.248517352867792697e-03
3.941560000000000059e+02,1.570079999999999809e-01,4.473333867649049306e-03,2.584099999999999731e-01,4.293589999999999907e-03,1.014019999999999921e-01,1.255309046950590793e-03
3.961270000000000095e+02,1.571226000000000012e-01,4.479323628455082577e-03,2.582550000000000123e-01,4.299650000000000347e-03,1.011324000000000112e-01,1.255925971519022532e-03
3.981070000000000277e+02,1.570934800000000076e-01,4.499155233847348945e-03,2.593420000000000170e-01,4.317579999999999682e-03,1.022485199999999955e-01,1.265267071355293026e-03
4.000980000000000132e+02,1.548137999999999737e-01,4.498396875573786209e-03,2.583159999999999901e-01,4.313919999999999734e-03,1.035022000000000164e-01,1.275017130775896656e-03
4.020980000000000132e+02,1.563187999999999800e-01,4.529801489524237085e-03,2.608579999999999788e-01,4.344029999999999593e-03,1.045391999999999849e-01,1.283941156594024021e-03
4.041089999999999804e+02,1.467988000000000071e-01,4.474083003251057636e-03,2.526740000000000097e-01,4.282750000000000098e-03,1.058751999999999888e-01,1.294399921770702198e-03
4.061290000000000191e+02,1.479836000000000484e-01,4.508732019312747252e-03,2.554100000000000259e-01,4.315300000000000212e-03,1.074263999999999913e-01,1.306464822326265261e-03
4.081600000000000250e+02,1.509523999999999866e-01,4.560840463438290381e-03,2.602869999999999906e-01,4.365520000000000338e-03,1.093345999999999901e-01,1.320416927540691643e-03
4.102010000000000218e+02,1.435092000000000034e-01,4.527886779141016525e-03,2.549210000000000087e-01,4.326510000000000425e-03,1.114117999999999914e-01,1.335316406182444904e-03
4.122520000000000095e+02,1.449229999999999685e-01,4.562218743774129788e-03,2.575259999999999772e-01,4.359499999999999660e-03,1.126030000000000086e-01,1.344841855403080448e-03
4.143129999999999882e+02,1.454188000000000147e-01,4.587916533608692865e-03,2.594819999999999904e-01,4.382959999999999981e-03,1.140631999999999896e-01,1.355964511983997383e-03
4.163840000000000146e+02,1.438658000000000159e-01,4.592192720945408556e-03,2.586910000000000043e-01,4.385309999999999903e-03,1.148251999999999884e-01,1.362824343121298845e-03
4.184660000000000082e+02,1.444735999999999798e-01,4.601043392315269653e-03,2.591100000000000070e-01,4.394200000000000016e-03,1.146364000000000133e-01,1.364040563168119301e-03
4.205590000000000259e+02,1.388620000000000132e-01,4.575761243011264995e-03,2.543090000000000073e-01,4.365349999999999613e-03,1.154469999999999941e-01,1.371608665233637345e-03
4.226619999999999777e+02,1.357899999999999940e-01,4.561047945568649786e-03,2.514049999999999896e-01,4.348730000000000304e-03,1.156149999999999956e-01,1.375392943444163525e-03
4.247749999999999773e+02,1.386081999999999870e-01,4.599025388848815635e-03,2.549379999999999979e-01,4.386359999999999738e-03,1.163298000000000110e-01,1.382346005049387132e-03
4.268990000000000009e+02,1.418808000000000291e-01,4.641886406444690853e-03,2.587420000000000275e-01,4.429500000000000277e-03,1.168611999999999984e-01,1.388034279236647923e-03
4.290330000000000155e+02,1.337661999999999740e-01,4.582270092898497321e-03,2.508199999999999874e-01,4.365680000000000255e-03,1.170538000000000134e-01,1.392134096224929233e-03
4.311779999999999973e+02,1.378189999999999971e-01,4.618470279210639372e-03,2.538420000000000121e-01,4.404609999999999775e-03,1.160230000000000150e-01,1.389128672172596120e-03
4.333340000000000032e+02,1.297890000000000155e-01,4.575307912897229844e-03,2.471740000000000048e-01,4.355720000000000425e-03,1.173849999999999894e-01,1.400409147149503548e-03
4.355009999999999764e+02,1.338353999999999933e-01,4.618006606879639445e-03,2.515899999999999803e-01,4.398909999999999799e-03,1.177546000000000009e-01,1.405551789541744376e-03
4.376779999999999973e+02,1.344099999999999739e-01,4.650622694739274879e-03,2.539609999999999923e-01,4.428579999999999670e-03,1.195510000000000045e-01,1.419848806184658557e-03
4.398670000000000186e+02,1.290613999999999928e-01,4.632166928132448562e-03,2.500149999999999872e-01,4.405540000000000324e-03,1.209535999999999945e-01,1.431149104211018337e-03
4.420659999999999741e+02,1.231358000000000175e-01,4.604415692192006561e-03,2.452400000000000135e-01,4.373209999999999771e-03,1.221041999999999961e-01,1.440721403465638779e-03
4.442760000000000105e+02,1.216303999999999857e-01,4.598406725433931003e-03,2.434429999999999927e-01,4.366540000000000352e-03,1.218126000000000070e-01,1.441760327140402271e-03
4.464979999999999905e+02,1.155985999999999819e-01,4.547652491159807388e-03,2.368129999999999957e-01,4.313199999999999673e-03,1.212144000000000138e-01,1.441335818035477650e-03
4.487300000000000182e+02,1.209536000000000083e-01,4.602857519478959977e-03,2.422370000000000079e-01,4.370480000000000372e-03,1.212833999999999995e-01,1.444022823304396330e-03
4.509739999999999895e+02,1.141346000000000027e-01,4.565082263906314157e-03,2.366449999999999942e-01,4.327349999999999773e-03,1.225103999999999915e-01,1.453966317949628327e-03
4.532289999999999850e+02,1.132467999999999808e-01,4.562057677053196064e-03,2.354179999999999884e-01,4.323880000000000431e-03,1.221712000000000076e-01,1.454796203720644691e-03
4.554950000000000045e+02,1.107827999999999868e-01,4.548128131106246759e-03,2.324809999999999932e-01,4.309069999999999914e-03,1.216982000000000064e-01,1.455123785820299246e-03
4.577730000000000246e+02,1.086698000000000247e-01,4.543380180553241270e-03,2.309180000000000121e-01,4.301909999999999935e-03,1.222481999999999874e-01,1.461462903033806113e-03
4.600609999999999786e+02,1.063031999999999866e-01,4.519382617208239986e-03,2.271259999999999946e-01,4.278239999999999994e-03,1.208228000000000080e-01,1.456530721654713352e-03
4.623620000000000232e+02,1.157053999999999860e-01,4.591472752949319301e-03,2.346409999999999885e-01,4.356999999999999762e-03,1.189356000000000024e-01,1.448507176743007952e-03
4.646730000000000018e+02,1.035824000000000189e-01,4.483193706772884909e-03,2.216980000000000062e-01,4.243259999999999567e-03,1.181155999999999873e-01,1.446986656762252370e-03
4.669970000000000141e+02,1.028907999999999906e-01,4.484571320096938235e-03,2.206349999999999978e-01,4.244419999999999617e-03,1.177442000000000072e-01,1.447853165426660248e-03
4.693319999999999936e+02,1.040874000000000105e-01,4.502674425390758989e-03,2.216450000000000087e-01,4.262740000000000105e-03,1.175575999999999982e-01,1.450215388646803683e-03
4.716789999999999736e+02,9.972040000000000071e-02,4.463281067153177482e-03,2.163009999999999933e-01,4.221940000000000415e-03,1.165805999999999926e-01,1.447791601304552296e-03
4.740369999999999777e+02,9.944400000000001849e-02,4.458144326866953465e-03,2.148210000000000119e-01,4.217789999999999907e-03,1.153769999999999935e-01,1.444056216037311940e-03
4.764069999999999823e+02,9.085839999999999195e-02,4.385553509583026317e-03,2.058730000000000004e-01,4.140480000000000202e-03,1.150146000000000085e-01,1.445512004452401697e-03
4.787889999999999873e+02,8.299879999999999758e-02,4.312761848466941696e-03,1.977200000000000069e-01,4.062719999999999700e-03,1.147212000000000093e-01,1.447142343790686026e-03
4.811829999999999927e+02,9.464079999999999715e-02,4.418062957984188882e-03,2.077640000000000042e-01,4.176670000000000382e-03,1.131232000000000071e-01,1.440384674943468151e-03
4.835889999999999986e+02,9.051299999999999624e-02,4.369356857669100258e-03,2.021759999999999946e-01,4.127289999999999605e-03,1.116629999999999984e-01,1.434139674355325777e-03
4.860070000000000050e+02,9.382119999999999349e-02,4.394178714493983395e-03,2.037680000000000047e-01,4.156309999999999866e-03,1.099468000000000112e-01,1.426146471724415703e-03
4.884370000000000118e+02,9.033320000000000238e-02,4.355469811028427410e-03,1.991910000000000069e-01,4.116690000000000106e-03,1.088578000000000046e-01,1.422315266978457305e-03
4.908790000000000191e+02,9.657539999999999181e-02,4.402452478091727940e-03,2.032579999999999942e-01,4.170069999999999680e-03,1.066826000000000024e-01,1.411419149989116524e-03
4.933340000000000032e+02,1.003228000000000036e-01,4.424498448461248838e-03,2.050170000000000048e-01,4.196649999999999686e-03,1.046942000000000011e-01,1.401540330470729071e-03
4.958000000000000114e+02,9.009797999999999418e-02,4.316411234879735485e-03,1.933300000000000018e-01,4.084869999999999994e-03,1.032320200000000077e-01,1.394719696460905434e-03
4.982789999999999964e+02,8.457982000000000000e-02,4.256554105379138642e-03,1.867779999999999996e-01,4.022949999999999963e-03,1.021981799999999996e-01,1.390728639785634123e-03
5.007710000000000150e+02,8.959566581944497510e-02,4.297485686484530873e-03,1.901809999999999889e-01,4.069230000000000069e-03,1.005853341805550138e-01,1.381937202856704924e-03
5.032740000000000009e+02,9.014391962624498933e-02,4.292416935360277366e-03,1.890409999999999868e-01,4.067570000000000387e-03,9.889708037375499750e-02,1.371027877932359763e-03
5.057909999999999968e+02,9.042922410674751610e-02,4.291010072329579442e-03,1.881790000000000129e-01,4.068640000000000104e-03,9.774977589325249683e-02,1.363428029356116141e-03
5.083199999999999932e+02,9.118526727200000626e-02,4.287355601540341482e-03,1.875360000000000082e-01,4.067860000000000399e-03,9.635073272800000199e-02,1.354227851751446882e-03
5.108609999999999900e+02,8.639089466611747647e-02,4.236315785585506415e-03,1.818379999999999996e-01,4.015920000000000080e-03,9.544710533388252316e-02,1.348613357786786118e-03
5.134160000000000537e+02,9.735426386848000657e-02,4.344061403108603545e-03,1.913950000000000096e-01,4.132389999999999675e-03,9.404073613152000299e-02,1.339485857289241834e-03
5.159829999999999472e+02,9.894527112290499304e-02,4.361282787255591625e-03,1.924289999999999889e-01,4.151539999999999571e-03,9.348372887709499590e-02,1.336227218257398644e-03
5.185629999999999882e+02,9.037404530793752278e-02,4.276439144435787917e-03,1.832100000000000117e-01,4.063650000000000248e-03,9.283595469206248896e-02,1.332171322902085979e-03
5.211549999999999727e+02,8.420440914427498869e-02,4.226312833992804802e-03,1.774000000000000021e-01,4.009780000000000115e-03,9.319559085572501345e-02,1.335434207429288082e-03
5.237609999999999673e+02,9.959631428697747479e-02,4.401732880482515237e-03,1.932709999999999984e-01,4.192829999999999821e-03,9.367468571302252356e-02,1.339936170950281396e-03
5.263799999999999955e+02,9.946038707165001658e-02,4.411057592662559999e-03,1.930790000000000006e-01,4.202619999999999793e-03,9.361861292834998405e-02,1.339930677828527275e-03
5.290119999999999436e+02,1.002512271816300010e-01,4.426228466630614290e-03,1.935929999999999873e-01,4.219009999999999601e-03,9.334177281836998630e-02,1.338451739403105850e-03
5.316570000000000391e+02,1.016502063815324930e-01,4.458547369004584905e-03,1.953640000000000099e-01,4.251790000000000083e-03,9.371379361846751688e-02,1.341986004978332507e-03
5.343150000000000546e+02,9.946171748135000656e-02,4.449466294821586426e-03,1.936170000000000113e-01,4.241059999999999622e-03,9.415528251865000475e-02,1.345793589356606779e-03
5.369869999999999663e+02,9.764645223531498441e-02,4.437270004033270349e-03,1.913779999999999926e-01,4.229110000000000334e-03,9.373154776468500815e-02,1.343128324693296195e-03
5.396720000000000255e+02,9.912115173907999621e-02,4.474025841072754375e-03,1.936859999999999971e-01,4.265470000000000372e-03,9.456484826092000084e-02,1.350064037624424838e-03
5.423700000000000045e+02,1.025161066850750202e-01,4.528209240426849490e-03,1.975800000000000056e-01,4.320789999999999700e-03,9.506389331492498540e-02,1.354788803093348766e-03
5.450819999999999936e+02,9.860362408443500148e-02,4.511669748579506811e-03,1.944279999999999897e-01,4.301300000000000089e-03,9.582437591556498824e-02,1.361610160893148274e-03
5.478070000000000164e+02,1.056505390259550176e-01,4.609100537266926784e-03,2.025760000000000061e-01,4.400430000000000313e-03,9.692546097404498850e-02,1.371139517968273909e-03
5.505460000000000491e+02,9.971436051521001542e-02,4.559582213628645547e-03,1.970550000000000079e-01,4.347310000000000063e-03,9.734063948478999251e-02,1.375022082273118489e-03
5.532989999999999782e+02,1.020834391757325099e-01,4.593991376603127549e-03,1.991690000000000127e-01,4.383759999999999567e-03,9.708556082426750278e-02,1.373828603102986287e-03
5.560660000000000309e+02,9.679905983855499607e-02,4.560210077336655614e-03,1.946680000000000077e-01,4.346410000000000204e-03,9.786894016144501163e-02,1.379940600657427949e-03
5.588460000000000036e+02,9.656330334542001514e-02,4.575167584555176609e-03,1.947689999999999977e-01,4.361040000000000055e-03,9.820569665457998254e-02,1.383289031679371802e-03
5.616399999999999864e+02,9.799410221429998014e-02,4.587528802396457876e-03,1.950770000000000004e-01,4.376200000000000229e-03,9.708289778570002027e-02,1.376333561611093985e-03
5.644479999999999791e+02,1.062365471155199831e-01,4.686737155022584027e-03,2.036560000000000037e-01,4.479150000000000319e-03,9.741945288448002060e-02,1.379391328727703689e-03
5.672709999999999582e+02,1.087404418958375224e-01,4.742025546416557373e-03,2.073180000000000023e-01,4.534100000000000109e-03,9.857755810416247988e-02,1.388792091303535717e-03
5.701069999999999709e+02,9.844115344548748370e-02,4.643451664826036066e-03,1.969710000000000072e-01,4.430800000000000363e-03,9.852984655451252349e-02,1.389120125682325856e-03
5.729579999999999700e+02,1.028523333684050051e-01,4.698717886971686894e-03,2.009110000000000062e-01,4.489599999999999841e-03,9.805866663159500118e-02,1.386160748740085337e-03
5.758220000000000027e+02,1.052199721101449992e-01,4.750727011008771747e-03,2.042440000000000089e-01,4.541810000000000291e-03,9.902402788985500970e-02,1.393330203874276968e-03
5.787019999999999982e+02,1.016040306532599996e-01,4.742157359349326654e-03,2.020820000000000116e-01,4.529359999999999636e-03,1.004779693467400120e-01,1.404618955884827727e-03
5.815950000000000273e+02,1.039603768618499874e-01,4.778430053224336574e-03,2.044499999999999929e-01,4.566790000000000259e-03,1.004896231381500055e-01,1.406350905520217841e-03
5.845030000000000427e+02,1.114135557771799984e-01,4.857730998671731457e-03,2.113430000000000031e-01,4.650660000000000037e-03,9.992944422282000472e-02,1.403179254356427038e-03
5.874260000000000446e+02,1.065412261976699665e-01,4.826641627393750238e-03,2.067569999999999963e-01,4.617089999999999909e-03,1.002157738023300299e-01,1.406751339501829132e-03
5.903630000000000564e+02,1.081398118139674930e-01,4.845063515775617675e-03,2.073049999999999893e-01,4.638419999999999870e-03,9.916518818603249630e-02,1.399892987160087851e-03
5.933139999999999645e+02,1.159769434915400022e-01,4.918678915473286700e-03,2.134159999999999946e-01,4.718579999999999997e-03,9.743905650845999245e-02,1.388670247798758995e-03
5.962809999999999491e+02,1.134354960762274794e-01,4.894656900012068178e-03,2.100529999999999897e-01,4.695140000000000424e-03,9.661750392377251029e-02,1.383230475819464825e-03
5.992619999999999436e+02,1.072416407673150024e-01,4.847809564595722404e-03,2.044850000000000001e-01,4.644810000000000084e-03,9.724335923268499771e-02,1.388163404821552566e-03
6.022590000000000146e+02,1.053272231450124996e-01,4.849346424755150362e-03,2.030770000000000075e-01,4.644820000000000025e-03,9.774977685498750790e-02,1.393487680205878062e-03
6.052699999999999818e+02,1.083370313589750306e-01,4.894803081387659287e-03,2.061080000000000134e-01,4.692009999999999931e-03,9.777096864102498286e-02,1.394323981527293517e-03
6.082960000000000491e+02,1.118111835328800124e-01,4.954473827311425133e-03,2.102920000000000067e-01,4.752400000000000374e-03,9.848081646711999426e-02,1.400537448808104922e-03
6.113379999999999654e+02,1.011823843285750008e-01,4.862259186564987269e-03,2.001529999999999976e-01,4.654560000000000294e-03,9.897061567142499683e-02,1.405928733519452509e-03
6.143949999999999818e+02,1.136130979834875099e-01,5.009541070735357843e-03,2.123800000000000132e-01,4.808330000000000416e-03,9.876690201651250334e-02,1.405512131034220187e-03
6.174669999999999845e+02,1.049974738651174994e-01,4.919350939094634806e-03,2.032079999999999997e-01,4.715229999999999942e-03,9.821052613488250038e-02,1.402362188976607679e-03
6.205539999999999736e+02,1.077139580291500143e-01,4.981879451327471744e-03,2.068000000000000116e-01,4.777950000000000426e-03,9.908604197084999732e-02,1.410785832456119566e-03
6.236570000000000391e+02,1.114900443374175071e-01,5.021929045794625533e-03,2.096510000000000040e-01,4.821459999999999635e-03,9.816095566258249694e-02,1.404740121657994251e-03
6.267749999999999773e+02,1.122396742858125102e-01,5.041482959822896417e-03,2.100629999999999997e-01,4.841990000000000009e-03,9.782332571418748957e-02,1.404166398289260825e-03
6.299089999999999918e+02,1.193213352302800040e-01,5.126116047279720075e-03,2.165870000000000017e-01,4.930859999999999584e-03,9.726566476971999775e-02,1.401315592783674126e-03
6.330579999999999927e+02,1.164397953016700071e-01,5.077242034504931938e-03,2.115920000000000023e-01,4.884269999999999584e-03,9.515220469832999517e-02,1.386467902276782103e-03
6.362240000000000464e+02,1.214652009863199933e-01,5.133587482463424466e-03,2.156619999999999926e-01,4.944500000000000110e-03,9.419679901367999930e-02,1.380449271108923027e-03
6.394049999999999727e+02,1.226850587987874941e-01,5.163037796942814353e-03,2.169470000000000010e-01,4.974629999999999851e-03,9.426194120121250686e-02,1.382033160152137822e-03
6.426019999999999754e+02,1.260019845272599970e-01,5.207593211320925113e-03,2.193569999999999964e-01,5.022249999999999805e-03,9.335501547273999945e-02,1.376964775183369370e-03
6.458150000000000546e+02,1.283463541738125158e-01,5.248912872134530068e-03,2.212830000000000075e-01,5.065430000000000106e-03,9.293664582618749170e-02,1.375683558947899624e-03
6.490439999999999827e+02,1.222269837717800123e-01,5.202591335965373910e-03,2.158229999999999871e-01,5.016060000000000137e-03,9.359601622821997480e-02,1.380615328562583575e-03
6.522889999999999873e+02,1.278541209681475221e-01,5.283125891937149633e-03,2.217530000000000057e-01,5.098540000000000363e-03,9.389887903185249740e-02,1.384308151553221688e-03
6.555510000000000446e+02,1.293626350982950146e-01,5.313107349248225031e-03,2.231170000000000098e-01,5.129609999999999725e-03,9.375436490170499515e-02,1.384272716098782028e-03
6.588279999999999745e+02,1.387699215146899756e-01,5.429995898176337085e-03,2.321209999999999940e-01,5.251210000000000079e-03,9.335107848531000452e-02,1.381900499352917014e-03
6.621219999999999573e+02,1.296911094898750005e-01,5.341729334391528278e-03,2.228630000000000055e-01,5.160119999999999811e-03,9.317189051012500500e-02,1.381026381898248310e-03
6.654329999999999927e+02,1.343011747029800029e-01,5.405388346946879766e-03,2.272949999999999970e-01,5.225979999999999862e-03,9.299382529701999411e-02,1.381070679186664893e-03
6.687599999999999909e+02,1.341802400448000032e-01,5.406227143692115059e-03,2.258840000000000015e-01,5.229169999999999999e-03,9.170375995520001211e-02,1.372251085003542946e-03
6.721040000000000418e+02,1.382520011480600219e-01,5.463624640644517728e-03,2.296370000000000078e-01,5.288809999999999692e-03,9.138499885193999972e-02,1.371015316383423967e-03
6.754640000000000555e+02,1.348686650831399936e-01,5.444646797916658128e-03,2.265939999999999899e-01,5.267950000000000410e-03,9.172533491685998241e-02,1.375820319505462273e-03
6.788419999999999845e+02,1.366330027146749893e-01,5.474161351814148951e-03,2.277230000000000087e-01,5.299579999999999916e-03,9.108999728532500562e-02,1.371457009641829840e-03
6.822359999999999900e+02,1.288274163598899791e-01,5.412316398073394909e-03,2.203320000000000001e-01,5.234820000000000272e-03,9.150458364011000711e-02,1.374710282370129790e-03
6.856470000000000482e+02,1.251317172507550035e-01,5.392876138926462788e-03,2.173910000000000009e-01,5.213159999999999669e-03,9.225928274924499739e-02,1.380607063650768091e-03
6.890750000000000455e+02,1.319289411197500095e-01,5.498109373218049503e-03,2.249410000000000021e-01,5.320199999999999756e-03,9.301205888025000645e-02,1.387327877564699559e-03
6.925209999999999582e+02,1.331969407252024951e-01,5.530033408975672943e-03,2.263459999999999916e-01,5.352339999999999702e-03,9.314905927479749659e-02,1.390584779431700219e-03
6.959829999999999472e+02,1.319903209958974699e-01,5.554871997828881441e-03,2.262299999999999867e-01,5.375559999999999714e-03,9.423967900410250287e-02,1.399984856583609549e-03
6.994629999999999654e+02,1.265424816067550196e-01,5.507694564877827284e-03,2.209480000000000055e-01,5.326100000000000279e-03,9.440551839324498595e-02,1.402625470317986171e-03
7.029610000000000127e+02,1.234886130620699851e-01,5.485382179803825059e-03,2.178509999999999891e-01,5.303020000000000303e-03,9.436238693793000398e-02,1.402639133244670301e-03
7.064750000000000227e+02,1.288849443504375136e-01,5.566481664514936860e-03,2.235590000000000077e-01,5.386039999999999925e-03,9.467405564956250796e-02,1.405806259689076129e-03
7.100080000000000382e+02,1.296127979120599849e-01,5.597541744403763606e-03,2.245290000000000064e-01,5.417560000000000084e-03,9.491620208794002145e-02,1.408018901415291398e-03
7.135579999999999927e+02,1.316863058784550067e-01,5.653935003475846037e-03,2.273340000000000083e-01,5.474070000000000151e-03,9.564769412154500161e-02,1.414757455760320103e-03
7.171259999999999764e+02,1.330355925446550236e-01,5.692974019139379269e-03,2.291430000000000133e-01,5.513180000000000337e-03,9.610740745534498974e-02,1.419436321289538425e-03
7.207110000000000127e+02,1.299345789251624972e-01,5.665084010006561470e-03,2.257669999999999955e-01,5.484619999999999947e-03,9.583242107483749828e-02,1.418492261534066035e-03
7.243150000000000546e+02,1.285959692305375102e-01,5.653752416381710964e-03,2.234180000000000055e-01,5.474849999999999856e-03,9.482203076946249531e-02,1.411004558193217767e-03
7.279360000000000355e+02,1.339348725677599883e-01,5.752821506927279643e-03,2.295419999999999960e-01,5.575229999999999596e-03,9.560712743223999388e-02,1.418367278833328627e-03
7.315760000000000218e+02,1.260637621062400127e-01,5.685852192575700098e-03,2.222540000000000071e-01,5.504379999999999690e-03,9.619023789375999445e-02,1.425031919438262285e-03
7.352340000000000373e+02,1.192071379589300095e-01,5.625557243017107953e-03,2.156460000000000043e-01,5.441129999999999751e-03,9.643886204106999482e-02,1.428635229007827823e-03
7.389099999999999682e+02,1.192344108195500241e-01,5.662914292868964118e-03,2.174240000000000061e-01,5.476029999999999787e-03,9.818958918044998208e-02,1.442807585050619222e-03
7.426050000000000182e+02,1.215471500499624991e-01,5.733195070668806702e-03,2.216009999999999924e-01,5.544799999999999902e-03,1.000538499500374934e-01,1.457641477984590681e-03
7.463179999999999836e+02,1.143224379046449968e-01,5.661586070965188289e-03,2.137759999999999938e-01,5.471310000000000062e-03,9.945356209535499703e-02,1.455446228085061902e-03
7.500489999999999782e+02,1.253309491161149758e-01,5.794838639618530088e-03,2.232329999999999870e-01,5.611930000000000217e-03,9.790205088388499732e-02,1.444436407155375284e-03
7.537999999999999545e+02,1.191953408194999786e-01,5.731056657879247604e-03,2.167709999999999915e-01,5.546719999999999776e-03,9.757565918050001286e-02,1.441841758800892258e-03
7.575689999999999600e+02,1.124320769600475056e-01,5.650924361319819428e-03,2.095450000000000090e-01,5.464890000000000025e-03,9.711292303995250341e-02,1.438027616305684146e-03
7.613559999999999945e+02,1.168430659100899993e-01,5.724264169179341284e-03,2.138599999999999945e-01,5.540459999999999656e-03,9.701693408990999523e-02,1.438924343720148977e-03
7.651630000000000109e+02,1.203565834491750058e-01,5.789648404670866798e-03,2.174290000000000112e-01,5.607609999999999852e-03,9.707241655082500531e-02,1.440395340733895439e-03
7.689890000000000327e+02,1.180864195010650070e-01,5.795422904755316400e-03,2.163619999999999988e-01,5.611099999999999942e-03,9.827558049893499181e-02,1.449994287906869158e-03
7.728339999999999463e+02,1.190863914468550111e-01,5.836298637163713464e-03,2.181680000000000008e-01,5.651729999999999775e-03,9.908160855314498972e-02,1.456135223548632408e-03
7.766979999999999791e+02,1.192732612655850039e-01,5.880286186519971536e-03,2.194649999999999934e-01,5.694710000000000397e-03,1.001917387344149896e-01,1.465620568659428951e-03
7.805819999999999936e+02,1.227571485264150053e-01,5.946012793823536070e-03,2.232999999999999985e-01,5.761660000000000045e-03,1.005428514735849932e-01,1.469129738557209321e-03
7.844850000000000136e+02,1.236533476461874892e-01,5.984037483620724407e-03,2.248249999999999971e-01,5.799559999999999611e-03,1.011716523538125079e-01,1.474384078786075128e-03
7.884070000000000391e+02,1.181479022234899895e-01,5.948377965280818302e-03,2.203060000000000018e-01,5.760460000000000233e-03,1.021580977765100123e-01,1.483341163130844336e-03
7.923490000000000464e+02,1.301243762947000282e-01,6.129406662336411848e-03,2.331300000000000039e-01,5.945699999999999943e-03,1.030056237052999757e-01,1.489388311453392717e-03
7.963110000000000355e+02,1.269770641068500017e-01,6.117440129054832823e-03,2.304970000000000074e-01,5.932559999999999917e-03,1.035199358931500058e-01,1.492583524956112668e-03
8.002920000000000300e+02,1.207158752023000103e-01,6.082416622026465269e-03,2.258610000000000062e-01,5.892829999999999943e-03,1.051451247976999959e-01,1.506766921260163736e-03
8.042939999999999827e+02,1.171820077028000034e-01,6.063887391442765798e-03,2.228400000000000103e-01,5.871999999999999616e-03,1.056579922972000068e-01,1.513389010168421844e-03
8.083150000000000546e+02,1.179043055052999972e-01,6.077257003552828142e-03,2.226319999999999966e-01,5.887370000000000277e-03,1.047276944946999994e-01,1.507291335585758847e-03
8.123569999999999709e+02,1.098534866609649774e-01,5.995468981678325759e-03,2.145569999999999977e-01,5.802779999999999570e-03,1.047035133390350203e-01,1.507777364821127159e-03
8.164189999999999827e+02,1.074312844575799897e-01,5.987583770049876609e-03,2.125849999999999962e-01,5.793470000000000217e-03,1.051537155424200065e-01,1.512238328592650435e-03
8.205009999999999764e+02,1.111391125840199973e-01,6.038003447956135847e-03,2.151530000000000109e-01,5.847480000000000386e-03,1.040138874159800136e-01,1.504813372857306906e-03
8.246029999999999518e+02,1.037844151315099883e-01,5.973994333939552925e-03,2.084739999999999926e-01,5.779730000000000284e-03,1.046895848684900043e-01,1.511068968989131515e-03
8.287259999999999991e+02,1.101016774408999921e-01,6.102636043855485040e-03,2.165559999999999985e-01,5.908809999999999583e-03,1.064543225591000064e-01,1.525821440295072008e-03
8.328700000000000045e+02,1.003684304144999984e-01,6.005580776454633174e-03,2.073059999999999903e-01,5.806979999999999781e-03,1.069375695854999919e-01,1.531660452620437016e-03
8.370339999999999918e+02,1.033799447154499784e-01,6.040651570680196855e-03,2.092120000000000091e-01,5.845750000000000252e-03,1.058320552845500306e-01,1.522063840928208726e-03
8.412190000000000509e+02,1.004911955596500123e-01,6.036621221622427702e-03,2.067879999999999996e-01,5.839940000000000062e-03,1.062968044403499873e-01,1.528364017419362765e-03
8.454249999999999545e+02,9.473082590187499596e-02,5.958555659457149406e-03,1.996030000000000026e-01,5.761569999999999712e-03,1.048721740981250067e-01,1.519439594702214590e-03
8.496530000000000200e+02,8.535175345229997768e-02,5.819415404933539482e-03,1.887429999999999941e-01,5.620080000000000388e-03,1.033912465477000164e-01,1.510065047863102042e-03
8.539009999999999536e+02,9.922224959207501249e-02,6.014426178331455305e-03,2.018330000000000124e-01,5.823029999999999873e-03,1.026107504079249999e-01,1.505205591837447451e-03
8.581699999999999591e+02,9.570769437587500761e-02,6.003977204742972328e-03,1.991219999999999934e-01,5.810179999999999859e-03,1.034143056241249858e-01,1.513126115918049519e-03
8.624610000000000127e+02,9.954036248810499421e-02,6.046238728763142500e-03,2.009499999999999897e-01,5.857339999999999942e-03,1.014096375118949955e-01,1.499523554198248492e-03
8.667730000000000246e+02,8.879481861460251924e-02,5.895389946576344228e-03,1.888150000000000106e-01,5.703940000000000225e-03,1.000201813853974914e-01,1.490198342031498480e-03
8.711069999999999709e+02,9.440471424533497524e-02,5.978027262426043043e-03,1.932329999999999881e-01,5.791529999999999595e-03,9.882828575466501286e-02,1.481549934834805677e-03
8.754629999999999654e+02,1.011766075340350124e-01,6.086646264508402404e-03,1.996330000000000049e-01,5.904249999999999776e-03,9.845639246596499250e-02,1.478882918541591035e-03
8.798400000000000318e+02,9.236227046879999514e-02,5.964466362426111556e-03,1.904889999999999917e-01,5.778789999999999795e-03,9.812672953119999653e-02,1.476633036476082119e-03
8.842390000000000327e+02,8.548927974194750479e-02,5.897364334198709063e-03,1.841619999999999924e-01,5.708050000000000103e-03,9.867272025805248759e-02,1.482252099940825239e-03
8.886609999999999445e+02,8.508044675801501588e-02,5.927959832486398399e-03,1.851089999999999958e-01,5.736019999999999661e-03,1.000285532419849799e-01,1.496256106143657727e-03
8.931040000000000418e+02,9.056167099112000241e-02,6.041535400818360928e-03,1.911380000000000023e-01,5.852000000000000431e-03,1.005763290088799999e-01,1.501414666020506068e-03
8.975689999999999600e+02,9.146822864721250446e-02,6.094428746777037602e-03,1.925159999999999927e-01,5.905340000000000242e-03,1.010477713527874882e-01,1.506327067386868668e-03
9.020570000000000164e+02,8.440288440668750058e-02,6.011223672593598438e-03,1.857060000000000100e-01,5.818300000000000208e-03,1.013031155933125094e-01,1.510693599625570352e-03
9.065679999999999836e+02,7.647336388190002776e-02,5.911633044095468068e-03,1.775730000000000086e-01,5.715439999999999583e-03,1.010996361180999809e-01,1.510347924963465621e-03
9.111000000000000227e+02,8.085935674124999917e-02,5.968134190622924502e-03,1.811020000000000130e-01,5.775200000000000299e-03,1.002426432587500138e-01,1.505221138996642267e-03
9.156559999999999491e+02,8.689877797146000615e-02,6.097859583489069306e-03,1.875469999999999915e-01,5.908079999999999582e-03,1.006482220285399853e-01,1.509464214067191999e-03
9.202340000000000373e+02,7.302635199231499730e-02,5.904696379511194249e-03,1.732460000000000111e-01,5.708869999999999570e-03,1.002196480076850138e-01,1.508059235346083512e-03
9.248350000000000364e+02,7.230487060143749034e-02,5.891281685734679058e-03,1.715559999999999863e-01,5.697119999999999962e-03,9.925112939856249594e-02,1.500007868736975619e-03
9.294600000000000364e+02,7.706052306425002774e-02,5.992939036349095687e-03,1.765790000000000137e-01,5.801249999999999983e-03,9.951847693574998599e-02,1.503601253955592475e-03
9.341069999999999709e+02,6.990156971372502026e-02,5.908201104056418074e-03,1.696060000000000068e-01,5.712639999999999732e-03,9.970443028627498649e-02,1.507509375219098389e-03
9.387770000000000437e+02,6.244954664089000240e-02,5.796757649775020720e-03,1.622329999999999883e-01,5.596779999999999984e-03,9.978345335910998593e-02,1.509454498096985666e-03
9.434710000000000036e+02,5.982266239158499921e-02,5.792050465534449508e-03,1.605810000000000015e-01,5.589529999999999672e-03,1.007583376084150023e-01,1.518223624634343133e-03
9.481889999999999645e+02,6.304935855901749875e-02,5.903995272726368822e-03,1.652399999999999980e-01,5.701499999999999971e-03,1.021906414409824992e-01,1.532989866364193286e-03
9.529299999999999500e+02,6.768034788377499944e-02,5.986617243700803094e-03,1.691259999999999986e-01,5.788399999999999969e-03,1.014456521162249991e-01,1.527747185425588385e-03
9.576939999999999600e+02,6.374497839984499814e-02,5.931476018946716354e-03,1.647869999999999890e-01,5.731870000000000021e-03,1.010420216001549909e-01,1.525802761316147425e-03
9.624829999999999472e+02,6.842041351340498456e-02,6.038056140853708016e-03,1.700129999999999975e-01,5.840839999999999921e-03,1.015925864865950129e-01,1.530591406777513782e-03
9.672949999999999591e+02,6.905943415719997813e-02,6.063856401370873450e-03,1.702539999999999887e-01,5.867050000000000390e-03,1.011945658428000105e-01,1.532344202177342079e-03
9.721319999999999482e+02,6.558576475852999355e-02,5.984486075628073914e-03,1.643159999999999898e-01,5.789930000000000423e-03,9.873023524146999630e-02,1.513533674711698036e-03
9.769919999999999618e+02,7.070045818960001005e-02,6.089797234951205285e-03,1.697450000000000070e-01,5.897969999999999775e-03,9.904454181039999694e-02,1.516436692354595226e-03
9.818769999999999527e+02,7.311550663483751267e-02,6.175257394302597486e-03,1.725800000000000112e-01,5.984399999999999963e-03,9.946449336516249851e-02,1.523404255570037042e-03
9.867870000000000346e+02,5.870126874806247397e-02,5.950021804001113732e-03,1.584089999999999943e-01,5.750629999999999631e-03,9.970773125193752029e-02,1.527420725009541588e-03
9.917200000000000273e+02,5.929945959849999837e-02,5.976557823205295127e-03,1.589389999999999969e-01,5.777420000000000125e-03,9.963954040149999858e-02,1.529922075700727337e-03
9.966789999999999736e+02,6.068680690646750808e-02,6.080782356499542414e-03,1.630530000000000035e-01,5.878719999999999606e-03,1.023661930935324954e-01,1.554530549302950712e-03
1.001659999999999968e+03,6.490523759874998466e-02,6.202191202577125341e-03,1.685939999999999939e-01,6.000710000000000245e-03,1.036887624012500092e-01,1.568009951889684245e-03
1.006669999999999959e+03,6.058378108387499350e-02,6.144176395402770746e-03,1.638989999999999891e-01,5.941000000000000100e-03,1.033152189161249956e-01,1.566978805799422534e-03
1.011700000000000045e+03,6.917306576374998572e-02,6.343725571806254834e-03,1.735899999999999943e-01,6.144440000000000145e-03,1.044169342362500086e-01,1.577564964363938798e-03
1.016759999999999991e+03,6.982588540050002623e-02,6.376168832482555747e-03,1.747120000000000062e-01,6.176240000000000376e-03,1.048861145994999799e-01,1.584168060125549669e-03
1.021850000000000023e+03,7.807471738062501943e-02,6.543036903650324178e-03,1.827930000000000110e-01,6.347850000000000367e-03,1.047182826193749916e-01,1.586232107867576119e-03
1.026960000000000036e+03,8.425229901379997777e-02,6.649183266266681797e-03,1.879329999999999889e-01,6.458509999999999772e-03,1.036807009862000112e-01,1.580913245026701382e-03
1.032089999999999918e+03,7.504524191889996865e-02,6.519695021618588694e-03,1.790529999999999899e-01,6.324380000000000106e-03,1.040077580811000213e-01,1.583868930978259322e-03
1.037250000000000000e+03,6.298037411624998749e-02,6.339607123335377209e-03,1.674640000000000017e-01,6.136690000000000200e-03,1.044836258837500143e-01,1.591117318787227267e-03
1.042440000000000055e+03,7.181172621440000403e-02,6.523722733819298757e-03,1.762170000000000125e-01,6.325830000000000168e-03,1.044052737856000085e-01,1.594626325773765415e-03
1.047650000000000091e+03,7.500272962774999497e-02,6.604058080014085091e-03,1.797340000000000049e-01,6.407350000000000025e-03,1.047312703722500099e-01,1.599827835018294373e-03
1.052890000000000100e+03,7.404866446419999804e-02,6.661046548689594955e-03,1.809030000000000082e-01,6.461119999999999884e-03,1.068543355358000102e-01,1.619712773737852366e-03
1.058150000000000091e+03,7.981957009249998625e-02,6.829678418073818237e-03,1.895330000000000070e-01,6.629030000000000165e-03,1.097134299075000208e-01,1.643310242590635120e-03
1.063440000000000055e+03,9.176913238199999046e-02,7.093360922793058056e-03,2.030279999999999863e-01,6.896689999999999592e-03,1.112588676179999958e-01,1.658745376755452238e-03
1.068759999999999991e+03,9.758104694299998827e-02,7.243380194716157912e-03,2.103649999999999964e-01,7.047580000000000337e-03,1.127839530570000082e-01,1.672773980191667644e-03
1.074099999999999909e+03,1.191594824025000166e-01,7.650981008777465141e-03,2.340540000000000120e-01,7.461319999999999585e-03,1.148945175974999955e-01,1.692989738383975920e-03
1.079470000000000027e+03,1.377083657252499704e-01,7.968656317081193943e-03,2.531169999999999809e-01,7.785270000000000384e-03,1.154086342747499966e-01,1.699721896916673268e-03
1.084869999999999891e+03,1.351870059969999815e-01,7.983626613015307530e-03,2.520999999999999908e-01,7.797260000000000302e-03,1.169129940030000092e-01,1.714943260999106248e-03
1.090299999999999955e+03,1.536212102124999701e-01,8.296306591745355660e-03,2.704949999999999855e-01,8.116289999999999963e-03,1.168737897875000153e-01,1.718877453496155941e-03
1.095750000000000000e+03,1.502561380812499903e-01,8.272864935986199569e-03,2.667789999999999884e-01,8.091940000000000591e-03,1.165228619187499981e-01,1.720697906510593352e-03
1.101230000000000018e+03,1.644383159504999858e-01,8.459852294781191120e-03,2.787549999999999750e-01,8.285479999999999581e-03,1.143166840494999892e-01,1.708777931480446243e-03
1.106730000000000018e+03,1.851716550320000043e-01,8.774753690528054595e-03,2.980220000000000091e-01,8.608229999999999701e-03,1.128503449680000048e-01,1.701375501332883823e-03
1.112269999999999982e+03,1.823055747420000428e-01,8.732572044995501326e-03,2.925980000000000247e-01,8.568350000000000619e-03,1.102924252579999959e-01,1.685583815340226587e-03
1.117829999999999927e+03,1.856352917035000161e-01,8.776522926716184836e-03,2.941750000000000198e-01,8.614959999999999632e-03,1.085397082965000037e-01,1.676251437456457039e-03
1.123420000000000073e+03,1.870035863350000271e-01,8.812983142489062144e-03,2.946960000000000135e-01,8.652280000000000040e-03,1.076924136649999864e-01,1.675327631060980491e-03
1.129029999999999973e+03,1.662787516450000003e-01,8.545757597195013239e-03,2.737499999999999933e-01,8.379390000000000449e-03,1.074712483549999931e-01,1.678033413825919494e-03
1.134680000000000064e+03,1.585643717209999914e-01,8.468383631820430510e-03,2.665170000000000039e-01,8.298379999999999299e-03,1.079526282790000125e-01,1.688315939415421666e-03
1.140349999999999909e+03,1.634072122543750172e-01,8.579491496162241354e-03,2.710350000000000259e-01,8.411270000000000205e-03,1.076277877456250087e-01,1.690624535436601903e-03
1.146049999999999955e+03,1.798871734491249985e-01,8.846558793843490101e-03,2.864289999999999892e-01,8.684259999999999202e-03,1.065418265508749907e-01,1.686781178852081843e-03
1.151779999999999973e+03,2.146457340703500360e-01,9.377520336504279602e-03,3.200990000000000224e-01,9.225239999999999135e-03,1.054532659296500002e-01,1.683102671838934868e-03
1.157539999999999964e+03,2.584738301220499967e-01,1.002935434012400956e-02,3.639410000000000145e-01,9.886229999999999324e-03,1.054671698779500039e-01,1.688314208571476934e-03
1.163329999999999927e+03,2.595863201787249608e-01,1.004065261964660026e-02,3.648810000000000109e-01,9.896949999999999845e-03,1.052946798212750223e-01,1.692656411064026633e-03
1.169150000000000091e+03,2.130888059148750013e-01,9.468644383068956782e-03,3.207019999999999871e-01,9.311669999999999323e-03,1.076131940851249857e-01,1.716982313282028067e-03
1.174990000000000009e+03,1.718181836614999791e-01,8.945949441561990012e-03,2.822219999999999729e-01,8.774270000000000680e-03,1.104038163384999938e-01,1.744189604969388109e-03
1.180869999999999891e+03,1.714105623190000371e-01,9.025424721955286125e-03,2.840230000000000254e-01,8.850550000000000431e-03,1.126124376810000022e-01,1.768065640518367383e-03
1.186769999999999982e+03,1.745697789064999950e-01,9.135244539110225909e-03,2.888020000000000032e-01,8.958809999999999343e-03,1.142322210934999943e-01,1.786733380570029468e-03
1.192710000000000036e+03,1.777480750254999686e-01,9.253727685988007504e-03,2.937389999999999723e-01,9.075859999999999830e-03,1.159909249745000037e-01,1.805613842110480056e-03
1.198670000000000073e+03,1.734833742455000050e-01,9.248534361155656691e-03,2.911110000000000086e-01,9.066670000000000632e-03,1.176276257545000037e-01,1.825070667283012300e-03
1.204660000000000082e+03,1.674584272805000329e-01,9.198523919115545941e-03,2.856020000000000225e-01,9.013439999999999300e-03,1.181435727194999896e-01,1.835957967095338530e-03
1.210690000000000055e+03,1.733978352830000125e-01,9.321499117712600535e-03,2.905260000000000065e-01,9.139200000000000101e-03,1.171281647169999940e-01,1.834494252244141905e-03
1.216740000000000009e+03,1.779613227055000246e-01,9.426768606329601410e-03,2.950670000000000237e-01,9.245039999999999508e-03,1.171056772944999991e-01,1.842064536242246815e-03
1.222819999999999936e+03,1.774978122084999999e-01,9.473298961518690844e-03,2.958649999999999891e-01,9.288930000000000797e-03,1.183671877914999893e-01,1.859885122638249740e-03
1.228940000000000055e+03,1.822242151605000249e-01,9.554782657991763017e-03,2.989140000000000130e-01,9.373140000000000291e-03,1.166897848394999881e-01,1.854216325529508842e-03
1.235079999999999927e+03,1.853130410500000158e-01,9.611702758768918969e-03,2.996690000000000187e-01,9.433340000000000128e-03,1.143559589500000029e-01,1.843075247331488848e-03
1.241259999999999991e+03,1.704271617700000019e-01,9.412034502088974242e-03,2.852750000000000008e-01,9.227590000000000792e-03,1.148478382300000128e-01,1.854178055207548548e-03
1.247460000000000036e+03,1.686934349804999900e-01,9.390806151884483963e-03,2.810920000000000085e-01,9.208440000000000028e-03,1.123985650195000047e-01,1.841703816760844161e-03
1.253700000000000045e+03,1.700741799525000153e-01,9.411914431140654819e-03,2.801359999999999961e-01,9.232229999999999256e-03,1.100618200474999947e-01,1.830317591625486807e-03
1.259970000000000027e+03,1.638857772767500220e-01,9.302651117966022690e-03,2.715790000000000148e-01,9.123100000000000306e-03,1.076932227232499928e-01,1.818890929273794940e-03
1.266269999999999982e+03,1.596449374250000219e-01,9.245057535685136108e-03,2.658989999999999965e-01,9.064950000000000438e-03,1.062540625749999884e-01,1.815976413841469085e-03
1.272599999999999909e+03,1.539512559800000069e-01,9.219433062976416585e-03,2.613170000000000215e-01,9.035029999999999450e-03,1.073657440200000146e-01,1.834714937477405911e-03
1.278960000000000036e+03,1.700803099539999752e-01,9.541918222782030598e-03,2.778459999999999819e-01,9.361349999999999186e-03,1.077656900460000067e-01,1.847519836905622869e-03
1.285359999999999900e+03,1.687437180119999991e-01,9.577781590330777806e-03,2.777410000000000156e-01,9.393920000000000048e-03,1.089972819880000027e-01,1.867663574008757935e-03
1.291789999999999964e+03,1.611194451514999793e-01,9.488461644583534235e-03,2.706379999999999897e-01,9.300080000000000499e-03,1.095185548485000104e-01,1.881333669058430627e-03
1.298240000000000009e+03,1.642352810320000245e-01,9.592867894186195288e-03,2.746330000000000160e-01,9.403039999999999662e-03,1.103977189679999915e-01,1.898934752356781601e-03
1.304740000000000009e+03,1.590992309539999705e-01,9.553239326724641961e-03,2.700099999999999723e-01,9.359549999999999467e-03,1.109107690460000017e-01,1.913950216483774249e-03
1.311259999999999991e+03,1.582178388534999924e-01,9.586764378748712304e-03,2.691529999999999756e-01,9.391560000000000186e-03,1.109351611464999970e-01,1.924747261342428257e-03
1.317819999999999936e+03,1.508086139495000144e-01,9.505814169650909223e-03,2.622300000000000186e-01,9.305940000000000392e-03,1.114213860505000181e-01,1.939067751352694085e-03
1.324410000000000082e+03,1.538251545597500158e-01,9.618619181471084814e-03,2.661510000000000264e-01,9.416950000000000320e-03,1.123258454402500106e-01,1.959307953248664875e-03
1.331029999999999973e+03,1.633464645785000224e-01,9.860797076053019056e-03,2.769150000000000222e-01,9.659620000000000706e-03,1.135685354214999998e-01,1.981681213186359519e-03
1.337680000000000064e+03,1.536745975140000053e-01,9.734064293041761601e-03,2.677180000000000115e-01,9.526899999999999605e-03,1.140434024860000062e-01,1.997544505404225384e-03
1.344369999999999891e+03,1.553460639772500096e-01,9.801693150178727304e-03,2.687910000000000021e-01,9.594979999999999482e-03,1.134449360227499926e-01,2.002385429896197822e-03
1.351089999999999918e+03,1.529432065722499956e-01,9.791221881402018337e-03,2.664050000000000029e-01,9.581440000000000096e-03,1.134617934277500073e-01,2.015944805108931762e-03
1.357849999999999909e+03,1.607941934737499579e-01,9.963335237285158782e-03,2.740079999999999738e-01,9.755669999999999273e-03,1.132138065262500021e-01,2.023598750154812550e-03
1.364640000000000100e+03,1.668134961599999633e-01,1.008399528982610420e-02,2.781429999999999736e-01,9.879910000000000428e-03,1.113295038400000103e-01,2.018499293320423493e-03
1.371460000000000036e+03,1.878931101544999704e-01,1.046305454726058522e-02,2.990169999999999773e-01,1.026449999999999932e-02,1.111238898455000068e-01,2.028681889540702010e-03
1.378319999999999936e+03,1.819656904139999587e-01,1.039487366680416289e-02,2.920869999999999855e-01,1.019469999999999925e-02,1.101213095860000268e-01,2.030145427997377249e-03
1.385210000000000036e+03,1.738524034892500181e-01,1.030637400888223532e-02,2.841210000000000124e-01,1.010169999999999992e-02,1.102685965107499944e-01,2.043771592170530709e-03
1.392140000000000100e+03,1.890907037425000325e-01,1.058154957999722125e-02,2.975360000000000227e-01,1.038290000000000046e-02,1.084452962574999901e-01,2.040730041906419889e-03
1.399099999999999909e+03,2.035051399350000234e-01,1.089188340338110780e-02,3.133920000000000039e-01,1.069359999999999929e-02,1.098868600649999944e-01,2.068826506222506360e-03
1.406089999999999918e+03,2.023204617080000267e-01,1.092078650367622056e-02,3.129040000000000155e-01,1.071940000000000046e-02,1.105835382919999887e-01,2.087592273140686811e-03
1.413119999999999891e+03,1.995738965320000002e-01,1.089277689680090769e-02,3.087670000000000137e-01,1.069089999999999971e-02,1.091931034680000134e-01,2.087401665583222665e-03
1.420190000000000055e+03,2.106121761930000169e-01,1.110552145371753591e-02,3.194629999999999970e-01,1.090529999999999972e-02,1.088508238069999801e-01,2.099294802780322933e-03
1.427289999999999964e+03,2.080669265637500320e-01,1.113151851792540739e-02,3.172670000000000212e-01,1.092830000000000017e-02,1.092000734362499892e-01,2.117301023689419602e-03
1.434430000000000064e+03,2.387327927847499864e-01,1.168942840440389402e-02,3.483029999999999737e-01,1.149269999999999979e-02,1.095702072152499873e-01,2.135552184256934560e-03
1.441599999999999909e+03,2.725949364599999925e-01,1.226247760893952286e-02,3.809980000000000033e-01,1.207440000000000076e-02,1.084030635399999970e-01,2.139444261892131140e-03
1.448809999999999945e+03,3.169247335727499726e-01,1.298692133268581836e-02,4.251289999999999791e-01,1.280730000000000063e-02,1.082042664272500065e-01,2.152485170998854822e-03
1.456049999999999955e+03,2.974758575174999420e-01,1.272789656786765811e-02,4.060289999999999733e-01,1.254139999999999942e-02,1.085531424825000035e-01,2.170860908104737391e-03
1.463329999999999927e+03,2.802061313127500175e-01,1.251516537417213075e-02,3.885979999999999990e-01,1.232270000000000067e-02,1.083918686872499954e-01,2.186419230814860924e-03
1.470650000000000091e+03,2.693722815112500335e-01,1.239820698037176136e-02,3.771639999999999993e-01,1.220169999999999935e-02,1.077917184887499935e-01,2.198648093292575583e-03
1.478000000000000000e+03,2.756961360499999847e-01,1.251148898681404310e-02,3.827570000000000139e-01,1.231460000000000020e-02,1.070608639500000292e-01,2.210878446945716003e-03
1.485390000000000100e+03,2.522986278090000312e-01,1.220858627519606256e-02,3.596090000000000120e-01,1.200260000000000042e-02,1.073103721909999947e-01,2.233197724991157519e-03
1.492819999999999936e+03,2.489104460394999940e-01,1.223152287037908813e-02,3.566050000000000053e-01,1.202210000000000084e-02,1.076945539605000113e-01,2.253722103234263256e-03
1.500279999999999973e+03,2.406005656899999900e-01,1.216043979695462761e-02,3.498379999999999823e-01,1.194319999999999930e-02,1.092374343100000061e-01,2.288289714034899558e-03
1.507779999999999973e+03,2.434386400760000235e-01,1.228626207433222706e-02,3.550420000000000242e-01,1.206220000000000035e-02,1.116033599240000007e-01,2.335715504759611639e-03
1.515319999999999936e+03,2.383837000810000162e-01,1.231267601979388511e-02,3.527629999999999932e-01,1.207989999999999932e-02,1.143792999189999909e-01,2.382856848072791717e-03
1.522900000000000091e+03,2.174029920499999657e-01,1.202556712919207980e-02,3.331629999999999869e-01,1.178120000000000035e-02,1.157600079500000212e-01,2.411968353586975249e-03
1.530509999999999991e+03,2.231939190847500032e-01,1.215211878995158153e-02,3.378260000000000152e-01,1.190919999999999999e-02,1.146320809152500120e-01,2.417632404873475745e-03
1.538160000000000082e+03,2.310390956800000006e-01,1.235414020107034050e-02,3.457560000000000078e-01,1.211049999999999974e-02,1.147169043200000071e-01,2.441427831762044143e-03
1.545859999999999900e+03,2.489559368570000153e-01,1.270878641578800095e-02,3.638689999999999980e-01,1.246740000000000001e-02,1.149130631429999966e-01,2.465195611329381968e-03
1.553579999999999927e+03,2.330404231749999833e-01,1.245392778779128885e-02,3.464599999999999902e-01,1.220669999999999915e-02,1.134195768250000069e-01,2.469168372857555045e-03
1.561349999999999909e+03,2.332304361937500292e-01,1.248966326027347098e-02,3.453860000000000263e-01,1.224180000000000060e-02,1.121555638062499971e-01,2.475887944763447562e-03
1.569160000000000082e+03,2.378896876750000167e-01,1.261420435024876441e-02,3.493450000000000166e-01,1.236680000000000071e-02,1.114553123250000000e-01,2.486042869669549422e-03
1.577000000000000000e+03,2.508983016499999885e-01,1.293352131470850916e-02,3.643879999999999897e-01,1.268309999999999924e-02,1.134896983500000012e-01,2.532774760617160191e-03
1.584890000000000100e+03,2.521264977675000130e-01,1.302220588477091476e-02,3.665080000000000005e-01,1.276709999999999998e-02,1.143815022324999875e-01,2.564956860331625565e-03
1.592809999999999945e+03,2.541206561742500036e-01,1.307819685694613064e-02,3.672279999999999989e-01,1.282280000000000052e-02,1.131073438257499952e-01,2.571970681993801088e-03
1.600779999999999973e+03,2.270605052890000419e-01,1.268433269926651404e-02,3.402490000000000236e-01,1.241500000000000069e-02,1.131884947109999817e-01,2.600013658749063955e-03
1.608779999999999973e+03,2.380529631859999995e-01,1.289929037330818720e-02,3.502549999999999830e-01,1.263210000000000027e-02,1.122020368139999974e-01,2.611846420623022656e-03
1.616829999999999927e+03,2.397173174752499913e-01,1.296443211838114659e-02,3.523609999999999798e-01,1.269239999999999952e-02,1.126436825247500023e-01,2.641871002171124021e-03
1.624910000000000082e+03,2.474889938235000086e-01,1.313854182611336532e-02,3.585800000000000098e-01,1.286920000000000078e-02,1.110910061765000012e-01,2.646690891760942153e-03
1.633029999999999973e+03,2.323831246157500030e-01,1.291004444625085470e-02,3.431420000000000026e-01,1.263099999999999987e-02,1.107588753842500134e-01,2.669660391168238341e-03
1.641200000000000045e+03,2.326954656399999599e-01,1.301441130154577970e-02,3.446389999999999731e-01,1.272940000000000009e-02,1.119435343600000132e-01,2.708740881997115379e-03
1.649410000000000082e+03,2.277546348680000166e-01,1.295003934239773863e-02,3.388079999999999981e-01,1.266049999999999988e-02,1.110533651319999954e-01,2.723097265917850517e-03
1.657650000000000091e+03,2.455595548812500306e-01,1.331938693509475240e-02,3.568720000000000225e-01,1.303220000000000073e-02,1.113124451187499919e-01,2.750969190444122522e-03
1.665940000000000055e+03,2.379336106489999825e-01,1.322860187276425799e-02,3.491349999999999731e-01,1.293429999999999927e-02,1.112013893510000045e-01,2.774849728922639501e-03
1.674269999999999982e+03,2.457319174882499901e-01,1.342677315681826619e-02,3.580769999999999786e-01,1.312770000000000083e-02,1.123450825117499885e-01,2.818107541357409238e-03
1.682640000000000100e+03,2.212210772459999863e-01,1.301750056165790030e-02,3.324570000000000025e-01,1.270609999999999969e-02,1.112359227540000162e-01,2.830255052599276334e-03
1.691059999999999945e+03,2.117509971800000113e-01,1.288938951348571164e-02,3.220709999999999962e-01,1.257160000000000048e-02,1.103200028199999988e-01,2.844509706496962768e-03
1.699509999999999991e+03,2.189954026187500014e-01,1.312052588478972853e-02,3.306629999999999847e-01,1.279779999999999980e-02,1.116675973812499834e-01,2.892147066356979233e-03
1.708009999999999991e+03,2.206710235634999906e-01,1.325549561492648035e-02,3.338530000000000109e-01,1.292530000000000068e-02,1.131819764365000064e-01,2.940201337890846738e-03
1.716549999999999955e+03,2.170003860237499915e-01,1.320537121284770521e-02,3.305859999999999910e-01,1.286619999999999951e-02,1.135856139762499994e-01,2.973672212787901135e-03
1.725130000000000109e+03,2.084962083184999648e-01,1.307143637037459262e-02,3.221859999999999724e-01,1.272110000000000081e-02,1.136897916814999937e-01,3.006004586615207419e-03
1.733759999999999991e+03,2.076730375039999854e-01,1.317362159798556032e-02,3.232229999999999825e-01,1.281309999999999914e-02,1.155499624959999971e-01,3.060845372917690623e-03
1.742430000000000064e+03,1.871843515827499860e-01,1.279471499410987125e-02,3.019339999999999802e-01,1.241910000000000062e-02,1.147496484172500081e-01,3.077448126370279247e-03
1.751140000000000100e+03,2.004540287050000091e-01,1.307714529111256123e-02,3.130060000000000064e-01,1.270939999999999917e-02,1.125519712949999973e-01,3.079428616621506833e-03
1.759890000000000100e+03,2.269311081275000030e-01,1.361249147191503743e-02,3.385770000000000168e-01,1.325510000000000056e-02,1.116458918724999999e-01,3.098749435330261023e-03
1.768690000000000055e+03,2.110300300574999843e-01,1.336034868967117539e-02,3.222200000000000064e-01,1.299029999999999976e-02,1.111899699425000082e-01,3.122662809141948329e-03
1.777539999999999964e+03,2.147026304575000155e-01,1.346352151959385318e-02,3.251550000000000273e-01,1.309079999999999966e-02,1.104523695425000118e-01,3.146008116417815109e-03
1.786420000000000073e+03,1.996796814634999861e-01,1.324626986584032627e-02,3.106729999999999769e-01,1.285730000000000033e-02,1.109933185364999908e-01,3.186456035891519194e-03
1.795359999999999900e+03,1.891584156799999694e-01,1.313627576165496413e-02,3.021209999999999729e-01,1.272949999999999950e-02,1.129625843200000035e-01,3.243697062958208772e-03
1.804329999999999927e+03,1.725757186752500116e-01,1.285223687032975570e-02,2.864010000000000167e-01,1.242410000000000042e-02,1.138252813247499912e-01,3.289640065579147506e-03
1.813349999999999909e+03,1.808319063312499864e-01,1.306826872484289151e-02,2.945059999999999900e-01,1.263899999999999919e-02,1.136740936687500036e-01,3.321946186305084307e-03
1.822420000000000073e+03,1.904217002909999734e-01,1.332706845343158142e-02,3.052329999999999766e-01,1.289309999999999935e-02,1.148112997090000031e-01,3.373236717523874027e-03
1.831529999999999973e+03,2.017531925959999972e-01,1.363986309412354436e-02,3.170359999999999845e-01,1.320550000000000022e-02,1.152828074039999734e-01,3.414767192127968459e-03
1.840690000000000055e+03,1.927715585690476241e-01,1.342343829526082902e-02,3.057239999999999958e-01,1.299149999999999958e-02,1.129524414309523717e-01,3.377813407616675999e-03
1.849890000000000100e+03,2.011934380429166724e-01,1.363809538864405035e-02,3.135950000000000126e-01,1.321800000000000058e-02,1.124015619570833402e-01,3.358886992703703257e-03
1.859140000000000100e+03,1.813596519158333364e-01,1.328436409002734311e-02,2.946650000000000102e-01,1.285230000000000053e-02,1.133053480841666738e-01,3.360463358884901997e-03
1.868440000000000055e+03,1.820777759404761942e-01,1.336139678563649097e-02,2.955679999999999974e-01,1.293449999999999982e-02,1.134902240595238171e-01,3.350467700667650404e-03
1.877779999999999973e+03,1.824801525905952182e-01,1.335625180409484233e-02,2.942589999999999928e-01,1.293900000000000085e-02,1.117788474094047746e-01,3.312361884575221009e-03
1.887170000000000073e+03,1.876798972600000337e-01,1.351319963571638236e-02,2.988310000000000133e-01,1.310610000000000074e-02,1.111511027399999796e-01,3.291915427942419640e-03
1.896609999999999900e+03,1.902388231138690822e-01,1.363956693618162061e-02,3.021710000000000229e-01,1.323610000000000064e-02,1.119321768861309407e-01,3.292938352987931881e-03
1.906089999999999918e+03,1.727875101998809226e-01,1.336286936190328629e-02,2.871389999999999776e-01,1.294469999999999996e-02,1.143514898001190688e-01,3.316778481191276755e-03
1.915619999999999891e+03,1.664002417501190267e-01,1.325354350194618558e-02,2.803749999999999853e-01,1.283639999999999955e-02,1.139747582498809586e-01,3.298977174516361244e-03
1.925200000000000045e+03,1.880568567309523764e-01,1.373479898131369642e-02,3.016409999999999925e-01,1.333709999999999930e-02,1.135841432690476160e-01,3.281229441397814223e-03
1.934819999999999936e+03,1.619119423116666678e-01,1.326084297910702821e-02,2.774619999999999864e-01,1.284489999999999937e-02,1.155500576883333325e-01,3.295223893232777576e-03
1.944500000000000000e+03,1.674166765208333629e-01,1.341483432156083573e-02,2.834880000000000178e-01,1.300590000000000079e-02,1.160713234791666548e-01,3.286996359128886280e-03
1.954220000000000027e+03,1.630068035872618837e-01,1.334561734703730747e-02,2.778309999999999946e-01,1.294230000000000033e-02,1.148241964127380971e-01,3.256128542232802122e-03
1.963990000000000009e+03,1.593618884174999861e-01,1.330207014068574695e-02,2.737789999999999946e-01,1.290230000000000023e-02,1.144171115825000085e-01,3.236622427426981592e-03
1.973809999999999945e+03,1.573231330412500073e-01,1.330775142027952780e-02,2.735839999999999939e-01,1.290499999999999980e-02,1.162608669587499866e-01,3.249188031485984902e-03
1.983680000000000064e+03,1.551875133209524027e-01,1.332883844573234423e-02,2.726160000000000250e-01,1.292609999999999940e-02,1.174284866790476223e-01,3.251749237323297258e-03
1.993599999999999909e+03,1.625705729666666599e-01,1.348986359125754937e-02,2.775819999999999954e-01,1.310369999999999938e-02,1.150114270333333216e-01,3.204600758399721652e-03
2.003569999999999936e+03,1.551275420114880954e-01,1.331316779563616708e-02,2.689139999999999864e-01,1.292880000000000071e-02,1.137864579885119048e-01,3.175935659733042891e-03
2.013589999999999918e+03,1.434665200890476444e-01,1.308493912514205500e-02,2.570180000000000242e-01,1.269739999999999931e-02,1.135514799109523659e-01,3.160959529743043346e-03
2.023650000000000091e+03,1.490042699098214352e-01,1.326589566760600844e-02,2.635850000000000137e-01,1.288360000000000026e-02,1.145807300901785786e-01,3.161777807469690234e-03
2.033769999999999982e+03,1.380765992323809421e-01,1.299698051223477889e-02,2.519609999999999905e-01,1.261190000000000054e-02,1.138844007676190484e-01,3.140299480210536742e-03
2.043940000000000055e+03,1.521710080866666426e-01,1.340001614328616142e-02,2.656529999999999725e-01,1.303050000000000042e-02,1.134819919133333299e-01,3.125140379299745901e-03
2.054159999999999854e+03,1.367291405866666865e-01,1.307155099530297321e-02,2.507380000000000164e-01,1.269319999999999997e-02,1.140088594133333300e-01,3.122197812888566088e-03
2.064429999999999836e+03,1.433283172954166740e-01,1.327047887428426699e-02,2.580910000000000148e-01,1.289970000000000006e-02,1.147626827045833409e-01,3.115019977917484525e-03
2.074750000000000000e+03,1.261926655818452481e-01,1.295558154260642754e-02,2.427580000000000016e-01,1.257280000000000030e-02,1.165653344181547535e-01,3.125986766946451962e-03
2.085130000000000109e+03,1.372543722386905252e-01,1.319902033226926820e-02,2.513290000000000246e-01,1.283669999999999950e-02,1.140746277613094994e-01,3.071363026680102703e-03
2.095550000000000182e+03,1.607052331708333781e-01,1.369893617346540360e-02,2.710350000000000259e-01,1.336470000000000019e-02,1.103297668291666478e-01,3.007598077316676281e-03
2.106030000000000200e+03,1.507285517608333292e-01,1.348668837116545789e-02,2.609489999999999865e-01,1.314979999999999968e-02,1.102204482391666573e-01,2.995583946566947667e-03
2.116559999999999945e+03,1.321945114261904863e-01,1.305467093292164531e-02,2.415480000000000127e-01,1.271120000000000062e-02,1.093534885738095264e-01,2.974866001498094239e-03
2.127139999999999873e+03,1.377533330302380954e-01,1.320744867262750588e-02,2.461139999999999994e-01,1.287429999999999998e-02,1.083606669697619040e-01,2.947727930133659142e-03
2.137780000000000200e+03,1.420751585591666921e-01,1.328695797039326949e-02,2.479550000000000087e-01,1.296660000000000000e-02,1.058798414408333305e-01,2.900092506627547587e-03
2.148469999999999800e+03,1.439949090421428490e-01,1.337330824965227496e-02,2.492219999999999991e-01,1.305899999999999943e-02,1.052270909578571501e-01,2.882341503052269181e-03
2.159210000000000036e+03,1.511651555100595179e-01,1.363426988480068679e-02,2.583329999999999793e-01,1.332219999999999932e-02,1.071678444899404614e-01,2.900396947244113840e-03
2.170010000000000218e+03,1.507575414075000009e-01,1.369079501342352310e-02,2.584919999999999995e-01,1.338169999999999984e-02,1.077344585924999987e-01,2.892744926463862703e-03
2.180860000000000127e+03,1.310304062475000086e-01,1.323447322017110538e-02,2.391989999999999950e-01,1.291469999999999944e-02,1.081685937525000002e-01,2.891678634534993950e-03
2.191760000000000218e+03,1.505557789995238260e-01,1.382518525058595849e-02,2.602119999999999989e-01,1.351690000000000010e-02,1.096562210004761867e-01,2.903301844972294449e-03
2.202719999999999800e+03,1.360632236342856904e-01,1.357076377379807380e-02,2.486349999999999949e-01,1.324980000000000081e-02,1.125717763657142906e-01,2.934012502398395620e-03
2.213730000000000018e+03,1.418582690034523586e-01,1.378851437631062847e-02,2.560839999999999783e-01,1.347019999999999988e-02,1.142257309965476197e-01,2.945647749769968789e-03
2.224800000000000182e+03,1.279379256571428480e-01,1.351870850035418424e-02,2.441679999999999962e-01,1.319069999999999965e-02,1.162300743428571481e-01,2.959883955081427098e-03
2.235929999999999836e+03,1.349802260311904756e-01,1.379097712072452006e-02,2.523540000000000227e-01,1.346849999999999957e-02,1.173737739688095333e-01,2.964887467400274552e-03
2.247110000000000127e+03,1.316053909556547385e-01,1.375989769767509141e-02,2.489649999999999919e-01,1.343809999999999970e-02,1.173596090443452533e-01,2.958420700388009108e-03
2.258340000000000146e+03,1.270796943519047484e-01,1.369277360715723951e-02,2.464389999999999914e-01,1.336590000000000000e-02,1.193593056480952430e-01,2.974015172601155148e-03
2.269630000000000109e+03,1.196998172668452265e-01,1.357872783977129294e-02,2.403049999999999908e-01,1.324819999999999991e-02,1.206051827331547643e-01,2.977758638066552339e-03
2.280980000000000018e+03,1.170410844424999985e-01,1.360917731389434636e-02,2.389169999999999905e-01,1.327760000000000051e-02,1.218759155574999919e-01,2.985807328180523600e-03
2.292389999999999873e+03,1.189454362049404690e-01,1.364560591313213229e-02,2.389969999999999872e-01,1.332309999999999918e-02,1.200515637950595182e-01,2.949163801233600606e-03
2.303849999999999909e+03,1.353055316791666463e-01,1.402551393978238373e-02,2.519179999999999753e-01,1.372340000000000018e-02,1.166124683208333290e-01,2.895398714344875335e-03
2.315369999999999891e+03,1.201581501114285522e-01,1.364297182410210106e-02,2.366129999999999900e-01,1.333370000000000041e-02,1.164548498885714378e-01,2.888446728476015864e-03
2.326940000000000055e+03,1.228035873232142805e-01,1.372565217444705540e-02,2.393079999999999929e-01,1.342070000000000068e-02,1.165044126767857124e-01,2.877210302342042732e-03
2.338579999999999927e+03,1.006505669505952383e-01,1.310876605175673344e-02,2.161399999999999988e-01,1.279390000000000041e-02,1.154894330494047605e-01,2.855848418542170780e-03
2.350269999999999982e+03,1.071300719954761949e-01,1.328104524324141660e-02,2.205660000000000120e-01,1.297740000000000005e-02,1.134359280045238172e-01,2.823694741473569032e-03
2.362019999999999982e+03,1.142920883666666415e-01,1.353947173308986396e-02,2.276189999999999880e-01,1.324250000000000080e-02,1.133269116333333465e-01,2.820193000689738116e-03
2.373829999999999927e+03,1.371302793833333311e-01,1.422192859486099553e-02,2.515950000000000131e-01,1.393720000000000028e-02,1.144647206166666681e-01,2.831555953415872216e-03
2.385699999999999818e+03,1.276909881672619040e-01,1.400773021963567719e-02,2.428659999999999985e-01,1.371810000000000043e-02,1.151750118327380945e-01,2.833767509181820462e-03
2.397630000000000109e+03,1.122391166285714309e-01,1.367930732058285880e-02,2.283439999999999914e-01,1.338109999999999994e-02,1.161048833714285605e-01,2.840706172935130325e-03
2.409619999999999891e+03,1.148563355249999918e-01,1.383466751236192387e-02,2.325869999999999882e-01,1.353590000000000002e-02,1.177306644749999964e-01,2.859621717570781565e-03
2.421670000000000073e+03,1.214091944969047654e-01,1.408509970795796158e-02,2.400069999999999981e-01,1.378960000000000082e-02,1.185978055030952327e-01,2.870011432576086499e-03
2.433769999999999982e+03,1.081278230729166567e-01,1.376077990034081482e-02,2.257329999999999892e-01,1.346110000000000015e-02,1.176051769270833325e-01,2.856195066101716289e-03
2.445940000000000055e+03,1.132498751245238217e-01,1.392704300425403469e-02,2.308910000000000129e-01,1.363130000000000071e-02,1.176411248754761912e-01,2.854853262838777730e-03
2.458170000000000073e+03,1.135887049512499802e-01,1.406327606899931450e-02,2.344459999999999877e-01,1.376259999999999983e-02,1.208572950487500075e-01,2.892503246824252704e-03
2.470460000000000036e+03,9.887299288595235991e-02,1.365874957023138249e-02,2.200159999999999894e-01,1.334839999999999985e-02,1.211430071140476294e-01,2.895109196955440549e-03
2.482820000000000164e+03,1.148176731014285690e-01,1.419146496886708117e-02,2.360829999999999873e-01,1.389190000000000043e-02,1.212653268985714183e-01,2.900481400144042359e-03
2.495230000000000018e+03,1.024138565637500164e-01,1.388979655905923059e-02,2.250080000000000136e-01,1.357820000000000034e-02,1.225941434362499971e-01,2.925565451678293922e-03
2.507710000000000036e+03,9.459070438309524764e-02,1.366479382556992292e-02,2.161450000000000038e-01,1.334950000000000025e-02,1.215542956169047561e-01,2.918465357912250480e-03
2.520250000000000000e+03,1.036898742351190505e-01,1.399201707199178302e-02,2.255050000000000110e-01,1.368240000000000081e-02,1.218151257648809604e-01,2.927195241679227036e-03
2.532849999999999909e+03,9.908361004583332576e-02,1.384594897596308147e-02,2.193630000000000024e-01,1.353520000000000070e-02,1.202793899541666767e-01,2.916961433576567477e-03
2.545510000000000218e+03,1.064191536441666946e-01,1.402661732940329448e-02,2.243970000000000131e-01,1.372379999999999954e-02,1.179778463558333185e-01,2.898845850595856491e-03
2.558239999999999782e+03,9.283507635809523650e-02,1.358276952397205299e-02,2.096220000000000028e-01,1.327099999999999981e-02,1.167869236419047663e-01,2.893473162368018041e-03
2.571030000000000200e+03,1.205022147982142688e-01,1.444428551708107182e-02,2.354189999999999894e-01,1.415439999999999927e-02,1.149167852017857205e-01,2.879295875549792421e-03
2.583880000000000109e+03,1.109460383985714227e-01,1.424081273130093674e-02,2.271249999999999936e-01,1.394139999999999963e-02,1.161789616014285709e-01,2.904843074588176182e-03
2.596800000000000182e+03,9.250117170000002331e-02,1.381024622372218832e-02,2.109920000000000129e-01,1.349260000000000043e-02,1.184908282999999896e-01,2.944935652918917804e-03
2.609789999999999964e+03,1.028283103991071423e-01,1.410588814930903434e-02,2.209480000000000055e-01,1.379350000000000021e-02,1.181196896008928632e-01,2.952192106014960883e-03
2.622840000000000146e+03,1.020769318433333295e-01,1.413506540894906953e-02,2.207089999999999885e-01,1.381940000000000078e-02,1.186320681566666591e-01,2.970565224880358356e-03
2.635949999999999818e+03,1.013538596157738253e-01,1.418817246241518490e-02,2.192159999999999942e-01,1.387279999999999937e-02,1.178621403842261689e-01,2.974837471734648880e-03
2.649130000000000109e+03,8.875338250738097623e-02,1.376218774914555673e-02,2.051900000000000113e-01,1.343740000000000039e-02,1.164366174926190350e-01,2.972220194186830922e-03
2.662380000000000109e+03,1.070480494553571471e-01,1.427111687435255599e-02,2.209329999999999905e-01,1.396120000000000000e-02,1.138849505446428434e-01,2.957984347732469429e-03
2.675690000000000055e+03,1.177703058941666769e-01,1.457658495568964901e-02,2.301729999999999887e-01,1.427349999999999973e-02,1.124026941058333118e-01,2.957030050648427541e-03
2.689070000000000164e+03,1.267973358829762032e-01,1.491073659859457924e-02,2.390019999999999922e-01,1.461149999999999949e-02,1.122046641170237891e-01,2.972227054359720747e-03
2.702510000000000218e+03,1.292514613167261850e-01,1.498807019979213166e-02,2.403790000000000093e-01,1.468910000000000007e-02,1.111275386832738243e-01,2.978689225799994230e-03
2.716019999999999982e+03,1.220522920101190234e-01,1.480038438859865822e-02,2.314769999999999883e-01,1.449819999999999928e-02,1.094247079898809649e-01,2.975495725131342001e-03
2.729610000000000127e+03,9.761280592547617874e-02,1.406118571847464124e-02,2.072199999999999875e-01,1.373719999999999976e-02,1.096071940745238088e-01,3.001046479052794664e-03
2.743250000000000000e+03,9.765415691666667897e-02,1.414682591549097472e-02,2.080130000000000035e-01,1.381740000000000052e-02,1.103588430833333245e-01,3.035150856746173919e-03
2.756969999999999800e+03,1.153425961449999898e-01,1.475116681316129309e-02,2.259569999999999912e-01,1.442889999999999971e-02,1.106144038550000014e-01,3.066556234558751558e-03
2.770750000000000000e+03,1.314718991145833182e-01,1.531064628686939350e-02,2.417849999999999999e-01,1.499589999999999951e-02,1.103131008854166817e-01,3.088506582739878898e-03
2.784610000000000127e+03,1.129244674287499944e-01,1.486822138044087589e-02,2.259670000000000012e-01,1.453010000000000065e-02,1.130425325712500068e-01,3.152808431826958739e-03
2.798530000000000200e+03,1.147883964354762254e-01,1.498148942827015606e-02,2.291430000000000133e-01,1.463549999999999920e-02,1.143546035645237879e-01,3.201119372871067889e-03
2.812519999999999982e+03,1.143424156628571609e-01,1.506808490231913676e-02,2.305240000000000067e-01,1.471049999999999962e-02,1.161815843371428458e-01,3.263184391587141322e-03
2.826590000000000146e+03,1.238949573555952338e-01,1.536419461739298858e-02,2.388129999999999975e-01,1.501010000000000018e-02,1.149180426444047637e-01,3.279538722309537080e-03
2.840719999999999800e+03,1.285302310285714456e-01,1.555156562360656552e-02,2.425430000000000086e-01,1.519719999999999925e-02,1.140127689714285630e-01,3.300955241341738643e-03
2.854920000000000073e+03,1.405545608323809925e-01,1.594661114080795847e-02,2.539350000000000218e-01,1.559570000000000053e-02,1.133804391676190432e-01,3.326942798747898819e-03
2.869199999999999818e+03,1.441107638119047407e-01,1.606636853569180096e-02,2.564859999999999918e-01,1.571229999999999849e-02,1.123752361880952511e-01,3.354374253816576508e-03
2.883539999999999964e+03,1.311930697705952498e-01,1.565890295394386025e-02,2.420960000000000056e-01,1.529319999999999985e-02,1.109029302294047697e-01,3.364413096073634417e-03
2.897960000000000036e+03,1.428877714195238013e-01,1.611419881823553807e-02,2.545629999999999837e-01,1.574829999999999980e-02,1.116752285804761824e-01,3.414447343805958671e-03
2.912449999999999818e+03,1.652836449577380629e-01,1.685950385465698545e-02,2.781089999999999951e-01,1.649909999999999918e-02,1.128253550422619184e-01,3.467357699343100261e-03
2.927010000000000218e+03,1.649993371148213983e-01,1.697193868178813181e-02,2.800719999999999876e-01,1.659789999999999877e-02,1.150726628851785893e-01,3.543503662814005868e-03
2.941650000000000091e+03,1.599424672327380836e-01,1.683734928095322048e-02,2.747539999999999982e-01,1.645179999999999906e-02,1.148115327672619146e-01,3.582542054019177778e-03
2.956360000000000127e+03,1.702284431566666312e-01,1.721216854543910005e-02,2.852480000000000016e-01,1.682439999999999977e-02,1.150195568433333565e-01,3.632947931997264172e-03
2.971139999999999873e+03,1.652476864457143035e-01,1.707551265590873460e-02,2.794320000000000137e-01,1.667669999999999916e-02,1.141843135542857102e-01,3.668897596295029370e-03
2.985989999999999782e+03,1.644668924470238103e-01,1.706500235312743627e-02,2.774389999999999912e-01,1.665900000000000020e-02,1.129721075529761809e-01,3.700273545596988612e-03
3.000920000000000073e+03,1.746894842878571608e-01,1.738803840598008091e-02,2.859610000000000207e-01,1.698430000000000079e-02,1.112715157121428600e-01,3.725242692474991547e-03
3.015929999999999836e+03,1.687166843322619181e-01,1.729893407243638173e-02,2.804320000000000146e-01,1.688080000000000136e-02,1.117153156677380965e-01,3.780437990828611206e-03
3.031010000000000218e+03,1.587108579762500082e-01,1.708017305152723792e-02,2.716720000000000246e-01,1.664080000000000073e-02,1.129611420237500025e-01,3.849167030685628644e-03
3.046159999999999854e+03,1.624785237038094965e-01,1.740692374104855014e-02,2.801259999999999861e-01,1.694529999999999995e-02,1.176474762961904758e-01,3.982185585414080992e-03
3.061389999999999873e+03,1.781115342041666993e-01,1.797756799208594797e-02,2.965550000000000130e-01,1.751520000000000160e-02,1.184434657958333276e-01,4.051014671668461652e-03
3.076699999999999818e+03,1.809321238125000397e-01,1.812917013777645345e-02,3.005360000000000253e-01,1.765279999999999974e-02,1.196038761874999856e-01,4.128615027396658269e-03
3.092079999999999927e+03,1.560364633176190563e-01,1.749522256520150837e-02,2.769490000000000007e-01,1.698200000000000057e-02,1.209125366823809583e-01,4.206481737264061195e-03
3.107539999999999964e+03,1.623076652820237831e-01,1.783543055694679011e-02,2.859519999999999840e-01,1.730579999999999966e-02,1.236443347179761870e-01,4.314147599662229542e-03
3.123079999999999927e+03,1.614846084459523878e-01,1.785837473100379547e-02,2.845199999999999951e-01,1.731639999999999915e-02,1.230353915540476073e-01,4.366215646638966878e-03
3.138699999999999818e+03,1.395898264136904987e-01,1.732357743856163118e-02,2.634170000000000122e-01,1.674310000000000034e-02,1.238271735863094997e-01,4.446902029485412348e-03
3.154389999999999873e+03,1.612112690351785727e-01,1.792247247900090323e-02,2.822399999999999909e-01,1.735810000000000131e-02,1.210287309648214321e-01,4.462217402877703513e-03
3.170159999999999854e+03,1.596951740857142643e-01,1.796874423330523107e-02,2.803939999999999766e-01,1.739670000000000105e-02,1.206988259142857262e-01,4.497843753615724145e-03
3.186010000000000218e+03,1.579600521959375059e-01,1.794312354361548081e-02,2.798340000000000272e-01,1.737549999999999858e-02,1.218739478040625074e-01,4.477463819111027372e-03
3.201940000000000055e+03,1.673535113289286169e-01,1.824644672887165003e-02,2.880770000000000275e-01,1.770400000000000099e-02,1.207234886710714244e-01,4.416016556756876751e-03
3.217949999999999818e+03,2.089976566359375010e-01,1.947673357736271274e-02,3.282900000000000262e-01,1.898429999999999909e-02,1.192923433640625114e-01,4.351954084496775788e-03
3.234039999999999964e+03,1.825863373978571791e-01,1.879200374632237006e-02,3.025070000000000259e-01,1.828739999999999880e-02,1.199206626021428607e-01,4.325552686281142027e-03
3.250210000000000036e+03,1.720748330905804147e-01,1.850886521905429835e-02,2.909320000000000239e-01,1.800960000000000061e-02,1.188571669094196231e-01,4.269941397386837166e-03
3.266469999999999800e+03,1.624521539958482252e-01,1.823658651414230766e-02,2.816330000000000222e-01,1.773680000000000048e-02,1.191808460041517831e-01,4.240166676888662382e-03
3.282800000000000182e+03,1.551409353946429093e-01,1.802249756744041254e-02,2.738670000000000271e-01,1.752789999999999904e-02,1.187260646053571317e-01,4.193225507696395418e-03
3.299210000000000036e+03,1.791111558907589330e-01,1.876824873332054097e-02,2.965979999999999728e-01,1.830659999999999926e-02,1.174868441092410537e-01,4.137095231655668094e-03
3.315710000000000036e+03,1.900494641149553521e-01,1.916448343440041099e-02,3.078529999999999878e-01,1.871980000000000172e-02,1.178035358850446357e-01,4.104450422091572570e-03
3.332289999999999964e+03,1.440594411353571525e-01,1.778664483365329299e-02,2.625580000000000136e-01,1.731370000000000131e-02,1.184985588646428611e-01,4.074374399650243853e-03
3.348949999999999818e+03,1.880260044689732457e-01,1.926300290119564024e-02,3.085010000000000252e-01,1.882740000000000108e-02,1.204749955310267795e-01,4.073363476473904586e-03
3.365690000000000055e+03,1.867362478027232153e-01,1.931307273773355884e-02,3.083110000000000017e-01,1.888280000000000167e-02,1.215747521972767864e-01,4.053966296478930809e-03
3.382519999999999982e+03,1.429046392424999645e-01,1.806068254774849044e-02,2.653329999999999855e-01,1.760580000000000131e-02,1.224283607575000071e-01,4.027910184021842033e-03
3.399429999999999836e+03,1.451958202373214435e-01,1.821915459698536521e-02,2.703329999999999900e-01,1.776569999999999885e-02,1.251371797626785465e-01,4.039492262506883848e-03
3.416429999999999836e+03,1.474905907601785637e-01,1.828702326313644613e-02,2.723079999999999945e-01,1.784559999999999966e-02,1.248174092398214308e-01,3.993717624781908428e-03
3.433510000000000218e+03,1.673202756430803850e-01,1.896642794553800651e-02,2.928580000000000072e-01,1.854789999999999911e-02,1.255377243569196222e-01,3.962422819852154214e-03
3.450679999999999836e+03,1.771720305169642573e-01,1.935179445313115962e-02,3.028529999999999833e-01,1.894830000000000125e-02,1.256809694830357260e-01,3.931141776410252038e-03
3.467929999999999836e+03,1.752150197460267955e-01,1.921399907318692424e-02,2.979120000000000101e-01,1.882440000000000155e-02,1.226969802539732146e-01,3.849639596693176825e-03
3.485269999999999982e+03,1.604418626145535653e-01,1.872961664343400848e-02,2.811299999999999910e-01,1.834269999999999998e-02,1.206881373854464257e-01,3.787333668955002435e-03
3.502699999999999818e+03,1.440124906888392842e-01,1.825088912610342215e-02,2.634360000000000035e-01,1.786489999999999953e-02,1.194235093111607193e-01,3.733671367879101786e-03
3.520210000000000036e+03,1.382849612553124774e-01,1.802696102279652615e-02,2.556479999999999864e-01,1.764829999999999871e-02,1.173630387446875090e-01,3.675436141116476818e-03
3.537809999999999945e+03,1.524421024142856851e-01,1.849810345695117320e-02,2.694019999999999748e-01,1.813700000000000034e-02,1.169598975857142897e-01,3.637177821342926949e-03
3.555500000000000000e+03,1.536611780111607206e-01,1.862621482267890621e-02,2.711399999999999921e-01,1.827140000000000014e-02,1.174788219888392715e-01,3.618262105014424367e-03
3.573280000000000200e+03,1.547091086914286207e-01,1.875639027143181578e-02,2.726720000000000255e-01,1.840819999999999956e-02,1.179628913085714187e-01,3.597269627684595867e-03
3.591150000000000091e+03,1.400229247087053652e-01,1.835165854834954272e-02,2.598820000000000019e-01,1.799430000000000127e-02,1.198590752912946367e-01,3.603961568220565362e-03
3.609099999999999909e+03,1.304496380687500401e-01,1.811950643974143474e-02,2.519080000000000208e-01,1.775739999999999957e-02,1.214583619312499946e-01,3.604338893588019017e-03
3.627150000000000091e+03,1.327743240647321354e-01,1.836394774792843992e-02,2.564919999999999978e-01,1.800409999999999858e-02,1.237176759352678623e-01,3.617590369105661788e-03
3.645280000000000200e+03,1.126546923228571584e-01,1.774587452669254203e-02,2.375200000000000089e-01,1.737369999999999887e-02,1.248653076771428505e-01,3.615330002519179676e-03
3.663510000000000218e+03,1.245294024803124955e-01,1.836825434932777903e-02,2.523050000000000015e-01,1.800430000000000086e-02,1.277755975196875060e-01,3.638399284245596305e-03
3.681829999999999927e+03,1.480436369673213959e-01,1.925653403583105563e-02,2.783169999999999811e-01,1.890560000000000157e-02,1.302733630326785852e-01,3.659561683196473330e-03
3.700239999999999782e+03,1.202074036785714672e-01,1.842611608919569877e-02,2.516920000000000268e-01,1.805810000000000054e-02,1.314845963214285596e-01,3.664256885443006959e-03
3.718739999999999782e+03,1.283195070512500036e-01,1.875121762709804768e-02,2.588590000000000058e-01,1.839500000000000163e-02,1.305394929487500022e-01,3.637600513909206804e-03
3.737329999999999927e+03,1.114331094895089636e-01,1.817277869295085349e-02,2.414880000000000082e-01,1.780899999999999844e-02,1.300548905104910447e-01,3.617928194833142531e-03
3.756019999999999982e+03,1.257360727155357183e-01,1.873405812581908220e-02,2.551229999999999887e-01,1.838489999999999916e-02,1.293869272844642704e-01,3.600053590096683517e-03
3.774800000000000182e+03,1.486540179249999927e-01,1.962288389464494215e-02,2.779340000000000144e-01,1.929130000000000081e-02,1.292799820750000217e-01,3.592118685778047243e-03
3.793670000000000073e+03,1.291045741705803274e-01,1.895014427788962660e-02,2.587479999999999780e-01,1.860720000000000082e-02,1.296434258294196507e-01,3.588882320839312853e-03
3.812639999999999873e+03,1.208144909485714402e-01,1.868578758215659261e-02,2.493380000000000041e-01,1.834150000000000016e-02,1.285235090514285639e-01,3.570439092811620706e-03
3.831699999999999818e+03,1.308901404187500228e-01,1.903217187117469192e-02,2.578730000000000189e-01,1.869820000000000162e-02,1.269828595812499961e-01,3.549772231275290669e-03
3.850860000000000127e+03,1.293886366660714216e-01,1.907631970556834117e-02,2.579679999999999751e-01,1.873769999999999950e-02,1.285793633339285535e-01,3.578347693986010103e-03
3.870119999999999891e+03,1.029633478001785729e-01,1.825332496564070414e-02,2.336040000000000061e-01,1.789110000000000006e-02,1.306406521998214332e-01,3.618343970835587262e-03
3.889469999999999800e+03,1.212855110211606968e-01,1.902015496196612226e-02,2.519179999999999753e-01,1.867040000000000019e-02,1.306324889788392785e-01,3.630765569023220677e-03
3.908920000000000073e+03,1.126350823562499992e-01,1.875572036135321474e-02,2.434159999999999935e-01,1.839729999999999838e-02,1.307809176437499943e-01,3.649164148579730430e-03
3.928460000000000036e+03,9.410424136062497946e-02,1.822117265666546929e-02,2.272720000000000018e-01,1.784049999999999872e-02,1.331677586393750223e-01,3.705090111456592512e-03
3.948099999999999909e+03,9.485559704017856864e-02,1.837503588174143471e-02,2.297649999999999970e-01,1.798790000000000111e-02,1.349094029598214284e-01,3.751985773598452006e-03
3.967840000000000146e+03,1.156599626300000294e-01,1.932213117527187274e-02,2.526880000000000237e-01,1.894360000000000141e-02,1.370280373699999943e-01,3.805886518856432289e-03
3.987679999999999836e+03,1.109176802257142991e-01,1.921044661871614337e-02,2.480479999999999907e-01,1.882409999999999986e-02,1.371303197742856916e-01,3.833342990203528547e-03
4.007619999999999891e+03,1.105881135974999818e-01,1.915050476120760264e-02,2.452000000000000013e-01,1.876440000000000052e-02,1.346118864025000195e-01,3.826110982320701098e-03
4.027659999999999854e+03,1.070492108974999967e-01,1.910190354054815826e-02,2.423949999999999994e-01,1.870559999999999931e-02,1.353457891025000026e-01,3.870820005167668020e-03
4.047800000000000182e+03,1.220027001499999764e-01,1.976589629598621278e-02,2.584509999999999863e-01,1.937329999999999955e-02,1.364482998500000099e-01,3.919936669600851929e-03
4.068039999999999964e+03,1.254773111948213893e-01,1.993149378102038530e-02,2.605839999999999823e-01,1.953780000000000100e-02,1.351066888051785930e-01,3.941930428464495394e-03
4.088380000000000109e+03,1.168635600191071655e-01,1.951898484792984403e-02,2.496440000000000048e-01,1.911449999999999955e-02,1.327804399808928393e-01,3.953056949212194887e-03
4.108819999999999709e+03,8.155986508401785740e-02,1.806784890947408032e-02,2.121780000000000055e-01,1.762680000000000149e-02,1.306181349159821481e-01,3.967755785779110075e-03
4.129359999999999673e+03,1.165023202789285672e-01,1.958503380987692763e-02,2.475799999999999945e-01,1.916510000000000088e-02,1.310776797210714273e-01,4.033917614927494920e-03
4.150010000000000218e+03,1.197241883145089281e-01,1.971428658098703379e-02,2.506619999999999959e-01,1.928689999999999918e-02,1.309378116854910679e-01,4.082717696251529117e-03
4.170760000000000218e+03,1.392818495907142684e-01,2.054747977777492823e-02,2.706259999999999777e-01,2.012380000000000072e-02,1.313441504092857093e-01,4.151096093572104878e-03
4.191609999999999673e+03,1.236847213170535753e-01,1.997288001005695021e-02,2.543050000000000033e-01,1.952570000000000000e-02,1.306202786829464280e-01,4.202734277364273546e-03
4.212569999999999709e+03,1.347368088535267905e-01,2.049796436001479275e-02,2.654239999999999933e-01,2.004960000000000075e-02,1.306871911464732028e-01,4.263810824184944073e-03
4.233630000000000109e+03,1.172775659775892598e-01,1.992346888338391783e-02,2.486829999999999874e-01,1.944370000000000126e-02,1.314054340224107276e-01,4.345934037369551112e-03
4.254800000000000182e+03,1.400863176464285653e-01,2.093347020771779698e-02,2.727149999999999852e-01,2.045709999999999890e-02,1.326286823535714199e-01,4.440409274763833410e-03
4.276079999999999927e+03,1.131791096871428426e-01,2.007607037355930990e-02,2.483299999999999952e-01,1.955209999999999934e-02,1.351508903128571526e-01,4.556751829330389462e-03
4.297460000000000036e+03,1.009147330345535609e-01,1.961088623452326637e-02,2.349920000000000064e-01,1.906000000000000055e-02,1.340772669654464455e-01,4.615545352763214017e-03
4.318939999999999600e+03,1.168891936173214463e-01,2.033070678028356740e-02,2.539290000000000158e-01,1.976699999999999985e-02,1.370398063826785695e-01,4.754297969823536793e-03
4.340539999999999964e+03,1.211253912206250172e-01,2.060129643273667099e-02,2.586410000000000098e-01,2.002260000000000151e-02,1.375156087793749926e-01,4.848598142709769319e-03
4.362239999999999782e+03,1.285493354549999967e-01,2.109176873448340150e-02,2.668380000000000196e-01,2.050089999999999898e-02,1.382886645450000229e-01,4.957399271687889554e-03
4.384050000000000182e+03,1.219516890015625021e-01,2.095204010281869617e-02,2.620379999999999932e-01,2.032600000000000032e-02,1.400863109984374910e-01,5.083474055222756208e-03
4.405970000000000255e+03,1.008876412379910714e-01,2.023178541780003281e-02,2.394950000000000134e-01,1.956499999999999906e-02,1.386073587620089420e-01,5.151302378224960864e-03
4.428000000000000000e+03,1.133576835357142931e-01,2.071589124286862121e-02,2.500580000000000025e-01,2.004890000000000144e-02,1.367003164642857094e-01,5.214379999229128149e-03
4.450140000000000327e+03,1.065578270720535792e-01,2.046556747228575959e-02,2.414330000000000087e-01,1.977200000000000138e-02,1.348751729279464295e-01,5.282751930829318598e-03
4.472390000000000327e+03,1.123470791252232093e-01,2.070432706533529080e-02,2.463289999999999924e-01,1.999750000000000139e-02,1.339819208747767831e-01,5.363688374465405868e-03
4.494750000000000000e+03,1.170285358437499756e-01,2.078439618585232324e-02,2.469109999999999916e-01,2.007569999999999841e-02,1.298824641562500160e-01,5.381207515091069454e-03
4.517229999999999563e+03,1.043251249999999908e-01,2.030911965083358542e-02,2.320399999999999963e-01,1.958609999999999865e-02,1.277148750000000055e-01,5.370756723393361673e-03
4.539810000000000400e+03,1.103657499999999847e-01,2.048941857368471661e-02,2.353889999999999871e-01,1.978440000000000060e-02,1.250232500000000024e-01,5.328582375046504380e-03
4.562510000000000218e+03,1.287243750000000020e-01,2.116031182516650219e-02,2.512710000000000221e-01,2.048890000000000086e-02,1.225466250000000062e-01,5.288078415481491969e-03
4.585329999999999927e+03,1.379383750000000020e-01,2.155469044727054834e-02,2.604469999999999841e-01,2.089310000000000125e-02,1.225086249999999960e-01,5.299344550758730392e-03
4.608250000000000000e+03,1.155130000000000046e-01,2.068140145689856962e-02,2.379630000000000078e-01,1.998810000000000170e-02,1.224500000000000033e-01,5.310011733641108699e-03
4.631289999999999964e+03,1.172592499999999954e-01,2.091702029517842829e-02,2.418379999999999974e-01,2.021449999999999983e-02,1.245787500000000020e-01,5.375474656149561645e-03
4.654449999999999818e+03,1.165168749999999920e-01,2.092373432417717061e-02,2.411449999999999982e-01,2.021649999999999836e-02,1.246281250000000063e-01,5.394050965531378868e-03
4.677720000000000255e+03,1.060108750000000044e-01,2.061907626619703671e-02,2.324050000000000005e-01,1.988519999999999871e-02,1.263941249999999961e-01,5.452075479232656834e-03
4.701109999999999673e+03,8.684637500000000343e-02,1.992051247170002412e-02,2.139979999999999938e-01,1.915079999999999907e-02,1.271516249999999904e-01,5.483947163782329146e-03
4.724619999999999891e+03,1.318151250000000052e-01,2.187549325501384617e-02,2.609609999999999985e-01,2.116180000000000144e-02,1.291458749999999933e-01,5.542149935733988245e-03
4.748239999999999782e+03,9.364000000000000101e-02,2.052176543287714469e-02,2.245000000000000051e-01,1.974410000000000054e-02,1.308600000000000041e-01,5.595835207726479639e-03
4.771979999999999563e+03,1.036486249999999942e-01,2.109982412739944135e-02,2.342569999999999930e-01,2.034100000000000144e-02,1.306083749999999988e-01,5.607699814289946079e-03
4.795840000000000146e+03,1.306169999999999831e-01,2.216462408779894949e-02,2.604690000000000061e-01,2.144329999999999847e-02,1.298520000000000230e-01,5.608515495515502443e-03
4.819819999999999709e+03,1.281420000000000337e-01,2.195045605785119272e-02,2.553130000000000122e-01,2.123459999999999931e-02,1.271709999999999785e-01,5.560061509341083889e-03
4.843920000000000073e+03,1.041613750000000005e-01,2.102407658808258875e-02,2.322960000000000025e-01,2.026649999999999979e-02,1.281346250000000020e-01,5.592921788436031570e-03
4.868140000000000327e+03,1.021420000000000106e-01,2.098609674289221572e-02,2.301549999999999985e-01,2.022499999999999992e-02,1.280129999999999879e-01,5.600502790110120817e-03
4.892479999999999563e+03,1.104009999999999991e-01,2.153053341169305912e-02,2.399560000000000026e-01,2.077789999999999845e-02,1.295550000000000035e-01,5.642937230027572290e-03
4.916939999999999600e+03,1.226996250000000344e-01,2.212008329003588986e-02,2.531220000000000137e-01,2.138079999999999842e-02,1.304223749999999793e-01,5.670932561592052432e-03
4.941529999999999745e+03,1.293255000000000376e-01,2.233934705512968452e-02,2.584620000000000251e-01,2.161230000000000095e-02,1.291364999999999874e-01,5.652867905721063908e-03
4.966229999999999563e+03,1.217958749999999979e-01,2.215875939669866360e-02,2.517699999999999938e-01,2.141720000000000082e-02,1.299741249999999959e-01,5.684554702066050777e-03
4.991069999999999709e+03,1.319901250000000137e-01,2.270213679344482496e-02,2.646580000000000044e-01,2.195930000000000104e-02,1.326678749999999907e-01,5.759874868283273303e-03
5.016020000000000437e+03,9.094424999999997650e-02,2.122305466656853115e-02,2.279239999999999877e-01,2.039540000000000103e-02,1.369797500000000112e-01,5.869046619354479320e-03
5.041100000000000364e+03,1.021406250000000127e-01,2.186283092131268910e-02,2.422519999999999951e-01,2.103729999999999836e-02,1.401113749999999825e-01,5.951082641327227335e-03
5.066310000000000400e+03,1.080093749999999631e-01,2.232737205205263809e-02,2.500419999999999865e-01,2.150370000000000059e-02,1.420326250000000234e-01,6.008529692094501801e-03
5.091640000000000327e+03,1.142361250000000217e-01,2.275629192991536834e-02,2.569649999999999990e-01,2.193950000000000067e-02,1.427288749999999773e-01,6.042115701435321964e-03
5.117100000000000364e+03,1.084316249999999759e-01,2.265233386137480154e-02,2.527789999999999759e-01,2.181599999999999859e-02,1.443473750000000000e-01,6.098391047414677968e-03
5.142680000000000291e+03,9.208787499999998571e-02,2.215452606080541009e-02,2.396179999999999977e-01,2.127549999999999927e-02,1.475301250000000119e-01,6.178683090182425681e-03
5.168399999999999636e+03,8.314525000000000388e-02,2.190231011898345279e-02,2.321969999999999867e-01,2.100020000000000012e-02,1.490517499999999829e-01,6.221156524965836682e-03
5.194239999999999782e+03,8.440312500000002327e-02,2.195490645453411840e-02,2.330550000000000122e-01,2.105440000000000089e-02,1.486518749999999889e-01,6.223355852539990719e-03
5.220210000000000036e+03,7.033162500000000872e-02,2.136006749936300575e-02,2.185670000000000113e-01,2.043249999999999927e-02,1.482353750000000026e-01,6.226188828436200404e-03
5.246310000000000400e+03,7.726362499999997469e-02,2.169113607535777533e-02,2.245669999999999888e-01,2.078019999999999867e-02,1.473033750000000142e-01,6.220021880965331124e-03
5.272539999999999964e+03,9.382274999999998255e-02,2.248845434105437718e-02,2.402469999999999883e-01,2.161249999999999977e-02,1.464242500000000058e-01,6.215337673826539303e-03
5.298899999999999636e+03,1.112847499999999878e-01,2.327395596126776225e-02,2.585459999999999980e-01,2.241910000000000083e-02,1.472612500000000102e-01,6.249878500981538750e-03
5.325399999999999636e+03,9.369962499999998085e-02,2.261820840135290653e-02,2.417439999999999867e-01,2.172839999999999841e-02,1.480443750000000058e-01,6.281718294147808045e-03
5.352029999999999745e+03,8.411362499999999742e-02,2.237655458270581404e-02,2.339150000000000118e-01,2.146030000000000160e-02,1.498013750000000144e-01,6.337643008470302160e-03
5.378789999999999964e+03,8.533612499999998491e-02,2.247494486577636397e-02,2.355089999999999961e-01,2.155599999999999877e-02,1.501728750000000112e-01,6.360975610681706208e-03
5.405680000000000291e+03,9.019887500000001168e-02,2.276243452726374808e-02,2.407630000000000048e-01,2.184830000000000105e-02,1.505641249999999931e-01,6.385938671641683967e-03
5.432710000000000036e+03,1.089114999999999944e-01,2.347474608054565814e-02,2.573739999999999917e-01,2.259550000000000100e-02,1.484624999999999972e-01,6.364517522648024776e-03
5.459869999999999891e+03,9.532450000000000645e-02,2.292924363523031819e-02,2.416600000000000137e-01,2.203530000000000072e-02,1.463355000000000072e-01,6.340013217158936044e-03
5.487170000000000073e+03,1.022919999999999940e-01,2.322250831104181318e-02,2.493039999999999978e-01,2.233169999999999947e-02,1.470120000000000038e-01,6.370248611036012816e-03
5.514609999999999673e+03,1.078237499999999960e-01,2.334781664764461889e-02,2.525419999999999887e-01,2.247199999999999892e-02,1.447182499999999927e-01,6.334805301825089004e-03
5.542180000000000291e+03,9.076712499999997630e-02,2.264609196877645156e-02,2.331000000000000016e-01,2.175130000000000119e-02,1.423328750000000253e-01,6.302890588315907504e-03
5.569890000000000327e+03,8.498212499999999170e-02,2.239861349778778793e-02,2.254819999999999880e-01,2.150039999999999937e-02,1.404998749999999963e-01,6.279385834879175517e-03
5.597739999999999782e+03,8.783962500000000451e-02,2.247631817381977662e-02,2.280790000000000040e-01,2.157850000000000046e-02,1.402393749999999994e-01,6.289134789522423177e-03
5.625729999999999563e+03,9.963812499999999406e-02,2.300887719078836824e-02,2.393879999999999897e-01,2.213249999999999940e-02,1.397498749999999956e-01,6.289743502781433224e-03
5.653859999999999673e+03,1.290968749999999998e-01,2.439774377632719649e-02,2.695560000000000178e-01,2.356619999999999895e-02,1.404591250000000180e-01,6.315387473093990629e-03
5.682130000000000109e+03,1.141233749999999991e-01,2.393939156411783661e-02,2.570149999999999935e-01,2.307340000000000085e-02,1.428916249999999943e-01,6.380648940363060038e-03
5.710539999999999964e+03,1.047142500000000087e-01,2.370819362784006706e-02,2.506300000000000194e-01,2.280870000000000120e-02,1.459157500000000107e-01,6.468512147716524822e-03
5.739090000000000146e+03,9.204625000000002388e-02,2.329948620819646821e-02,2.395460000000000089e-01,2.236919999999999881e-02,1.474997499999999850e-01,6.518047938296979080e-03
5.767789999999999964e+03,8.963612500000001093e-02,2.314483785890832784e-02,2.352470000000000117e-01,2.221640000000000073e-02,1.456108750000000007e-01,6.489614052866028715e-03
5.796619999999999891e+03,1.079261250000000116e-01,2.389635458051407937e-02,2.516300000000000203e-01,2.300570000000000045e-02,1.437038750000000087e-01,6.463244521728715719e-03
5.825609999999999673e+03,1.095701250000000182e-01,2.399927003994405464e-02,2.522340000000000138e-01,2.311480000000000132e-02,1.426638749999999956e-01,6.455306608531948855e-03
5.854739999999999782e+03,8.615375000000000116e-02,2.302524492543795570e-02,2.273199999999999943e-01,2.210700000000000165e-02,1.411662499999999931e-01,6.437581446195943420e-03
5.884010000000000218e+03,8.947200000000002373e-02,2.331035922012464345e-02,2.318280000000000063e-01,2.239000000000000018e-02,1.423559999999999826e-01,6.485425735543504100e-03
5.913430000000000291e+03,9.810837499999996991e-02,2.383255945779586341e-02,2.422719999999999874e-01,2.291740000000000096e-02,1.441636250000000175e-01,6.540922530452031487e-03
5.943000000000000000e+03,1.061312500000000103e-01,2.418482980344742114e-02,2.495410000000000128e-01,2.328610000000000055e-02,1.434097500000000025e-01,6.531733262444107749e-03
5.972710000000000036e+03,1.254532499999999606e-01,2.511555654779150382e-02,2.701569999999999805e-01,2.423990000000000172e-02,1.447037500000000199e-01,6.574072458933846036e-03
6.002569999999999709e+03,8.111275000000001123e-02,2.328221736822104829e-02,2.288229999999999986e-01,2.230930000000000066e-02,1.477102499999999874e-01,6.660088519764114333e-03
6.032590000000000146e+03,8.427937499999998971e-02,2.351035967152964590e-02,2.315790000000000071e-01,2.254540000000000016e-02,1.472996250000000173e-01,6.666479635061334577e-03
6.062750000000000000e+03,1.000081250000000310e-01,2.439909993851912054e-02,2.489550000000000096e-01,2.345490000000000075e-02,1.489468749999999786e-01,6.721885434894271129e-03
6.093060000000000400e+03,9.870612499999997791e-02,2.445524598547952830e-02,2.492570000000000063e-01,2.349880000000000024e-02,1.505508750000000284e-01,6.772403913700991360e-03
6.123529999999999745e+03,9.366687500000001054e-02,2.414024877052779738e-02,2.417849999999999999e-01,2.318370000000000153e-02,1.481181249999999894e-01,6.728124925487691081e-03
6.154149999999999636e+03,1.115462499999999579e-01,2.479710784311284916e-02,2.548079999999999790e-01,2.389269999999999936e-02,1.432617500000000210e-01,6.635920741914324260e-03
6.184920000000000073e+03,1.141491249999999902e-01,2.475924320855685257e-02,2.529739999999999767e-01,2.387579999999999911e-02,1.388248749999999865e-01,6.554868314502492778e-03
6.215840000000000146e+03,1.230921249999999689e-01,2.503704484130715030e-02,2.593019999999999770e-01,2.417599999999999957e-02,1.362098750000000080e-01,6.509580507653699513e-03
6.246920000000000073e+03,1.241345000000000365e-01,2.503199546349069507e-02,2.582420000000000271e-01,2.418110000000000051e-02,1.341074999999999906e-01,6.471104980930131485e-03
6.278159999999999854e+03,1.250378749999999650e-01,2.531631782095727229e-02,2.618579999999999797e-01,2.445500000000000104e-02,1.368201250000000146e-01,6.547436369428782064e-03
6.309550000000000182e+03,1.446998750000000056e-01,2.637318100542078089e-02,2.829099999999999948e-01,2.553549999999999917e-02,1.382101249999999892e-01,6.594157724432097439e-03
6.341090000000000146e+03,1.064138750000000189e-01,2.502745186094099475e-02,2.495860000000000023e-01,2.410450000000000093e-02,1.431721249999999834e-01,6.733975527258675639e-03
6.372800000000000182e+03,1.117123749999999749e-01,2.541535056230166331e-02,2.579759999999999831e-01,2.448190000000000088e-02,1.462636250000000082e-01,6.824706337615377323e-03
6.404659999999999854e+03,1.162318750000000400e-01,2.591946327076792567e-02,2.675640000000000240e-01,2.496800000000000061e-02,1.513321249999999840e-01,6.958272216914735027e-03
6.436689999999999600e+03,1.064420000000000366e-01,2.587307241216845605e-02,2.639960000000000084e-01,2.487599999999999881e-02,1.575539999999999718e-01,7.113402845707003999e-03
6.468869999999999891e+03,7.200975000000001125e-02,2.458994194557121218e-02,2.346630000000000105e-01,2.349820000000000034e-02,1.626532499999999992e-01,7.245677445661137181e-03
6.501220000000000255e+03,8.335549999999999904e-02,2.535779470315168219e-02,2.493579999999999963e-01,2.427340000000000053e-02,1.660024999999999973e-01,7.336198242086121486e-03
6.533720000000000255e+03,9.224374999999995772e-02,2.589146033440007516e-02,2.587519999999999820e-01,2.482190000000000091e-02,1.665082500000000243e-01,7.364848853697711709e-03
6.566390000000000327e+03,9.114637500000000170e-02,2.589461738814832770e-02,2.575370000000000159e-01,2.482070000000000110e-02,1.663906250000000142e-01,7.379977045261981033e-03
6.599220000000000255e+03,8.382524999999999005e-02,2.550622385474645912e-02,2.491339999999999943e-01,2.441849999999999923e-02,1.653087500000000043e-01,7.369146020974037641e-03
6.632220000000000255e+03,6.987899999999999667e-02,2.506399671018109260e-02,2.394209999999999949e-01,2.392129999999999951e-02,1.695419999999999983e-01,7.481666752667399424e-03
6.665380000000000109e+03,6.859099999999998531e-02,2.510034620563964675e-02,2.389229999999999965e-01,2.394750000000000004e-02,1.703320000000000112e-01,7.519615907276697674e-03
6.698710000000000036e+03,6.442062499999998137e-02,2.492903542423911475e-02,2.322309999999999930e-01,2.378049999999999956e-02,1.678103750000000116e-01,7.479614089842386883e-03
6.732199999999999818e+03,7.814925000000000344e-02,2.557156655836834852e-02,2.439540000000000042e-01,2.446270000000000042e-02,1.658047500000000007e-01,7.448578720740118599e-03
6.765859999999999673e+03,9.293874999999995890e-02,2.629168571067786245e-02,2.599699999999999789e-01,2.520160000000000108e-02,1.670312500000000200e-01,7.492135539955380348e-03
6.799689999999999600e+03,1.084498750000000289e-01,2.709510841519357713e-02,2.777990000000000181e-01,2.602029999999999968e-02,1.693491249999999892e-01,7.555718889761168719e-03
6.833689999999999600e+03,7.757112499999999078e-02,2.591704607260803331e-02,2.486369999999999969e-01,2.477539999999999951e-02,1.710658750000000061e-01,7.607419534223645169e-03
6.867859999999999673e+03,8.705537499999999040e-02,2.635777043840380890e-02,2.578320000000000056e-01,2.523359999999999839e-02,1.707766250000000152e-01,7.615608545848044121e-03
6.902199999999999818e+03,9.636487500000001649e-02,2.662614938967130737e-02,2.637929999999999997e-01,2.553240000000000023e-02,1.674281249999999832e-01,7.553037902797373609e-03
6.936710000000000036e+03,8.189987500000003862e-02,2.615466892958298942e-02,2.508870000000000267e-01,2.502619999999999845e-02,1.689871249999999880e-01,7.599738178127832776e-03
6.971390000000000327e+03,7.775150000000000117e-02,2.608958030034452466e-02,2.480640000000000067e-01,2.494530000000000011e-02,1.703125000000000056e-01,7.641872032304977344e-03
7.006250000000000000e+03,8.339337499999999181e-02,2.639284317047426234e-02,2.534980000000000011e-01,2.526029999999999942e-02,1.701046250000000093e-01,7.648490997003918636e-03
7.041279999999999745e+03,9.130262500000002612e-02,2.674843882216539764e-02,2.599000000000000199e-01,2.563860000000000097e-02,1.685973749999999938e-01,7.625035702416415456e-03
7.076489999999999782e+03,1.061300000000000021e-01,2.760893131439478079e-02,2.769409999999999927e-01,2.651459999999999928e-02,1.708109999999999906e-01,7.696042824917800028e-03
7.111869999999999891e+03,6.602287499999998088e-02,2.612412050602134703e-02,2.411639999999999895e-01,2.492710000000000065e-02,1.751411250000000086e-01,7.817247456945763603e-03
7.147430000000000291e+03,5.302962499999999690e-02,2.575772866843804160e-02,2.321789999999999965e-01,2.450739999999999863e-02,1.791493749999999996e-01,7.927668723961351499e-03
7.183159999999999854e+03,6.267074999999999729e-02,2.642025576360340286e-02,2.450029999999999986e-01,2.517430000000000015e-02,1.823322500000000013e-01,8.017763661035334777e-03
7.219079999999999927e+03,1.049747499999999778e-01,2.847387610679304529e-02,2.870269999999999766e-01,2.731739999999999863e-02,1.820522499999999988e-01,8.032513789904129758e-03
7.255180000000000291e+03,7.983137500000000997e-02,2.735035254706509253e-02,2.622940000000000271e-01,2.613590000000000010e-02,1.824626250000000172e-01,8.059560511513640807e-03
7.291449999999999818e+03,5.003687499999998067e-02,2.607074404516967342e-02,2.339739999999999875e-01,2.477700000000000041e-02,1.839371250000000069e-01,8.110731537213519693e-03
7.327909999999999854e+03,4.634599999999999831e-02,2.602323640579462874e-02,2.316940000000000111e-01,2.471009999999999873e-02,1.853480000000000127e-01,8.162094769228975602e-03
7.364550000000000182e+03,6.328712499999999963e-02,2.687921038127387766e-02,2.477570000000000050e-01,2.561180000000000054e-02,1.844698750000000054e-01,8.156448460008881851e-03
7.401369999999999891e+03,6.622337499999997323e-02,2.678245809820359660e-02,2.456490000000000062e-01,2.554100000000000120e-02,1.794256250000000330e-01,8.059614183199543744e-03
7.438380000000000109e+03,9.051412500000000083e-02,2.777634083844164950e-02,2.652490000000000125e-01,2.660850000000000021e-02,1.747348750000000117e-01,7.969494220041900209e-03
7.475569999999999709e+03,1.050446250000000026e-01,2.833603501066762551e-02,2.758220000000000116e-01,2.721420000000000089e-02,1.707773750000000090e-01,7.894187639382614988e-03
7.512949999999999818e+03,8.799750000000000627e-02,2.743579968370477712e-02,2.563460000000000183e-01,2.628820000000000115e-02,1.683485000000000120e-01,7.851983510195052751e-03
7.550510000000000218e+03,5.375537499999999413e-02,2.594190713118688443e-02,2.251690000000000080e-01,2.469719999999999901e-02,1.714136250000000139e-01,7.939197551587000301e-03
7.588260000000000218e+03,5.420125000000000637e-02,2.627044960546212268e-02,2.298489999999999978e-01,2.500559999999999936e-02,1.756477499999999914e-01,8.053352787077255534e-03
7.626210000000000036e+03,7.415237499999999260e-02,2.746899489060347990e-02,2.524230000000000085e-01,2.623800000000000091e-02,1.782706250000000159e-01,8.130992331812889745e-03
7.664340000000000146e+03,9.539212499999999428e-02,2.826642989634524025e-02,2.700400000000000023e-01,2.709009999999999890e-02,1.746478750000000080e-01,8.069544043810654432e-03
7.702659999999999854e+03,8.308349999999997681e-02,2.772453461712657760e-02,2.571339999999999737e-01,2.652449999999999947e-02,1.740504999999999969e-01,8.068501687813542725e-03
7.741170000000000073e+03,7.058475000000000166e-02,2.725149287489529032e-02,2.455479999999999885e-01,2.601859999999999937e-02,1.749632499999999868e-01,8.104092666700495398e-03
7.779880000000000109e+03,6.127074999999998495e-02,2.712053415726956018e-02,2.403649999999999953e-01,2.584519999999999873e-02,1.790942500000000104e-01,8.218820471066696012e-03
7.818779999999999745e+03,6.017724999999998770e-02,2.719989968705077699e-02,2.410569999999999935e-01,2.591040000000000010e-02,1.808797500000000058e-01,8.275609634681000207e-03
7.857869999999999891e+03,7.069974999999997789e-02,2.757038712315489082e-02,2.487959999999999894e-01,2.631409999999999999e-02,1.780962500000000115e-01,8.227659892741375630e-03
7.897159999999999854e+03,7.967462500000002668e-02,2.781851443895155818e-02,2.529370000000000229e-01,2.654930000000000137e-02,1.732623749999999963e-01,8.306889616466335904e-03
7.936649999999999636e+03,8.309800000000000519e-02,2.809299521025604776e-02,2.533670000000000089e-01,2.666539999999999883e-02,1.702690000000000037e-01,8.841539612729753042e-03
7.976329999999999927e+03,9.026133333333333231e-02,2.895111254256427236e-02,2.631479999999999930e-01,2.729130000000000097e-02,1.728866666666666607e-01,9.661876720504263688e-03
8.016210000000000036e+03,7.519120000000001358e-02,2.875325307316026202e-02,2.506510000000000127e-01,2.667900000000000132e-02,1.754597999999999991e-01,1.072289705672865336e-02
8.050869999999999891e+03,5.996049999999999991e-02,3.270350005950242028e-02,2.368760000000000032e-01,3.036749999999999866e-02,1.769155000000000033e-01,1.213811599433268704e-02
