X_cm-1,subtracted_Y,subtracted_E,loaded_raw_Y,loaded_raw_E,empty_smoothed_Y,empty_smoothed_E
-2.010340000000000060e+01,1.533479999999998525e-03,1.881705258190027961e-03,9.818449999999999400e-03,1.445169999999999962e-03,8.284970000000000875e-03,1.205113417815933171e-03
-1.998239999999999839e+01,-7.704574999999993026e-04,1.588670278900722538e-03,7.081810000000000015e-03,1.222929999999999894e-03,7.852267499999999317e-03,1.014058908625381722e-03
-1.986139999999999972e+01,9.996655999999999598e-03,2.161654924627887976e-03,1.785629999999999856e-02,1.961870000000000107e-03,7.859643999999998965e-03,9.076442674682631264e-04
-1.974040000000000106e+01,1.012281399999999908e-02,2.161630128936955619e-03,1.800279999999999936e-02,1.960519999999999884e-03,7.879986000000000282e-03,9.104977451526170395e-04
-1.961939999999999884e+01,6.039476000000000219e-03,1.882273883920190793e-03,1.306260000000000060e-02,1.675049999999999976e-03,7.023124000000000380e-03,8.585816627368651408e-04
-1.949849999999999994e+01,5.591320000000000318e-03,1.861454933981481147e-03,1.271539999999999997e-02,1.647430000000000075e-03,7.124079999999999649e-03,8.665961379697004110e-04
-1.937750000000000128e+01,5.256400000000000482e-03,1.885039530143598971e-03,1.286920000000000078e-02,1.657489999999999962e-03,7.612800000000000296e-03,8.978312369838778104e-04
-1.925649999999999906e+01,1.835022199999999937e-02,2.529337204744357311e-03,2.599129999999999843e-02,2.363179999999999881e-03,7.641078000000000800e-03,9.016246352579325874e-04
-1.913550000000000040e+01,3.873975999999999462e-03,1.887745683497647287e-03,1.237869999999999943e-02,1.630380000000000067e-03,8.504723999999999964e-03,9.515486436141874218e-04
-1.901450000000000173e+01,1.993928000000000714e-03,1.843871951205939717e-03,1.126440000000000080e-02,1.552599999999999900e-03,9.270472000000000087e-03,9.946341098333597378e-04
-1.889349999999999952e+01,6.945658000000002122e-03,2.146271642498218633e-03,1.661150000000000126e-02,1.890610000000000034e-03,9.665841999999999143e-03,1.015911310741247821e-03
-1.877260000000000062e+01,2.070869999999998962e-03,1.916463212268892111e-03,1.216539999999999982e-02,1.609820000000000088e-03,1.009453000000000086e-02,1.039860957811187441e-03
-1.865159999999999840e+01,1.272757999999998835e-03,1.941491360578254154e-03,1.215420000000000042e-02,1.614530000000000088e-03,1.088144200000000159e-02,1.078277136129668617e-03
-1.853059999999999974e+01,5.056858000000000880e-03,2.112658051808668797e-03,1.550699999999999995e-02,1.828870000000000018e-03,1.045014199999999907e-02,1.057619292076312448e-03
-1.840960000000000107e+01,1.365560000000000038e-03,2.052811074081587091e-03,1.347399999999999987e-02,1.708059999999999960e-03,1.210843999999999983e-02,1.138667792761347995e-03
-1.828859999999999886e+01,2.436164000000001079e-03,2.074198625848546786e-03,1.407890000000000010e-02,1.747099999999999912e-03,1.164273599999999902e-02,1.118007839629043014e-03
-1.816760000000000019e+01,6.842363999999998350e-03,2.302244707771960563e-03,1.866649999999999907e-02,2.008279999999999874e-03,1.182413600000000072e-02,1.125674080746287813e-03
-1.804670000000000130e+01,8.715543999999998681e-03,2.388460710419160367e-03,2.055919999999999970e-02,2.105150000000000077e-03,1.184365600000000102e-02,1.128312032514055705e-03
-1.792569999999999908e+01,9.446053999999998868e-03,2.423309217424800613e-03,2.118549999999999947e-02,2.146760000000000161e-03,1.173944600000000060e-02,1.124210418763320297e-03
-1.780470000000000041e+01,9.838134000000000115e-03,2.369978638527360341e-03,2.050369999999999970e-02,2.112580000000000187e-03,1.066556599999999959e-02,1.074152917733783375e-03
-1.768370000000000175e+01,6.689089999999998232e-03,2.252797093263394796e-03,1.777919999999999848e-02,1.967290000000000011e-03,1.109011000000000025e-02,1.097663336053455053e-03
-1.756269999999999953e+01,3.971629999999998564e-03,2.124563185599336133e-03,1.508379999999999964e-02,1.817199999999999935e-03,1.111217000000000107e-02,1.100705632584843231e-03
-1.744170000000000087e+01,7.611269999999999841e-03,2.380734208353381225e-03,1.980559999999999959e-02,2.082130000000000179e-03,1.219432999999999975e-02,1.154395960632226010e-03
-1.732079999999999842e+01,4.235300000000000870e-03,2.235982268376026337e-03,1.663339999999999957e-02,1.907889999999999977e-03,1.239809999999999870e-02,1.166007055035260141e-03
-1.719979999999999976e+01,5.793020000000001155e-03,2.335372616394223479e-03,1.845470000000000096e-02,2.017249999999999946e-03,1.266167999999999981e-02,1.176719038217704724e-03
-1.707880000000000109e+01,1.719240000000000351e-03,2.222390873564774206e-03,1.560880000000000080e-02,1.850810000000000042e-03,1.388956000000000045e-02,1.230253444947015809e-03
-1.695779999999999887e+01,4.673519999999998717e-03,2.447020682306547470e-03,1.982099999999999834e-02,2.079800000000000138e-03,1.514747999999999963e-02,1.289318494258109935e-03
-1.683680000000000021e+01,1.644760000000002054e-03,2.355542912628849194e-03,1.728019999999999903e-02,1.954920000000000182e-03,1.563543999999999698e-02,1.314104336358418732e-03
-1.671580000000000155e+01,6.240880000000000732e-03,2.721683239650786110e-03,2.413550000000000070e-02,2.328429999999999823e-03,1.789461999999999997e-02,1.409245681950453948e-03
-1.659489999999999910e+01,6.690780000000000338e-03,2.846086746049037927e-03,2.643989999999999882e-02,2.428749999999999919e-03,1.974911999999999848e-02,1.483705901968445989e-03
-1.647390000000000043e+01,6.684220000000001133e-03,2.858195703217678539e-03,2.660629999999999939e-02,2.437209999999999984e-03,1.992207999999999826e-02,1.493080739207361049e-03
-1.635290000000000177e+01,1.089644000000000376e-02,3.021546675955875429e-03,3.084790000000000101e-02,2.626669999999999786e-03,1.995145999999999725e-02,1.493435310309757045e-03
-1.623189999999999955e+01,7.810320000000002538e-03,2.902952843459225083e-03,2.764060000000000128e-02,2.492739999999999800e-03,1.983027999999999874e-02,1.487744098878567272e-03
-1.611090000000000089e+01,1.179709999999999787e-02,3.027056641651754924e-03,3.137109999999999899e-02,2.642520000000000199e-03,1.957400000000000112e-02,1.476536474784148492e-03
-1.598990000000000045e+01,1.072811999999999724e-02,3.020594085200459678e-03,3.054919999999999858e-02,2.629010000000000201e-03,1.982108000000000134e-02,1.487378582422108292e-03
-1.586899999999999977e+01,1.411665999999999616e-02,3.245146971748428654e-03,3.584060000000000024e-02,2.845519999999999820e-03,2.172394000000000408e-02,1.560126532640221430e-03
-1.574799999999999933e+01,3.540838000000000318e-02,4.043552260198945460e-03,5.892990000000000034e-02,3.702110000000000210e-03,2.352152000000000062e-02,1.626252264828553524e-03
-1.562700000000000067e+01,5.936059999999999948e-02,4.755363480558767557e-03,8.483119999999999550e-02,4.442999999999999901e-03,2.547059999999999949e-02,1.695061306334375711e-03
-1.550600000000000023e+01,5.575393999999999489e-02,4.747346490307190192e-03,8.315259999999999319e-02,4.409569999999999809e-03,2.739865999999999829e-02,1.758690170021996735e-03
-1.538499999999999979e+01,3.676340000000000163e-02,4.342432743651880762e-03,6.657259999999999567e-02,3.933999999999999997e-03,2.980919999999999750e-02,1.838577203475557243e-03
-1.526399999999999935e+01,5.420708000000000470e-02,4.865783571917271615e-03,8.593510000000000038e-02,4.479020000000000223e-03,3.172801999999999567e-02,1.901112728993207320e-03
-1.514310000000000045e+01,5.768112000000000239e-02,5.034783722594646585e-03,9.185580000000000134e-02,4.630450000000000364e-03,3.417467999999999895e-02,1.976861130885020166e-03
-1.502210000000000001e+01,6.912382000000000248e-02,5.365077571330353033e-03,1.050620000000000026e-01,4.965989999999999988e-03,3.593818000000000012e-02,2.030517339569401589e-03
-1.490109999999999957e+01,6.241482000000000280e-02,5.283047977133276119e-03,1.006890000000000007e-01,4.848599999999999785e-03,3.827417999999999793e-02,2.098016675027155557e-03
-1.478009999999999913e+01,6.508810000000000984e-02,5.430283061598538928e-03,1.058899999999999980e-01,4.979009999999999860e-03,4.080189999999999512e-02,2.167356350253459973e-03
-1.465910000000000046e+01,8.418727999999998934e-02,5.932160659633890602e-03,1.283219999999999916e-01,5.485699999999999604e-03,4.413472000000000228e-02,2.257792196307711625e-03
-1.453810000000000002e+01,6.157632000000000383e-02,5.648762602350004824e-03,1.115160000000000040e-01,5.110319999999999793e-03,4.993968000000000018e-02,2.406896016721120964e-03
-1.441719999999999935e+01,6.340018000000001430e-02,5.894631441646543124e-03,1.197690000000000005e-01,5.308140000000000254e-03,5.636881999999998616e-02,2.563265412174088598e-03
-1.429620000000000068e+01,5.805613999999999914e-02,5.938809749327553754e-03,1.193209999999999965e-01,5.300189999999999763e-03,6.126485999999999738e-02,2.679075811284182575e-03
-1.417520000000000024e+01,5.885026000000001534e-02,6.126288760495705171e-03,1.259560000000000124e-01,5.445720000000000248e-03,6.710573999999999706e-02,2.806340616991458408e-03
-1.405419999999999980e+01,6.556397999999998005e-02,6.439024283200677976e-03,1.390329999999999899e-01,5.729470000000000396e-03,7.346902000000000987e-02,2.938402157422976245e-03
-1.393319999999999936e+01,6.237089999999999301e-02,6.534397445214975078e-03,1.417529999999999901e-01,5.777290000000000030e-03,7.938209999999999711e-02,3.053075535903427250e-03
-1.381220000000000070e+01,5.777699999999999503e-02,6.597847163703021191e-03,1.421749999999999958e-01,5.797690000000000309e-03,8.439800000000000080e-02,3.149345624012073793e-03
-1.369130000000000003e+01,8.210039999999999005e-02,7.252503947123642089e-03,1.754449999999999898e-01,6.451290000000000149e-03,9.334459999999999980e-02,3.313558636714310918e-03
-1.357029999999999959e+01,8.905033999999997785e-02,7.483526526038108799e-03,1.868759999999999866e-01,6.670320000000000416e-03,9.782566000000000872e-02,3.392639144311696518e-03
-1.344929999999999914e+01,7.095135999999999110e-02,7.326551908120489988e-03,1.747360000000000024e-01,6.439399999999999638e-03,1.037846400000000113e-01,3.494637392117242412e-03
-1.332830000000000048e+01,8.989597999999998645e-02,7.633034528292139548e-03,1.939049999999999940e-01,6.783130000000000062e-03,1.040090200000000076e-01,3.500337628458146701e-03
-1.320730000000000004e+01,8.266547999999999952e-02,7.591220560513835952e-03,1.895809999999999995e-01,6.711420000000000059e-03,1.069155200000000000e-01,3.547318872327098836e-03
-1.308629999999999960e+01,8.664887999999998369e-02,7.670789121147836460e-03,1.945079999999999865e-01,6.793259999999999750e-03,1.078591200000000028e-01,3.562670952181803876e-03
-1.296540000000000070e+01,9.857874000000002579e-02,7.962775080545977935e-03,2.112020000000000008e-01,7.081579999999999646e-03,1.126232599999999751e-01,3.641017946531436428e-03
-1.284440000000000026e+01,9.833073999999998593e-02,7.999425212124681647e-03,2.126589999999999869e-01,7.108090000000000068e-03,1.143282600000000010e-01,3.669585845334047934e-03
-1.272339999999999982e+01,1.034373999999999849e-01,8.193936752060025988e-03,2.230709999999999915e-01,7.282030000000000100e-03,1.196336000000000066e-01,3.756679195228147198e-03
-1.260239999999999938e+01,1.054350000000000009e-01,8.280179684364343332e-03,2.278560000000000030e-01,7.356360000000000156e-03,1.224210000000000020e-01,3.800702981786395658e-03
-1.248140000000000072e+01,1.128746000000000055e-01,8.444589346965309523e-03,2.376949999999999896e-01,7.522430000000000089e-03,1.248203999999999841e-01,3.837204208011348906e-03
-1.236040000000000028e+01,1.003673999999999955e-01,8.305973162730300938e-03,2.273179999999999923e-01,7.349170000000000355e-03,1.269505999999999968e-01,3.870257160848100675e-03
-1.223949999999999960e+01,1.277607999999999799e-01,8.756399036559720309e-03,2.580239999999999756e-01,7.828939999999999511e-03,1.302631999999999957e-01,3.922017664909733907e-03
-1.211849999999999916e+01,1.092243999999999993e-01,8.539601426711670301e-03,2.408609999999999918e-01,7.575000000000000136e-03,1.316365999999999925e-01,3.942609228302496396e-03
-1.199750000000000050e+01,1.324223999999999957e-01,8.924308014577489109e-03,2.673449999999999993e-01,7.981290000000000259e-03,1.349226000000000036e-01,3.992778916362888127e-03
-1.187650000000000006e+01,1.348294000000000159e-01,9.059911684998700476e-03,2.752040000000000042e-01,8.092280000000000306e-03,1.403745999999999883e-01,4.073942088637981171e-03
-1.175549999999999962e+01,1.296569999999999945e-01,9.108202518332580988e-03,2.756489999999999774e-01,8.105249999999999608e-03,1.459919999999999829e-01,4.155030150607814075e-03
-1.163449999999999918e+01,1.251578000000000135e-01,9.100592454420316710e-03,2.741500000000000048e-01,8.076029999999999667e-03,1.489921999999999913e-01,4.195059291661084287e-03
-1.151360000000000028e+01,1.586449999999999805e-01,9.545056602413209274e-03,3.085749999999999882e-01,8.567889999999999881e-03,1.499300000000000077e-01,4.207061503136363088e-03
-1.139259999999999984e+01,1.384436000000000000e-01,9.366889536280013223e-03,2.920389999999999930e-01,8.341819999999999791e-03,1.535953999999999930e-01,4.260593699529678993e-03
-1.127159999999999940e+01,1.375707999999999931e-01,9.380060790819428132e-03,2.924999999999999822e-01,8.347359999999999849e-03,1.549291999999999891e-01,4.278682211834386635e-03
-1.115060000000000073e+01,1.382182000000000410e-01,9.379903456816173629e-03,2.926540000000000252e-01,8.349340000000000234e-03,1.544357999999999842e-01,4.274471946754593299e-03
-1.102960000000000029e+01,1.408368000000000397e-01,9.490816128645418112e-03,2.993990000000000262e-01,8.443809999999999510e-03,1.585621999999999865e-01,4.333320144145363928e-03
-1.090859999999999985e+01,1.602328000000000086e-01,9.958416637524260262e-03,3.312450000000000117e-01,8.881599999999999911e-03,1.710122000000000031e-01,4.504136250883181147e-03
-1.078769999999999918e+01,1.481311999999999629e-01,9.916460609452346434e-03,3.247979999999999756e-01,8.795759999999999690e-03,1.766668000000000127e-01,4.579388282425939614e-03
-1.066670000000000051e+01,1.518970000000000042e-01,1.001496473658914158e-02,3.312789999999999901e-01,8.887890000000000720e-03,1.793819999999999859e-01,4.615726380866180291e-03
-1.054570000000000007e+01,1.424665999999999710e-01,1.007114366937538960e-02,3.310509999999999842e-01,8.889319999999999167e-03,1.885844000000000131e-01,4.733700956630023868e-03
-1.042469999999999963e+01,1.517658000000000063e-01,1.026617802022252064e-02,3.453039999999999998e-01,9.075889999999999652e-03,1.935381999999999936e-01,4.798190476710985711e-03
-1.030369999999999919e+01,1.575884000000000174e-01,1.025621028080547954e-02,3.464869999999999894e-01,9.095590000000000619e-03,1.888985999999999721e-01,4.739207937619956124e-03
-1.018280000000000030e+01,1.765446000000000237e-01,1.056349053027454653e-02,3.707650000000000112e-01,9.407220000000000859e-03,1.942203999999999875e-01,4.805366172811391216e-03
-1.006179999999999986e+01,1.859744000000000119e-01,1.077841607331986480e-02,3.866789999999999949e-01,9.606800000000000408e-03,2.007045999999999830e-01,4.887089809856168081e-03
-9.940780000000000172e+00,1.735267999999999811e-01,1.068735757025093651e-02,3.767510000000000026e-01,9.488180000000000572e-03,2.032242000000000215e-01,4.918744974279516506e-03
-9.819800000000000750e+00,1.847181999999999991e-01,1.085428234272538262e-02,3.902649999999999730e-01,9.661740000000000259e-03,2.055467999999999740e-01,4.946334536603847441e-03
-9.698819999999999553e+00,1.807486000000000093e-01,1.096291929935179314e-02,3.954030000000000045e-01,9.726810000000000664e-03,2.146543999999999952e-01,5.057150065797929445e-03
-9.577830000000000510e+00,1.753756000000000481e-01,1.094108549795677274e-02,3.922760000000000136e-01,9.687859999999999527e-03,2.169003999999999655e-01,5.084557059764399992e-03
-9.456849999999999312e+00,1.908161999999999636e-01,1.114785541267915812e-02,4.100139999999999896e-01,9.906399999999999234e-03,2.191978000000000260e-01,5.112525730204201500e-03
-9.335869999999999891e+00,1.682744000000000462e-01,1.091342803570445608e-02,3.879150000000000098e-01,9.638630000000000461e-03,2.196405999999999636e-01,5.118566519407557504e-03
-9.214880000000000848e+00,1.926017999999999897e-01,1.127647614055029245e-02,4.180340000000000167e-01,1.001250000000000057e-02,2.254322000000000270e-01,5.187365217371916679e-03
-9.093899999999999650e+00,1.853375999999999635e-01,1.127745201568155706e-02,4.154979999999999785e-01,9.985139999999999988e-03,2.301604000000000150e-01,5.241936965130351497e-03
-8.972920000000000229e+00,1.900379999999999847e-01,1.135134352869297987e-02,4.216699999999999893e-01,1.005900000000000023e-02,2.316320000000000046e-01,5.260182402388723436e-03
-8.851940000000000808e+00,1.795921999999999796e-01,1.128670800822365559e-02,4.140869999999999829e-01,9.967550000000000368e-03,2.344948000000000032e-01,5.295066067614265064e-03
-8.730949999999999989e+00,1.755309999999999926e-01,1.121188874028368129e-02,4.084760000000000058e-01,9.891610000000000333e-03,2.329450000000000132e-01,5.278494172811029270e-03
-8.609970000000000567e+00,1.748239999999999794e-01,1.113341732425853110e-02,4.034769999999999746e-01,9.829350000000000587e-03,2.286529999999999951e-01,5.228466304146943064e-03
-8.488989999999999370e+00,1.905988000000000127e-01,1.121944225100784606e-02,4.140490000000000004e-01,9.957989999999999897e-03,2.234501999999999877e-01,5.168589709350124121e-03
-8.368000000000000327e+00,2.010434000000000110e-01,1.126154882923303784e-02,4.197859999999999925e-01,1.003369999999999956e-02,2.187425999999999815e-01,5.113447598558138948e-03
-8.247019999999999129e+00,2.215834000000000137e-01,1.129355703544281976e-02,4.292460000000000164e-01,1.013589999999999977e-02,2.076626000000000027e-01,4.980759149246226890e-03
-8.126039999999999708e+00,2.098375999999999852e-01,1.118518669038653067e-02,4.188479999999999981e-01,1.000629999999999922e-02,2.090104000000000128e-01,4.998235849657356802e-03
-8.005050000000000665e+00,1.934630000000000238e-01,1.097271039149398143e-02,3.997820000000000262e-01,9.784199999999999842e-03,2.063190000000000024e-01,4.966870613937915228e-03
-7.884070000000000356e+00,2.173328000000000204e-01,1.123787764517838149e-02,4.242480000000000140e-01,1.007689999999999975e-02,2.069151999999999936e-01,4.974533179907437638e-03
-7.763090000000000046e+00,2.211377999999999955e-01,1.130625676382771699e-02,4.303080000000000238e-01,1.014059999999999961e-02,2.091702000000000283e-01,4.999967364853494765e-03
-7.642100000000000115e+00,2.057561999999999724e-01,1.125159771362271854e-02,4.217929999999999735e-01,1.003919999999999986e-02,2.160368000000000011e-01,5.080641147453734442e-03
-7.521119999999999806e+00,2.137120000000000131e-01,1.135591494198508015e-02,4.306099999999999928e-01,1.015160000000000021e-02,2.168979999999999797e-01,5.089383224871163632e-03
-7.400140000000000384e+00,2.231692000000000120e-01,1.147848497238202620e-02,4.413179999999999881e-01,1.028109999999999961e-02,2.181487999999999761e-01,5.104370681210368063e-03
-7.279149999999999565e+00,2.181680000000000008e-01,1.141303524102155707e-02,4.356539999999999857e-01,1.021219999999999940e-02,2.174859999999999849e-01,5.095914498183815380e-03
-7.158170000000000144e+00,2.217000000000000359e-01,1.142464769949603359e-02,4.378040000000000265e-01,1.023330000000000073e-02,2.161039999999999905e-01,5.079581298453642556e-03
-7.037189999999999834e+00,2.454029999999999823e-01,1.171234694832764926e-02,4.643120000000000025e-01,1.053720000000000004e-02,2.189090000000000202e-01,5.113363589458508156e-03
-6.916199999999999903e+00,2.804843999999999671e-01,1.205530737643798096e-02,4.987539999999999751e-01,1.092019999999999970e-02,2.182696000000000081e-01,5.106825618757702794e-03
-6.795219999999999594e+00,2.616279999999999717e-01,1.193027149878828075e-02,4.842810000000000170e-01,1.075719999999999975e-02,2.226530000000000453e-01,5.158878385346954420e-03
-6.674240000000000173e+00,2.634523999999999755e-01,1.206415258776181131e-02,4.932759999999999923e-01,1.086610000000000006e-02,2.298236000000000168e-01,5.241340329610356084e-03
-6.553259999999999863e+00,2.960588000000000664e-01,1.252097391411706451e-02,5.348850000000000549e-01,1.132239999999999983e-02,2.388262000000000163e-01,5.345843805986104542e-03
-6.432269999999999932e+00,3.039249999999999452e-01,1.264771698744085633e-02,5.464919999999999778e-01,1.144320000000000059e-02,2.425670000000000326e-01,5.386828264795528141e-03
-6.311289999999999623e+00,2.845014000000000154e-01,1.257147258026680009e-02,5.359949999999999992e-01,1.131139999999999923e-02,2.514935999999999838e-01,5.485813784335010108e-03
-6.190310000000000201e+00,2.885722000000000564e-01,1.269159552034337425e-02,5.456550000000000011e-01,1.141520000000000035e-02,2.570827999999999447e-01,5.547053795664866165e-03
-6.069320000000000270e+00,2.886973999999999929e-01,1.273611400988543252e-02,5.486290000000000333e-01,1.144859999999999975e-02,2.599316000000000404e-01,5.580157534765483283e-03
-5.948339999999999961e+00,3.352180000000000160e-01,1.325081669064967493e-02,6.011699999999999822e-01,1.198940000000000075e-02,2.659519999999999662e-01,5.642555326197520003e-03
-5.827359999999999651e+00,3.298036000000000301e-01,1.333827207033954666e-02,6.065720000000000001e-01,1.203300000000000029e-02,2.767683999999999700e-01,5.754686161937938062e-03
-5.706369999999999720e+00,3.651946000000000914e-01,1.368427016985560712e-02,6.450930000000000275e-01,1.240379999999999955e-02,2.798983999999999361e-01,5.779705497825992667e-03
-5.585390000000000299e+00,3.326706000000000385e-01,1.356635093494193769e-02,6.248930000000000318e-01,1.221470000000000021e-02,2.922223999999999933e-01,5.903133201953009515e-03
-5.464409999999999989e+00,3.312907999999999409e-01,1.371967688603488965e-02,6.374659999999999771e-01,1.232059999999999926e-02,3.061752000000000362e-01,6.035921594686266892e-03
-5.343420000000000059e+00,3.793648000000000020e-01,1.427611044036855396e-02,6.967240000000000100e-01,1.288770000000000020e-02,3.173592000000000080e-01,6.141214701962471531e-03
-5.222439999999999749e+00,3.923785999999999663e-01,1.449622200125260177e-02,7.191469999999999807e-01,1.309019999999999975e-02,3.267684000000000144e-01,6.227930335962341725e-03
-5.101460000000000328e+00,3.919350000000000889e-01,1.470603781193289411e-02,7.373960000000000514e-01,1.324050000000000053e-02,3.454609999999999626e-01,6.399742797644292561e-03
-4.980470000000000397e+00,4.074913999999999481e-01,1.502334126561731369e-02,7.694659999999999833e-01,1.352339999999999966e-02,3.619746000000000352e-01,6.543579694876497377e-03
-4.859490000000000087e+00,4.516950000000000687e-01,1.553487585103916976e-02,8.287830000000000474e-01,1.402929999999999976e-02,3.770879999999999788e-01,6.671664651134677319e-03
-4.738509999999999778e+00,4.687283999999999895e-01,1.592760390922627264e-02,8.709109999999999907e-01,1.436270000000000081e-02,4.021826000000000012e-01,6.884868553516471090e-03
-4.617519999999999847e+00,4.479975999999999958e-01,1.616855849901283060e-02,8.862430000000000030e-01,1.448810000000000028e-02,4.382454000000000072e-01,7.177551276445192155e-03
-4.496540000000000425e+00,4.865881999999999152e-01,1.689971177764875571e-02,9.686669999999999447e-01,1.513420000000000043e-02,4.820788000000000295e-01,7.520388854813294180e-03
-4.375560000000000116e+00,5.201044000000000223e-01,1.767303165821868666e-02,1.057169999999999943e+00,1.579689999999999914e-02,5.370655999999999208e-01,7.924266425505897132e-03
-4.254570000000000185e+00,5.084640000000000271e-01,1.832088132837500841e-02,1.121599999999999930e+00,1.625290000000000068e-02,6.131359999999999033e-01,8.455645110717455518e-03
-4.133589999999999876e+00,5.411294000000000937e-01,1.952629136798895298e-02,1.264650000000000052e+00,1.723759999999999876e-02,7.235205999999999582e-01,9.172851292133760853e-03
-4.012609999999999566e+00,5.513386000000000120e-01,2.069503230912191766e-02,1.403659999999999908e+00,1.814699999999999994e-02,8.523213999999998958e-01,9.948404559304974831e-03
-3.891630000000000145e+00,6.230743999999999172e-01,2.238999226524207575e-02,1.639019999999999921e+00,1.958350000000000021e-02,1.015945600000000004e+00,1.085349166801172736e-02
-3.770640000000000214e+00,7.441910000000000469e-01,2.456462958395261298e-02,1.971770000000000023e+00,2.147400000000000003e-02,1.227578999999999976e+00,1.192846807418286928e-02
-3.649659999999999904e+00,8.737420000000002407e-01,2.692521010791930694e-02,2.363430000000000142e+00,2.350110000000000046e-02,1.489687999999999901e+00,1.314021453955756258e-02
-3.528680000000000039e+00,9.920559999999998269e-01,2.935305679765567305e-02,2.797499999999999876e+00,2.554029999999999842e-02,1.805444000000000049e+00,1.446703215163358883e-02
-3.407690000000000108e+00,1.237573999999999508e+00,3.248228909618285781e-02,3.434450000000000003e+00,2.828850000000000114e-02,2.196876000000000495e+00,1.596433126310024819e-02
-3.286709999999999798e+00,1.458413999999999433e+00,3.572894266252501366e-02,4.140189999999999593e+00,3.106590000000000046e-02,2.681776000000000160e+00,1.764843338577110066e-02
-3.165729999999999933e+00,1.912835999999999537e+00,3.957529625110088600e-02,5.120339999999999669e+00,3.454159999999999869e-02,3.207504000000000133e+00,1.931532921806925623e-02
-3.044740000000000002e+00,2.344771999999999856e+00,4.345708557384399956e-02,6.184140000000000192e+00,3.796569999999999806e-02,3.839368000000000336e+00,2.114530468171125707e-02
-2.923760000000000137e+00,2.992345999999999506e+00,4.772773511460186996e-02,7.512349999999999639e+00,4.184070000000000150e-02,4.520004000000000133e+00,2.296285092665107178e-02
-2.802779999999999827e+00,3.759240000000000137e+00,5.216675095801922429e-02,9.038930000000000575e+00,4.587859999999999855e-02,5.279690000000000438e+00,2.482990067551620397e-02
-2.681789999999999896e+00,4.770486000000000004e+00,5.700925154237687642e-02,1.088579999999999970e+01,5.035189999999999805e-02,6.115313999999999695e+00,2.673463910008885835e-02
-2.560810000000000031e+00,6.177411999999999459e+00,6.251559303621458119e-02,1.323649999999999949e+01,5.551960000000000228e-02,7.059088000000000029e+00,2.873627304487483963e-02
-2.439830000000000165e+00,7.761440000000002115e+00,6.817342539747288377e-02,1.587330000000000041e+01,6.080780000000000213e-02,8.111859999999998294e+00,3.082251432937942529e-02
-2.318839999999999790e+00,9.677381999999997930e+00,7.435026788295251432e-02,1.901109999999999900e+01,6.658390000000000142e-02,9.333718000000001069e+00,3.308393258149339156e-02
-2.197859999999999925e+00,1.202976999999999919e+01,8.107673767357934103e-02,2.276289999999999836e+01,7.288490000000000246e-02,1.073312999999999917e+01,3.551378244823268776e-02
-2.076880000000000059e+00,1.460319800000000257e+01,8.816682028984826336e-02,2.699200000000000088e+01,7.945689999999999698e-02,1.238880199999999832e+01,3.820980557935881039e-02
-1.955889999999999906e+00,1.728119999999999834e+01,9.551899868908172997e-02,3.167030000000000101e+01,8.614969999999999573e-02,1.438910000000000267e+01,4.125661523289083504e-02
-1.834910000000000041e+00,2.060396000000000072e+01,1.037284099273926008e-01,3.732730000000000103e+01,9.366389999999999438e-02,1.672334000000000032e+01,4.457192909057448860e-02
-1.713929999999999954e+00,2.411501999999999768e+01,1.121090368815805954e-01,4.350169999999999959e+01,1.012669999999999959e-01,1.938668000000000191e+01,4.809813781754549572e-02
-1.592950000000000088e+00,2.824574000000000140e+01,1.208236561078400717e-01,5.045700000000000074e+01,1.092530000000000029e-01,2.221125999999999934e+01,5.159590939469523713e-02
-1.471959999999999935e+00,3.291629999999999967e+01,1.296331557045495853e-01,5.803560000000000230e+01,1.173990000000000034e-01,2.511930000000000263e+01,5.497481111309069496e-02
-1.350980000000000070e+00,3.863369999999999038e+01,1.385056777503362868e-01,6.638079999999999359e+01,1.258370000000000044e-01,2.774709999999999965e+01,5.786944098641354228e-02
-1.229999999999999982e+00,4.538891999999999882e+01,1.472406068483826935e-01,7.534260000000000446e+01,1.343699999999999894e-01,2.995368000000000208e+01,6.020381553589439910e-02
-1.109010000000000051e+00,5.330968000000000018e+01,1.557952681354604074e-01,8.488240000000000407e+01,1.429840000000000000e-01,3.157272000000000389e+01,6.186874265248971938e-02
-9.880290000000000461e-01,6.149890000000000612e+01,1.635250660379624910e-01,9.414610000000000412e+01,1.509209999999999996e-01,3.264719999999999800e+01,6.295473756374495022e-02
-8.670459999999999834e-01,6.959431999999999618e+01,1.702278319583492849e-01,1.026989999999999981e+02,1.579720000000000013e-01,3.310468000000000188e+01,6.342209385726713111e-02
-7.460630000000000317e-01,7.687084000000000117e+01,1.756878380392905836e-01,1.099890000000000043e+02,1.638310000000000044e-01,3.311816000000000315e+01,6.344777280504020067e-02
-6.250799999999999690e-01,8.222352000000000771e+01,1.792282670531632205e-01,1.149440000000000026e+02,1.677649999999999975e-01,3.272048000000000201e+01,6.306882340649774821e-02
-5.040970000000000173e-01,8.575999999999999091e+01,1.810772527225879835e-01,1.177240000000000038e+02,1.700109999999999955e-01,3.196400000000000574e+01,6.233162385627379065e-02
-3.831129999999999813e-01,8.700508000000000663e+01,1.810317737165495211e-01,1.179230000000000018e+02,1.703409999999999924e-01,3.091791999999999874e+01,6.128985898140082433e-02
-2.621299999999999741e-01,8.595271999999999935e+01,1.790906914688756291e-01,1.155949999999999989e+02,1.687420000000000031e-01,2.964227999999999952e+01,5.999677663674940487e-02
-1.411469999999999947e-01,8.302852000000000032e+01,1.757468663450930391e-01,1.113460000000000036e+02,1.656799999999999939e-01,2.831747999999999976e+01,5.862677400403334266e-02
-2.016389999999999849e-02,7.802621999999999503e+01,1.708953014696425188e-01,1.050829999999999984e+02,1.610030000000000072e-01,2.705677999999999628e+01,5.729954672944630178e-02
1.008190000000000058e-01,7.258604000000001122e+01,1.655768340620148438e-01,9.838540000000000418e+01,1.558360000000000023e-01,2.579935999999999652e+01,5.595381204171884226e-02
2.218019999999999992e-01,6.500856000000001700e+01,1.585610685956675980e-01,8.965730000000000643e+01,1.488240000000000118e-01,2.464873999999999654e+01,5.470858706089931633e-02
3.427859999999999796e-01,5.680407999999999902e+01,1.506766289587074814e-01,8.028640000000000043e+01,1.408870000000000122e-01,2.348232000000000141e+01,5.342564688761382297e-02
4.637689999999999868e-01,4.794944000000000983e+01,1.416888089044438248e-01,7.019620000000000459e+01,1.317879999999999885e-01,2.224675999999999831e+01,5.203500384126055062e-02
5.847520000000000495e-01,3.920143999999999807e+01,1.319655930637982644e-01,6.009389999999999787e+01,1.219370000000000037e-01,2.089245999999999981e+01,5.046073506876410514e-02
7.057350000000000012e-01,3.039537999999999940e+01,1.213696199155291089e-01,4.991109999999999758e+01,1.111270000000000036e-01,1.951571999999999818e+01,4.879932898555060933e-02
8.267179999999999529e-01,2.303973999999999833e+01,1.111692971078777764e-01,4.104959999999999809e+01,1.007910000000000056e-01,1.800985999999999976e+01,4.690188629958927380e-02
9.477010000000000156e-01,1.648982000000000170e+01,1.010253646411296141e-01,3.307110000000000127e+01,9.043750000000000400e-02,1.658127999999999957e+01,4.502424785183201800e-02
1.068680000000000074e+00,1.137411999999999956e+01,9.169728301841663376e-02,2.651109999999999900e+01,8.097100000000000131e-02,1.513697999999999944e+01,4.303590212786993774e-02
1.189670000000000005e+00,7.088540000000001839e+00,8.255897001396031443e-02,2.079230000000000089e+01,7.168299999999999672e-02,1.370375999999999905e+01,4.095767377141919241e-02
1.310650000000000093e+00,4.468168000000000362e+00,7.523639957887139074e-02,1.680519999999999925e+01,6.441760000000000541e-02,1.233703199999999889e+01,3.887015091084159574e-02
1.431629999999999958e+00,2.430985999999997205e+00,6.852018992252137397e-02,1.352319999999999922e+01,5.775980000000000003e-02,1.109221400000000202e+01,3.686220192796952483e-02
1.552619999999999889e+00,1.363163999999999376e+00,6.312393659923942746e-02,1.124719999999999942e+01,5.266629999999999923e-02,9.884036000000000044e+00,3.479787660324692999e-02
1.673599999999999977e+00,7.825659999999992067e-01,5.874302358791212014e-02,9.611850000000000449e+00,4.867219999999999880e-02,8.829284000000001242e+00,3.289011656121029747e-02
1.794580000000000064e+00,5.893019999999999925e-01,5.532418250033162982e-02,8.489890000000000825e+00,4.574700000000000294e-02,7.900588000000000832e+00,3.111233132264440426e-02
1.915569999999999995e+00,5.727520000000003719e-01,5.265385282877597939e-02,7.702849999999999753e+00,4.357559999999999906e-02,7.130097999999999381e+00,2.955664565464762375e-02
2.036550000000000082e+00,7.223280000000009693e-01,5.089412707517047829e-02,7.256999999999999673e+00,4.230210000000000220e-02,6.534671999999998704e+00,2.829742932376720296e-02
2.157529999999999948e+00,7.030339999999997147e-01,4.911506187390991818e-02,6.770240000000000258e+00,4.085119999999999724e-02,6.067206000000000543e+00,2.726662357971738546e-02
2.278519999999999879e+00,8.877639999999997755e-01,4.820918918345339782e-02,6.587799999999999656e+00,4.031969999999999998e-02,5.700035999999999881e+00,2.642816137448839031e-02
2.399500000000000188e+00,1.069141999999998482e+00,4.752594113720632479e-02,6.469909999999999606e+00,3.995810000000000334e-02,5.400768000000001123e+00,2.573063010046975491e-02
2.520480000000000054e+00,1.085529999999999440e+00,4.665114755305811711e-02,6.246979999999999755e+00,3.928449999999999998e-02,5.161450000000000315e+00,2.516063647380964441e-02
2.641469999999999985e+00,1.126815999999999818e+00,4.573579090269676989e-02,6.028599999999999959e+00,3.860120000000000218e-02,4.901784000000000141e+00,2.452977635558873520e-02
2.762449999999999850e+00,1.149642000000000941e+00,4.478899464689065774e-02,5.797170000000000378e+00,3.788009999999999988e-02,4.647527999999999437e+00,2.389878794979360260e-02
2.883430000000000160e+00,9.906880000000004571e-01,4.342677115051497838e-02,5.412060000000000315e+00,3.663020000000000165e-02,4.421371999999999858e+00,2.332622773873221228e-02
3.004420000000000091e+00,8.564980000000002036e-01,4.224316921076352871e-02,5.085420000000000051e+00,3.554419999999999802e-02,4.228921999999999848e+00,2.282750952971436195e-02
3.125399999999999956e+00,9.157939999999999969e-01,4.162350169797827265e-02,4.959089999999999776e+00,3.512269999999999975e-02,4.043295999999999779e+00,2.233633448692063511e-02
3.246379999999999821e+00,8.320840000000009340e-01,4.080625226090237728e-02,4.744600000000000151e+00,3.437840000000000340e-02,3.912515999999999217e+00,2.198353558962707135e-02
3.367360000000000131e+00,7.708680000000001087e-01,4.025899080121607410e-02,4.599840000000000373e+00,3.387140000000000289e-02,3.828972000000000264e+00,2.176039067600579746e-02
3.488350000000000062e+00,6.985839999999989836e-01,3.962364434025219401e-02,4.436009999999999565e+00,3.327669999999999934e-02,3.737426000000000581e+00,2.151033304978795455e-02
3.609329999999999927e+00,6.636919999999997266e-01,3.921383330863739691e-02,4.334089999999999776e+00,3.290719999999999756e-02,3.670398000000000049e+00,2.132699957606789057e-02
3.730309999999999793e+00,5.299700000000000522e-01,3.844411837936721754e-02,4.124990000000000379e+00,3.212600000000000178e-02,3.595020000000000326e+00,2.111564258948327860e-02
3.851300000000000168e+00,4.589960000000004037e-01,3.785389240110981907e-02,3.977390000000000203e+00,3.156069999999999709e-02,3.518393999999999799e+00,2.090070298877049620e-02
3.972280000000000033e+00,4.400599999999998957e-01,3.738797492837503400e-02,3.874460000000000015e+00,3.116189999999999932e-02,3.434400000000000119e+00,2.065905752048723121e-02
4.093259999999999899e+00,3.653999999999997250e-01,3.674949364011428216e-02,3.719840000000000035e+00,3.055039999999999839e-02,3.354440000000000310e+00,2.042543371986994122e-02
4.214249999999999829e+00,3.327139999999997322e-01,3.600842812652060160e-02,3.561970000000000081e+00,2.990889999999999868e-02,3.229256000000000348e+00,2.005154849214394255e-02
4.335230000000000139e+00,2.891900000000000581e-01,3.521494685890637355e-02,3.393580000000000041e+00,2.920899999999999885e-02,3.104389999999999983e+00,1.967045503478757895e-02
4.456209999999999560e+00,2.848480000000002121e-01,3.439743631161484849e-02,3.237400000000000055e+00,2.854479999999999865e-02,2.952551999999999843e+00,1.919317633357230102e-02
4.577200000000000379e+00,2.948399999999997689e-01,3.360406102895303199e-02,3.093750000000000000e+00,2.792209999999999831e-02,2.798910000000000231e+00,1.869730593501641239e-02
4.698179999999999801e+00,3.105379999999997587e-01,3.284049196443317858e-02,2.961790000000000145e+00,2.732880000000000031e-02,2.651252000000000386e+00,1.821083751577614457e-02
4.819160000000000110e+00,2.426060000000003214e-01,3.182589073059228363e-02,2.761620000000000186e+00,2.640949999999999895e-02,2.519013999999999864e+00,1.776022608374116379e-02
4.940150000000000041e+00,3.025659999999996685e-01,3.135951242383720056e-02,2.699419999999999931e+00,2.613240000000000007e-02,2.396854000000000262e+00,1.733541720584768492e-02
5.061130000000000351e+00,1.973439999999997418e-01,3.028321576673124668e-02,2.486369999999999969e+00,2.509269999999999903e-02,2.289026000000000227e+00,1.695374778284730599e-02
5.182109999999999772e+00,2.031260000000001398e-01,2.960078936568415198e-02,2.377120000000000122e+00,2.455229999999999912e-02,2.173993999999999982e+00,1.653454855088581227e-02
5.303099999999999703e+00,2.123879999999997992e-01,2.880271774025499817e-02,2.254539999999999988e+00,2.392640000000000045e-02,2.042152000000000189e+00,1.603508441713981034e-02
5.424080000000000013e+00,1.511720000000000841e-01,2.788168547791183838e-02,2.094269999999999854e+00,2.307139999999999885e-02,1.943097999999999770e+00,1.565563435729130579e-02
5.545060000000000322e+00,1.391179999999998529e-01,2.726190570283009568e-02,1.996939999999999937e+00,2.254959999999999951e-02,1.857822000000000084e+00,1.532080423443886973e-02
5.666050000000000253e+00,1.185799999999996857e-01,2.665698445210935505e-02,1.901399999999999979e+00,2.202219999999999872e-02,1.782820000000000293e+00,1.502057013698215003e-02
5.787029999999999674e+00,8.474599999999976596e-02,2.604627644915871731e-02,1.803620000000000001e+00,2.146119999999999972e-02,1.718874000000000235e+00,1.475890956087203519e-02
5.908009999999999984e+00,6.432799999999994078e-02,2.571278174676555617e-02,1.749160000000000048e+00,2.114919999999999994e-02,1.684832000000000107e+00,1.462390113877962486e-02
6.028990000000000293e+00,1.170719999999998429e-01,2.573344529125472582e-02,1.767160000000000064e+00,2.127100000000000171e-02,1.650088000000000221e+00,1.448291288235899199e-02
6.149980000000000224e+00,1.044220000000002369e-01,2.540005072931942123e-02,1.716390000000000082e+00,2.097519999999999940e-02,1.611967999999999845e+00,1.432492799325706979e-02
6.270959999999999646e+00,8.779599999999998516e-02,2.499513956303504869e-02,1.655569999999999986e+00,2.061230000000000007e-02,1.567774000000000001e+00,1.413824920156664909e-02
6.391939999999999955e+00,1.059079999999998911e-01,2.492098847068470457e-02,1.650449999999999973e+00,2.058629999999999835e-02,1.544542000000000082e+00,1.404492501460936904e-02
6.512929999999999886e+00,6.254800000000004800e-02,2.449143278952050154e-02,1.577820000000000000e+00,2.014979999999999896e-02,1.515271999999999952e+00,1.392177575037035174e-02
6.633910000000000196e+00,4.721799999999998221e-02,2.411360658225144074e-02,1.523009999999999975e+00,1.980880000000000141e-02,1.475791999999999993e+00,1.375054416972651926e-02
6.754889999999999617e+00,6.343800000000032746e-02,2.405130753786163811e-02,1.518350000000000088e+00,1.979370000000000088e-02,1.454911999999999761e+00,1.366289993342555478e-02
6.875880000000000436e+00,9.538000000000046441e-03,2.381387002680580497e-02,1.468350000000000044e+00,1.948470000000000063e-02,1.458811999999999998e+00,1.369112382398172609e-02
6.996859999999999857e+00,1.502599999999998381e-02,2.378967986698433956e-02,1.466050000000000075e+00,1.947370000000000004e-02,1.451024000000000092e+00,1.366469452580627506e-02
7.117840000000000167e+00,3.463600000000011114e-02,2.396852017405329618e-02,1.492680000000000007e+00,1.966249999999999942e-02,1.458043999999999896e+00,1.370678857661414285e-02
7.238830000000000098e+00,3.716199999999991732e-02,2.410972613822064819e-02,1.509589999999999987e+00,1.978279999999999969e-02,1.472428000000000070e+00,1.378113633268316339e-02
7.359810000000000407e+00,4.311999999999871491e-03,2.397662622782446504e-02,1.480709999999999971e+00,1.960109999999999977e-02,1.476398000000000099e+00,1.380852939522525871e-02
7.480789999999999829e+00,-1.532000000000088846e-03,2.382453595188792003e-02,1.458299999999999930e+00,1.946490000000000026e-02,1.459832000000000019e+00,1.373776478590312856e-02
7.601779999999999760e+00,-4.581999999999863959e-03,2.379520977968464790e-02,1.452299999999999924e+00,1.943409999999999929e-02,1.456881999999999788e+00,1.373054134581735974e-02
7.722760000000000069e+00,3.322000000000002728e-02,2.390901614998827349e-02,1.477989999999999915e+00,1.960910000000000084e-02,1.444769999999999888e+00,1.367933662318462050e-02
7.843740000000000379e+00,6.770999999999993690e-02,2.404673187501370560e-02,1.503609999999999891e+00,1.980010000000000103e-02,1.435899999999999954e+00,1.364556169085025250e-02
7.964730000000000310e+00,6.140000000001144542e-04,2.364761648225884375e-02,1.431440000000000046e+00,1.932620000000000171e-02,1.430825999999999931e+00,1.362746340490408360e-02
8.085710000000000619e+00,3.485399999999994058e-02,2.377096675770676293e-02,1.455829999999999957e+00,1.950299999999999950e-02,1.420976000000000017e+00,1.359013802711363239e-02
8.206690000000000040e+00,5.151799999999995272e-02,2.353446709041018270e-02,1.430290000000000061e+00,1.934970000000000093e-02,1.378772000000000109e+00,1.339627751054747219e-02
8.327669999999999462e+00,2.904800000000018478e-02,2.293629958529492391e-02,1.349390000000000089e+00,1.881230000000000055e-02,1.320341999999999905e+00,1.312140264515954981e-02
8.448660000000000281e+00,5.657599999999995966e-02,2.240458124310293689e-02,1.295139999999999958e+00,1.844430000000000028e-02,1.238563999999999998e+00,1.271900382061425319e-02
8.569639999999999702e+00,3.683199999999975383e-02,2.149611450722199724e-02,1.184749999999999970e+00,1.765720000000000137e-02,1.147918000000000216e+00,1.225994400752303606e-02
8.690619999999999123e+00,3.206419999999998716e-02,2.067978129703503670e-02,1.093020000000000103e+00,1.698300000000000157e-02,1.060955800000000115e+00,1.179962141313016868e-02
8.811609999999999943e+00,3.290599999999987979e-02,2.005094167900350888e-02,1.026119999999999921e+00,1.647320000000000034e-02,9.932140000000000413e-01,1.143127044447816466e-02
8.932589999999999364e+00,1.290520000000006107e-02,1.938977027343026516e-02,9.517390000000000017e-01,1.587919999999999957e-02,9.388337999999999406e-01,1.112718286972942845e-02
9.053570000000000562e+00,1.490119999999994782e-02,1.909500218136672353e-02,9.214620000000000033e-01,1.564439999999999928e-02,9.065608000000000555e-01,1.094860068439798377e-02
9.174559999999999604e+00,2.915400000000123448e-03,1.873073527669429084e-02,8.808070000000000066e-01,1.531519999999999930e-02,8.778915999999998832e-01,1.078355660093644613e-02
9.295540000000000802e+00,-3.669520000000003890e-02,1.826554191382231962e-02,8.226970000000000116e-01,1.481799999999999957e-02,8.593922000000000505e-01,1.067974238479561799e-02
9.416520000000000223e+00,-3.841940000000010347e-02,1.789546565852925819e-02,7.868709999999999871e-01,1.450979999999999978e-02,8.252904000000000906e-01,1.047441621741278597e-02
9.537509999999999266e+00,-3.150719999999995746e-02,1.748762885840158751e-02,7.513980000000000103e-01,1.419639999999999964e-02,7.829051999999999678e-01,1.021172806772683260e-02
9.658490000000000464e+00,-7.218399999999958183e-03,1.712802035943442047e-02,7.269590000000000218e-01,1.397810000000000025e-02,7.341773999999999800e-01,9.898575747207271486e-03
9.779469999999999885e+00,4.558799999999973984e-03,1.667327119449569725e-02,6.908879999999999466e-01,1.364459999999999978e-02,6.863291999999999726e-01,9.582424701775641915e-03
9.900460000000000704e+00,5.032239999999998936e-02,1.620980209353587234e-02,6.668230000000000546e-01,1.341889999999999923e-02,6.165006000000000652e-01,9.093448559353047023e-03
1.002139999999999986e+01,2.022619999999997198e-02,1.545367540100412405e-02,5.962349999999999595e-01,1.270149999999999925e-02,5.760087999999999875e-01,8.802725779529884179e-03
1.014240000000000030e+01,2.451580000000008752e-02,1.506517330161190153e-02,5.675689999999999902e-01,1.239990000000000016e-02,5.430531999999999027e-01,8.555812445209396572e-03
1.026340000000000074e+01,4.965499999999989367e-02,1.478280045301295399e-02,5.543599999999999639e-01,1.226269999999999964e-02,5.047050000000000702e-01,8.255748175883273476e-03
1.038439999999999941e+01,8.027080000000008653e-02,1.452168854954547124e-02,5.449310000000000542e-01,1.216710000000000014e-02,4.646601999999999677e-01,7.927238858518141640e-03
1.050539999999999985e+01,5.265559999999996910e-02,1.407063809651857948e-02,5.032649999999999624e-01,1.170369999999999917e-02,4.506093999999999933e-01,7.810650597306218954e-03
1.062640000000000029e+01,5.888059999999994965e-02,1.376927523783296262e-02,4.840240000000000098e-01,1.148779999999999940e-02,4.251434000000000601e-01,7.591007293844473369e-03
1.074729999999999919e+01,6.789939999999999864e-02,1.363674143515231606e-02,4.778720000000000190e-01,1.141630000000000075e-02,4.099726000000000203e-01,7.458472449449686514e-03
1.086829999999999963e+01,8.038899999999998824e-02,1.365685645107247992e-02,4.824609999999999732e-01,1.148380000000000060e-02,4.020719999999999850e-01,7.391350734825130955e-03
1.098930000000000007e+01,5.156360000000004273e-02,1.333896105225590607e-02,4.510140000000000260e-01,1.111559999999999979e-02,3.994503999999999833e-01,7.373690974918870045e-03
1.111030000000000051e+01,7.376340000000003450e-02,1.332027975447963412e-02,4.567910000000000026e-01,1.119020000000000084e-02,3.830275999999999681e-01,7.225598708591558436e-03
1.123129999999999917e+01,8.968559999999997645e-02,1.329210394100196688e-02,4.597109999999999808e-01,1.123290000000000052e-02,3.700254000000000043e-01,7.106474848221163224e-03
1.135229999999999961e+01,8.516320000000004997e-02,1.300342547574292150e-02,4.388770000000000171e-01,1.098810000000000064e-02,3.537137999999999671e-01,6.953469097738191988e-03
1.147320000000000029e+01,7.941859999999995035e-02,1.285336131697852914e-02,4.270309999999999939e-01,1.084500000000000047e-02,3.476124000000000436e-01,6.898903691515051451e-03
1.159420000000000073e+01,8.372059999999992286e-02,1.272352374654128586e-02,4.195559999999999845e-01,1.076320000000000054e-02,3.358354000000000616e-01,6.785394777667692542e-03
1.171519999999999939e+01,7.549699999999998079e-02,1.256145103102344548e-02,4.060360000000000080e-01,1.060209999999999972e-02,3.305390000000000272e-01,6.736878178711561138e-03
1.183619999999999983e+01,9.424479999999996194e-02,1.262803211885367254e-02,4.162219999999999809e-01,1.073269999999999953e-02,3.219772000000000189e-01,6.654047332623956763e-03
1.195720000000000027e+01,8.731880000000002973e-02,1.246343183624799150e-02,4.031680000000000264e-01,1.057480000000000052e-02,3.158491999999999966e-01,6.596266981922426116e-03
1.207820000000000071e+01,9.648559999999994918e-02,1.239935503551696690e-02,4.017620000000000080e-01,1.056490000000000033e-02,3.052764000000000588e-01,6.490523344600186706e-03
1.219909999999999961e+01,7.245039999999997038e-02,1.219782649396194615e-02,3.812019999999999853e-01,1.030099999999999939e-02,3.087516000000000149e-01,6.532715375462181881e-03
1.232010000000000005e+01,6.938460000000001848e-02,1.214415066923990420e-02,3.763850000000000251e-01,1.024519999999999945e-02,3.070004000000000066e-01,6.520450324724512588e-03
1.244110000000000049e+01,7.293819999999995307e-02,1.223832038395792320e-02,3.826410000000000089e-01,1.033629999999999965e-02,3.097028000000000558e-01,6.552662674852109854e-03
1.256209999999999916e+01,6.760080000000001643e-02,1.216749841398797986e-02,3.761320000000000219e-01,1.025689999999999935e-02,3.085312000000000054e-01,6.545534358965659702e-03
1.268309999999999960e+01,5.871840000000005944e-02,1.211326319728915982e-02,3.692090000000000094e-01,1.017490000000000061e-02,3.104905999999999500e-01,6.572865073679818107e-03
1.280410000000000004e+01,6.819300000000000361e-02,1.218987284973883575e-02,3.763319999999999999e-01,1.027800000000000068e-02,3.081389999999999962e-01,6.554061038226604088e-03
1.292500000000000071e+01,7.517659999999998233e-02,1.229260516827901731e-02,3.839159999999999795e-01,1.039329999999999941e-02,3.087393999999999972e-01,6.564103665634783355e-03
1.304599999999999937e+01,5.684040000000001314e-02,1.207258248437342342e-02,3.647819999999999951e-01,1.013509999999999932e-02,3.079415999999999820e-01,6.559496614222770465e-03
1.316699999999999982e+01,3.782559999999995926e-02,1.187530406634289271e-02,3.467250000000000054e-01,9.887810000000000349e-03,3.088994000000000462e-01,6.576781893297055544e-03
1.328800000000000026e+01,4.565619999999998013e-02,1.187282318512745266e-02,3.485730000000000217e-01,9.924389999999999948e-03,3.029168000000000416e-01,6.516932830189367358e-03
1.340900000000000070e+01,5.292240000000003608e-02,1.187172610799288978e-02,3.506710000000000105e-01,9.957399999999999932e-03,2.977485999999999744e-01,6.464368957848863444e-03
1.352999999999999936e+01,4.333720000000007566e-02,1.163888738945866724e-02,3.339480000000000226e-01,9.726790000000000783e-03,2.906107999999999469e-01,6.391655181594201041e-03
1.365090000000000003e+01,5.769740000000000979e-02,1.169409080698452508e-02,3.413289999999999935e-01,9.838919999999999264e-03,2.836315999999999837e-01,6.320396588474492920e-03
1.377190000000000047e+01,6.664999999999998703e-02,1.161347857209027619e-02,3.396179999999999755e-01,9.817460000000000075e-03,2.729679999999999884e-01,6.204060258637080459e-03
1.389289999999999914e+01,7.320439999999994729e-02,1.144933982397238446e-02,3.321819999999999773e-01,9.722160000000000524e-03,2.589776000000000300e-01,6.047064357124041709e-03
1.401389999999999958e+01,7.840320000000003398e-02,1.130466329046557646e-02,3.260140000000000260e-01,9.631300000000000625e-03,2.476107999999999920e-01,5.918908042941704514e-03
1.413490000000000002e+01,7.668939999999999091e-02,1.117801935546722941e-02,3.184089999999999976e-01,9.523620000000000002e-03,2.417196000000000067e-01,5.852245620853588001e-03
1.425590000000000046e+01,6.209779999999998079e-02,1.096350092045875538e-02,3.017070000000000030e-01,9.284489999999999410e-03,2.396092000000000222e-01,5.830660157546485069e-03
1.437679999999999936e+01,8.725479999999999348e-02,1.111323547444217560e-02,3.179509999999999836e-01,9.525340000000000196e-03,2.306961999999999902e-01,5.724674715195615313e-03
1.449779999999999980e+01,5.569780000000001952e-02,1.065867449124890086e-02,2.836750000000000105e-01,9.009839999999999863e-03,2.279771999999999910e-01,5.694745392447322224e-03
1.461880000000000024e+01,5.927399999999999336e-02,1.051856393890344792e-02,2.780299999999999994e-01,8.916540000000000576e-03,2.187560000000000060e-01,5.579919512430264045e-03
1.473980000000000068e+01,6.172579999999994183e-02,1.049487135849220404e-02,2.772359999999999824e-01,8.912990000000000843e-03,2.155102000000000406e-01,5.540842362962513160e-03
1.486079999999999934e+01,9.672360000000002067e-02,1.068077636857920482e-02,2.975070000000000214e-01,9.244300000000000433e-03,2.007834000000000008e-01,5.349944050698099939e-03
1.498170000000000002e+01,7.753999999999999782e-02,1.033361438041888528e-02,2.740469999999999851e-01,8.874059999999999587e-03,1.965069999999999872e-01,5.294775281312702128e-03
1.510270000000000046e+01,9.558200000000002805e-02,1.046326022887703912e-02,2.860420000000000185e-01,9.072099999999999609e-03,1.904599999999999904e-01,5.213138805671684722e-03
1.522369999999999912e+01,7.223000000000001641e-02,1.005742086346693605e-02,2.589690000000000047e-01,8.630550000000000721e-03,1.867389999999999883e-01,5.163847511536335047e-03
1.534469999999999956e+01,8.591879999999998963e-02,1.015759262230967776e-02,2.680529999999999857e-01,8.782720000000000804e-03,1.821341999999999961e-01,5.102991013356774318e-03
1.546570000000000000e+01,8.204420000000003932e-02,1.012261895412447203e-02,2.647720000000000073e-01,8.735859999999999806e-03,1.827277999999999680e-01,5.113918707879507031e-03
1.558670000000000044e+01,8.605900000000002437e-02,1.010826531638836685e-02,2.651270000000000016e-01,8.749369999999999370e-03,1.790679999999999772e-01,5.062168735789039642e-03
1.570759999999999934e+01,7.204820000000000668e-02,9.968722453358804664e-03,2.537079999999999891e-01,8.564449999999999494e-03,1.816597999999999824e-01,5.101531490601621255e-03
1.582859999999999978e+01,8.344939999999997915e-02,1.005463805115330844e-02,2.612389999999999990e-01,8.694310000000000233e-03,1.777896000000000198e-01,5.050219793593145948e-03
1.594960000000000022e+01,9.710980000000002388e-02,1.005096387357948956e-02,2.654549999999999965e-01,8.766360000000000818e-03,1.683451999999999726e-01,4.916584906050134110e-03
1.607059999999999889e+01,8.044460000000000499e-02,9.708800169150665765e-03,2.439089999999999869e-01,8.410390000000000227e-03,1.634643999999999819e-01,4.850375322838430120e-03
1.619160000000000110e+01,8.169979999999998910e-02,9.720184226957841178e-03,2.441579999999999862e-01,8.429179999999999659e-03,1.624581999999999971e-01,4.840548102601605236e-03
1.631259999999999977e+01,1.065468000000000248e-01,9.962469262391729710e-03,2.632570000000000188e-01,8.752650000000000707e-03,1.567101999999999939e-01,4.758351792543296689e-03
1.643349999999999866e+01,1.029446000000000250e-01,9.934953185843403006e-03,2.607240000000000113e-01,8.710849999999999149e-03,1.577793999999999863e-01,4.777487528230712176e-03
1.655450000000000088e+01,8.255099999999998550e-02,9.720152498268738034e-03,2.434949999999999892e-01,8.435899999999999649e-03,1.609440000000000037e-01,4.828763379955576356e-03
1.667549999999999955e+01,9.618460000000000898e-02,9.916148240037560638e-03,2.564509999999999845e-01,8.666039999999999854e-03,1.602663999999999755e-01,4.819724746995412631e-03
1.679650000000000176e+01,9.052359999999998186e-02,9.766668940662420403e-03,2.475999999999999868e-01,8.519330000000000305e-03,1.570764000000000049e-01,4.775859979898908030e-03
1.691750000000000043e+01,8.692460000000001852e-02,9.695708495870737631e-03,2.433299999999999907e-01,8.442750000000000601e-03,1.564053999999999722e-01,4.767256619314718530e-03
1.703849999999999909e+01,9.458060000000004242e-02,9.752173948945948995e-03,2.482080000000000120e-01,8.528710000000000110e-03,1.536273999999999695e-01,4.729270817620831110e-03
1.715940000000000154e+01,9.967559999999997533e-02,9.705463188506974898e-03,2.473930000000000018e-01,8.523569999999999411e-03,1.477174000000000265e-01,4.641634427501158122e-03
1.728040000000000020e+01,1.058434000000000319e-01,9.693727509470442469e-03,2.482900000000000107e-01,8.552250000000000824e-03,1.424465999999999788e-01,4.563701673572014006e-03
1.740139999999999887e+01,1.039740000000000109e-01,9.573195916147751033e-03,2.422880000000000034e-01,8.449299999999999866e-03,1.383139999999999925e-01,4.500601021968955208e-03
1.752240000000000109e+01,1.158082000000000000e-01,9.560939357147288375e-03,2.450839999999999963e-01,8.510339999999999919e-03,1.292757999999999963e-01,4.357255383317346596e-03
1.764339999999999975e+01,1.198329999999999951e-01,9.581895465076208443e-03,2.471029999999999893e-01,8.548590000000000008e-03,1.272699999999999942e-01,4.328317192113812634e-03
1.776439999999999841e+01,1.363014000000000170e-01,9.681722984150084588e-03,2.567969999999999975e-01,8.715840000000000740e-03,1.204955999999999944e-01,4.215435094532947458e-03
1.788530000000000086e+01,1.123119999999999952e-01,9.238633582318113435e-03,2.294779999999999875e-01,8.249090000000000589e-03,1.171659999999999924e-01,4.159911614474038136e-03
1.800629999999999953e+01,1.243492000000000069e-01,9.346219825055261318e-03,2.377599999999999991e-01,8.401080000000000006e-03,1.134107999999999922e-01,4.095568318543349635e-03
1.812730000000000175e+01,1.309030000000000193e-01,9.484322226424826696e-03,2.450110000000000066e-01,8.546589999999999743e-03,1.141079999999999872e-01,4.111954215036446245e-03
1.824830000000000041e+01,1.379588000000000203e-01,9.491777224225818321e-03,2.476770000000000083e-01,8.591649999999999288e-03,1.097181999999999880e-01,4.034524154325017445e-03
1.836929999999999907e+01,1.491648600000000102e-01,9.644818234056669326e-03,2.576720000000000121e-01,8.769729999999999887e-03,1.085071399999999880e-01,4.014268861834244251e-03
1.849030000000000129e+01,1.409003199999999956e-01,9.452952083964035954e-03,2.466659999999999964e-01,8.581359999999999683e-03,1.057656800000000008e-01,3.964664380766674823e-03
1.861120000000000019e+01,1.482337200000000133e-01,9.538656973825821589e-03,2.526160000000000072e-01,8.685929999999999693e-03,1.043822800000000078e-01,3.942156376834383621e-03
1.873219999999999885e+01,1.499053200000000086e-01,9.514488386866630509e-03,2.515809999999999991e-01,8.681639999999999149e-03,1.016756800000000044e-01,3.892893034006970985e-03
1.885320000000000107e+01,1.510229999999999906e-01,9.471585012327556757e-03,2.499629999999999908e-01,8.657689999999999136e-03,9.894000000000000017e-02,3.841266263831238405e-03
1.897419999999999973e+01,1.438535400000000020e-01,9.407822222353905833e-03,2.448410000000000031e-01,8.569089999999999693e-03,1.009874599999999872e-01,3.883016293980235539e-03
1.909519999999999840e+01,1.461651399999999990e-01,9.399230628188245951e-03,2.448670000000000013e-01,8.577800000000000008e-03,9.870186000000000237e-02,3.842770297828377972e-03
1.921620000000000061e+01,1.581135599999999863e-01,9.540978715262285470e-03,2.545769999999999977e-01,8.750869999999999135e-03,9.646343999999999752e-02,3.801650837226901690e-03
1.933709999999999951e+01,1.572108600000000078e-01,9.460702031643739365e-03,2.505620000000000069e-01,8.688599999999999449e-03,9.335114000000001300e-02,3.743409271178881059e-03
1.945810000000000173e+01,1.563417199999999896e-01,9.432463864718911364e-03,2.490199999999999914e-01,8.661850000000000452e-03,9.267828000000000177e-02,3.734130305268952479e-03
1.957910000000000039e+01,1.676333200000000023e-01,9.660756909394833253e-03,2.617590000000000194e-01,8.896060000000000773e-03,9.412568000000001711e-02,3.767006840824688348e-03
1.970009999999999906e+01,1.676392200000000055e-01,9.654602098959024978e-03,2.616229999999999944e-01,8.890600000000000239e-03,9.398377999999998900e-02,3.764116540335062794e-03
1.982110000000000127e+01,1.527764199999999961e-01,9.457831117708963981e-03,2.480529999999999957e-01,8.664470000000000505e-03,9.527657999999999960e-02,3.791771231259080666e-03
1.994209999999999994e+01,1.697661200000000203e-01,9.794622170366553554e-03,2.678710000000000258e-01,9.006180000000000782e-03,9.810488000000000541e-02,3.850109773478673468e-03
2.006299999999999883e+01,1.787271199999999893e-01,9.853147141373256451e-03,2.734639999999999849e-01,9.097259999999999375e-03,9.473687999999999554e-02,3.784754824549670278e-03
2.018400000000000105e+01,1.780975599999999881e-01,9.716365778642340953e-03,2.667519999999999891e-01,8.999520000000000436e-03,8.865444000000000102e-02,3.662840934844428104e-03
2.030499999999999972e+01,1.883413000000000170e-01,9.894508970053441863e-03,2.777410000000000156e-01,9.183820000000000525e-03,8.939969999999999861e-02,3.682221878983937997e-03
2.042599999999999838e+01,1.898817999999999895e-01,9.900910353476188169e-03,2.783209999999999851e-01,9.197560000000000457e-03,8.843920000000000947e-02,3.665094251717409320e-03
2.054700000000000060e+01,1.795680399999999843e-01,9.705211765751018196e-03,2.660219999999999807e-01,9.002490000000000145e-03,8.645396000000001024e-02,3.625783945296796179e-03
2.066799999999999926e+01,1.922357000000000093e-01,1.001747993801814507e-02,2.834309999999999885e-01,9.298719999999999902e-03,9.119529999999999303e-02,3.726085166793158786e-03
2.078890000000000171e+01,2.056305999999999967e-01,1.025731242423394245e-02,2.979620000000000046e-01,9.546209999999999418e-03,9.233139999999999403e-02,3.752643442194314970e-03
2.090990000000000038e+01,2.005733999999999850e-01,1.017297956476567386e-02,2.929479999999999862e-01,9.454399999999999957e-03,9.237460000000000115e-02,3.755507138209165843e-03
2.103089999999999904e+01,2.033408600000000122e-01,1.022257327399887089e-02,2.955320000000000169e-01,9.508700000000000138e-03,9.219114000000000475e-02,3.753082553352110693e-03
2.115190000000000126e+01,2.003730799999999812e-01,1.018094101539715121e-02,2.922109999999999985e-01,9.465869999999999493e-03,9.183792000000000344e-02,3.748181572722430847e-03
2.127289999999999992e+01,1.971512200000000159e-01,1.011680277948166611e-02,2.882990000000000275e-01,9.400729999999999503e-03,9.114777999999999769e-02,3.738445391607051003e-03
2.139389999999999858e+01,1.894634799999999897e-01,9.936644966902460560e-03,2.774269999999999792e-01,9.233260000000000078e-03,8.796351999999998950e-02,3.672032539434801936e-03
2.151480000000000103e+01,1.906742800000000015e-01,9.961441442889075806e-03,2.786210000000000075e-01,9.259440000000000726e-03,8.794672000000000600e-02,3.673293686394813601e-03
2.163579999999999970e+01,1.927946399999999894e-01,9.950170164781505650e-03,2.785489999999999911e-01,9.264760000000000356e-03,8.575436000000000170e-02,3.629064404293205672e-03
2.175679999999999836e+01,1.941805199999999954e-01,9.894097603080938622e-03,2.765610000000000013e-01,9.232179999999999553e-03,8.238048000000000592e-02,3.558092161101508114e-03
2.187780000000000058e+01,2.434926800000000169e-01,1.061794911956221409e-02,3.245439999999999992e-01,1.001419999999999914e-02,8.105131999999999615e-02,3.529396813282972833e-03
2.199879999999999924e+01,2.181088399999999705e-01,1.025725326359098848e-02,2.997619999999999729e-01,9.624739999999999684e-03,8.165316000000000241e-02,3.546212690441451817e-03
2.211980000000000146e+01,2.242117599999999822e-01,1.032306467155524529e-02,3.043429999999999747e-01,9.706519999999999732e-03,8.013124000000000635e-02,3.514133421302042311e-03
2.224070000000000036e+01,2.223197599999999774e-01,1.030970176687667425e-02,3.029939999999999856e-01,9.686900000000000024e-03,8.067423999999999429e-02,3.529011038795429843e-03
2.236169999999999902e+01,2.319174999999999709e-01,1.047121688294555368e-02,3.131399999999999739e-01,9.853380000000000125e-03,8.122250000000000303e-02,3.543626050429700587e-03
2.248270000000000124e+01,2.284291999999999989e-01,1.043852599427754629e-02,3.100809999999999955e-01,9.814130000000000770e-03,8.165180000000001048e-02,3.556076106652949955e-03
2.260369999999999990e+01,2.357732000000000161e-01,1.055258253858305448e-02,3.172900000000000165e-01,9.935809999999999781e-03,8.151680000000000037e-02,3.554810526245808042e-03
2.272469999999999857e+01,2.340414000000000105e-01,1.051972473737996724e-02,3.151160000000000072e-01,9.903709999999999597e-03,8.107459999999999667e-02,3.546989820417307399e-03
2.284570000000000078e+01,2.344574999999999854e-01,1.060077490325476296e-02,3.185000000000000053e-01,9.965730000000000768e-03,8.404250000000000609e-02,3.613952699825497168e-03
2.296659999999999968e+01,2.054259999999999697e-01,1.021028684033979499e-02,2.912139999999999729e-01,9.533639999999999476e-03,8.578800000000000314e-02,3.655087647706412816e-03
2.308759999999999835e+01,2.266089600000000259e-01,1.044491196435929671e-02,3.080820000000000225e-01,9.817259999999999528e-03,8.147303999999999657e-02,3.566173304203821594e-03
2.320860000000000056e+01,2.391054799999999814e-01,1.064005417721244559e-02,3.209799999999999875e-01,1.002130000000000035e-02,8.187451999999999230e-02,3.575513837760385585e-03
2.332959999999999923e+01,2.305445600000000095e-01,1.055122567537421230e-02,3.136720000000000064e-01,9.915059999999999846e-03,8.312743999999999689e-02,3.608316567192518080e-03
2.345060000000000144e+01,2.442008599999999918e-01,1.072339883997047022e-02,3.258599999999999830e-01,1.010890000000000052e-02,8.165913999999999118e-02,3.577907694600295646e-03
2.357160000000000011e+01,2.452053399999999661e-01,1.075720815789561573e-02,3.274889999999999746e-01,1.013919999999999925e-02,8.228366000000000846e-02,3.593626401324433693e-03
2.369249999999999901e+01,2.296190200000000348e-01,1.056350021744118829e-02,3.134930000000000216e-01,9.920160000000000783e-03,8.387397999999998688e-02,3.630146335656456950e-03
2.381350000000000122e+01,2.326752800000000121e-01,1.064631152841508804e-02,3.174170000000000047e-01,9.999430000000000124e-03,8.474171999999999261e-02,3.654497070071886268e-03
2.393449999999999989e+01,2.254716799999999799e-01,1.059674604494247573e-02,3.099279999999999813e-01,9.882389999999999577e-03,8.445632000000000139e-02,3.824839163795517964e-03
2.405549999999999855e+01,2.186725600000000158e-01,1.040076462391607143e-02,3.027529999999999943e-01,9.777499999999999733e-03,8.408043999999999241e-02,3.546321828613979796e-03
2.415630000000000166e+01,2.288784199999999991e-01,1.257810385308612451e-02,3.120789999999999953e-01,1.215360000000000051e-02,8.320057999999999621e-02,3.240170300928641063e-03
2.425710000000000122e+01,2.327195600000000197e-01,5.947709882431389053e-03,3.162730000000000263e-01,5.168350000000000374e-03,8.355344000000000659e-02,2.943367310254022678e-03
2.437839999999999918e+01,2.262935200000000258e-01,5.723678402403824944e-03,3.091320000000000179e-01,5.102279999999999836e-03,8.283848000000000600e-02,2.593691048630117693e-03
2.450029999999999930e+01,2.306372400000000211e-01,5.438604952287305096e-03,3.129120000000000235e-01,5.112730000000000226e-03,8.227476000000000234e-02,1.854296571248515140e-03
2.462280000000000157e+01,2.100975799999999782e-01,5.251435603374376114e-03,2.913839999999999764e-01,4.919269999999999893e-03,8.128641999999999812e-02,1.838031164993673191e-03
2.474589999999999890e+01,2.293354599999999910e-01,5.380869189479335797e-03,3.101849999999999885e-01,5.060740000000000204e-03,8.084953999999999752e-02,1.828295349960722040e-03
2.486959999999999837e+01,2.292242600000000130e-01,5.367865816701829738e-03,3.104080000000000172e-01,5.047330000000000046e-03,8.118373999999999036e-02,1.827140743680135803e-03
2.499399999999999977e+01,2.311934199999999828e-01,5.378277278927147756e-03,3.131990000000000052e-01,5.056320000000000432e-03,8.200558000000000847e-02,1.832892399085117845e-03
2.511899999999999977e+01,2.308967399999999892e-01,5.352078559293762909e-03,3.114239999999999786e-01,5.035689999999999784e-03,8.052725999999998940e-02,1.812890269363261891e-03
2.524459999999999837e+01,2.367568399999999962e-01,5.376668886890097199e-03,3.170250000000000012e-01,5.064929999999999606e-03,8.026816000000000506e-02,1.804176381164546757e-03
2.537079999999999913e+01,2.247527200000000169e-01,5.257869089737780659e-03,3.044060000000000099e-01,4.943209999999999965e-03,7.965328000000000686e-02,1.791608847019906994e-03
2.549759999999999849e+01,2.335712000000000066e-01,5.312385905340462518e-03,3.131470000000000087e-01,5.003480000000000254e-03,7.957580000000000209e-02,1.785113973072868006e-03
2.562509999999999977e+01,2.310203399999999907e-01,5.281677078261411487e-03,3.107030000000000070e-01,4.972220000000000285e-03,7.968266000000000238e-02,1.781331252359313498e-03
2.575329999999999941e+01,2.366126800000000197e-01,5.339753024364703865e-03,3.187570000000000126e-01,5.026100000000000359e-03,8.214432000000000678e-02,1.803130930135690268e-03
2.588200000000000145e+01,2.286047199999999835e-01,5.258894288484225292e-03,3.099509999999999765e-01,4.944510000000000051e-03,8.134628000000000692e-02,1.791030428929670740e-03
2.601139999999999830e+01,2.265201399999999810e-01,5.235769603639182403e-03,3.085669999999999802e-01,4.918589999999999594e-03,8.204686000000001311e-02,1.794646414838310406e-03
2.614150000000000063e+01,2.298595199999999839e-01,5.260645496835155040e-03,3.131079999999999974e-01,4.942069999999999796e-03,8.324847999999999970e-02,1.802868591570666590e-03
2.627220000000000155e+01,2.288068199999999941e-01,5.242403631325615564e-03,3.125539999999999985e-01,4.922440000000000149e-03,8.374718000000000440e-02,1.803435687829205419e-03
2.640360000000000085e+01,2.309486600000000001e-01,5.239766098466228095e-03,3.145040000000000058e-01,4.921710000000000147e-03,8.355534000000000572e-02,1.797753999449312832e-03
2.653559999999999874e+01,2.287056599999999773e-01,5.215987831800990987e-03,3.123989999999999823e-01,4.897280000000000383e-03,8.369334000000000495e-02,1.795321047360610555e-03
2.666819999999999879e+01,2.305540399999999879e-01,5.210756894556874304e-03,3.134919999999999929e-01,4.896379999999999656e-03,8.293796000000000501e-02,1.782540409015178490e-03
2.680160000000000053e+01,2.300656199999999707e-01,5.178533970137107721e-03,3.114179999999999726e-01,4.870099999999999603e-03,8.135238000000000191e-02,1.760494268625717408e-03
2.693560000000000088e+01,2.429320400000000157e-01,5.252088250619938239e-03,3.236680000000000113e-01,4.952540000000000067e-03,8.073595999999999551e-02,1.748364533128031386e-03
2.707029999999999959e+01,2.328565600000000180e-01,5.152946445521435978e-03,3.124000000000000110e-01,4.853810000000000069e-03,7.954343999999999304e-02,1.730140327924876726e-03
2.720560000000000045e+01,2.299163200000000074e-01,5.124891925889169496e-03,3.101909999999999945e-01,4.822859999999999994e-03,8.027468000000000103e-02,1.733360514273934614e-03
2.734169999999999945e+01,2.356608399999999826e-01,5.150646519217563085e-03,3.155359999999999832e-01,4.853159999999999592e-03,7.987516000000000060e-02,1.725107990917670213e-03
2.747840000000000060e+01,2.427628999999999759e-01,5.196426956102433853e-03,3.234779999999999878e-01,4.899770000000000340e-03,8.071510000000001184e-02,1.730637760251404946e-03
2.761580000000000013e+01,2.339133599999999868e-01,5.120057479498838111e-03,3.143409999999999815e-01,4.821149999999999741e-03,8.042763999999999469e-02,1.723804301790664295e-03
2.775379999999999825e+01,2.428353999999999790e-01,5.182340841370819060e-03,3.243019999999999792e-01,4.884440000000000309e-03,8.146659999999998625e-02,1.731733952586251039e-03
2.789260000000000161e+01,2.440571200000000163e-01,5.175610995825323871e-03,3.247990000000000044e-01,4.881520000000000303e-03,8.074188000000000198e-02,1.719799892344455209e-03
2.803209999999999980e+01,2.514997999999999956e-01,5.222381673072928020e-03,3.333479999999999777e-01,4.928329999999999864e-03,8.184819999999999596e-02,1.727667141074344702e-03
2.817220000000000013e+01,2.494943600000000261e-01,5.191681803294188186e-03,3.307080000000000020e-01,4.899719999999999770e-03,8.121363999999998973e-02,1.716480080937731172e-03
2.831309999999999860e+01,2.520939799999999953e-01,5.203262771411415813e-03,3.336319999999999841e-01,4.912030000000000389e-03,8.153801999999998884e-02,1.716363815586893424e-03
2.845469999999999899e+01,2.583642600000000122e-01,5.221926273274642497e-03,3.390290000000000248e-01,4.936099999999999689e-03,8.066473999999998479e-02,1.703945654507795730e-03
2.859690000000000154e+01,2.507329000000000363e-01,5.172224524934701181e-03,3.327370000000000050e-01,4.880029999999999611e-03,8.200409999999999644e-02,1.713830136109176835e-03
2.873989999999999867e+01,2.605780400000000108e-01,5.234627500330085031e-03,3.427850000000000064e-01,4.946599999999999782e-03,8.220696000000000947e-02,1.712446643610246759e-03
2.888360000000000127e+01,2.590704600000000024e-01,5.204220577057817182e-03,3.405489999999999906e-01,4.918409999999999796e-03,8.147854000000000207e-02,1.700927654714332743e-03
2.902799999999999869e+01,2.571854199999999979e-01,5.167167720975196499e-03,3.373800000000000132e-01,4.885170000000000311e-03,8.019458000000000142e-02,1.683667522935570300e-03
2.917320000000000135e+01,2.577656799999999970e-01,5.150904616857897647e-03,3.372330000000000050e-01,4.872079999999999987e-03,7.946732000000000795e-02,1.671722119722054587e-03
2.931899999999999906e+01,2.630069399999999669e-01,5.148256524632392576e-03,3.401219999999999799e-01,4.878740000000000333e-03,7.711505999999999916e-02,1.643910355165390316e-03
2.946559999999999846e+01,2.703897399999999895e-01,5.153984006014764550e-03,3.437520000000000020e-01,4.899579999999999734e-03,7.336225999999999858e-02,1.599270758144473708e-03
2.961299999999999955e+01,2.650708999999999982e-01,5.100009237910064878e-03,3.380969999999999809e-01,4.845259999999999671e-03,7.302610000000001045e-02,1.591712838161456591e-03
2.976099999999999923e+01,2.670289200000000029e-01,5.094925465622828636e-03,3.389670000000000183e-01,4.845099999999999754e-03,7.193808000000000147e-02,1.575839931671995948e-03
2.990980000000000061e+01,2.653737999999999930e-01,5.062767209053168141e-03,3.366660000000000208e-01,4.814820000000000037e-03,7.129220000000000002e-02,1.564966511035938927e-03
3.005940000000000012e+01,2.810359599999999736e-01,5.161724766260982963e-03,3.523930000000000118e-01,4.919739999999999704e-03,7.135704000000001046e-02,1.561909374782032445e-03
3.020970000000000155e+01,2.697726400000000080e-01,5.087336228352909093e-03,3.428050000000000264e-01,4.836830000000000296e-03,7.303235999999999062e-02,1.576726181495062117e-03
3.036070000000000135e+01,2.728359599999999885e-01,5.084018278403412347e-03,3.443729999999999847e-01,4.840009999999999625e-03,7.153704000000001006e-02,1.556131438870123279e-03
3.051249999999999929e+01,2.653957399999999911e-01,5.036063986385002668e-03,3.381879999999999886e-01,4.786470000000000134e-03,7.279225999999999752e-02,1.565773104272774347e-03
3.066509999999999891e+01,2.829211999999999838e-01,5.131590318249499780e-03,3.545559999999999823e-01,4.891880000000000360e-03,7.163479999999999848e-02,1.550073953059014423e-03
3.081840000000000046e+01,2.727892800000000229e-01,5.044478423887250630e-03,3.437129999999999908e-01,4.804029999999999932e-03,7.092371999999999566e-02,1.538849676922343169e-03
3.097250000000000014e+01,2.793843799999999877e-01,5.071136060869595348e-03,3.498189999999999911e-01,4.834849999999999912e-03,7.043462000000000334e-02,1.529917130223725462e-03
3.112740000000000151e+01,2.814290400000000192e-01,5.082131348677638993e-03,3.524950000000000028e-01,4.845079999999999873e-03,7.106596000000001134e-02,1.534033519455164831e-03
3.128300000000000125e+01,2.831752599999999842e-01,5.066367982321062606e-03,3.526469999999999883e-01,4.834999999999999888e-03,6.947174000000000404e-02,1.513558565859940636e-03
3.143939999999999912e+01,2.810557599999999878e-01,5.059354536275155641e-03,3.520380000000000176e-01,4.823739999999999972e-03,7.098224000000000200e-02,1.525975339292217963e-03
3.159659999999999869e+01,2.874866000000000366e-01,5.081731064592851822e-03,3.575240000000000085e-01,4.851499999999999910e-03,7.003739999999999966e-02,1.512262663312163987e-03
3.175459999999999994e+01,2.761444200000000571e-01,4.986357203336720147e-03,3.453840000000000243e-01,4.755289999999999691e-03,6.923957999999999502e-02,1.500325023175978333e-03
3.191339999999999932e+01,2.851875600000000066e-01,5.038025954994674281e-03,3.547509999999999830e-01,4.809690000000000146e-03,6.956344000000000416e-02,1.499529135128757672e-03
3.207289999999999708e+01,2.884737400000000340e-01,5.060868458364038182e-03,3.592359999999999998e-01,4.830590000000000057e-03,7.076225999999999350e-02,1.509234840826304122e-03
3.223329999999999984e+01,2.768144799999999739e-01,4.980319232918307450e-03,3.481770000000000143e-01,4.745160000000000003e-03,7.136252000000001261e-02,1.512295022862933207e-03
3.239450000000000074e+01,2.807924000000000531e-01,5.009298664168069203e-03,3.534340000000000259e-01,4.772189999999999939e-03,7.264160000000000061e-02,1.522916843014089118e-03
3.255639999999999645e+01,2.735405200000000092e-01,4.957050895451447538e-03,3.466859999999999942e-01,4.716539999999999969e-03,7.314547999999999883e-02,1.525320952618169391e-03
3.271920000000000073e+01,2.804019399999999607e-01,4.982787975465140760e-03,3.524930000000000008e-01,4.747930000000000032e-03,7.209106000000001235e-02,1.511733019927791319e-03
3.288280000000000314e+01,2.817774399999999901e-01,4.971195097587299654e-03,3.532379999999999964e-01,4.738970000000000335e-03,7.146055999999999242e-02,1.501647108136928499e-03
3.304719999999999658e+01,2.871946799999999800e-01,4.986700061418974234e-03,3.577839999999999909e-01,4.759219999999999770e-03,7.058931999999999707e-02,1.488960205699265890e-03
3.321249999999999858e+01,2.834855600000000253e-01,4.955117080847232756e-03,3.544530000000000181e-01,4.725960000000000404e-03,7.096743999999999275e-02,1.489458748439848653e-03
3.337850000000000250e+01,2.777108200000000249e-01,4.917232263558841097e-03,3.495380000000000154e-01,4.684500000000000296e-03,7.182717999999999048e-02,1.494868851700375699e-03
3.354540000000000077e+01,2.881267200000000583e-01,4.982575106105275979e-03,3.611150000000000193e-01,4.750289999999999895e-03,7.298827999999998872e-02,1.503595558612754292e-03
3.371320000000000050e+01,2.793968000000000007e-01,4.907813985080933944e-03,3.512689999999999979e-01,4.676640000000000137e-03,7.187219999999998332e-02,1.488514837868941138e-03
3.388170000000000215e+01,2.871700799999999942e-01,4.938541928486989835e-03,3.583540000000000059e-01,4.712339999999999758e-03,7.118391999999999775e-02,1.477514163662737960e-03
3.405109999999999815e+01,2.859088199999999524e-01,4.922953569045315086e-03,3.574399999999999800e-01,4.695880000000000366e-03,7.153117999999999976e-02,1.477898125235971609e-03
3.422140000000000271e+01,2.800457799999999664e-01,4.877815135362143124e-03,3.514109999999999734e-01,4.649890000000000273e-03,7.136522000000000698e-02,1.473636143241607768e-03
3.439249999999999829e+01,2.901801999999999992e-01,4.930486689263849538e-03,3.616659999999999875e-01,4.705789999999999626e-03,7.148580000000000212e-02,1.471475269553654220e-03
3.456450000000000244e+01,2.841452600000000106e-01,4.882604498440150723e-03,3.558450000000000224e-01,4.655659999999999833e-03,7.169974000000001180e-02,1.471277218129880696e-03
3.473729999999999762e+01,2.821656399999999953e-01,4.868832563937683898e-03,3.545179999999999998e-01,4.639919999999999635e-03,7.235236000000000445e-02,1.475355187492150954e-03
3.491100000000000136e+01,2.872852799999999762e-01,4.885218470478060356e-03,3.591179999999999928e-01,4.659700000000000127e-03,7.183272000000000268e-02,1.467158960133495369e-03
3.508550000000000324e+01,2.844871799999999507e-01,4.861022059376402665e-03,3.567029999999999923e-01,4.634160000000000015e-03,7.221582000000001389e-02,1.467684079134198242e-03
3.526089999999999947e+01,2.919487599999999738e-01,4.895899707000542743e-03,3.643779999999999797e-01,4.671080000000000197e-03,7.242923999999999196e-02,1.466576140065015393e-03
3.543730000000000047e+01,2.853165599999999968e-01,4.868376158099536714e-03,3.601719999999999922e-01,4.635450000000000161e-03,7.485543999999999532e-02,1.487847342388324331e-03
3.561440000000000339e+01,2.905412600000000234e-01,4.903252753472127010e-03,3.670860000000000234e-01,4.668089999999999740e-03,7.654474000000000000e-02,1.500274413676378100e-03
3.579249999999999687e+01,2.829298599999999775e-01,4.850106348681026622e-03,3.600490000000000079e-01,4.611760000000000338e-03,7.711914000000000269e-02,1.501732764481084319e-03
3.597149999999999892e+01,2.889551399999999992e-01,4.877944357338652101e-03,3.659000000000000030e-01,4.642669999999999783e-03,7.694486000000000381e-02,1.496648397049888356e-03
3.615129999999999910e+01,2.885653000000000246e-01,4.870314489979881908e-03,3.661969999999999947e-01,4.633449999999999895e-03,7.763169999999999793e-02,1.500368064445521373e-03
3.633209999999999695e+01,2.870925199999999622e-01,4.839375519640111249e-03,3.633689999999999976e-01,4.606299999999999804e-03,7.627648000000000761e-02,1.483764041245102866e-03
3.651370000000000005e+01,2.913298000000000276e-01,4.847489771025824748e-03,3.670530000000000181e-01,4.617119999999999731e-03,7.572320000000000439e-02,1.476604207565453174e-03
3.669630000000000081e+01,2.929156400000000327e-01,4.844919104283992514e-03,3.684540000000000037e-01,4.615710000000000299e-03,7.553835999999999884e-02,1.472569972176534549e-03
3.687980000000000302e+01,2.882095399999999863e-01,4.811441679326893851e-03,3.644270000000000009e-01,4.579380000000000082e-03,7.621746000000000076e-02,1.476228251038436134e-03
3.706419999999999959e+01,2.924123199999999478e-01,4.818563710105740368e-03,3.673259999999999859e-01,4.591989999999999787e-03,7.491368000000001026e-02,1.460200009672647488e-03
3.724949999999999761e+01,2.994275800000000265e-01,4.855097058895939399e-03,3.753569999999999962e-01,4.628320000000000004e-03,7.592941999999999747e-02,1.466499720047705936e-03
3.743580000000000041e+01,2.971971600000000158e-01,4.829092148393525873e-03,3.729680000000000217e-01,4.602690000000000427e-03,7.577084000000000596e-02,1.461292490084035089e-03
3.762290000000000134e+01,2.917029999999999901e-01,4.790576583209582573e-03,3.679040000000000088e-01,4.562029999999999905e-03,7.620100000000000484e-02,1.462021298988493015e-03
3.781110000000000326e+01,2.995908800000000038e-01,4.822889095375095317e-03,3.754259999999999819e-01,4.598170000000000382e-03,7.583512000000000586e-02,1.455022981738776687e-03
3.800010000000000332e+01,2.924570800000000359e-01,4.773276393812116505e-03,3.686510000000000065e-01,4.546040000000000324e-03,7.619391999999999832e-02,1.455227765720541787e-03
3.819010000000000105e+01,3.172668599999999839e-01,4.897442594596081687e-03,3.922019999999999951e-01,4.680890000000000051e-03,7.493513999999999731e-02,1.440212753472208413e-03
3.838110000000000355e+01,3.138533400000000362e-01,4.864440988981159376e-03,3.884270000000000223e-01,4.648539999999999617e-03,7.457365999999999995e-02,1.433130141920125732e-03
3.857300000000000040e+01,3.081843399999999455e-01,4.815234760040676930e-03,3.817749999999999755e-01,4.600919999999999663e-03,7.359066000000000218e-02,1.420570641645110214e-03
3.876579999999999870e+01,3.085093999999999892e-01,4.799983888020042770e-03,3.814460000000000073e-01,4.587830000000000207e-03,7.293660000000000421e-02,1.411262277662093337e-03
3.895969999999999800e+01,3.124792200000000575e-01,4.817702952416224108e-03,3.860100000000000198e-01,4.605390000000000005e-03,7.353077999999999004e-02,1.414441474794909991e-03
3.915449999999999875e+01,3.124582000000000193e-01,4.809406893156368754e-03,3.865120000000000222e-01,4.595750000000000009e-03,7.405380000000000296e-02,1.417560087417813874e-03
3.935020000000000095e+01,3.168440399999999935e-01,4.821978635146364524e-03,3.904400000000000093e-01,4.611350000000000171e-03,7.359595999999998805e-02,1.409584738604955376e-03
3.954699999999999704e+01,3.227560999999999902e-01,4.849277626017302160e-03,3.969699999999999895e-01,4.639029999999999716e-03,7.421389999999999931e-02,1.412407219357080532e-03
3.974470000000000169e+01,3.178085399999999727e-01,4.813131304198131101e-03,3.925429999999999753e-01,4.600540000000000185e-03,7.473445999999998868e-02,1.414660616491460838e-03
3.994339999999999691e+01,3.196224199999999627e-01,4.805705054106421126e-03,3.934639999999999804e-01,4.596480000000000010e-03,7.384157999999999000e-02,1.402559330889071622e-03
4.014320000000000022e+01,3.222789200000000243e-01,4.816627761207211388e-03,3.970110000000000028e-01,4.606410000000000018e-03,7.473208000000000628e-02,1.407440905307217466e-03
4.034389999999999787e+01,3.306081199999999498e-01,4.854034051704210484e-03,4.055639999999999801e-01,4.645719999999999884e-03,7.495588000000000251e-02,1.406745270723879122e-03
4.054560000000000031e+01,3.280244400000000282e-01,4.833915039276548420e-03,4.031230000000000091e-01,4.625129999999999866e-03,7.509855999999999476e-02,1.405313875987851966e-03
4.074830000000000041e+01,3.292147599999999397e-01,4.830071480840009319e-03,4.045579999999999732e-01,4.621319999999999942e-03,7.534324000000000576e-02,1.404632324711345978e-03
4.095210000000000150e+01,3.351507799999999815e-01,4.849219586274888978e-03,4.099760000000000071e-01,4.643480000000000177e-03,7.482521999999999784e-02,1.397506381206182471e-03
4.115679999999999694e+01,3.349550199999999922e-01,4.838847409946711413e-03,4.098709999999999853e-01,4.633270000000000097e-03,7.491598000000000701e-02,1.395440204325502443e-03
4.136260000000000048e+01,3.395155400000000046e-01,4.854374456829220995e-03,4.146469999999999878e-01,4.649709999999999607e-03,7.513145999999999713e-02,1.394685729121797552e-03
4.156940000000000168e+01,3.270698399999999451e-01,4.777390682365009397e-03,4.022879999999999789e-01,4.569850000000000301e-03,7.521816000000000613e-02,1.392814671608538345e-03
4.177729999999999677e+01,3.329743000000000008e-01,4.802800586903436739e-03,4.089639999999999942e-01,4.595079999999999651e-03,7.598970000000000724e-02,1.397187629189437135e-03
4.198619999999999663e+01,3.369898199999999955e-01,4.819584503278265437e-03,4.136690000000000089e-01,4.611770000000000279e-03,7.667917999999998568e-02,1.399990089729209568e-03
4.219610000000000127e+01,3.436089599999999633e-01,4.832107352683298780e-03,4.184809999999999919e-01,4.630829999999999842e-03,7.487204000000000081e-02,1.380099626460350908e-03
4.240709999999999980e+01,3.457567799999999858e-01,4.828473866145285495e-03,4.199970000000000092e-01,4.629669999999999792e-03,7.424021999999999566e-02,1.371245990750018370e-03
4.261910000000000309e+01,3.549000800000000067e-01,4.859985460850269230e-03,4.282710000000000128e-01,4.665700000000000056e-03,7.337092000000000613e-02,1.360405156442741435e-03
4.283220000000000027e+01,3.539270999999999945e-01,4.839555049473452837e-03,4.265680000000000027e-01,4.647309999999999983e-03,7.264089999999999436e-02,1.350482447417958873e-03
4.304639999999999844e+01,3.613159200000000126e-01,4.864051006353037332e-03,4.335959999999999814e-01,4.674509999999999776e-03,7.228007999999999655e-02,1.344599736837695601e-03
4.326160000000000139e+01,3.540962200000000171e-01,4.824904373309795921e-03,4.276460000000000261e-01,4.631259999999999891e-03,7.354977999999999516e-02,1.353193638761282297e-03
4.347789999999999822e+01,3.518927600000000266e-01,4.806542188025400390e-03,4.254539999999999988e-01,4.612849999999999936e-03,7.356123999999999996e-02,1.350726723940856924e-03
4.369530000000000314e+01,3.630829199999999757e-01,4.849221766743608622e-03,4.361140000000000017e-01,4.659520000000000328e-03,7.303107999999999822e-02,1.343065565287115785e-03
4.391380000000000194e+01,3.656019000000000352e-01,4.852114327651400189e-03,4.386200000000000099e-01,4.663549999999999814e-03,7.301810000000000245e-02,1.339520379128290905e-03
4.413329999999999842e+01,3.627933600000000092e-01,4.829939213882096169e-03,4.359680000000000222e-01,4.640830000000000302e-03,7.317463999999999913e-02,1.338286113241858328e-03
4.435399999999999920e+01,3.666136799999999973e-01,4.827194265208724702e-03,4.383190000000000142e-01,4.642630000000000021e-03,7.170532000000000294e-02,1.322040527806920152e-03
4.457580000000000098e+01,3.783291599999999977e-01,4.877477571584312721e-03,4.500629999999999908e-01,4.695620000000000176e-03,7.173384000000000704e-02,1.319446958732331966e-03
4.479869999999999663e+01,3.725433999999999690e-01,4.838889580943958602e-03,4.445459999999999967e-01,4.655720000000000344e-03,7.200259999999999994e-02,1.318758377477845592e-03
4.502259999999999707e+01,3.742990800000000062e-01,4.832160306223708124e-03,4.452969999999999984e-01,4.652039999999999648e-03,7.099792000000000602e-02,1.307018386804103139e-03
4.524779999999999802e+01,3.763780600000000143e-01,4.832601848973283772e-03,4.475620000000000154e-01,4.652729999999999887e-03,7.118394000000001498e-02,1.306194540564306530e-03
4.547399999999999665e+01,3.763967999999999758e-01,4.823750058920548908e-03,4.478559999999999763e-01,4.643460000000000296e-03,7.145920000000001437e-02,1.306462345165753389e-03
4.570139999999999958e+01,3.736709799999999859e-01,4.798970885407411943e-03,4.447909999999999919e-01,4.619269999999999973e-03,7.112002000000001989e-02,1.300948202692174798e-03
4.592990000000000350e+01,3.731972199999999962e-01,4.790933491096280653e-03,4.449259999999999882e-01,4.609900000000000109e-03,7.172878000000000587e-02,1.304555750479066255e-03
4.615950000000000131e+01,3.779353200000000190e-01,4.806072000360794502e-03,4.499420000000000086e-01,4.625620000000000426e-03,7.200668000000000346e-02,1.304594836817929470e-03
4.639030000000000342e+01,3.757249799999999862e-01,4.783626142197987784e-03,4.472550000000000137e-01,4.604450000000000383e-03,7.153001999999999971e-02,1.296965406562565048e-03
4.662230000000000274e+01,3.735852600000000301e-01,4.768738607734334875e-03,4.460100000000000176e-01,4.587540000000000194e-03,7.242474000000000134e-02,1.302054014738252040e-03
4.685540000000000305e+01,3.754180400000000084e-01,4.766225721176032756e-03,4.473639999999999839e-01,4.586879999999999777e-03,7.194596000000000324e-02,1.295160025170635169e-03
4.708970000000000056e+01,3.783259399999999717e-01,4.770650543608072162e-03,4.503840000000000066e-01,4.591879999999999573e-03,7.205806000000000711e-02,1.293732845230420722e-03
4.732509999999999906e+01,3.704807599999999645e-01,4.725203477159475862e-03,4.428799999999999959e-01,4.544430000000000344e-03,7.239924000000000359e-02,1.294489812883824935e-03
4.756170000000000186e+01,3.708360200000000440e-01,4.719776488788425713e-03,4.433980000000000143e-01,4.538920000000000107e-03,7.256197999999999815e-02,1.294022927818514433e-03
4.779950000000000188e+01,3.720722399999999985e-01,4.712743978624342293e-03,4.439859999999999918e-01,4.533729999999999705e-03,7.191376000000000712e-02,1.286564454335654192e-03
4.803849999999999909e+01,3.772993599999999725e-01,4.730585121176448908e-03,4.498659999999999881e-01,4.551359999999999954e-03,7.256664000000000170e-02,1.289789804230131228e-03
4.827870000000000061e+01,3.760413999999999701e-01,4.717102582622938536e-03,4.487579999999999902e-01,4.537779999999999939e-03,7.271659999999999235e-02,1.288258299638702113e-03
4.852009999999999934e+01,3.725608999999999726e-01,4.688198395211960572e-03,4.444830000000000170e-01,4.510410000000000287e-03,7.192210000000001657e-02,1.278829865450443722e-03
4.876270000000000238e+01,3.726880200000000087e-01,4.678853421478812967e-03,4.444500000000000117e-01,4.501849999999999949e-03,7.176198000000000299e-02,1.274761121616124629e-03
4.900650000000000261e+01,3.686724200000000007e-01,4.651575946039363842e-03,4.405649999999999844e-01,4.473900000000000272e-03,7.189258000000001148e-02,1.273333252441009693e-03
4.925160000000000338e+01,3.685865200000000286e-01,4.636910936355366671e-03,4.402840000000000087e-01,4.459870000000000327e-03,7.169748000000000787e-02,1.269055796563728659e-03
4.949779999999999802e+01,3.722042399999999640e-01,4.647216185237351520e-03,4.438469999999999915e-01,4.471450000000000077e-03,7.164275999999999978e-02,1.265998882239633078e-03
4.974530000000000030e+01,3.794115800000000260e-01,4.675545848892940018e-03,4.512610000000000232e-01,4.501190000000000399e-03,7.184941999999999718e-02,1.264918008805313975e-03
4.999399999999999977e+01,3.702515599999999796e-01,4.627737008233721687e-03,4.427099999999999924e-01,4.450710000000000083e-03,7.245843999999999896e-02,1.267726434715313495e-03
5.024399999999999977e+01,3.766218000000000066e-01,4.646943956695841205e-03,4.492019999999999902e-01,4.471120000000000302e-03,7.258020000000001137e-02,1.266165108614196715e-03
5.049519999999999698e+01,3.695289800000000069e-01,4.611985223892201523e-03,4.426280000000000214e-01,4.434150000000000418e-03,7.309902000000000066e-02,1.268353847670278430e-03
5.074770000000000181e+01,3.749027400000000121e-01,4.617393304634553712e-03,4.468170000000000197e-01,4.443250000000000151e-03,7.191425999999999374e-02,1.256125139937896420e-03
5.100150000000000006e+01,3.717633800000000321e-01,4.593571605611911600e-03,4.434060000000000223e-01,4.419799999999999771e-03,7.164262000000000408e-02,1.251506314759937618e-03
5.125650000000000261e+01,3.768159799999999948e-01,4.601236468875295228e-03,4.473119999999999874e-01,4.431280000000000115e-03,7.049602000000000646e-02,1.239005489942639465e-03
5.151270000000000238e+01,3.713530000000000442e-01,4.573770934989201953e-03,4.427650000000000197e-01,4.401180000000000196e-03,7.141200000000000325e-02,1.244586346282169388e-03
5.177029999999999887e+01,3.835496400000000250e-01,4.617712747082476990e-03,4.542100000000000026e-01,4.449319999999999664e-03,7.066036000000000539e-02,1.235646612979617335e-03
5.202920000000000300e+01,3.837960999999999734e-01,4.621501677914658518e-03,4.560440000000000049e-01,4.450260000000000153e-03,7.224790000000000378e-02,1.246380235469096319e-03
5.228929999999999723e+01,3.763042800000000465e-01,4.578787516087637864e-03,4.486640000000000073e-01,4.406120000000000349e-03,7.235971999999998849e-02,1.245552754033324742e-03
5.255069999999999908e+01,3.755871800000000205e-01,4.569493514930948568e-03,4.483030000000000070e-01,4.396279999999999806e-03,7.271582000000001433e-02,1.246191455834937080e-03
5.281349999999999767e+01,3.752605799999999547e-01,4.549852015630398948e-03,4.465239999999999765e-01,4.380020000000000094e-03,7.126342000000000787e-02,1.231494280837714707e-03
5.307759999999999678e+01,3.706469599999999698e-01,4.525602197004504820e-03,4.424819999999999864e-01,4.354069999999999815e-03,7.183504000000000278e-02,1.234159503723890588e-03
5.334300000000000352e+01,3.696582399999999713e-01,4.509426577573694139e-03,4.407749999999999724e-01,4.339469999999999786e-03,7.111676000000000109e-02,1.226347494647418322e-03
5.360969999999999658e+01,3.678571400000000269e-01,4.498143092443370253e-03,4.397070000000000145e-01,4.326510000000000425e-03,7.184986000000000150e-02,1.230691878577249484e-03
5.387769999999999726e+01,3.639929600000000320e-01,4.471260036274338906e-03,4.359930000000000194e-01,4.298650000000000214e-03,7.200004000000000126e-02,1.230355432175596992e-03
5.414710000000000178e+01,3.739218399999999498e-01,4.511202291134370698e-03,4.457479999999999776e-01,4.341109999999999587e-03,7.182616000000000001e-02,1.227073787282574168e-03
5.441779999999999973e+01,3.692870799999999898e-01,4.474256333441345955e-03,4.400950000000000140e-01,4.305619999999999586e-03,7.080791999999999642e-02,1.216801607880265649e-03
5.468990000000000151e+01,3.655542199999999853e-01,4.456826153250763312e-03,4.372809999999999753e-01,4.285879999999999725e-03,7.172678000000000387e-02,1.222510525885155738e-03
5.496340000000000003e+01,3.674120599999999848e-01,4.454568938404254372e-03,4.387559999999999794e-01,4.285090000000000079e-03,7.134394000000000846e-02,1.217040721954692822e-03
5.523819999999999908e+01,3.682047199999999854e-01,4.459464446589074538e-03,4.406599999999999961e-01,4.288110000000000359e-03,7.245527999999999691e-02,1.224310327609793615e-03
5.551440000000000197e+01,3.659495200000000281e-01,4.444075582809095711e-03,4.390000000000000013e-01,4.271190000000000229e-03,7.305048000000000097e-02,1.227494916331631864e-03
5.579200000000000159e+01,3.593103400000000058e-01,4.413849620059115235e-03,4.332860000000000045e-01,4.237999999999999580e-03,7.397565999999999864e-02,1.233460363569093259e-03
5.607090000000000174e+01,3.616847800000000390e-01,4.410438419867122005e-03,4.346320000000000183e-01,4.237509999999999888e-03,7.294722000000000706e-02,1.222896584074058225e-03
5.635130000000000194e+01,3.604934799999999773e-01,4.395559238957427901e-03,4.333119999999999750e-01,4.222830000000000333e-03,7.281851999999999769e-02,1.220101559004003588e-03
5.663300000000000267e+01,3.594843199999999683e-01,4.381990478946754322e-03,4.318139999999999756e-01,4.210560000000000344e-03,7.232967999999999342e-02,1.213682431272695072e-03
5.691620000000000346e+01,3.567045800000000488e-01,4.360647475987022847e-03,4.289160000000000195e-01,4.189199999999999695e-03,7.221141999999999839e-02,1.210722829483280253e-03
5.720080000000000098e+01,3.509772600000000131e-01,4.331330534472750335e-03,4.238520000000000065e-01,4.157619999999999892e-03,7.287474000000000729e-02,1.214339381909357264e-03
5.748680000000000234e+01,3.517731000000000052e-01,4.327457116477990279e-03,4.243190000000000017e-01,4.154979999999999958e-03,7.254590000000001038e-02,1.209556238690868155e-03
5.777420000000000044e+01,3.520693200000000189e-01,4.329187969708407288e-03,4.256240000000000023e-01,4.154829999999999982e-03,7.355468000000001116e-02,1.216246746416203188e-03
5.806309999999999860e+01,3.550830799999999954e-01,4.328508474298276877e-03,4.274029999999999774e-01,4.157509999999999678e-03,7.231992000000000975e-02,1.204614549128475449e-03
5.835340000000000060e+01,3.596756199999999737e-01,4.348360485752762565e-03,4.329290000000000083e-01,4.176449999999999954e-03,7.325338000000000682e-02,1.210580154948857510e-03
5.864520000000000266e+01,3.481298999999999921e-01,4.282792654466942121e-03,4.207659999999999734e-01,4.110280000000000010e-03,7.263609999999999511e-02,1.203291836071366432e-03
5.893840000000000146e+01,3.470453199999999905e-01,4.277257032247652919e-03,4.204660000000000064e-01,4.103250000000000126e-03,7.342067999999998817e-02,1.207587329103779585e-03
5.923310000000000031e+01,3.429176800000000025e-01,4.245653455784162422e-03,4.158229999999999982e-01,4.072219999999999659e-03,7.290531999999999568e-02,1.201081819948999216e-03
5.952929999999999922e+01,3.487433999999999812e-01,4.276130190114421116e-03,4.232159999999999811e-01,4.100819999999999813e-03,7.447259999999999991e-02,1.211843525546099469e-03
5.982690000000000197e+01,3.459749800000000430e-01,4.247083371721351204e-03,4.190980000000000261e-01,4.074490000000000056e-03,7.312302000000001079e-02,1.198435816492481130e-03
6.012599999999999767e+01,3.465116400000000096e-01,4.236131610539030541e-03,4.187620000000000231e-01,4.065700000000000217e-03,7.225035999999999958e-02,1.189493392923222622e-03
6.042669999999999675e+01,3.410809399999999991e-01,4.205811457788853104e-03,4.134090000000000265e-01,4.034430000000000308e-03,7.232805999999999957e-02,1.188370562395417137e-03
6.072879999999999967e+01,3.452811399999999864e-01,4.220915712374271114e-03,4.179220000000000157e-01,4.049989999999999840e-03,7.264086000000000154e-02,1.188995563855475531e-03
6.103240000000000265e+01,3.532378800000000041e-01,4.246688072674516777e-03,4.251519999999999744e-01,4.079130000000000256e-03,7.191411999999999805e-02,1.181125746775507418e-03
6.133760000000000190e+01,3.462401199999999846e-01,4.214813286154916148e-03,4.193629999999999858e-01,4.043500000000000219e-03,7.312288000000000121e-02,1.189436331691612640e-03
6.164430000000000121e+01,3.388849999999999918e-01,4.184632001442421464e-03,4.135179999999999967e-01,4.008900000000000137e-03,7.463299999999999101e-02,1.199944072653388394e-03
6.195250000000000057e+01,3.437434600000000007e-01,4.203221691973907902e-03,4.188330000000000108e-01,4.027769999999999961e-03,7.508953999999998241e-02,1.201724352328769393e-03
6.226230000000000331e+01,3.405754599999999410e-01,4.183508229415594006e-03,4.158879999999999799e-01,4.007189999999999884e-03,7.531254000000001114e-02,1.201735998249199447e-03
6.257359999999999900e+01,3.376054800000000133e-01,4.167999959954414926e-03,4.135170000000000234e-01,3.990109999999999837e-03,7.591151999999999622e-02,1.204676659556414052e-03
6.288649999999999807e+01,3.394600599999999524e-01,4.165469659080473994e-03,4.147299999999999875e-01,3.989740000000000300e-03,7.526994000000000740e-02,1.197126648738553508e-03
6.320089999999999719e+01,3.363723400000000474e-01,4.148180724458856196e-03,4.120260000000000034e-01,3.971350000000000227e-03,7.565365999999998370e-02,1.198241419861623613e-03
6.351689999999999969e+01,3.440815799999999980e-01,4.173302462344180563e-03,4.193589999999999818e-01,3.999039999999999713e-03,7.527741999999999767e-02,1.193370236183222523e-03
6.383449999999999847e+01,3.377634200000000364e-01,4.143861434322822050e-03,4.139010000000000189e-01,3.966889999999999826e-03,7.613757999999999637e-02,1.198069828836366250e-03
6.415370000000000061e+01,3.349919599999999775e-01,4.128939883745947823e-03,4.116360000000000019e-01,3.950699999999999698e-03,7.664403999999999662e-02,1.200047529720385704e-03
6.447440000000000282e+01,3.337929199999999930e-01,4.129529268748679399e-03,4.120869999999999811e-01,3.947830000000000263e-03,7.829408000000000201e-02,1.211466166490835243e-03
6.479680000000000462e+01,3.362853999999999566e-01,4.140029718046961231e-03,4.155209999999999737e-01,3.957180000000000246e-03,7.923560000000000325e-02,1.216787785076757066e-03
6.512080000000000268e+01,3.282618999999999954e-01,4.105441296417718967e-03,4.087720000000000242e-01,3.918360000000000072e-03,8.051010000000000111e-02,1.225195147203905635e-03
6.544639999999999702e+01,3.355943200000000015e-01,4.139903074679888474e-03,4.168740000000000223e-01,3.953189999999999656e-03,8.127968000000000692e-02,1.229262499079834380e-03
6.577360000000000184e+01,3.345290400000000552e-01,4.143732708742686732e-03,4.180170000000000274e-01,3.952490000000000343e-03,8.348795999999999995e-02,1.244324540224133000e-03
6.610250000000000625e+01,3.316525200000000062e-01,4.133610736572083076e-03,4.162560000000000149e-01,3.939670000000000151e-03,8.460347999999999480e-02,1.251294534713549931e-03
6.643300000000000693e+01,3.343061600000000189e-01,4.146640403389713174e-03,4.198720000000000230e-01,3.951589999999999617e-03,8.556584000000000412e-02,1.256806710247840644e-03
6.676519999999999300e+01,3.248851000000000377e-01,4.112137163637905393e-03,4.123450000000000171e-01,3.911429999999999595e-03,8.745990000000000708e-02,1.269010404871449404e-03
6.709900000000000375e+01,3.247674000000000394e-01,4.120345070101774296e-03,4.144010000000000193e-01,3.915519999999999591e-03,8.963359999999999383e-02,1.282944514120544369e-03
6.743449999999999989e+01,3.277285800000000471e-01,4.141401794837105271e-03,4.189490000000000158e-01,3.934509999999999570e-03,9.122041999999999651e-02,1.292609719203750927e-03
6.777160000000000650e+01,3.214049199999999828e-01,4.123961103184655037e-03,4.151929999999999787e-01,3.910689999999999653e-03,9.378807999999999589e-02,1.309029756911583723e-03
6.811050000000000182e+01,3.164082799999999862e-01,4.110677260579332498e-03,4.123109999999999831e-01,3.892200000000000173e-03,9.590271999999999686e-02,1.322288433226276056e-03
6.845109999999999673e+01,3.238928000000000362e-01,4.152923083595938536e-03,4.218970000000000220e-01,3.932370000000000136e-03,9.800419999999999965e-02,1.335378718328250093e-03
6.879330000000000211e+01,3.200685600000000020e-01,4.140307022556660721e-03,4.194620000000000015e-01,3.916110000000000424e-03,9.939343999999999957e-02,1.343958596435173083e-03
6.913729999999999620e+01,3.284905399999999975e-01,4.180081914758608692e-03,4.290140000000000065e-01,3.955909999999999982e-03,1.005234599999999812e-01,1.350503937792111838e-03
6.948300000000000409e+01,3.221780399999999434e-01,4.159655729010274840e-03,4.246019999999999794e-01,3.930330000000000108e-03,1.024239600000000083e-01,1.362072639394830680e-03
6.983039999999999736e+01,3.280109999999999970e-01,4.197932060768968555e-03,4.331119999999999970e-01,3.965149999999999751e-03,1.051010000000000000e-01,1.378484335903748959e-03
7.017950000000000443e+01,3.204464000000000201e-01,4.185947952591862788e-03,4.293580000000000174e-01,3.944160000000000374e-03,1.089115999999999973e-01,1.402056402648623693e-03
7.053040000000000020e+01,3.248594000000000204e-01,4.217708625920951054e-03,4.366090000000000249e-01,3.971800000000000157e-03,1.117496000000000045e-01,1.419109161822303383e-03
7.088309999999999889e+01,3.187400000000000233e-01,4.224673616899652859e-03,4.360580000000000012e-01,3.966889999999999826e-03,1.173180000000000056e-01,1.453152055783564489e-03
7.123749999999999716e+01,3.150368000000000057e-01,4.243386924421104801e-03,4.384279999999999844e-01,3.973309999999999863e-03,1.233912000000000064e-01,1.489677896139967586e-03
7.159369999999999834e+01,3.263141999999999987e-01,4.341269716050823700e-03,4.584159999999999902e-01,4.058589999999999941e-03,1.321017999999999915e-01,1.540931523267662865e-03
7.195170000000000243e+01,3.190858000000000305e-01,4.350615426344185167e-03,4.581080000000000152e-01,4.053320000000000013e-03,1.390221999999999847e-01,1.580649096271528452e-03
7.231140000000000612e+01,3.189378000000000490e-01,4.401439577510521221e-03,4.669710000000000250e-01,4.088119999999999775e-03,1.480332000000000037e-01,1.630933849080335981e-03
7.267300000000000182e+01,3.205470000000000264e-01,4.456121824503454613e-03,4.768479999999999941e-01,4.129070000000000309e-03,1.563009999999999955e-01,1.675649918663203427e-03
7.303629999999999711e+01,3.134301999999999921e-01,4.468174577960892790e-03,4.771909999999999763e-01,4.126030000000000149e-03,1.637607999999999842e-01,1.714777098702918679e-03
7.340149999999999864e+01,3.086134000000000377e-01,4.467671601267935930e-03,4.760570000000000079e-01,4.117779999999999704e-03,1.674435999999999980e-01,1.733198606154528294e-03
7.376850000000000307e+01,3.053190000000000071e-01,4.450805702896499204e-03,4.731569999999999943e-01,4.099300000000000166e-03,1.678379999999999872e-01,1.733612100481534812e-03
7.413739999999999952e+01,3.059419999999999917e-01,4.423490852469800019e-03,4.697899999999999854e-01,4.079290000000000173e-03,1.638479999999999936e-01,1.710749665434426001e-03
7.450809999999999889e+01,3.116436000000000206e-01,4.378042738865849971e-03,4.654619999999999869e-01,4.053239999999999621e-03,1.538183999999999940e-01,1.654842507834506770e-03
7.488060000000000116e+01,3.215938000000000407e-01,4.326673923264382111e-03,4.614550000000000041e-01,4.029989999999999788e-03,1.398611999999999911e-01,1.574575446955781780e-03
7.525499999999999545e+01,3.317595999999999878e-01,4.280408762725822040e-03,4.585029999999999939e-01,4.010750000000000426e-03,1.267434000000000061e-01,1.495253695370788935e-03
7.563129999999999598e+01,3.367632000000000403e-01,4.228849364438984001e-03,4.528030000000000110e-01,3.980759999999999854e-03,1.160397999999999985e-01,1.427135862318651112e-03
7.600939999999999941e+01,3.474420599999999970e-01,4.215564903523132817e-03,4.550350000000000228e-01,3.986380000000000305e-03,1.075929400000000119e-01,1.371044109945409196e-03
7.638949999999999818e+01,3.402190599999999621e-01,4.152556227645328758e-03,4.436939999999999773e-01,3.929900000000000060e-03,1.034749400000000152e-01,1.341495141160041612e-03
7.677139999999999986e+01,3.386593800000000654e-01,4.126636799273229565e-03,4.400780000000000247e-01,3.907950000000000312e-03,1.014186199999999871e-01,1.325540671053136721e-03
7.715529999999999688e+01,3.403294599999999726e-01,4.113646429910086146e-03,4.394910000000000205e-01,3.900110000000000035e-03,9.916154000000002022e-02,1.308139494936224213e-03
7.754110000000000014e+01,3.394284799999999769e-01,4.093925526933287797e-03,4.372099999999999875e-01,3.883109999999999947e-03,9.778152000000001065e-02,1.296797188451609710e-03
7.792879999999999541e+01,3.330798600000000054e-01,4.055923218909351924e-03,4.300080000000000013e-01,3.845719999999999954e-03,9.692814000000000985e-02,1.288778817054346245e-03
7.831839999999999691e+01,3.281176599999999777e-01,4.027057424926543290e-03,4.249169999999999892e-01,3.816330000000000156e-03,9.679933999999999761e-02,1.285619241749282483e-03
7.870999999999999375e+01,3.280672600000000272e-01,4.019712768064405417e-03,4.244780000000000220e-01,3.810089999999999918e-03,9.641074000000000865e-02,1.281134235605309313e-03
7.910349999999999682e+01,3.329396600000000261e-01,4.034388614764323512e-03,4.292210000000000192e-01,3.826529999999999862e-03,9.628134000000000692e-02,1.278264313058922845e-03
7.949909999999999854e+01,3.350926800000000316e-01,4.038196626591132252e-03,4.313500000000000112e-01,3.831380000000000115e-03,9.625732000000000732e-02,1.275758319828642186e-03
7.989660000000000650e+01,3.227778800000000170e-01,3.985781846601743443e-03,4.200320000000000165e-01,3.774630000000000173e-03,9.725411999999999946e-02,1.280088001584265894e-03
8.029600000000000648e+01,3.310344800000000198e-01,4.015596985221499618e-03,4.283029999999999893e-01,3.806799999999999941e-03,9.726851999999999721e-02,1.278003485018722445e-03
8.069750000000000512e+01,3.258924999999999739e-01,3.992219555660233947e-03,4.239129999999999843e-01,3.781119999999999794e-03,9.802049999999999652e-02,1.280995131214791253e-03
8.110099999999999909e+01,3.197046600000000294e-01,3.956168880034824885e-03,4.170860000000000123e-01,3.745150000000000041e-03,9.738133999999999679e-02,1.274803390666968744e-03
8.150650000000000261e+01,3.205848399999999820e-01,3.951619091012694741e-03,4.173089999999999855e-01,3.742399999999999893e-03,9.672415999999998959e-02,1.268753593278064331e-03
8.191410000000000480e+01,3.147755799999999438e-01,3.908700361502273624e-03,4.096989999999999799e-01,3.701680000000000161e-03,9.492342000000000835e-02,1.255190700096204528e-03
8.232359999999999900e+01,3.166761599999999843e-01,3.903679421648760355e-03,4.103310000000000013e-01,3.699730000000000033e-03,9.365483999999998921e-02,1.245275453104251933e-03
8.273520000000000607e+01,3.142437800000000281e-01,3.871687149036192634e-03,4.054590000000000138e-01,3.672050000000000054e-03,9.121521999999999963e-02,1.227196063191208402e-03
8.314889999999999759e+01,3.108405399999999430e-01,3.845789584906069824e-03,4.009539999999999771e-01,3.647730000000000070e-03,9.011346000000000633e-02,1.218262442362892531e-03
8.356470000000000198e+01,3.098627600000000148e-01,3.826348020023270183e-03,3.982319999999999749e-01,3.631749999999999996e-03,8.836923999999998780e-02,1.204712043534055411e-03
8.398250000000000171e+01,3.047757999999999856e-01,3.794512957307696107e-03,3.926649999999999863e-01,3.599859999999999866e-03,8.788920000000000066e-02,1.199723536309928304e-03
8.440240000000000009e+01,2.981299800000000166e-01,3.751324314414843878e-03,3.844299999999999939e-01,3.558589999999999930e-03,8.630002000000000506e-02,1.186958855150421722e-03
8.482439999999999714e+01,2.965230600000000605e-01,3.739649979514125464e-03,3.828210000000000224e-01,3.546769999999999871e-03,8.629793999999998966e-02,1.185497590204214694e-03
8.524850000000000705e+01,3.030916200000000060e-01,3.760570980511869152e-03,3.887900000000000245e-01,3.570670000000000181e-03,8.569837999999999067e-02,1.179919425455823326e-03
8.567480000000000473e+01,2.897444200000000025e-01,3.697750307993767291e-03,3.757770000000000277e-01,3.504150000000000147e-03,8.603257999999999739e-02,1.180800625748479153e-03
8.610309999999999775e+01,2.937396800000000030e-01,3.705878535000304164e-03,3.788940000000000086e-01,3.515250000000000145e-03,8.515432000000000556e-02,1.173266019995465419e-03
8.653369999999999607e+01,2.860826800000000336e-01,3.666814317654495167e-03,3.710309999999999997e-01,3.475020000000000105e-03,8.494831999999999383e-02,1.170368847738181926e-03
8.696630000000000393e+01,2.890548600000000246e-01,3.675181657335049260e-03,3.739629999999999899e-01,3.484459999999999988e-03,8.490813999999999306e-02,1.168545558723321515e-03
8.740120000000000289e+01,2.839930800000000088e-01,3.651622623575442785e-03,3.693540000000000156e-01,3.459040000000000031e-03,8.536092000000000679e-02,1.170209410066420670e-03
8.783820000000000050e+01,2.828342799999999935e-01,3.640797935989856238e-03,3.680229999999999890e-01,3.448469999999999921e-03,8.518871999999999556e-02,1.167674727742276652e-03
8.827740000000000009e+01,2.794328400000000157e-01,3.621479800030368706e-03,3.648199999999999776e-01,3.428140000000000093e-03,8.538715999999998973e-02,1.167463953374150336e-03
8.871869999999999834e+01,2.771364199999999944e-01,3.601791014556507929e-03,3.618589999999999862e-01,3.409399999999999931e-03,8.472258000000000566e-02,1.161417303358271754e-03
8.916230000000000189e+01,2.749122199999999849e-01,3.589327605797498332e-03,3.601019999999999777e-01,3.395700000000000194e-03,8.518977999999999273e-02,1.162967829193911878e-03
8.960819999999999652e+01,2.672371000000000052e-01,3.550330270107839286e-03,3.523620000000000085e-01,3.355320000000000177e-03,8.512490000000000334e-02,1.160462289108956735e-03
9.005620000000000402e+01,2.698452799999999652e-01,3.556796641986156166e-03,3.549809999999999910e-01,3.362759999999999794e-03,8.513571999999999806e-02,1.158726686861055993e-03
9.050650000000000261e+01,2.630008200000000240e-01,3.520299532971022521e-03,3.481710000000000083e-01,3.324520000000000079e-03,8.517017999999999811e-02,1.157616331707531001e-03
9.095900000000000318e+01,2.558553000000000077e-01,3.490025643229000777e-03,3.419400000000000217e-01,3.290969999999999833e-03,8.608469999999998623e-02,1.161806976005911327e-03
9.141379999999999484e+01,2.548970600000000086e-01,3.476504640140726070e-03,3.404409999999999936e-01,3.278559999999999808e-03,8.554393999999999887e-02,1.156342872732824033e-03
9.187090000000000600e+01,2.501350599999999647e-01,3.441469992568873398e-03,3.345839999999999925e-01,3.244630000000000083e-03,8.444894000000000012e-02,1.147210474521567509e-03
9.233020000000000493e+01,2.493837599999999821e-01,3.438678767183117081e-03,3.346509999999999763e-01,3.240390000000000111e-03,8.526723999999999415e-02,1.150818974372598731e-03
9.279189999999999827e+01,2.414300600000000296e-01,3.399234109754136878e-03,3.271530000000000271e-01,3.198129999999999983e-03,8.572293999999999747e-02,1.151849398148907435e-03
9.325579999999999359e+01,2.410536000000000345e-01,3.392811115723361366e-03,3.268710000000000226e-01,3.191760000000000083e-03,8.581740000000000201e-02,1.150580448893513946e-03
9.372209999999999752e+01,2.335867200000000254e-01,3.358847603392568423e-03,3.201820000000000221e-01,3.154479999999999871e-03,8.659527999999999670e-02,1.153738771306572720e-03
9.419070000000000675e+01,2.335967600000000144e-01,3.363326161787464751e-03,3.215640000000000165e-01,3.156560000000000095e-03,8.796724000000000210e-02,1.161073570866204881e-03
9.466169999999999618e+01,2.327718600000000249e-01,3.352845064248570570e-03,3.204080000000000261e-01,3.146850000000000081e-03,8.763614000000000126e-02,1.157110669882531213e-03
9.513500000000000512e+01,2.306138799999999933e-01,3.343956024793986667e-03,3.190939999999999888e-01,3.136170000000000190e-03,8.848012000000000932e-02,1.160379087564059747e-03
9.561069999999999425e+01,2.226229000000000124e-01,3.308730506888706534e-03,3.123400000000000065e-01,3.096209999999999848e-03,8.971710000000000795e-02,1.166696705710614564e-03
9.608870000000000289e+01,2.244130000000000014e-01,3.311887782557857395e-03,3.139790000000000081e-01,3.100620000000000112e-03,8.956600000000000672e-02,1.163939989800161657e-03
9.656919999999999504e+01,2.192004999999999926e-01,3.292587194137157336e-03,3.099870000000000125e-01,3.077669999999999798e-03,9.078650000000001996e-02,1.170075981334545764e-03
9.705200000000000671e+01,2.202717599999999831e-01,3.299876520361936030e-03,3.122099999999999875e-01,3.083579999999999828e-03,9.193824000000001828e-02,1.175040183668626774e-03
9.753730000000000189e+01,2.146177399999999735e-01,3.273423044795768788e-03,3.073989999999999778e-01,3.053890000000000077e-03,9.278126000000000428e-02,1.178581477073180599e-03
9.802490000000000236e+01,2.133666600000000135e-01,3.271299887962582018e-03,3.074060000000000126e-01,3.049290000000000073e-03,9.403933999999999904e-02,1.184581551808063741e-03
9.851510000000000389e+01,2.113343199999999644e-01,3.272865236754486477e-03,3.075729999999999853e-01,3.046300000000000049e-03,9.623868000000000700e-02,1.196537992692250354e-03
9.900759999999999650e+01,2.126159200000000138e-01,3.284775797605065956e-03,3.104560000000000097e-01,3.056039999999999885e-03,9.784008000000000982e-02,1.204313729445944661e-03
9.950270000000000437e+01,2.120441400000000198e-01,3.279599573280250323e-03,3.100740000000000163e-01,3.050629999999999922e-03,9.802985999999999644e-02,1.203922740112504117e-03
1.000000000000000000e+02,2.072924600000000117e-01,3.264255821672682779e-03,3.069990000000000219e-01,3.030720000000000202e-03,9.970654000000001016e-02,1.212477773373186237e-03
1.005000000000000000e+02,2.102461599999999597e-01,3.281170831475862040e-03,3.112519999999999731e-01,3.046409999999999830e-03,1.010058400000000134e-01,1.218797824591100892e-03
1.010030000000000001e+02,1.983901000000000137e-01,3.232571287382228747e-03,3.007770000000000166e-01,2.991300000000000122e-03,1.023869000000000168e-01,1.225414802427324864e-03
1.015079999999999956e+02,2.024254999999999804e-01,3.252360696059402104e-03,3.057010000000000005e-01,3.011049999999999924e-03,1.032755000000000062e-01,1.229401478269812401e-03
1.020150000000000006e+02,1.930830000000000046e-01,3.220452801968070895e-03,2.984350000000000058e-01,2.971929999999999798e-03,1.053520000000000012e-01,1.240543560220277054e-03
1.025250000000000057e+02,1.994353999999999849e-01,3.246458339058118630e-03,3.048699999999999743e-01,3.000309999999999956e-03,1.054346000000000033e-01,1.240012762490773617e-03
1.030379999999999967e+02,1.939844000000000290e-01,3.217552042708866650e-03,2.994280000000000275e-01,2.969429999999999899e-03,1.054435999999999984e-01,1.239002269021328333e-03
1.035529999999999973e+02,1.909623999999999766e-01,3.195468612147520527e-03,2.958109999999999906e-01,2.947340000000000116e-03,1.048486000000000001e-01,1.234587613586010223e-03
1.040709999999999980e+02,1.883312000000000042e-01,3.187695452486012139e-03,2.941799999999999971e-01,2.936910000000000041e-03,1.058487999999999929e-01,1.239339319839405287e-03
1.045909999999999940e+02,1.883377999999999719e-01,3.191534592779467217e-03,2.953239999999999754e-01,2.938669999999999997e-03,1.069862000000000035e-01,1.245034813974291946e-03
1.051140000000000043e+02,1.820376000000000216e-01,3.164162728970177068e-03,2.895940000000000181e-01,2.908060000000000072e-03,1.075563999999999965e-01,1.247041623926001958e-03
1.056400000000000006e+02,1.823197999999999763e-01,3.166743990013085909e-03,2.905519999999999770e-01,2.909740000000000069e-03,1.082322000000000006e-01,1.249672209294901571e-03
1.061680000000000064e+02,1.771077999999999819e-01,3.154528724090493921e-03,2.876319999999999988e-01,2.891260000000000097e-03,1.105242000000000030e-01,1.261612889721724310e-03
1.066989999999999981e+02,1.757110000000000061e-01,3.148121986306757006e-03,2.866330000000000267e-01,2.883800000000000165e-03,1.109220000000000067e-01,1.262683491880684959e-03
1.072319999999999993e+02,1.730824000000000251e-01,3.135160958641198658e-03,2.844240000000000101e-01,2.869260000000000213e-03,1.113415999999999989e-01,1.263558977249578264e-03
1.077680000000000007e+02,1.704182000000000197e-01,3.122531581728517792e-03,2.824050000000000171e-01,2.854540000000000029e-03,1.119867999999999836e-01,1.265624299423806194e-03
1.083070000000000022e+02,1.670422000000000295e-01,3.112412620211529868e-03,2.802640000000000131e-01,2.841090000000000108e-03,1.132217999999999974e-01,1.270952371393987285e-03
1.088490000000000038e+02,1.612582000000000182e-01,3.088081547212120134e-03,2.753840000000000177e-01,2.812990000000000022e-03,1.141258000000000133e-01,1.274101605890205335e-03
1.093930000000000007e+02,1.597717999999999916e-01,3.086248416737706179e-03,2.749929999999999874e-01,2.809069999999999883e-03,1.152211999999999958e-01,1.278301617348581677e-03
1.099399999999999977e+02,1.575135999999999759e-01,3.084948481315693148e-03,2.747899999999999787e-01,2.803560000000000080e-03,1.172763999999999890e-01,1.287228984591319569e-03
1.104899999999999949e+02,1.515695999999999710e-01,3.073515629940410786e-03,2.716489999999999738e-01,2.784839999999999798e-03,1.200793999999999889e-01,1.300447808213770580e-03
1.110420000000000016e+02,1.478799999999999837e-01,3.066593233198690663e-03,2.700659999999999727e-01,2.772919999999999899e-03,1.221859999999999891e-01,1.309545238432028962e-03
1.115969999999999942e+02,1.477961999999999887e-01,3.068142777935863996e-03,2.706479999999999997e-01,2.773700000000000037e-03,1.228517999999999971e-01,1.311521412634959576e-03
1.121550000000000011e+02,1.411686000000000052e-01,3.040292828553197400e-03,2.648880000000000123e-01,2.741320000000000215e-03,1.237194000000000071e-01,1.314741473047838444e-03
1.127159999999999940e+02,1.410576000000000330e-01,3.039002095039751526e-03,2.650930000000000231e-01,2.739440000000000104e-03,1.240353999999999901e-01,1.315675575533725803e-03
1.132800000000000011e+02,1.405462000000000100e-01,3.033783659735149723e-03,2.645649999999999946e-01,2.734059999999999963e-03,1.240187999999999846e-01,1.314822881789026341e-03
1.138460000000000036e+02,1.370986000000000427e-01,3.010999126515316766e-03,2.604890000000000261e-01,2.710629999999999897e-03,1.233903999999999834e-01,1.310954134581374282e-03
1.144150000000000063e+02,1.333348000000000311e-01,2.998581964513893396e-03,2.577070000000000194e-01,2.694730000000000215e-03,1.243722000000000022e-01,1.315265762121100527e-03
1.149869999999999948e+02,1.326263999999999776e-01,2.997444004593246940e-03,2.578269999999999729e-01,2.691820000000000150e-03,1.252005999999999952e-01,1.318626424834570127e-03
1.155619999999999976e+02,1.295727999999999602e-01,2.988205151034312949e-03,2.557729999999999726e-01,2.679359999999999988e-03,1.262002000000000124e-01,1.323026838377816105e-03
1.161400000000000006e+02,1.340128000000000152e-01,3.015005987776475053e-03,2.613719999999999932e-01,2.706699999999999818e-03,1.273591999999999780e-01,1.328170251258474575e-03
1.167210000000000036e+02,1.278082000000000384e-01,3.002062714613404262e-03,2.577980000000000271e-01,2.685840000000000102e-03,1.299897999999999887e-01,1.341135353673148086e-03
1.173050000000000068e+02,1.270741999999999705e-01,3.010652098388653074e-03,2.591769999999999907e-01,2.690339999999999832e-03,1.321028000000000202e-01,1.351331470044267067e-03
1.178910000000000053e+02,1.261626000000000136e-01,3.013548874969841813e-03,2.594730000000000092e-01,2.690740000000000059e-03,1.333103999999999956e-01,1.356980130374796497e-03
1.184809999999999945e+02,1.246779999999999555e-01,3.015942017691321253e-03,2.596109999999999807e-01,2.689459999999999854e-03,1.349330000000000251e-01,1.364811768148267278e-03
1.190729999999999933e+02,1.208377999999999675e-01,3.011602323471012071e-03,2.577749999999999764e-01,2.679539999999999787e-03,1.369372000000000089e-01,1.374705038594097907e-03
1.196680000000000064e+02,1.213258000000000114e-01,3.011300395682901549e-03,2.580470000000000264e-01,2.680109999999999871e-03,1.367212000000000149e-01,1.372931338756603692e-03
1.202669999999999959e+02,1.217610000000000081e-01,3.015865475133796408e-03,2.592220000000000080e-01,2.683660000000000039e-03,1.374609999999999999e-01,1.376013651278213150e-03
1.208679999999999950e+02,1.147435999999999734e-01,2.993838725240222445e-03,2.538779999999999926e-01,2.654829999999999950e-03,1.391344000000000192e-01,1.383816455982512118e-03
1.214719999999999942e+02,1.133530000000000093e-01,2.988197474583632537e-03,2.529120000000000257e-01,2.647839999999999829e-03,1.395590000000000164e-01,1.385015336199566958e-03
1.220799999999999983e+02,1.115813999999999973e-01,2.977151582393479292e-03,2.508879999999999999e-01,2.636589999999999854e-03,1.393066000000000026e-01,1.382687497755006115e-03
1.226899999999999977e+02,1.143326000000000064e-01,2.990518501842113607e-03,2.539540000000000131e-01,2.651259999999999901e-03,1.396214000000000066e-01,1.383481594478220764e-03
1.233040000000000020e+02,1.155413999999999886e-01,2.988233665012828520e-03,2.544130000000000003e-01,2.651010000000000085e-03,1.388716000000000117e-01,1.379016467130106350e-03
1.239200000000000017e+02,1.103959999999999941e-01,2.957835422834069212e-03,2.485559999999999992e-01,2.619209999999999854e-03,1.381600000000000050e-01,1.374237739429389838e-03
1.245400000000000063e+02,1.114904000000000173e-01,2.966940049955846259e-03,2.505240000000000244e-01,2.627809999999999955e-03,1.390336000000000072e-01,1.377442508394452177e-03
1.251620000000000061e+02,1.084710000000000119e-01,2.951649019614629131e-03,2.475700000000000123e-01,2.611009999999999980e-03,1.390990000000000004e-01,1.376538671774970570e-03
1.257879999999999967e+02,1.052782000000000162e-01,2.937287405038873766e-03,2.448700000000000043e-01,2.594200000000000065e-03,1.395917999999999881e-01,1.377600689532347761e-03
1.264170000000000016e+02,1.089473999999999998e-01,2.963066463709513373e-03,2.500249999999999972e-01,2.620260000000000124e-03,1.410775999999999974e-01,1.383474033279988996e-03
1.270490000000000066e+02,1.043333999999999928e-01,2.952502030674322969e-03,2.472560000000000036e-01,2.604110000000000192e-03,1.429226000000000107e-01,1.391358813906750681e-03
1.276839999999999975e+02,1.009391999999999789e-01,2.945783635657581688e-03,2.455219999999999902e-01,2.592629999999999848e-03,1.445828000000000113e-01,1.398538848658842154e-03
1.283230000000000075e+02,9.949159999999995785e-02,2.957282950521982184e-03,2.469069999999999876e-01,2.598839999999999831e-03,1.474154000000000297e-01,1.411223973665413781e-03
1.289639999999999986e+02,9.697840000000002014e-02,2.963812486251449826e-03,2.472940000000000138e-01,2.599310000000000075e-03,1.503155999999999937e-01,1.423998587625704059e-03
1.296090000000000089e+02,9.585820000000000451e-02,2.967739635150630929e-03,2.478219999999999867e-01,2.600229999999999816e-03,1.519637999999999822e-01,1.430483306139571781e-03
1.302570000000000050e+02,9.211680000000002644e-02,2.959247134048117577e-03,2.456679999999999975e-01,2.586919999999999931e-03,1.535511999999999710e-01,1.437006789814160908e-03
1.309089999999999918e+02,8.978420000000000845e-02,2.965678718168911730e-03,2.462340000000000084e-01,2.587579999999999915e-03,1.564498000000000000e-01,1.449027260958191772e-03
1.315629999999999882e+02,9.352620000000000378e-02,2.993300915223860627e-03,2.517400000000000193e-01,2.615440000000000126e-03,1.582138000000000155e-01,1.455789811573085729e-03
1.322210000000000036e+02,8.768200000000000993e-02,2.987202410809150586e-03,2.492290000000000061e-01,2.600419999999999988e-03,1.615469999999999962e-01,1.470100019299367452e-03
1.328820000000000050e+02,8.458040000000000003e-02,3.000755102510033363e-03,2.506390000000000007e-01,2.604850000000000134e-03,1.660586000000000007e-01,1.489727378663626648e-03
1.335459999999999923e+02,8.023639999999995776e-02,3.008328375415822344e-03,2.505089999999999817e-01,2.603450000000000208e-03,1.702726000000000239e-01,1.507344589611811503e-03
1.342139999999999986e+02,8.257399999999995299e-02,3.041048312501463697e-03,2.564679999999999738e-01,2.632639999999999893e-03,1.738940000000000208e-01,1.522229111982818361e-03
1.348849999999999909e+02,7.942219999999999835e-02,3.066424531761380474e-03,2.595230000000000037e-01,2.646900000000000207e-03,1.801008000000000053e-01,1.548185970414407350e-03
1.355600000000000023e+02,7.298319999999999808e-02,3.071640172886791302e-03,2.586559999999999970e-01,2.639519999999999800e-03,1.856727999999999990e-01,1.570957517341573222e-03
1.362379999999999995e+02,8.179620000000001334e-02,3.141832637923286896e-03,2.726890000000000147e-01,2.708789999999999983e-03,1.908928000000000014e-01,1.591718901257379703e-03
1.369190000000000111e+02,7.870000000000001994e-02,3.179719963019385278e-03,2.780920000000000059e-01,2.732819999999999954e-03,1.993919999999999859e-01,1.625519575650813441e-03
1.376030000000000086e+02,7.033700000000003838e-02,3.190008863063549700e-03,2.771520000000000095e-01,2.727540000000000086e-03,2.068149999999999711e-01,1.654292022233075973e-03
1.382909999999999968e+02,6.377580000000002136e-02,3.195530529535275683e-03,2.762749999999999928e-01,2.720929999999999876e-03,2.124991999999999714e-01,1.675695467646791783e-03
1.389830000000000041e+02,6.364159999999999262e-02,3.233325565248263127e-03,2.826659999999999728e-01,2.750480000000000026e-03,2.190243999999999802e-01,1.699780568334630353e-03
1.396779999999999973e+02,5.750420000000003307e-02,3.253391806112507049e-03,2.842330000000000134e-01,2.756370000000000174e-03,2.267287999999999804e-01,1.728288942040653083e-03
1.403760000000000048e+02,5.470020000000003213e-02,3.266406886424286313e-03,2.857270000000000088e-01,2.762179999999999930e-03,2.310267999999999766e-01,1.743495223761739894e-03
1.410780000000000030e+02,5.609840000000002047e-02,3.304355783835027406e-03,2.928220000000000267e-01,2.794290000000000055e-03,2.367236000000000062e-01,1.763720653069527147e-03
1.417829999999999870e+02,4.994260000000003141e-02,3.324408720132950284e-03,2.944300000000000250e-01,2.800340000000000121e-03,2.444873999999999936e-01,1.791588463597597585e-03
1.424919999999999902e+02,5.197279999999998568e-02,3.366041297369359343e-03,3.023489999999999789e-01,2.836560000000000123e-03,2.503761999999999932e-01,1.812225532872771506e-03
1.432050000000000125e+02,4.742580000000001794e-02,3.376111226748313050e-03,3.029899999999999816e-01,2.837189999999999851e-03,2.555641999999999636e-01,1.829885220246340758e-03
1.439209999999999923e+02,3.854620000000003044e-02,3.379956281906616473e-03,3.008299999999999863e-01,2.826609999999999800e-03,2.622837999999999559e-01,1.853208130648039114e-03
1.446399999999999864e+02,3.376020000000001797e-02,3.395364358284983820e-03,3.020349999999999979e-01,2.831540000000000012e-03,2.682747999999999799e-01,1.873734333866997146e-03
1.453640000000000043e+02,3.488519999999994958e-02,3.421045949216701063e-03,3.072159999999999891e-01,2.853449999999999997e-03,2.723308000000000395e-01,1.887161488625708301e-03
1.460900000000000034e+02,2.852759999999998630e-02,3.427802996754043211e-03,3.065919999999999757e-01,2.848939999999999893e-03,2.780643999999999894e-01,1.906141196489913618e-03
1.468209999999999980e+02,2.161460000000003934e-02,3.430038436719915276e-03,3.048640000000000239e-01,2.840309999999999970e-03,2.832493999999999845e-01,1.922967181538988088e-03
1.475550000000000068e+02,1.494679999999998232e-02,3.422006709103884992e-03,3.015329999999999955e-01,2.823589999999999954e-03,2.865862000000000132e-01,1.933253586328498351e-03
1.482930000000000064e+02,1.634719999999995066e-02,3.433769683288615503e-03,3.044319999999999804e-01,2.835040000000000043e-03,2.880848000000000297e-01,1.937349332534532564e-03
1.490339999999999918e+02,1.661079999999998114e-02,3.441470166665984258e-03,3.061079999999999912e-01,2.841760000000000033e-03,2.894972000000000101e-01,1.941163828854226229e-03
1.497789999999999964e+02,7.094199999999939443e-03,3.408062264697052368e-03,2.974149999999999849e-01,2.799840000000000054e-03,2.903208000000000455e-01,1.943137765175696405e-03
1.505279999999999916e+02,1.179459999999998843e-02,3.426463708656491813e-03,3.023310000000000164e-01,2.822149999999999832e-03,2.905364000000000280e-01,1.943224877424123715e-03
1.512810000000000059e+02,1.250360000000000360e-02,3.430904287613398187e-03,3.037190000000000167e-01,2.826640000000000055e-03,2.912154000000000131e-01,1.944533502196349418e-03
1.520370000000000061e+02,7.319199999999970174e-03,3.416494494294992912e-03,2.998689999999999967e-01,2.806669999999999825e-03,2.925498000000000265e-01,1.948085763165472231e-03
1.527969999999999970e+02,6.231200000000047812e-03,3.426736276572213587e-03,3.016469999999999985e-01,2.813110000000000176e-03,2.954157999999999507e-01,1.956766117111597737e-03
1.535610000000000070e+02,1.605000000000023075e-03,3.415145186267781220e-03,2.982420000000000071e-01,2.796709999999999995e-03,2.966369999999999840e-01,1.960007606920952886e-03
1.543290000000000077e+02,3.291399999999999881e-03,3.421020535595774639e-03,3.001099999999999879e-01,2.803949999999999932e-03,2.968185999999999880e-01,1.959909666915289183e-03
1.551009999999999991e+02,2.893599999999996175e-03,3.429051167273535969e-03,3.015410000000000035e-01,2.809959999999999802e-03,2.986474000000000073e-01,1.965328650933476952e-03
1.558760000000000048e+02,3.073600000000009658e-03,3.427317524111823423e-03,3.015669999999999740e-01,2.808590000000000132e-03,2.984933999999999643e-01,1.964262615584789779e-03
1.566560000000000059e+02,6.648000000000042764e-03,3.430510279654617502e-03,3.036110000000000197e-01,2.816429999999999975e-03,2.969629999999999770e-01,1.958602265370894789e-03
1.574389999999999930e+02,4.789600000000004965e-03,3.417787482928685578e-03,3.009979999999999878e-01,2.803110000000000150e-03,2.962083999999999828e-01,1.955465572789252642e-03
1.582259999999999991e+02,4.287799999999952760e-03,3.410419368912861234e-03,2.997429999999999817e-01,2.796359999999999905e-03,2.954552000000000289e-01,1.952263051501001035e-03
1.590169999999999959e+02,1.044659999999997257e-02,3.414418279651747733e-03,3.026639999999999886e-01,2.809100000000000139e-03,2.922174000000000160e-01,1.940930029243712702e-03
1.598120000000000118e+02,8.272800000000024578e-03,3.404256633116252168e-03,3.002250000000000196e-01,2.797870000000000044e-03,2.919521999999999951e-01,1.939300566497106958e-03
1.606119999999999948e+02,1.090859999999999053e-02,3.398883192596650980e-03,3.005510000000000126e-01,2.797210000000000061e-03,2.896424000000000221e-01,1.930808942597894706e-03
1.614149999999999920e+02,1.220040000000000013e-02,3.397336664947411301e-03,3.007580000000000253e-01,2.798150000000000116e-03,2.885576000000000252e-01,1.926720787373199014e-03
1.622220000000000084e+02,1.297039999999999305e-02,3.389503547827616477e-03,2.996789999999999732e-01,2.793190000000000082e-03,2.867085999999999801e-01,1.920110393866977490e-03
1.630329999999999870e+02,1.473119999999999985e-02,3.398402686613226798e-03,3.017070000000000030e-01,2.803519999999999884e-03,2.869758000000000031e-01,1.920785368014865050e-03
1.638480000000000132e+02,1.269320000000001558e-02,3.383292068863697714e-03,2.986099999999999866e-01,2.787669999999999905e-03,2.859167999999999710e-01,1.917175316536283858e-03
1.646670000000000016e+02,8.994000000000057504e-03,3.378543623652653302e-03,2.964950000000000085e-01,2.778140000000000123e-03,2.875009999999999510e-01,1.922627149845752229e-03
1.654910000000000139e+02,3.316999999999958870e-03,3.358455344683921803e-03,2.911349999999999771e-01,2.753030000000000060e-03,2.878180000000000183e-01,1.923550914672133173e-03
1.663180000000000121e+02,1.003019999999998912e-02,3.383238570385482119e-03,2.976639999999999842e-01,2.783429999999999932e-03,2.876337999999999950e-01,1.923231826703166933e-03
1.671500000000000057e+02,6.745399999999956986e-03,3.361647848604014908e-03,2.926059999999999772e-01,2.761159999999999917e-03,2.858606000000000202e-01,1.917464918172950882e-03
1.679850000000000136e+02,1.593000000000066585e-03,3.336024857129214760e-03,2.864740000000000064e-01,2.731939999999999976e-03,2.848809999999999398e-01,1.914566709149618292e-03
1.688249999999999886e+02,2.222800000000024756e-03,3.328346349227496136e-03,2.854070000000000218e-01,2.726310000000000018e-03,2.831841999999999970e-01,1.909220575081884124e-03
1.696690000000000111e+02,3.484199999999937347e-03,3.321438771065334753e-03,2.845679999999999876e-01,2.722650000000000070e-03,2.810838000000000503e-01,1.902401768143627660e-03
1.705180000000000007e+02,4.616799999999976478e-03,3.321253158584572696e-03,2.848910000000000053e-01,2.724310000000000186e-03,2.802742000000000289e-01,1.899699336028730801e-03
1.713700000000000045e+02,3.262800000000010137e-03,3.301131448626061764e-03,2.809300000000000130e-01,2.705690000000000178e-03,2.776672000000000029e-01,1.891219306428527274e-03
1.722270000000000039e+02,-1.296800000000042363e-03,3.265107632102807328e-03,2.733450000000000046e-01,2.668980000000000050e-03,2.746418000000000470e-01,1.880817271511509795e-03
1.730879999999999939e+02,5.191600000000018422e-03,3.265916220361446756e-03,2.757080000000000086e-01,2.679889999999999876e-03,2.705163999999999902e-01,1.866654318913922540e-03
1.739540000000000077e+02,6.753800000000032000e-03,3.244639432781399376e-03,2.727490000000000192e-01,2.664769999999999899e-03,2.659951999999999872e-01,1.851130977499971684e-03
1.748230000000000075e+02,8.578000000000030045e-03,3.230317323135298378e-03,2.708240000000000092e-01,2.656359999999999971e-03,2.622459999999999791e-01,1.838124467643037583e-03
1.756980000000000075e+02,2.071400000000001018e-03,3.190458019771455923e-03,2.621200000000000196e-01,2.613410000000000039e-03,2.600486000000000186e-01,1.830057525823710046e-03
1.765759999999999934e+02,6.450000000000066791e-03,3.195431363665944893e-03,2.644440000000000124e-01,2.624539999999999859e-03,2.579939999999999456e-01,1.822792195588954266e-03
1.774590000000000032e+02,-4.290000000000127045e-04,3.159042846543870520e-03,2.562249999999999805e-01,2.583750000000000109e-03,2.566539999999999933e-01,1.817632428132816974e-03
1.783460000000000036e+02,-4.084199999999982289e-03,3.136024905931073491e-03,2.512659999999999894e-01,2.559029999999999899e-03,2.553501999999999716e-01,1.812737617450468170e-03
1.792379999999999995e+02,-6.549999999999944755e-03,3.119538002034916331e-03,2.477759999999999962e-01,2.541630000000000018e-03,2.543259999999999410e-01,1.808765957563332385e-03
1.801339999999999861e+02,-3.737800000000013334e-03,3.136441949174255048e-03,2.517490000000000006e-01,2.559559999999999787e-03,2.554868000000000139e-01,1.812710872406297523e-03
1.810349999999999966e+02,-4.806399999999988459e-03,3.129769487876703140e-03,2.502519999999999745e-01,2.552780000000000153e-03,2.550583999999999629e-01,1.810737783016635669e-03
1.819399999999999977e+02,-5.867399999999994842e-03,3.121714576680578116e-03,2.487810000000000021e-01,2.544189999999999993e-03,2.546483999999999970e-01,1.808922093999628528e-03
1.828499999999999943e+02,-1.124399999999997624e-02,3.105140093429602319e-03,2.445229999999999904e-01,2.521279999999999875e-03,2.557669999999999666e-01,1.812468527016124556e-03
1.837640000000000100e+02,-5.780799999999974847e-03,3.135657276898099095e-03,2.511950000000000016e-01,2.556130000000000208e-03,2.569757999999999765e-01,1.816189962879434126e-03
1.846829999999999927e+02,-1.055259999999996756e-02,3.111014615256572739e-03,2.458770000000000122e-01,2.527750000000000049e-03,2.564295999999999798e-01,1.813530224131927908e-03
1.856059999999999945e+02,-1.563599999999998325e-03,3.152006272460763751e-03,2.553759999999999919e-01,2.576999999999999864e-03,2.569395999999999902e-01,1.814997118904600627e-03
1.865339999999999918e+02,-3.379800000000043880e-03,3.158429469868213272e-03,2.561109999999999776e-01,2.578850000000000153e-03,2.594908000000000214e-01,1.823515668600629667e-03
1.874670000000000130e+02,-3.291399999999944370e-03,3.174522245771164639e-03,2.586550000000000238e-01,2.592600000000000026e-03,2.619463999999999682e-01,1.831943429502122826e-03
1.884039999999999964e+02,-2.897600000000055687e-03,3.194722934768522236e-03,2.622769999999999824e-01,2.609569999999999858e-03,2.651746000000000381e-01,1.842932186770853591e-03
1.893460000000000036e+02,-6.939799999999995972e-03,3.192619443656885374e-03,2.606439999999999868e-01,2.601070000000000031e-03,2.675837999999999828e-01,1.851284356093358275e-03
1.902930000000000064e+02,-1.183200000000000918e-02,3.187885198924201875e-03,2.582079999999999931e-01,2.589339999999999871e-03,2.700400000000000023e-01,1.859551130224710875e-03
1.912439999999999998e+02,-1.440239999999998188e-02,3.178968121395368916e-03,2.558460000000000178e-01,2.577630000000000025e-03,2.702483999999999997e-01,1.860554191618185235e-03
1.922009999999999934e+02,-1.178340000000005494e-02,3.176716694882941120e-03,2.563059999999999783e-01,2.580219999999999823e-03,2.680894000000000332e-01,1.853103804741655300e-03
1.931620000000000061e+02,-1.236539999999997086e-02,3.145661202746411790e-03,2.510410000000000141e-01,2.553310000000000041e-03,2.634063999999999850e-01,1.837332971010970529e-03
1.941279999999999859e+02,-9.907999999999972385e-03,3.114415459540361211e-03,2.468150000000000066e-01,2.531409999999999997e-03,2.567229999999999790e-01,1.814262127291423141e-03
1.950980000000000132e+02,-6.134599999999990061e-03,3.078635703707081894e-03,2.422789999999999944e-01,2.508489999999999939e-03,2.484135999999999844e-01,1.784790104197129298e-03
1.960740000000000123e+02,1.867000000000007542e-03,3.061526856945730266e-03,2.422150000000000136e-01,2.508320000000000081e-03,2.403480000000000061e-01,1.755356793760174576e-03
1.970540000000000020e+02,1.450399999999990586e-03,3.004587233391634981e-03,2.331560000000000021e-01,2.461399999999999873e-03,2.317056000000000116e-01,1.723094449837268881e-03
1.980389999999999873e+02,1.684439999999995385e-02,3.020595088520803152e-03,2.409219999999999973e-01,2.500909999999999852e-03,2.240776000000000434e-01,1.693943287331662424e-03
1.990289999999999964e+02,1.524439999999999129e-02,2.983609333417496651e-03,2.347770000000000135e-01,2.468080000000000100e-03,2.195326000000000222e-01,1.676456312599883909e-03
2.000250000000000057e+02,1.933499999999999108e-02,2.981530406029091456e-03,2.358089999999999908e-01,2.473429999999999986e-03,2.164739999999999998e-01,1.664832603349658199e-03
2.010250000000000057e+02,2.169759999999998357e-02,2.971286456159351677e-03,2.349499999999999922e-01,2.469410000000000008e-03,2.132524000000000086e-01,1.652439849572746259e-03
2.020300000000000011e+02,2.489179999999999171e-02,2.971846025154735709e-03,2.360200000000000076e-01,2.475440000000000192e-03,2.111282000000000159e-01,1.644404330944187337e-03
2.030399999999999920e+02,2.727820000000000245e-02,2.976439905994407963e-03,2.375720000000000054e-01,2.482879999999999809e-03,2.102938000000000029e-01,1.641493655058099939e-03
2.040550000000000068e+02,3.244119999999994786e-02,2.988228651539905252e-03,2.411220000000000030e-01,2.501259999999999942e-03,2.086808000000000551e-01,1.634995072250678295e-03
2.050749999999999886e+02,3.936799999999998634e-02,3.004388271730536273e-03,2.459359999999999880e-01,2.526050000000000170e-03,2.065680000000000016e-01,1.626474803005567571e-03
2.061009999999999991e+02,4.054680000000004947e-02,2.994484599974426425e-03,2.448420000000000041e-01,2.520099999999999944e-03,2.042951999999999546e-01,1.617415843091689429e-03
2.071310000000000002e+02,4.993339999999996115e-02,3.016384993679023171e-03,2.512579999999999814e-01,2.553559999999999858e-03,2.013246000000000202e-01,1.605587044196607862e-03
2.081670000000000016e+02,6.156799999999998385e-02,3.046587158341608828e-03,2.598159999999999914e-01,2.596859999999999880e-03,1.982480000000000075e-01,1.593113760461568450e-03
2.092079999999999984e+02,7.073600000000002108e-02,3.067620439648947091e-03,2.662080000000000002e-01,2.628259999999999885e-03,1.954719999999999791e-01,1.581943277792222102e-03
2.102539999999999907e+02,8.683319999999997152e-02,3.118796139950798414e-03,2.796159999999999757e-01,2.694049999999999917e-03,1.927828000000000042e-01,1.571300085939028980e-03
2.113050000000000068e+02,1.011469999999999592e-01,3.172452012663390820e-03,2.929899999999999727e-01,2.757939999999999958e-03,1.918430000000000135e-01,1.567870762866633433e-03
2.123619999999999948e+02,1.100404000000000382e-01,3.209892969547115549e-03,3.020820000000000172e-01,2.800299999999999925e-03,1.920415999999999790e-01,1.568991008880547822e-03
2.134240000000000066e+02,1.301894000000000107e-01,3.291096388169146431e-03,3.222180000000000044e-01,2.892720000000000100e-03,1.920285999999999937e-01,1.569549756401497588e-03
2.144910000000000139e+02,1.543064000000000102e-01,3.389765918020888787e-03,3.468430000000000124e-01,3.003130000000000122e-03,1.925366000000000022e-01,1.572171486217709135e-03
2.155629999999999882e+02,1.805401999999999840e-01,3.492228041871836292e-03,3.736220000000000097e-01,3.116890000000000199e-03,1.930818000000000256e-01,1.575009023572880888e-03
2.166409999999999911e+02,2.148372000000000059e-01,3.618584599712434437e-03,4.077729999999999966e-01,3.257799999999999932e-03,1.929357999999999906e-01,1.575085288254575748e-03
2.177239999999999895e+02,2.567960000000000242e-01,3.778027188035046509e-03,4.518900000000000139e-01,3.429450000000000120e-03,1.950939999999999896e-01,1.585043258410318706e-03
2.188129999999999882e+02,2.978150000000000519e-01,3.929162668545551317e-03,4.950220000000000176e-01,3.591239999999999884e-03,1.972069999999999657e-01,1.594150099047138020e-03
2.199070000000000107e+02,3.378687999999999692e-01,4.073638350150390539e-03,5.377079999999999638e-01,3.743729999999999801e-03,1.998391999999999946e-01,1.605931223594584583e-03
2.210060000000000002e+02,3.689178000000000179e-01,4.186880212087277023e-03,5.718370000000000397e-01,3.861160000000000200e-03,2.029192000000000218e-01,1.619076701323318972e-03
2.221109999999999900e+02,3.715682000000000151e-01,4.208748577700026708e-03,5.771709999999999896e-01,3.880109999999999983e-03,2.056028000000000022e-01,1.630432757948637682e-03
2.232220000000000084e+02,3.491316000000000419e-01,4.153988911344372315e-03,5.577990000000000448e-01,3.815320000000000083e-03,2.086674000000000029e-01,1.642850319771098442e-03
2.243379999999999939e+02,3.013759999999999772e-01,4.007157455311183628e-03,5.111630000000000340e-01,3.652700000000000044e-03,2.097870000000000290e-01,1.647754102302889222e-03
2.254600000000000080e+02,2.713731999999999811e-01,3.912222886097876419e-03,4.816969999999999863e-01,3.547289999999999818e-03,2.103238000000000052e-01,1.649915624026877109e-03
2.265869999999999891e+02,2.524750000000000050e-01,3.854056446650464245e-03,4.638849999999999918e-01,3.481090000000000052e-03,2.114100000000000146e-01,1.654014360840920820e-03
2.277199999999999989e+02,2.236272000000000260e-01,3.753454505609998999e-03,4.346590000000000176e-01,3.370230000000000101e-03,2.110317999999999916e-01,1.652262228819626703e-03
2.288590000000000089e+02,1.991930000000000089e-01,3.648210040854556104e-03,4.069059999999999899e-01,3.259399999999999971e-03,2.077129999999999810e-01,1.638825232351515853e-03
2.300029999999999859e+02,1.865121999999999614e-01,3.594644571427333974e-03,3.929340000000000055e-01,3.202200000000000098e-03,2.064218000000000441e-01,1.633213015773508914e-03
2.311529999999999916e+02,1.603751999999999678e-01,3.500008098004917315e-03,3.670379999999999754e-01,3.095350000000000185e-03,2.066628000000000076e-01,1.633666142025352614e-03
2.323089999999999975e+02,1.434184000000000569e-01,3.436106913537470466e-03,3.503140000000000143e-01,3.022720000000000008e-03,2.068955999999999573e-01,1.634011787858337048e-03
2.334699999999999989e+02,1.307412000000000574e-01,3.399061503082873199e-03,3.395270000000000232e-01,2.976690000000000152e-03,2.087857999999999659e-01,1.641016680488044301e-03
2.346380000000000052e+02,1.074610000000000010e-01,3.332303405543979042e-03,3.202690000000000259e-01,2.891240000000000216e-03,2.128080000000000249e-01,1.656797286634668475e-03
2.358110000000000070e+02,8.532000000000003470e-02,3.271477932723984919e-03,3.027190000000000158e-01,2.810399999999999791e-03,2.173989999999999811e-01,1.674580456203881478e-03
2.369900000000000091e+02,7.012340000000000240e-02,3.226611419348787788e-03,2.903789999999999982e-01,2.751149999999999950e-03,2.202555999999999958e-01,1.685881054218238808e-03
2.381750000000000114e+02,5.614459999999998896e-02,3.187605203198162762e-03,2.791739999999999777e-01,2.698410000000000045e-03,2.230293999999999888e-01,1.696882554379058970e-03
2.393660000000000139e+02,4.816039999999999210e-02,3.182338011980500193e-03,2.755299999999999971e-01,2.681199999999999903e-03,2.273696000000000050e-01,1.714188374273959651e-03
2.405620000000000118e+02,4.452939999999999676e-02,3.180665824146258671e-03,2.741160000000000263e-01,2.673759999999999852e-03,2.295866000000000295e-01,1.722684691779665170e-03
2.417649999999999864e+02,3.855559999999999543e-02,3.166008603158873211e-03,2.695859999999999923e-01,2.652460000000000147e-03,2.310303999999999969e-01,1.728602448128545212e-03
2.429739999999999895e+02,3.792440000000002476e-02,3.164578558488318014e-03,2.689759999999999929e-01,2.650570000000000096e-03,2.310515999999999681e-01,1.728882913312523861e-03
2.441889999999999930e+02,3.682539999999998037e-02,3.152715132939860020e-03,2.667209999999999859e-01,2.639040000000000049e-03,2.298956000000000055e-01,1.724842192163677417e-03
2.454099999999999966e+02,3.728860000000000507e-02,3.134770844973520671e-03,2.639929999999999777e-01,2.625430000000000211e-03,2.267043999999999726e-01,1.712864724838479525e-03
2.466370000000000005e+02,4.215100000000002178e-02,3.129647249211322743e-03,2.646220000000000239e-01,2.629579999999999852e-03,2.224710000000000021e-01,1.697056548290598208e-03
2.478700000000000045e+02,4.346759999999996738e-02,3.107748191101717804e-03,2.613989999999999925e-01,2.614759999999999827e-03,2.179314000000000251e-01,1.679621672191687360e-03
2.491090000000000089e+02,4.378519999999999635e-02,3.091942421751737134e-03,2.590020000000000100e-01,2.602859999999999809e-03,2.152168000000000136e-01,1.668900164727656716e-03
2.503549999999999898e+02,4.779699999999997839e-02,3.070657027728756431e-03,2.570919999999999872e-01,2.592360000000000150e-03,2.092950000000000088e-01,1.645783768403370718e-03
2.516069999999999993e+02,5.078939999999998456e-02,3.050033516371910246e-03,2.547510000000000052e-01,2.581359999999999991e-03,2.039616000000000207e-01,1.624587640415868809e-03
2.528650000000000091e+02,5.442199999999999815e-02,3.032630759158127121e-03,2.532780000000000031e-01,2.573569999999999851e-03,1.988560000000000050e-01,1.604240248993896948e-03
2.541289999999999907e+02,6.142239999999996036e-02,3.030433598746555719e-03,2.554009999999999891e-01,2.583259999999999983e-03,1.939786000000000288e-01,1.584391229719478130e-03
2.554000000000000057e+02,6.431319999999995929e-02,3.005272123680649294e-03,2.522619999999999862e-01,2.568870000000000008e-03,1.879488000000000270e-01,1.559669022732707716e-03
2.566770000000000209e+02,7.221439999999995640e-02,3.025833745422903866e-03,2.580009999999999803e-01,2.598350000000000139e-03,1.857866000000000239e-01,1.550563488684033155e-03
2.579599999999999795e+02,6.876759999999998429e-02,2.989178466840680583e-03,2.511160000000000059e-01,2.564310000000000200e-03,1.823484000000000216e-01,1.536067098314393203e-03
2.592500000000000000e+02,7.391100000000000447e-02,3.000111827057118288e-03,2.546209999999999862e-01,2.581239999999999837e-03,1.807099999999999818e-01,1.529009822482511145e-03
2.605459999999999923e+02,7.840740000000001597e-02,3.005278276430986290e-03,2.569540000000000157e-01,2.592510000000000127e-03,1.785465999999999998e-01,1.520062307501899787e-03
2.618489999999999895e+02,7.985140000000001681e-02,3.016487545064292300e-03,2.589110000000000023e-01,2.603970000000000156e-03,1.790595999999999854e-01,1.522674406637216857e-03
2.631580000000000155e+02,8.517859999999999321e-02,3.032467897459757179e-03,2.629139999999999810e-01,2.625469999999999974e-03,1.777353999999999878e-01,1.517487669875442532e-03
2.644739999999999895e+02,8.429319999999998481e-02,3.037112960312803034e-03,2.633389999999999898e-01,2.627369999999999966e-03,1.790458000000000049e-01,1.523476949874857760e-03
2.657959999999999923e+02,8.210660000000000180e-02,3.044154893591323203e-03,2.637120000000000020e-01,2.629049999999999963e-03,1.816054000000000002e-01,1.534592816898345830e-03
2.671250000000000000e+02,7.965879999999997407e-02,3.067557565685768897e-03,2.663349999999999884e-01,2.643359999999999981e-03,1.866762000000000143e-01,1.556456658309507933e-03
2.684610000000000127e+02,8.161959999999998661e-02,3.098433318818399028e-03,2.715239999999999876e-01,2.671179999999999995e-03,1.899044000000000010e-01,1.570059374279839061e-03
2.698029999999999973e+02,7.877480000000003368e-02,3.121028930024199663e-03,2.741290000000000115e-01,2.683870000000000092e-03,1.953541999999999779e-01,1.593004521383414168e-03
2.711519999999999868e+02,8.112639999999998741e-02,3.168696850279622678e-03,2.822509999999999741e-01,2.725229999999999927e-03,2.011245999999999867e-01,1.616713077844055945e-03
2.725079999999999814e+02,7.248500000000002164e-02,3.175256317510131467e-03,2.802120000000000166e-01,2.716709999999999785e-03,2.077269999999999950e-01,1.643696887442450518e-03
2.738709999999999809e+02,7.504820000000000935e-02,3.225697502523756574e-03,2.891560000000000241e-01,2.760079999999999825e-03,2.141078000000000148e-01,1.669455830918566185e-03
2.752400000000000091e+02,7.073639999999997707e-02,3.258778120372726479e-03,2.930559999999999832e-01,2.779080000000000179e-03,2.223196000000000061e-01,1.701866384714146837e-03
2.766159999999999854e+02,6.815760000000001262e-02,3.304282970874619380e-03,2.994200000000000195e-01,2.811240000000000006e-03,2.312624000000000068e-01,1.736437621687574430e-03
2.779990000000000236e+02,6.065080000000000471e-02,3.325331259076004086e-03,3.001960000000000184e-01,2.816180000000000159e-03,2.395452000000000137e-01,1.768320726052827977e-03
2.793890000000000100e+02,5.463400000000001588e-02,3.350266062869634159e-03,3.020680000000000032e-01,2.826749999999999836e-03,2.474339999999999873e-01,1.798267813623988156e-03
2.807860000000000014e+02,4.262839999999995522e-02,3.354965920764024171e-03,2.987469999999999848e-01,2.811709999999999817e-03,2.561186000000000296e-01,1.830323251611036929e-03
2.821899999999999977e+02,3.964420000000001831e-02,3.389467913840754978e-03,3.032610000000000028e-01,2.834789999999999793e-03,2.636167999999999845e-01,1.858079221899862962e-03
2.836009999999999991e+02,3.636060000000002068e-02,3.416325505153746528e-03,3.064910000000000134e-01,2.851199999999999915e-03,2.701303999999999927e-01,1.882003856840893958e-03
2.850190000000000055e+02,3.179979999999998919e-02,3.441017074045405431e-03,3.088110000000000022e-01,2.864300000000000179e-03,2.770112000000000130e-01,1.906930521511468165e-03
2.864440000000000168e+02,2.276119999999998145e-02,3.442403509628701348e-03,3.057019999999999738e-01,2.851450000000000165e-03,2.829407999999999923e-01,1.928568075180132164e-03
2.878759999999999764e+02,1.588420000000001497e-02,3.426024588705106969e-03,3.001880000000000104e-01,2.827469999999999897e-03,2.843037999999999954e-01,1.934698395490108431e-03
2.893159999999999741e+02,2.107619999999998939e-02,3.451748473542647945e-03,3.058690000000000020e-01,2.856609999999999878e-03,2.847928000000000126e-01,1.937613695374803017e-03
2.907620000000000005e+02,1.494760000000000533e-02,3.423298162783954685e-03,2.985380000000000256e-01,2.824080000000000080e-03,2.835904000000000202e-01,1.934823626308093290e-03
2.922160000000000082e+02,1.546720000000001427e-02,3.412430981341601013e-03,2.963810000000000056e-01,2.816060000000000004e-03,2.809137999999999913e-01,1.927301553680689592e-03
2.936770000000000209e+02,1.479979999999997409e-02,3.383585339037276270e-03,2.908109999999999862e-01,2.791699999999999824e-03,2.760112000000000121e-01,1.911821345353168552e-03
2.951460000000000150e+02,1.388000000000005896e-02,3.346460993497459100e-03,2.838040000000000007e-01,2.760260000000000057e-03,2.699239999999999418e-01,1.892026932525010547e-03
2.966209999999999809e+02,1.221280000000002364e-02,3.304043656032408082e-03,2.757390000000000119e-01,2.723020000000000041e-03,2.635261999999999882e-01,1.871327486189416304e-03
2.981039999999999850e+02,1.700660000000003835e-02,3.280708654020956985e-03,2.731520000000000059e-01,2.711639999999999971e-03,2.561453999999999676e-01,1.846634176811422483e-03
2.995950000000000273e+02,2.633379999999999055e-02,3.270959815571569847e-03,2.740239999999999898e-01,2.719669999999999987e-03,2.476901999999999993e-01,1.817298326138006319e-03
3.010930000000000177e+02,3.382619999999997296e-02,3.262881355105637197e-03,2.746319999999999872e-01,2.725599999999999898e-03,2.408058000000000143e-01,1.793738937943869290e-03
3.025980000000000132e+02,3.912840000000003537e-02,3.255783420294415097e-03,2.746890000000000165e-01,2.728770000000000154e-03,2.355605999999999811e-01,1.775933548014677413e-03
3.041109999999999900e+02,4.106659999999998090e-02,3.235965232087019677e-03,2.716839999999999811e-01,2.716290000000000111e-03,2.306174000000000002e-01,1.758760819206522984e-03
3.056320000000000050e+02,3.606699999999996020e-02,3.199437718071723898e-03,2.637999999999999790e-01,2.678649999999999868e-03,2.277330000000000187e-01,1.749638788241733144e-03
3.071600000000000250e+02,3.780599999999997851e-02,3.175277713746625825e-03,2.599420000000000064e-01,2.662639999999999972e-03,2.221360000000000279e-01,1.729952828783490283e-03
3.086960000000000264e+02,4.394140000000001933e-02,3.169718700231930787e-03,2.607090000000000241e-01,2.668460000000000103e-03,2.167676000000000047e-01,1.710683450261912125e-03
3.102389999999999759e+02,4.605199999999998184e-02,3.146379380690129523e-03,2.571899999999999742e-01,2.653770000000000174e-03,2.111379999999999924e-01,1.690327777187608255e-03
3.117909999999999968e+02,4.492039999999997146e-02,3.089663658338881545e-03,2.475219999999999920e-01,2.607159999999999860e-03,2.026016000000000206e-01,1.657931921418970712e-03
3.133500000000000227e+02,5.916879999999999362e-02,3.102312140029110567e-03,2.535910000000000108e-01,2.642030000000000073e-03,1.944222000000000172e-01,1.626043693531019699e-03
3.149159999999999968e+02,5.921560000000000712e-02,3.065587750019888036e-03,2.475340000000000040e-01,2.613349999999999961e-03,1.883183999999999969e-01,1.602569820810313250e-03
3.164909999999999854e+02,6.535520000000000218e-02,3.038103440482565250e-03,2.448599999999999943e-01,2.602859999999999809e-03,1.795047999999999921e-01,1.566905337112615548e-03
3.180729999999999791e+02,6.520160000000002620e-02,2.980861949399200329e-03,2.360770000000000091e-01,2.557740000000000187e-03,1.708753999999999829e-01,1.530850761431694872e-03
3.196639999999999873e+02,7.450840000000003016e-02,2.977291051347852151e-03,2.379410000000000136e-01,2.572130000000000163e-03,1.634325999999999834e-01,1.499469662092567856e-03
3.212620000000000005e+02,8.254619999999998625e-02,2.957910768562162056e-03,2.373899999999999899e-01,2.571429999999999983e-03,1.548438000000000037e-01,1.461842628286643070e-03
3.228679999999999950e+02,8.861140000000000683e-02,2.928222697299506620e-03,2.346030000000000060e-01,2.559989999999999835e-03,1.459915999999999991e-01,1.421597469356216791e-03
3.244830000000000041e+02,9.331480000000000330e-02,2.902825302370088973e-03,2.321340000000000070e-01,2.549239999999999926e-03,1.388192000000000037e-01,1.388441629482492848e-03
3.261050000000000182e+02,9.632759999999998546e-02,2.879012123030398173e-03,2.291289999999999993e-01,2.537320000000000027e-03,1.328014000000000139e-01,1.360410975461459702e-03
3.277359999999999900e+02,9.413199999999999346e-02,2.832772546223222797e-03,2.214760000000000062e-01,2.498999999999999919e-03,1.273440000000000127e-01,1.334016228775347559e-03
3.293740000000000236e+02,9.538659999999998806e-02,2.809658991842248123e-03,2.182489999999999986e-01,2.484259999999999854e-03,1.228624000000000105e-01,1.312492248678063557e-03
3.310210000000000150e+02,9.476979999999997351e-02,2.785210241221297914e-03,2.144359999999999877e-01,2.464669999999999968e-03,1.196662000000000142e-01,1.297226995904725939e-03
3.326759999999999877e+02,9.198500000000001120e-02,2.751913071975203504e-03,2.086330000000000129e-01,2.434710000000000086e-03,1.166480000000000017e-01,1.282658478164784132e-03
3.343399999999999750e+02,9.083039999999997782e-02,2.724605310001431812e-03,2.043369999999999909e-01,2.412179999999999880e-03,1.135066000000000130e-01,1.266831379027216677e-03
3.360110000000000241e+02,9.211239999999998318e-02,2.721768677540396895e-03,2.038149999999999962e-01,2.413310000000000108e-03,1.117026000000000130e-01,1.258554558984234170e-03
3.376909999999999741e+02,8.940339999999999399e-02,2.693869707117253851e-03,1.989329999999999987e-01,2.387390000000000085e-03,1.095296000000000047e-01,1.247919463276376574e-03
3.393799999999999955e+02,8.485380000000000700e-02,2.650439278847942226e-03,1.917550000000000088e-01,2.345240000000000172e-03,1.069012000000000018e-01,1.234778406541027799e-03
3.410769999999999982e+02,8.537519999999999831e-02,2.643178464733700241e-03,1.905290000000000039e-01,2.341549999999999968e-03,1.051538000000000056e-01,1.226187585132062921e-03
3.427819999999999823e+02,8.558080000000001242e-02,2.642203900662475242e-03,1.901760000000000117e-01,2.341310000000000092e-03,1.045951999999999993e-01,1.224544379177822974e-03
3.444959999999999809e+02,8.351800000000000890e-02,2.623745999157693024e-03,1.868309999999999971e-01,2.323580000000000003e-03,1.033129999999999882e-01,1.218613577675876653e-03
3.462180000000000177e+02,8.409219999999999196e-02,2.626476446669948842e-03,1.868370000000000031e-01,2.327730000000000077e-03,1.027448000000000111e-01,1.216573701841363979e-03
3.479499999999999886e+02,7.805212000000000261e-02,2.592765887274822972e-03,1.805599999999999983e-01,2.289620000000000023e-03,1.025078799999999957e-01,1.216583413423017205e-03
3.496890000000000214e+02,8.552000000000002655e-02,2.628931072751052728e-03,1.868470000000000131e-01,2.333410000000000172e-03,1.013269999999999865e-01,1.210981567645024164e-03
3.514379999999999882e+02,8.411674000000000928e-02,2.601380264931676348e-03,1.827380000000000115e-01,2.309959999999999791e-03,9.862126000000000225e-02,1.196354496449944472e-03
3.531949999999999932e+02,8.621230000000000560e-02,2.607495922432861903e-03,1.837840000000000029e-01,2.319310000000000208e-03,9.757169999999999732e-02,1.191568759830501740e-03
3.549610000000000127e+02,8.310069999999999957e-02,2.594905700282767753e-03,1.807259999999999978e-01,2.304070000000000076e-03,9.762529999999999819e-02,1.193648620180997764e-03
3.567359999999999900e+02,8.239118000000000830e-02,2.598714377980004299e-03,1.806510000000000060e-01,2.305580000000000216e-03,9.825981999999999772e-02,1.199006789772268057e-03
3.585190000000000055e+02,7.882158000000001608e-02,2.584356870087411301e-03,1.773710000000000009e-01,2.287560000000000114e-03,9.854941999999998481e-02,1.202484793404057922e-03
3.603120000000000118e+02,8.122846000000000233e-02,2.614544758636194993e-03,1.811389999999999945e-01,2.316289999999999929e-03,9.991053999999999213e-02,1.212701501117236956e-03
3.621139999999999759e+02,7.600948000000000426e-02,2.590748219860818276e-03,1.761840000000000073e-01,2.287739999999999913e-03,1.001745200000000030e-01,1.215821545750855708e-03
3.639239999999999782e+02,7.852122000000000268e-02,2.593757824241114517e-03,1.769580000000000042e-01,2.295950000000000161e-03,9.843678000000000150e-02,1.206728324152540974e-03
3.657440000000000282e+02,7.947131999999999807e-02,2.590138192024510518e-03,1.763720000000000010e-01,2.296030000000000119e-03,9.690068000000000292e-02,1.198775247026731116e-03
3.675720000000000027e+02,7.696269999999999500e-02,2.571616364163986385e-03,1.731109999999999871e-01,2.276600000000000151e-03,9.614829999999999210e-02,1.195952827011165839e-03
3.694100000000000250e+02,7.944690000000001473e-02,2.583056433144270258e-03,1.747940000000000049e-01,2.291339999999999783e-03,9.534709999999999019e-02,1.192451903100498218e-03
3.712570000000000050e+02,8.438118000000000007e-02,2.614211294440447250e-03,1.796310000000000129e-01,2.325649999999999853e-03,9.524982000000001281e-02,1.193923267835919188e-03
3.731139999999999759e+02,8.302341999999998667e-02,2.613243143576195974e-03,1.785339999999999983e-01,2.322739999999999787e-03,9.551058000000001158e-02,1.197463410651031148e-03
3.749789999999999850e+02,7.924586000000000130e-02,2.599587549650136161e-03,1.753109999999999946e-01,2.304479999999999810e-03,9.606513999999999331e-02,1.203007630024016108e-03
3.768539999999999850e+02,8.152419999999999112e-02,2.633227215430525552e-03,1.795229999999999881e-01,2.335219999999999831e-03,9.799879999999999702e-02,1.216812688824372816e-03
3.787379999999999995e+02,7.923373999999998307e-02,2.632716650756780716e-03,1.780509999999999871e-01,2.331029999999999994e-03,9.881726000000000398e-02,1.223722232482518917e-03
3.806320000000000050e+02,8.157088000000001227e-02,2.653168583794855793e-03,1.808470000000000077e-01,2.351629999999999953e-03,9.927611999999999548e-02,1.228470543861756581e-03
3.825350000000000250e+02,7.507429999999998271e-02,2.632543341373889002e-03,1.759179999999999910e-01,2.322120000000000000e-03,1.008437000000000083e-01,1.240178676567211310e-03
3.844479999999999791e+02,8.105427999999999245e-02,2.672830788262511859e-03,1.819659999999999889e-01,2.366510000000000054e-03,1.009117199999999964e-01,1.242439069968422896e-03
3.863700000000000045e+02,7.904867999999999617e-02,2.664396679303590674e-03,1.798230000000000106e-01,2.356430000000000070e-03,1.007743200000000144e-01,1.243481933839008348e-03
3.883020000000000209e+02,7.867683999999999789e-02,2.664458676980372993e-03,1.792610000000000037e-01,2.356140000000000057e-03,1.005841600000000058e-01,1.244164113666681830e-03
3.902440000000000282e+02,8.119011999999999063e-02,2.682601503286688536e-03,1.815579999999999972e-01,2.376280000000000146e-03,1.003678800000000065e-01,1.244847053672056480e-03
3.921949999999999932e+02,8.192172000000000343e-02,2.691958206735758658e-03,1.825849999999999973e-01,2.384920000000000009e-03,1.006632799999999939e-01,1.248517352867792697e-03
3.941560000000000059e+02,7.964200000000001833e-02,2.691036324440084556e-03,1.810440000000000105e-01,2.380310000000000065e-03,1.014019999999999921e-01,1.255309046950590793e-03
3.961270000000000095e+02,8.170659999999999035e-02,2.704546654882477620e-03,1.828390000000000015e-01,2.395249999999999810e-03,1.011324000000000112e-01,1.255925971519022532e-03
3.981070000000000277e+02,8.399047999999999237e-02,2.732729088430830948e-03,1.862389999999999879e-01,2.422169999999999965e-03,1.022485199999999955e-01,1.265267071355293026e-03
4.000980000000000132e+02,7.588379999999997350e-02,2.700753189273688484e-03,1.793859999999999899e-01,2.380839999999999953e-03,1.035022000000000164e-01,1.275017130775896656e-03
4.020980000000000132e+02,7.966180000000001871e-02,2.736708267699719619e-03,1.842010000000000036e-01,2.416830000000000020e-03,1.045391999999999849e-01,1.283941156594024021e-03
4.041089999999999804e+02,7.460580000000001377e-02,2.722960567907658797e-03,1.804810000000000025e-01,2.395630000000000155e-03,1.058751999999999888e-01,1.294399921770702198e-03
4.061290000000000191e+02,7.786160000000001691e-02,2.762190679166809468e-03,1.852880000000000082e-01,2.433690000000000072e-03,1.074263999999999913e-01,1.306464822326265261e-03
4.081600000000000250e+02,7.873040000000001981e-02,2.787707209901355357e-03,1.880650000000000099e-01,2.455160000000000068e-03,1.093345999999999901e-01,1.320416927540691643e-03
4.102010000000000218e+02,7.554620000000002167e-02,2.792283150867762732e-03,1.869580000000000131e-01,2.452300000000000139e-03,1.114117999999999914e-01,1.335316406182444904e-03
4.122520000000000095e+02,7.742099999999998983e-02,2.819438294579968123e-03,1.900239999999999985e-01,2.478029999999999990e-03,1.126030000000000086e-01,1.344841855403080448e-03
4.143129999999999882e+02,8.087880000000001457e-02,2.856966093631494331e-03,1.949420000000000042e-01,2.514680000000000040e-03,1.140631999999999896e-01,1.355964511983997383e-03
4.163840000000000146e+02,8.203680000000002082e-02,2.874481477519728097e-03,1.968620000000000092e-01,2.530880000000000109e-03,1.148251999999999884e-01,1.362824343121298845e-03
4.184660000000000082e+02,8.269759999999999611e-02,2.883900328438554136e-03,1.973340000000000094e-01,2.540919999999999897e-03,1.146364000000000133e-01,1.364040563168119301e-03
4.205590000000000259e+02,8.504400000000000848e-02,2.908717574970797869e-03,2.004910000000000025e-01,2.565019999999999887e-03,1.154469999999999941e-01,1.371608665233637345e-03
4.226619999999999777e+02,9.174000000000001598e-02,2.953857958835529041e-03,2.073550000000000115e-01,2.614109999999999785e-03,1.156149999999999956e-01,1.375392943444163525e-03
4.247749999999999773e+02,8.890719999999999179e-02,2.950465054474633343e-03,2.052370000000000028e-01,2.606600000000000149e-03,1.163298000000000110e-01,1.382346005049387132e-03
4.268990000000000009e+02,9.080080000000001483e-02,2.969971312308588782e-03,2.076620000000000132e-01,2.625660000000000147e-03,1.168611999999999984e-01,1.388034279236647923e-03
4.290330000000000155e+02,9.650219999999998244e-02,3.008936737831488864e-03,2.135559999999999958e-01,2.667520000000000047e-03,1.170538000000000134e-01,1.392134096224929233e-03
4.311779999999999973e+02,9.175999999999998047e-02,2.979361166064295810e-03,2.077829999999999955e-01,2.635699999999999935e-03,1.160230000000000150e-01,1.389128672172596120e-03
4.333340000000000032e+02,9.050600000000000311e-02,2.990555724179035958e-03,2.078909999999999925e-01,2.642400000000000044e-03,1.173849999999999894e-01,1.400409147149503548e-03
4.355009999999999764e+02,8.774439999999998629e-02,2.984230568016485886e-03,2.054989999999999872e-01,2.632499999999999857e-03,1.177546000000000009e-01,1.405551789541744376e-03
4.376779999999999973e+02,8.712599999999999512e-02,3.001399489375581372e-03,2.066769999999999996e-01,2.644319999999999917e-03,1.195510000000000045e-01,1.419848806184658557e-03
4.398670000000000186e+02,8.353140000000000565e-02,2.999930609361490131e-03,2.044850000000000001e-01,2.636550000000000091e-03,1.209535999999999945e-01,1.431149104211018337e-03
4.420659999999999741e+02,8.221780000000000754e-02,3.008467398195300430e-03,2.043220000000000036e-01,2.641060000000000196e-03,1.221041999999999961e-01,1.440721403465638779e-03
4.442760000000000105e+02,7.849639999999998008e-02,2.991618571829637602e-03,2.003089999999999871e-01,2.621280000000000138e-03,1.218126000000000070e-01,1.441760327140402271e-03
4.464979999999999905e+02,7.874259999999998205e-02,2.994008102519430271e-03,1.999569999999999959e-01,2.624239999999999906e-03,1.212144000000000138e-01,1.441335818035477650e-03
4.487300000000000182e+02,8.063559999999998784e-02,3.011488868354654774e-03,2.019189999999999874e-01,2.642699999999999997e-03,1.212833999999999995e-01,1.444022823304396330e-03
4.509739999999999895e+02,8.201160000000001782e-02,3.034922439640261923e-03,2.045220000000000093e-01,2.663969999999999880e-03,1.225103999999999915e-01,1.453966317949628327e-03
4.532289999999999850e+02,8.738579999999998571e-02,3.067281223373559493e-03,2.095569999999999933e-01,2.700329999999999918e-03,1.221712000000000076e-01,1.454796203720644691e-03
4.554950000000000045e+02,8.996579999999998467e-02,3.084043628819151551e-03,2.116639999999999910e-01,2.719179999999999861e-03,1.216982000000000064e-01,1.455123785820299246e-03
4.577730000000000246e+02,8.642880000000001395e-02,3.075550908998906773e-03,2.086770000000000014e-01,2.706130000000000167e-03,1.222481999999999874e-01,1.461462903033806113e-03
4.600609999999999786e+02,8.427419999999999356e-02,3.058093171508023071e-03,2.050970000000000015e-01,2.688949999999999847e-03,1.208228000000000080e-01,1.456530721654713352e-03
4.623620000000000232e+02,7.732139999999998459e-02,3.008004746335351046e-03,1.962569999999999870e-01,2.636270000000000020e-03,1.189356000000000024e-01,1.448507176743007952e-03
4.646730000000000018e+02,7.674640000000002016e-02,3.004511827110687306e-03,1.948620000000000074e-01,2.633120000000000079e-03,1.181155999999999873e-01,1.446986656762252370e-03
4.669970000000000141e+02,7.137380000000000113e-02,2.976334487626684875e-03,1.891180000000000083e-01,2.600439999999999870e-03,1.177442000000000072e-01,1.447853165426660248e-03
4.693319999999999936e+02,7.751239999999999519e-02,3.018286155596914492e-03,1.950699999999999934e-01,2.647060000000000125e-03,1.175575999999999982e-01,1.450215388646803683e-03
4.716789999999999736e+02,8.362239999999999951e-02,3.052443788722079138e-03,2.002029999999999921e-01,2.687249999999999969e-03,1.165805999999999926e-01,1.447791601304552296e-03
4.740369999999999777e+02,8.329200000000001880e-02,3.044976151544704322e-03,1.986690000000000123e-01,2.680779999999999795e-03,1.153769999999999935e-01,1.444056216037311940e-03
4.764069999999999823e+02,8.425639999999999519e-02,3.056789554927849192e-03,1.992710000000000037e-01,2.693409999999999815e-03,1.150146000000000085e-01,1.445512004452401697e-03
4.787889999999999873e+02,8.616479999999999972e-02,3.073093656902112832e-03,2.008860000000000090e-01,2.711030000000000124e-03,1.147212000000000093e-01,1.447142343790686026e-03
4.811829999999999927e+02,8.170079999999999010e-02,3.038172725950912673e-03,1.948239999999999972e-01,2.675030000000000116e-03,1.131232000000000071e-01,1.440384674943468151e-03
4.835889999999999986e+02,8.022500000000000464e-02,3.022630303752014969e-03,1.918880000000000030e-01,2.660739999999999980e-03,1.116629999999999984e-01,1.434139674355325777e-03
4.860070000000000050e+02,7.318020000000000080e-02,2.970115496274850376e-03,1.831270000000000120e-01,2.605319999999999945e-03,1.099468000000000112e-01,1.426146471724415703e-03
4.884370000000000118e+02,7.445319999999999716e-02,2.976101344306003506e-03,1.833110000000000017e-01,2.614229999999999939e-03,1.088578000000000046e-01,1.422315266978457305e-03
4.908790000000000191e+02,7.461939999999998852e-02,2.962790748088025422e-03,1.813019999999999909e-01,2.605000000000000111e-03,1.066826000000000024e-01,1.411419149989116524e-03
4.933340000000000032e+02,7.124580000000001190e-02,2.929227510255220848e-03,1.759400000000000130e-01,2.572169999999999925e-03,1.046942000000000011e-01,1.401540330470729071e-03
4.958000000000000114e+02,7.034997999999997864e-02,2.915655126484612350e-03,1.735819999999999863e-01,2.560429999999999824e-03,1.032320200000000077e-01,1.394719696460905434e-03
4.982789999999999964e+02,6.733681999999999168e-02,2.893794643633165308e-03,1.695349999999999913e-01,2.537699999999999938e-03,1.021981799999999996e-01,1.390728639785634123e-03
5.007710000000000150e+02,6.473166581944497788e-02,2.866746696438214267e-03,1.653169999999999917e-01,2.511670000000000135e-03,1.005853341805550138e-01,1.381937202856704924e-03
5.032740000000000009e+02,6.203891962624499823e-02,2.836687210756186003e-03,1.609359999999999957e-01,2.483359999999999995e-03,9.889708037375499750e-02,1.371027877932359763e-03
5.057909999999999968e+02,6.436522410674751227e-02,2.846881925341109183e-03,1.621150000000000091e-01,2.499159999999999836e-03,9.774977589325249683e-02,1.363428029356116141e-03
5.083199999999999932e+02,6.287026727199999943e-02,2.828684672592429380e-03,1.592210000000000014e-01,2.483449999999999894e-03,9.635073272800000199e-02,1.354227851751446882e-03
5.108609999999999900e+02,6.800089466611748679e-02,2.859725771188725320e-03,1.634480000000000099e-01,2.521760000000000061e-03,9.544710533388252316e-02,1.348613357786786118e-03
5.134160000000000537e+02,6.781626386847999788e-02,2.850091080295135901e-03,1.618570000000000009e-01,2.515709999999999995e-03,9.404073613152000299e-02,1.339485857289241834e-03
5.159829999999999472e+02,6.654627112290500968e-02,2.841233550222843716e-03,1.600300000000000056e-01,2.507409999999999847e-03,9.348372887709499590e-02,1.336227218257398644e-03
5.185629999999999882e+02,7.170104530793749986e-02,2.874554070888682162e-03,1.645369999999999888e-01,2.547230000000000154e-03,9.283595469206248896e-02,1.332171322902085979e-03
5.211549999999999727e+02,6.956040914427499833e-02,2.869471549043881280e-03,1.627560000000000118e-01,2.539780000000000162e-03,9.319559085572501345e-02,1.335434207429288082e-03
5.237609999999999673e+02,6.844831428697746578e-02,2.873993196342138328e-03,1.621229999999999893e-01,2.542519999999999936e-03,9.367468571302252356e-02,1.339936170950281396e-03
5.263799999999999955e+02,6.952738707165002918e-02,2.887198222323159990e-03,1.631460000000000132e-01,2.557439999999999800e-03,9.361861292834998405e-02,1.339930677828527275e-03
5.290119999999999436e+02,7.202722718163000193e-02,2.907202581797697916e-03,1.653689999999999882e-01,2.580770000000000026e-03,9.334177281836998630e-02,1.338451739403105850e-03
5.316570000000000391e+02,6.929520638153247036e-02,2.897498762322031542e-03,1.630089999999999872e-01,2.567990000000000030e-03,9.371379361846751688e-02,1.341986004978332507e-03
5.343150000000000546e+02,6.993371748135000787e-02,2.912904497156290108e-03,1.640890000000000126e-01,2.583380000000000138e-03,9.415528251865000475e-02,1.345793589356606779e-03
5.369869999999999663e+02,6.529645223531499454e-02,2.883700395792430406e-03,1.590280000000000027e-01,2.551809999999999842e-03,9.373154776468500815e-02,1.343128324693296195e-03
5.396720000000000255e+02,6.700215173907998756e-02,2.910927905683472015e-03,1.615669999999999884e-01,2.578920000000000171e-03,9.456484826092000084e-02,1.350064037624424838e-03
5.423700000000000045e+02,7.035210668507502207e-02,2.946336200332051215e-03,1.654160000000000075e-01,2.616380000000000181e-03,9.506389331492498540e-02,1.354788803093348766e-03
5.450819999999999936e+02,6.595262408443501589e-02,2.928785893701938998e-03,1.617770000000000041e-01,2.593030000000000074e-03,9.582437591556498824e-02,1.361610160893148274e-03
5.478070000000000164e+02,6.150053902595502275e-02,2.915977679567227296e-03,1.584260000000000113e-01,2.573499999999999833e-03,9.692546097404498850e-02,1.371139517968273909e-03
5.505460000000000491e+02,6.361136051521001922e-02,2.942327537790227505e-03,1.609520000000000117e-01,2.601270000000000145e-03,9.734063948478999251e-02,1.375022082273118489e-03
5.532989999999999782e+02,6.178343917573250743e-02,2.931544152951461295e-03,1.588690000000000102e-01,2.589699999999999901e-03,9.708556082426750278e-02,1.373828603102986287e-03
5.560660000000000309e+02,6.292405983855497986e-02,2.956579578743447675e-03,1.607929999999999915e-01,2.614790000000000083e-03,9.786894016144501163e-02,1.379940600657427949e-03
5.588460000000000036e+02,6.044930334542000794e-02,2.948778408301386180e-03,1.586549999999999905e-01,2.604190000000000151e-03,9.820569665457998254e-02,1.383289031679371802e-03
5.616399999999999864e+02,6.094110221429997754e-02,2.947210763216143083e-03,1.580239999999999978e-01,2.606100000000000083e-03,9.708289778570002027e-02,1.376333561611093985e-03
5.644479999999999791e+02,5.928454711551998935e-02,2.945732563195304580e-03,1.567040000000000100e-01,2.602810000000000106e-03,9.741945288448002060e-02,1.379391328727703689e-03
5.672709999999999582e+02,6.188244189583751165e-02,2.983301188577387048e-03,1.604599999999999915e-01,2.640330000000000194e-03,9.857755810416247988e-02,1.388792091303535717e-03
5.701069999999999709e+02,5.742215344548748379e-02,2.957387399238673061e-03,1.559520000000000073e-01,2.610840000000000122e-03,9.852984655451252349e-02,1.389120125682325856e-03
5.729579999999999700e+02,6.012533336840499010e-02,2.977757264091160545e-03,1.581839999999999913e-01,2.635450000000000119e-03,9.805866663159500118e-02,1.386160748740085337e-03
5.758220000000000027e+02,5.522597211014498852e-02,2.960143647769198239e-03,1.542499999999999982e-01,2.611720000000000100e-03,9.902402788985500970e-02,1.393330203874276968e-03
5.787019999999999982e+02,5.477903065325999410e-02,2.977793629725032382e-03,1.552570000000000061e-01,2.625699999999999909e-03,1.004779693467400120e-01,1.404618955884827727e-03
5.815950000000000273e+02,5.276437686184999587e-02,2.971164827463723072e-03,1.532540000000000013e-01,2.617249999999999785e-03,1.004896231381500055e-01,1.406350905520217841e-03
5.845030000000000427e+02,5.199455577717999877e-02,2.966871461026961664e-03,1.519240000000000035e-01,2.614079999999999963e-03,9.992944422282000472e-02,1.403179254356427038e-03
5.874260000000000446e+02,5.219022619766998383e-02,2.978183058710493197e-03,1.524060000000000137e-01,2.625000000000000163e-03,1.002157738023300299e-01,1.406751339501829132e-03
5.903630000000000564e+02,5.099581181396749263e-02,2.964763275204277369e-03,1.501609999999999889e-01,2.613449999999999801e-03,9.916518818603249630e-02,1.399892987160087851e-03
5.933139999999999645e+02,5.252294349154001951e-02,2.964745150130356031e-03,1.499620000000000120e-01,2.619409999999999968e-03,9.743905650845999245e-02,1.388670247798758995e-03
5.962809999999999491e+02,5.539649607622749994e-02,2.983923281811337591e-03,1.520140000000000102e-01,2.643949999999999946e-03,9.661750392377251029e-02,1.383230475819464825e-03
5.992619999999999436e+02,5.303864076731500121e-02,2.982751890467218690e-03,1.502819999999999989e-01,2.640040000000000182e-03,9.724335923268499771e-02,1.388163404821552566e-03
6.022590000000000146e+02,5.361922314501249565e-02,2.999109306658488336e-03,1.513690000000000035e-01,2.655719999999999869e-03,9.774977685498750790e-02,1.393487680205878062e-03
6.052699999999999818e+02,5.155003135897502642e-02,2.991045809472353198e-03,1.493210000000000093e-01,2.646170000000000206e-03,9.777096864102498286e-02,1.394323981527293517e-03
6.082960000000000491e+02,4.931818353288001944e-02,2.989458401385427459e-03,1.477990000000000137e-01,2.641090000000000017e-03,9.848081646711999426e-02,1.400537448808104922e-03
6.113379999999999654e+02,4.974838432857499326e-02,3.004857008134598564e-03,1.487189999999999901e-01,2.655659999999999792e-03,9.897061567142499683e-02,1.405928733519452509e-03
6.143949999999999818e+02,5.176509798348749580e-02,3.027250264940834889e-03,1.505319999999999991e-01,2.681189999999999962e-03,9.876690201651250334e-02,1.405512131034220187e-03
6.174669999999999845e+02,4.953647386511748907e-02,3.009947939594846602e-03,1.477469999999999895e-01,2.663299999999999956e-03,9.821052613488250038e-02,1.402362188976607679e-03
6.205539999999999736e+02,4.922795802915000407e-02,3.025313814789947712e-03,1.483140000000000014e-01,2.676229999999999928e-03,9.908604197084999732e-02,1.410785832456119566e-03
6.236570000000000391e+02,4.610804433741751140e-02,2.997337775059013588e-03,1.442690000000000083e-01,2.647780000000000186e-03,9.816095566258249694e-02,1.404740121657994251e-03
6.267749999999999773e+02,4.738467428581251417e-02,3.011532037632114796e-03,1.452080000000000037e-01,2.664140000000000171e-03,9.782332571418748957e-02,1.404166398289260825e-03
6.299089999999999918e+02,5.045533523027999345e-02,3.039759479083609973e-03,1.477209999999999912e-01,2.697489999999999871e-03,9.726566476971999775e-02,1.401315592783674126e-03
6.330579999999999927e+02,4.946679530167000238e-02,3.013402312012749065e-03,1.446189999999999976e-01,2.675499999999999927e-03,9.515220469832999517e-02,1.386467902276782103e-03
6.362240000000000464e+02,4.889720098631999967e-02,3.007003754271876141e-03,1.430939999999999990e-01,2.671409999999999930e-03,9.419679901367999930e-02,1.380449271108923027e-03
6.394049999999999727e+02,5.003905879878750573e-02,3.026861021034844921e-03,1.443010000000000126e-01,2.692930000000000063e-03,9.426194120121250686e-02,1.382033160152137822e-03
6.426019999999999754e+02,4.828998452725999369e-02,3.007316921392852969e-03,1.416449999999999931e-01,2.673560000000000172e-03,9.335501547273999945e-02,1.376964775183369370e-03
6.458150000000000546e+02,5.150235417381252012e-02,3.038589885120984713e-03,1.444390000000000118e-01,2.709340000000000186e-03,9.293664582618749170e-02,1.375683558947899624e-03
6.490439999999999827e+02,4.316098377178001488e-02,2.983252634133081154e-03,1.367569999999999897e-01,2.644559999999999793e-03,9.359601622821997480e-02,1.380615328562583575e-03
6.522889999999999873e+02,4.460112096814751459e-02,3.007472138201233193e-03,1.385000000000000120e-01,2.669939999999999987e-03,9.389887903185249740e-02,1.384308151553221688e-03
6.555510000000000446e+02,5.168163509829501456e-02,3.072866638927810451e-03,1.454360000000000097e-01,2.743409999999999946e-03,9.375436490170499515e-02,1.384272716098782028e-03
6.588279999999999745e+02,4.910292151468999278e-02,3.054931051629781059e-03,1.424539999999999973e-01,2.724509999999999866e-03,9.335107848531000452e-02,1.381900499352917014e-03
6.621219999999999573e+02,4.743510948987500475e-02,3.045628456968933490e-03,1.406070000000000098e-01,2.714520000000000214e-03,9.317189051012500500e-02,1.381026381898248310e-03
6.654329999999999927e+02,4.772617470298001763e-02,3.054065209275845690e-03,1.407200000000000117e-01,2.723960000000000096e-03,9.299382529701999411e-02,1.381070679186664893e-03
6.687599999999999909e+02,5.125524004479999063e-02,3.077240125371011933e-03,1.429590000000000027e-01,2.754330000000000146e-03,9.170375995520001211e-02,1.372251085003542946e-03
6.721040000000000418e+02,4.894400114806000957e-02,3.061801681013638123e-03,1.403290000000000093e-01,2.737690000000000089e-03,9.138499885193999972e-02,1.371015316383423967e-03
6.754640000000000555e+02,5.080866508314001162e-02,3.091346277540598167e-03,1.425339999999999940e-01,2.768309999999999955e-03,9.172533491685998241e-02,1.375820319505462273e-03
6.788419999999999845e+02,4.567300271467499007e-02,3.047729333076628234e-03,1.367629999999999957e-01,2.721719999999999955e-03,9.108999728532500562e-02,1.371457009641829840e-03
6.822359999999999900e+02,5.202141635988997981e-02,3.118019610675045340e-03,1.435259999999999869e-01,2.798609999999999987e-03,9.150458364011000711e-02,1.374710282370129790e-03
6.856470000000000482e+02,4.894171725075499579e-02,3.106963858995208209e-03,1.412009999999999932e-01,2.783369999999999855e-03,9.225928274924499739e-02,1.380607063650768091e-03
6.890750000000000455e+02,4.750994111975000156e-02,3.112345983573833359e-03,1.405220000000000080e-01,2.786040000000000044e-03,9.301205888025000645e-02,1.387327877564699559e-03
6.925209999999999582e+02,4.564994072520250912e-02,3.107036713524175594e-03,1.387990000000000057e-01,2.778479999999999839e-03,9.314905927479749659e-02,1.390584779431700219e-03
6.959829999999999472e+02,4.659332099589751086e-02,3.137108917245850018e-03,1.408330000000000137e-01,2.807399999999999826e-03,9.423967900410250287e-02,1.399984856583609549e-03
6.994629999999999654e+02,5.156848160675500670e-02,3.192559796399238852e-03,1.459739999999999926e-01,2.867939999999999812e-03,9.440551839324498595e-02,1.402625470317986171e-03
7.029610000000000127e+02,4.663561306207000823e-02,3.156377401089635170e-03,1.409980000000000122e-01,2.827599999999999992e-03,9.436238693793000398e-02,1.402639133244670301e-03
7.064750000000000227e+02,4.485594435043747941e-02,3.151510619985436416e-03,1.395299999999999874e-01,2.820589999999999990e-03,9.467405564956250796e-02,1.405806259689076129e-03
7.100080000000000382e+02,4.695779791205997866e-02,3.184336006712030955e-03,1.418740000000000001e-01,2.856130000000000127e-03,9.491620208794002145e-02,1.408018901415291398e-03
7.135579999999999927e+02,5.009930587845498606e-02,3.229981432489885743e-03,1.457469999999999877e-01,2.903660000000000182e-03,9.564769412154500161e-02,1.414757455760320103e-03
7.171259999999999764e+02,4.961659254465500268e-02,3.239249623955520099e-03,1.457239999999999924e-01,2.911690000000000198e-03,9.610740745534498974e-02,1.419436321289538425e-03
7.207110000000000127e+02,4.658357892516248877e-02,3.218937978220771587e-03,1.424159999999999870e-01,2.889539999999999904e-03,9.583242107483749828e-02,1.418492261534066035e-03
7.243150000000000546e+02,5.166396923053750978e-02,3.260152769939168946e-03,1.464860000000000051e-01,2.938989999999999832e-03,9.482203076946249531e-02,1.411004558193217767e-03
7.279360000000000355e+02,4.984787256776000708e-02,3.262292459309106777e-03,1.454550000000000010e-01,2.937819999999999841e-03,9.560712743223999388e-02,1.418367278833328627e-03
7.315760000000000218e+02,5.660176210624001669e-02,3.340070275281329954e-03,1.527920000000000111e-01,3.020820000000000016e-03,9.619023789375999445e-02,1.425031919438262285e-03
7.352340000000000373e+02,5.968213795893001494e-02,3.381473855756133347e-03,1.561210000000000098e-01,3.064859999999999980e-03,9.643886204106999482e-02,1.428635229007827823e-03
7.389099999999999682e+02,5.973341081955002574e-02,3.410429557618746728e-03,1.579230000000000078e-01,3.090199999999999978e-03,9.818958918044998208e-02,1.442807585050619222e-03
7.426050000000000182e+02,6.656515004996249596e-02,3.503596329308087190e-03,1.666189999999999893e-01,3.185980000000000149e-03,1.000538499500374934e-01,1.457641477984590681e-03
7.463179999999999836e+02,8.073243790464501579e-02,3.629804164930531835e-03,1.801860000000000128e-01,3.325230000000000199e-03,9.945356209535499703e-02,1.455446228085061902e-03
7.500489999999999782e+02,1.070769491161149972e-01,3.841401514345503618e-03,2.049789999999999945e-01,3.559489999999999790e-03,9.790205088388499732e-02,1.444436407155375284e-03
7.537999999999999545e+02,1.407743408194999934e-01,4.110205060276439677e-03,2.383500000000000063e-01,3.849009999999999931e-03,9.757565918050001286e-02,1.441841758800892258e-03
7.575689999999999600e+02,1.657630769600474951e-01,4.297958641931981690e-03,2.628759999999999986e-01,4.050250000000000031e-03,9.711292303995250341e-02,1.438027616305684146e-03
7.613559999999999945e+02,1.785170659100900059e-01,4.398578668223459415e-03,2.755340000000000011e-01,4.156560000000000116e-03,9.701693408990999523e-02,1.438924343720148977e-03
7.651630000000000109e+02,1.592555834491750089e-01,4.269527859846790514e-03,2.563280000000000003e-01,4.019220000000000431e-03,9.707241655082500531e-02,1.440395340733895439e-03
7.689890000000000327e+02,1.193124195010650118e-01,3.988718594218267077e-03,2.175880000000000036e-01,3.715829999999999828e-03,9.827558049893499181e-02,1.449994287906869158e-03
7.728339999999999463e+02,9.518439144685500453e-02,3.812049038202292971e-03,1.942659999999999942e-01,3.522980000000000209e-03,9.908160855314498972e-02,1.456135223548632408e-03
7.766979999999999791e+02,8.078826126558501242e-02,3.716952150792042411e-03,1.809800000000000020e-01,3.415800000000000086e-03,1.001917387344149896e-01,1.465620568659428951e-03
7.805819999999999936e+02,8.589614852641500042e-02,3.781028975333721419e-03,1.864389999999999936e-01,3.483940000000000040e-03,1.005428514735849932e-01,1.469129738557209321e-03
7.844850000000000136e+02,8.395834764618748114e-02,3.782373768439319887e-03,1.851299999999999890e-01,3.483179999999999783e-03,1.011716523538125079e-01,1.474384078786075128e-03
7.884070000000000391e+02,8.664690222348998827e-02,3.829492616240220190e-03,1.888050000000000006e-01,3.530539999999999980e-03,1.021580977765100123e-01,1.483341163130844336e-03
7.923490000000000464e+02,8.075137629470002798e-02,3.796671729013977818e-03,1.837570000000000037e-01,3.492340000000000028e-03,1.030056237052999757e-01,1.489388311453392717e-03
7.963110000000000355e+02,8.401206410684999848e-02,3.843990328209790763e-03,1.875320000000000042e-01,3.542379999999999921e-03,1.035199358931500058e-01,1.492583524956112668e-03
8.002920000000000300e+02,9.044487520230001798e-02,3.931850223165149309e-03,1.955900000000000138e-01,3.631679999999999978e-03,1.051451247976999959e-01,1.506766921260163736e-03
8.042939999999999827e+02,8.585100770280000571e-02,3.909345574005776772e-03,1.915090000000000126e-01,3.604529999999999887e-03,1.056579922972000068e-01,1.513389010168421844e-03
8.083150000000000546e+02,8.515630550529999787e-02,3.901343576055805312e-03,1.898839999999999972e-01,3.598409999999999803e-03,1.047276944946999994e-01,1.507291335585758847e-03
8.123569999999999709e+02,8.157148666096497580e-02,3.880614139574681352e-03,1.862749999999999961e-01,3.575720000000000114e-03,1.047035133390350203e-01,1.507777364821127159e-03
8.164189999999999827e+02,8.565328445757999787e-02,3.933156319657875842e-03,1.908070000000000044e-01,3.630819999999999881e-03,1.051537155424200065e-01,1.512238328592650435e-03
8.205009999999999764e+02,8.445011258401997900e-02,3.924820798651854591e-03,1.884639999999999926e-01,3.624880000000000029e-03,1.040138874159800136e-01,1.504813372857306906e-03
8.246029999999999518e+02,8.109041513150999636e-02,3.913336435567721545e-03,1.857800000000000007e-01,3.609830000000000070e-03,1.046895848684900043e-01,1.511068968989131515e-03
8.287259999999999991e+02,7.750367744090000399e-02,3.916578870297919221e-03,1.839580000000000104e-01,3.607139999999999999e-03,1.064543225591000064e-01,1.525821440295072008e-03
8.328700000000000045e+02,7.228143041449999751e-02,3.884974366983834186e-03,1.792189999999999894e-01,3.570300000000000210e-03,1.069375695854999919e-01,1.531660452620437016e-03
8.370339999999999918e+02,7.153394471544996525e-02,3.874514307208211904e-03,1.773659999999999959e-01,3.563030000000000017e-03,1.058320552845500306e-01,1.522063840928208726e-03
8.412190000000000509e+02,7.048419555965000638e-02,3.884714766188407907e-03,1.767809999999999937e-01,3.571430000000000004e-03,1.062968044403499873e-01,1.528364017419362765e-03
8.454249999999999545e+02,7.830082590187499580e-02,3.950455228900693824e-03,1.831730000000000025e-01,3.646560000000000079e-03,1.048721740981250067e-01,1.519439594702214590e-03
8.496530000000000200e+02,8.339075345229998715e-02,3.992924695718389275e-03,1.867820000000000036e-01,3.696370000000000038e-03,1.033912465477000164e-01,1.510065047863102042e-03
8.539009999999999536e+02,8.618924959207499570e-02,4.019279484907552213e-03,1.887999999999999956e-01,3.726789999999999790e-03,1.026107504079249999e-01,1.505205591837447451e-03
8.581699999999999591e+02,8.630669437587501491e-02,4.040706811026165308e-03,1.897210000000000008e-01,3.746699999999999944e-03,1.034143056241249858e-01,1.513126115918049519e-03
8.624610000000000127e+02,9.186036248810500182e-02,4.084355475040749375e-03,1.932699999999999974e-01,3.799129999999999955e-03,1.014096375118949955e-01,1.499523554198248492e-03
8.667730000000000246e+02,8.568381861460251658e-02,4.025116136037993828e-03,1.857040000000000080e-01,3.739099999999999976e-03,1.000201813853974914e-01,1.490198342031498480e-03
8.711069999999999709e+02,9.523971424533497765e-02,4.113310623124519227e-03,1.940679999999999905e-01,3.837230000000000068e-03,9.882828575466501286e-02,1.481549934834805677e-03
8.754629999999999654e+02,1.121956075340350134e-01,4.273938826557311874e-03,2.106520000000000059e-01,4.009920000000000151e-03,9.845639246596499250e-02,1.478882918541591035e-03
8.798400000000000318e+02,1.444412704688000093e-01,4.565349179078482741e-03,2.425680000000000058e-01,4.319950000000000352e-03,9.812672953119999653e-02,1.476633036476082119e-03
8.842390000000000327e+02,1.700732797419474973e-01,4.795667212211350908e-03,2.687459999999999849e-01,4.560849999999999974e-03,9.867272025805248759e-02,1.482252099940825239e-03
8.886609999999999445e+02,1.855344467580150314e-01,4.944924920519237072e-03,2.855630000000000113e-01,4.713120000000000330e-03,1.000285532419849799e-01,1.496256106143657727e-03
8.931040000000000418e+02,1.759796709911200241e-01,4.887068908634445083e-03,2.765560000000000240e-01,4.650719999999999681e-03,1.005763290088799999e-01,1.501414666020506068e-03
8.975689999999999600e+02,1.553332286472125512e-01,4.738660366690392901e-03,2.563810000000000255e-01,4.492870000000000370e-03,1.010477713527874882e-01,1.506327067386868668e-03
9.020570000000000164e+02,1.275998844066874860e-01,4.522336526006182252e-03,2.289029999999999954e-01,4.262550000000000366e-03,1.013031155933125094e-01,1.510693599625570352e-03
9.065679999999999836e+02,1.186003638819000255e-01,4.456245421264570274e-03,2.197000000000000064e-01,4.192490000000000105e-03,1.010996361180999809e-01,1.510347924963465621e-03
9.111000000000000227e+02,1.056863567412499871e-01,4.346448593666137235e-03,2.059290000000000009e-01,4.077489999999999587e-03,1.002426432587500138e-01,1.505221138996642267e-03
9.156559999999999491e+02,1.018587779714600072e-01,4.328869439293530318e-03,2.025069999999999926e-01,4.057169999999999700e-03,1.006482220285399853e-01,1.509464214067191999e-03
9.202340000000000373e+02,1.002933519923149830e-01,4.323562163102621231e-03,2.005129999999999968e-01,4.052029999999999868e-03,1.002196480076850138e-01,1.508059235346083512e-03
9.248350000000000364e+02,9.684587060143749759e-02,4.295356226341751071e-03,1.960969999999999935e-01,4.024930000000000348e-03,9.925112939856249594e-02,1.500007868736975619e-03
9.294600000000000364e+02,1.053445230642500036e-01,4.396207308271168207e-03,2.048629999999999896e-01,4.131079999999999648e-03,9.951847693574998599e-02,1.503601253955592475e-03
9.341069999999999709e+02,1.024725697137250091e-01,4.386772283635597368e-03,2.021769999999999956e-01,4.119610000000000112e-03,9.970443028627498649e-02,1.507509375219098389e-03
9.387770000000000437e+02,1.031705466408900096e-01,4.405680676436415054e-03,2.029539999999999955e-01,4.139030000000000140e-03,9.978345335910998593e-02,1.509454498096985666e-03
9.434710000000000036e+02,9.725166239158498926e-02,4.372727234163805397e-03,1.980099999999999916e-01,4.100699999999999658e-03,1.007583376084150023e-01,1.518223624634343133e-03
9.481889999999999645e+02,9.686935855901748771e-02,4.404057921959622646e-03,1.990599999999999870e-01,4.128640000000000261e-03,1.021906414409824992e-01,1.532989866364193286e-03
9.529299999999999500e+02,9.784034788377499181e-02,4.419440528276832175e-03,1.992859999999999909e-01,4.146979999999999764e-03,1.014456521162249991e-01,1.527747185425588385e-03
9.576939999999999600e+02,1.006769783998450185e-01,4.457278800629368640e-03,2.017190000000000094e-01,4.187989999999999942e-03,1.010420216001549909e-01,1.525802761316147425e-03
9.624829999999999472e+02,9.294541351340497581e-02,4.402801691037329379e-03,1.945379999999999887e-01,4.128190000000000331e-03,1.015925864865950129e-01,1.530591406777513782e-03
9.672949999999999591e+02,9.028743415720000276e-02,4.391488594411525892e-03,1.914820000000000133e-01,4.115470000000000413e-03,1.011945658428000105e-01,1.532344202177342079e-03
9.721319999999999482e+02,9.222576475852999056e-02,4.392948352176052895e-03,1.909559999999999869e-01,4.123980000000000180e-03,9.873023524146999630e-02,1.513533674711698036e-03
9.769919999999999618e+02,8.435245818960000752e-02,4.328692346000041422e-03,1.833970000000000045e-01,4.054379999999999790e-03,9.904454181039999694e-02,1.516436692354595226e-03
9.818769999999999527e+02,8.702650663483749160e-02,4.379947318894246433e-03,1.864909999999999901e-01,4.106480000000000026e-03,9.946449336516249851e-02,1.523404255570037042e-03
9.867870000000000346e+02,8.994926874806247197e-02,4.427736595009765241e-03,1.896569999999999923e-01,4.155940000000000328e-03,9.970773125193752029e-02,1.527420725009541588e-03
9.917200000000000273e+02,9.142045959850000902e-02,4.460287418296765560e-03,1.910600000000000076e-01,4.189690000000000254e-03,9.963954040149999858e-02,1.529922075700727337e-03
9.966789999999999736e+02,9.082680690646750821e-02,4.505701338339696514e-03,1.931930000000000036e-01,4.229039999999999883e-03,1.023661930935324954e-01,1.554530549302950712e-03
1.001659999999999968e+03,8.406223759874999202e-02,4.469280763761109866e-03,1.877510000000000012e-01,4.185190000000000091e-03,1.036887624012500092e-01,1.568009951889684245e-03
1.006669999999999959e+03,7.574178108387499830e-02,4.392546312723928995e-03,1.790569999999999939e-01,4.103540000000000139e-03,1.033152189161249956e-01,1.566978805799422534e-03
1.011700000000000045e+03,7.311606576374998778e-02,4.396585917833131275e-03,1.775329999999999964e-01,4.103810000000000270e-03,1.044169342362500086e-01,1.577564964363938798e-03
1.016759999999999991e+03,7.516788540050001188e-02,4.439269591140184573e-03,1.800539999999999918e-01,4.146989999999999704e-03,1.048861145994999799e-01,1.584168060125549669e-03
1.021850000000000023e+03,7.827171738062502215e-02,4.485507669030342100e-03,1.829900000000000138e-01,4.195670000000000302e-03,1.047182826193749916e-01,1.586232107867576119e-03
1.026960000000000036e+03,8.966429901379997791e-02,4.609312526472993631e-03,1.933449999999999891e-01,4.329719999999999576e-03,1.036807009862000112e-01,1.580913245026701382e-03
1.032089999999999918e+03,8.833624191889996591e-02,4.616347492056702487e-03,1.923439999999999872e-01,4.336129999999999672e-03,1.040077580811000213e-01,1.583868930978259322e-03
1.037250000000000000e+03,8.887137411624998484e-02,4.645051070090043012e-03,1.933549999999999991e-01,4.364039999999999586e-03,1.044836258837500143e-01,1.591117318787227267e-03
1.042440000000000055e+03,9.235072621439997798e-02,4.697123684176384914e-03,1.967559999999999865e-01,4.418159999999999969e-03,1.044052737856000085e-01,1.594626325773765415e-03
1.047650000000000091e+03,8.435672962774999617e-02,4.633295035997526956e-03,1.890880000000000061e-01,4.348330000000000077e-03,1.047312703722500099e-01,1.599827835018294373e-03
1.052890000000000100e+03,8.712866446419997857e-02,4.711464736088934006e-03,1.939829999999999888e-01,4.424299999999999934e-03,1.068543355358000102e-01,1.619712773737852366e-03
1.058150000000000091e+03,8.924457009249997519e-02,4.785348533701938578e-03,1.989579999999999960e-01,4.494340000000000314e-03,1.097134299075000208e-01,1.643310242590635120e-03
1.063440000000000055e+03,9.407813238199999595e-02,4.869336282791278392e-03,2.053369999999999918e-01,4.578099999999999878e-03,1.112588676179999958e-01,1.658745376755452238e-03
1.068759999999999991e+03,1.040640469430000048e-01,5.017558933276845649e-03,2.168480000000000130e-01,4.730510000000000270e-03,1.127839530570000082e-01,1.672773980191667644e-03
1.074099999999999909e+03,1.086114824025000147e-01,5.108736894563414670e-03,2.235060000000000102e-01,4.820060000000000143e-03,1.148945175974999955e-01,1.692989738383975920e-03
1.079470000000000027e+03,1.115983657252499900e-01,5.167056917332923764e-03,2.270069999999999866e-01,4.879490000000000216e-03,1.154086342747499966e-01,1.699721896916673268e-03
1.084869999999999891e+03,1.235310059969999819e-01,5.322870889853167226e-03,2.404439999999999911e-01,5.039039999999999839e-03,1.169129940030000092e-01,1.714943260999106248e-03
1.090299999999999955e+03,1.313082102124999984e-01,5.416775739546306548e-03,2.481820000000000137e-01,5.136820000000000275e-03,1.168737897875000153e-01,1.718877453496155941e-03
1.095750000000000000e+03,1.284601380812500082e-01,5.401359948010309685e-03,2.449830000000000063e-01,5.119949999999999848e-03,1.165228619187499981e-01,1.720697906510593352e-03
1.101230000000000018e+03,1.254823159505000230e-01,5.366329380415871958e-03,2.397990000000000121e-01,5.087000000000000376e-03,1.143166840494999892e-01,1.708777931480446243e-03
1.106730000000000018e+03,1.083976550319999954e-01,5.198885996887768826e-03,2.212480000000000002e-01,4.912610000000000414e-03,1.128503449680000048e-01,1.701375501332883823e-03
1.112269999999999982e+03,1.137935747420000115e-01,5.233540637793588843e-03,2.240860000000000074e-01,4.954670000000000428e-03,1.102924252579999959e-01,1.685583815340226587e-03
1.117829999999999927e+03,1.056792917034999890e-01,5.146797710613351846e-03,2.142189999999999928e-01,4.866180000000000332e-03,1.085397082965000037e-01,1.676251437456457039e-03
1.123420000000000073e+03,1.115575863350000141e-01,5.222867450529105303e-03,2.192500000000000004e-01,4.946879999999999854e-03,1.076924136649999864e-01,1.675327631060980491e-03
1.129029999999999973e+03,1.125087516450000158e-01,5.252287522434036585e-03,2.199800000000000089e-01,4.977020000000000402e-03,1.074712483549999931e-01,1.678033413825919494e-03
1.134680000000000064e+03,1.125523717209999941e-01,5.273341313075058032e-03,2.205050000000000066e-01,4.995770000000000072e-03,1.079526282790000125e-01,1.688315939415421666e-03
1.140349999999999909e+03,1.093432122543749885e-01,5.256598344549470031e-03,2.169709999999999972e-01,4.977310000000000414e-03,1.076277877456250087e-01,1.690624535436601903e-03
1.146049999999999955e+03,1.069611734491250077e-01,5.230556469194231131e-03,2.135029999999999983e-01,4.951109999999999886e-03,1.065418265508749907e-01,1.686781178852081843e-03
1.151779999999999973e+03,1.078987340703500136e-01,5.249551910434961666e-03,2.133520000000000139e-01,4.972419999999999965e-03,1.054532659296500002e-01,1.683102671838934868e-03
1.157539999999999964e+03,1.022788301220499824e-01,5.212125353343330034e-03,2.077459999999999862e-01,4.931109999999999834e-03,1.054671698779500039e-01,1.688314208571476934e-03
1.163329999999999927e+03,9.890632017872497128e-02,5.190026472804945730e-03,2.042009999999999936e-01,4.906250000000000021e-03,1.052946798212750223e-01,1.692656411064026633e-03
1.169150000000000091e+03,1.009688059148750039e-01,5.265418271725742609e-03,2.085819999999999896e-01,4.977610000000000368e-03,1.076131940851249857e-01,1.716982313282028067e-03
1.174990000000000009e+03,9.586018366150000913e-02,5.271163199046607906e-03,2.062640000000000029e-01,4.974229999999999624e-03,1.104038163384999938e-01,1.744189604969388109e-03
1.180869999999999891e+03,9.286556231899999181e-02,5.285425221690457503e-03,2.054779999999999940e-01,4.980929999999999733e-03,1.126124376810000022e-01,1.768065640518367383e-03
1.186769999999999982e+03,8.663777890649999869e-02,5.259529712896696303e-03,2.008699999999999930e-01,4.946739999999999818e-03,1.142322210934999943e-01,1.786733380570029468e-03
1.192710000000000036e+03,8.791507502550000019e-02,5.324690224493906950e-03,2.039060000000000039e-01,5.009200000000000111e-03,1.159909249745000037e-01,1.805613842110480056e-03
1.198670000000000073e+03,9.078237424550000823e-02,5.401980764143543383e-03,2.084100000000000119e-01,5.084339999999999693e-03,1.176276257545000037e-01,1.825070667283012300e-03
1.204660000000000082e+03,1.025634272804999969e-01,5.558160329582158797e-03,2.207069999999999865e-01,5.246179999999999594e-03,1.181435727194999896e-01,1.835957967095338530e-03
1.210690000000000055e+03,1.103058352830000033e-01,5.657456256518187711e-03,2.274339999999999973e-01,5.351769999999999618e-03,1.171281647169999940e-01,1.834494252244141905e-03
1.216740000000000009e+03,1.063263227054999926e-01,5.628883057879366554e-03,2.234319999999999917e-01,5.318940000000000300e-03,1.171056772944999991e-01,1.842064536242246815e-03
1.222819999999999936e+03,1.053448122085000049e-01,5.661726134299600692e-03,2.237119999999999942e-01,5.347519999999999704e-03,1.183671877914999893e-01,1.859885122638249740e-03
1.228940000000000055e+03,1.078812151605000047e-01,5.683265837549758559e-03,2.245709999999999928e-01,5.372280000000000111e-03,1.166897848394999881e-01,1.854216325529508842e-03
1.235079999999999927e+03,1.197200410500000034e-01,5.811502268546923054e-03,2.340760000000000063e-01,5.511499999999999906e-03,1.143559589500000029e-01,1.843075247331488848e-03
1.241259999999999991e+03,1.190331617699999928e-01,5.841274803740468743e-03,2.338810000000000056e-01,5.539180000000000319e-03,1.148478382300000128e-01,1.854178055207548548e-03
1.247460000000000036e+03,1.190814349804999867e-01,5.828550313205802490e-03,2.314799999999999913e-01,5.529929999999999742e-03,1.123985650195000047e-01,1.841703816760844161e-03
1.253700000000000045e+03,1.082631799524999966e-01,5.691702668851713470e-03,2.183249999999999913e-01,5.389380000000000039e-03,1.100618200474999947e-01,1.830317591625486807e-03
1.259970000000000027e+03,1.023887772767499982e-01,5.613356790958017734e-03,2.100819999999999910e-01,5.310500000000000116e-03,1.076932227232499928e-01,1.818890929273794940e-03
1.266269999999999982e+03,1.063719374250000210e-01,5.666878895523401287e-03,2.126260000000000094e-01,5.368030000000000197e-03,1.062540625749999884e-01,1.815976413841469085e-03
1.272599999999999909e+03,1.220542559799999982e-01,5.889414257581370229e-03,2.294200000000000128e-01,5.596339999999999995e-03,1.073657440200000146e-01,1.834714937477405911e-03
1.278960000000000036e+03,1.182473099539999850e-01,5.876335445688901475e-03,2.260129999999999917e-01,5.578350000000000149e-03,1.077656900460000067e-01,1.847519836905622869e-03
1.285359999999999900e+03,1.207517180120000061e-01,5.947999347224171979e-03,2.297490000000000088e-01,5.647169999999999968e-03,1.089972819880000027e-01,1.867663574008757935e-03
1.291789999999999964e+03,1.305804451514999964e-01,6.099005074799729136e-03,2.400990000000000069e-01,5.801589999999999699e-03,1.095185548485000104e-01,1.881333669058430627e-03
1.298240000000000009e+03,1.523882810320000281e-01,6.379360910475932213e-03,2.627860000000000196e-01,6.090179999999999726e-03,1.103977189679999915e-01,1.898934752356781601e-03
1.304740000000000009e+03,1.508172309540000144e-01,6.398291782466495638e-03,2.617280000000000162e-01,6.105320000000000018e-03,1.109107690460000017e-01,1.913950216483774249e-03
1.311259999999999991e+03,1.498818388535000379e-01,6.407862909086395851e-03,2.608170000000000210e-01,6.111959999999999615e-03,1.109351611464999970e-01,1.924747261342428257e-03
1.317819999999999936e+03,1.376406139495000014e-01,6.303334766077080091e-03,2.490620000000000056e-01,5.997670000000000085e-03,1.114213860505000181e-01,1.939067751352694085e-03
1.324410000000000082e+03,1.149231545597499959e-01,6.077481517517225283e-03,2.272490000000000065e-01,5.752990000000000360e-03,1.123258454402500106e-01,1.959307953248664875e-03
1.331029999999999973e+03,1.141374645784999919e-01,6.109158781951551202e-03,2.277059999999999917e-01,5.778819999999999617e-03,1.135685354214999998e-01,1.981681213186359519e-03
1.337680000000000064e+03,1.291185975139999831e-01,6.330724890047790057e-03,2.431619999999999893e-01,6.007320000000000021e-03,1.140434024860000062e-01,1.997544505404225384e-03
1.344369999999999891e+03,1.276580639772500192e-01,6.332348890124468721e-03,2.411030000000000117e-01,6.007420000000000294e-03,1.134449360227499926e-01,2.002385429896197822e-03
1.351089999999999918e+03,1.409102065722499797e-01,6.513378160351637573e-03,2.543719999999999870e-01,6.193549999999999923e-03,1.134617934277500073e-01,2.015944805108931762e-03
1.357849999999999909e+03,1.343181934737500138e-01,6.459172385192092636e-03,2.475320000000000020e-01,6.133999999999999696e-03,1.132138065262500021e-01,2.023598750154812550e-03
1.364640000000000100e+03,1.382534961599999890e-01,6.501857869650416559e-03,2.495829999999999993e-01,6.180599999999999636e-03,1.113295038400000103e-01,2.018499293320423493e-03
1.371460000000000036e+03,1.492511101545000163e-01,6.659728986779449994e-03,2.603750000000000231e-01,6.343220000000000108e-03,1.111238898455000068e-01,2.028681889540702010e-03
1.378319999999999936e+03,1.520606904139999993e-01,6.706621425108074894e-03,2.621820000000000261e-01,6.391970000000000290e-03,1.101213095860000268e-01,2.030145427997377249e-03
1.385210000000000036e+03,1.635684034892500027e-01,6.871789622060854759e-03,2.738369999999999971e-01,6.560830000000000134e-03,1.102685965107499944e-01,2.043771592170530709e-03
1.392140000000000100e+03,1.646397037425000320e-01,6.878009350679844570e-03,2.730850000000000222e-01,6.568290000000000066e-03,1.084452962574999901e-01,2.040730041906419889e-03
1.399099999999999909e+03,1.638481399350000256e-01,6.920934277462026558e-03,2.737350000000000061e-01,6.604490000000000187e-03,1.098868600649999944e-01,2.068826506222506360e-03
1.406089999999999918e+03,1.500704617080000081e-01,6.803781070763277247e-03,2.606539999999999968e-01,6.475599999999999759e-03,1.105835382919999887e-01,2.087592273140686811e-03
1.413119999999999891e+03,1.461748965319999705e-01,6.762457281667634025e-03,2.553679999999999839e-01,6.432229999999999719e-03,1.091931034680000134e-01,2.087401665583222665e-03
1.420190000000000055e+03,1.512821761930000231e-01,6.850725216462886895e-03,2.601330000000000031e-01,6.521149999999999863e-03,1.088508238069999801e-01,2.099294802780322933e-03
1.427289999999999964e+03,1.594449265637500335e-01,6.978005701188289521e-03,2.686450000000000227e-01,6.649030000000000218e-03,1.092000734362499892e-01,2.117301023689419602e-03
1.434430000000000064e+03,1.468247927847499967e-01,6.867406192885678294e-03,2.563949999999999840e-01,6.526920000000000291e-03,1.095702072152499873e-01,2.135552184256934560e-03
1.441599999999999909e+03,1.571689364599999639e-01,7.000084261395941518e-03,2.655719999999999748e-01,6.665130000000000013e-03,1.084030635399999970e-01,2.139444261892131140e-03
1.448809999999999945e+03,1.716797335727500151e-01,7.198949323044993159e-03,2.798840000000000217e-01,6.869619999999999893e-03,1.082042664272500065e-01,2.152485170998854822e-03
1.456049999999999955e+03,1.713648575174999966e-01,7.231779041835924293e-03,2.799180000000000001e-01,6.898259999999999809e-03,1.085531424825000035e-01,2.170860908104737391e-03
1.463329999999999927e+03,2.021961313127499937e-01,7.620060313106258483e-03,3.105879999999999752e-01,7.299650000000000409e-03,1.083918686872499954e-01,2.186419230814860924e-03
1.470650000000000091e+03,1.918692815112500172e-01,7.512839676483125916e-03,2.996610000000000107e-01,7.183919999999999889e-03,1.077917184887499935e-01,2.198648093292575583e-03
1.478000000000000000e+03,1.787711360499999458e-01,7.381505322362715525e-03,2.858319999999999750e-01,7.042630000000000244e-03,1.070608639500000292e-01,2.210878446945716003e-03
1.485390000000000100e+03,1.773266278089999926e-01,7.406782600353926937e-03,2.846369999999999734e-01,7.062099999999999975e-03,1.073103721909999947e-01,2.233197724991157519e-03
1.492819999999999936e+03,1.528054460394999980e-01,7.150079067996847892e-03,2.605000000000000093e-01,6.785600000000000138e-03,1.076945539605000113e-01,2.253722103234263256e-03
1.500279999999999973e+03,1.416525656900000096e-01,7.071048657579576645e-03,2.508900000000000019e-01,6.690549999999999969e-03,1.092374343100000061e-01,2.288289714034899558e-03
1.507779999999999973e+03,1.513256400760000231e-01,7.265708315145499169e-03,2.629290000000000238e-01,6.880039999999999593e-03,1.116033599240000007e-01,2.335715504759611639e-03
1.515319999999999936e+03,1.463167000810000062e-01,7.276832735147029628e-03,2.606959999999999833e-01,6.875629999999999763e-03,1.143792999189999909e-01,2.382856848072791717e-03
1.522900000000000091e+03,1.418789920499999857e-01,7.279425616565160864e-03,2.576390000000000069e-01,6.868220000000000401e-03,1.157600079500000212e-01,2.411968353586975249e-03
1.530509999999999991e+03,1.422449190847500100e-01,7.292841603078617854e-03,2.568770000000000220e-01,6.880449999999999761e-03,1.146320809152500120e-01,2.417632404873475745e-03
1.538160000000000082e+03,1.369680956799999849e-01,7.255903504499099793e-03,2.516849999999999921e-01,6.832829999999999807e-03,1.147169043200000071e-01,2.441427831762044143e-03
1.545859999999999900e+03,1.419629368570000105e-01,7.357315453514117441e-03,2.568759999999999932e-01,6.932019999999999675e-03,1.149130631429999966e-01,2.465195611329381968e-03
1.553579999999999927e+03,1.354394231749999900e-01,7.281895748609700306e-03,2.488589999999999969e-01,6.850489999999999878e-03,1.134195768250000069e-01,2.469168372857555045e-03
1.561349999999999909e+03,1.264504361937500154e-01,7.179837924955198049e-03,2.386060000000000125e-01,6.739440000000000187e-03,1.121555638062499971e-01,2.475887944763447562e-03
1.569160000000000082e+03,1.351696876750000109e-01,7.313839309106729726e-03,2.466250000000000109e-01,6.878360000000000030e-03,1.114553123250000000e-01,2.486042869669549422e-03
1.577000000000000000e+03,1.270783016500000029e-01,7.275034047763578350e-03,2.405680000000000041e-01,6.819910000000000208e-03,1.134896983500000012e-01,2.532774760617160191e-03
1.584890000000000100e+03,1.250104977675000062e-01,7.303038804460939247e-03,2.393919999999999937e-01,6.837789999999999840e-03,1.143815022324999875e-01,2.564956860331625565e-03
1.592809999999999945e+03,1.219216561742499927e-01,7.268668907402211360e-03,2.350289999999999879e-01,6.798420000000000331e-03,1.131073438257499952e-01,2.571970681993801088e-03
1.600779999999999973e+03,1.225545052890000264e-01,7.308704904816016451e-03,2.357430000000000081e-01,6.830600000000000040e-03,1.131884947109999817e-01,2.600013658749063955e-03
1.608779999999999973e+03,1.193549631860000154e-01,7.280307168919543902e-03,2.315570000000000128e-01,6.795670000000000183e-03,1.122020368139999974e-01,2.611846420623022656e-03
1.616829999999999927e+03,1.116803174752499933e-01,7.212439612295735124e-03,2.243239999999999956e-01,6.711169999999999809e-03,1.126436825247500023e-01,2.641871002171124021e-03
1.624910000000000082e+03,1.196989938234999939e-01,7.327584532881918980e-03,2.307899999999999952e-01,6.832900000000000258e-03,1.110910061765000012e-01,2.646690891760942153e-03
1.633029999999999973e+03,1.149541246157499835e-01,7.283147952127057984e-03,2.257129999999999970e-01,6.776220000000000333e-03,1.107588753842500134e-01,2.669660391168238341e-03
1.641200000000000045e+03,1.092694656399999797e-01,7.271756985914925100e-03,2.212129999999999930e-01,6.748419999999999766e-03,1.119435343600000132e-01,2.708740881997115379e-03
1.649410000000000082e+03,1.092186348680000002e-01,7.283775812011876287e-03,2.202719999999999956e-01,6.755599999999999626e-03,1.110533651319999954e-01,2.723097265917850517e-03
1.657650000000000091e+03,1.085905548812499954e-01,7.310609959481683372e-03,2.199029999999999874e-01,6.773269999999999638e-03,1.113124451187499919e-01,2.750969190444122522e-03
1.665940000000000055e+03,9.752561064899999133e-02,7.185589307370832818e-03,2.087269999999999959e-01,6.628189999999999950e-03,1.112013893510000045e-01,2.774849728922639501e-03
1.674269999999999982e+03,1.092409174882500167e-01,7.415881168698396433e-03,2.215860000000000052e-01,6.859559999999999789e-03,1.123450825117499885e-01,2.818107541357409238e-03
1.682640000000000100e+03,1.036900772459999898e-01,7.335821197545897357e-03,2.149260000000000059e-01,6.767859999999999675e-03,1.112359227540000162e-01,2.830255052599276334e-03
1.691059999999999945e+03,9.084499718000001167e-02,7.162266557902982091e-03,2.011650000000000105e-01,6.573189999999999589e-03,1.103200028199999988e-01,2.844509706496962768e-03
1.699509999999999991e+03,9.619540261875000886e-02,7.313997587197939611e-03,2.078629999999999922e-01,6.717889999999999799e-03,1.116675973812499834e-01,2.892147066356979233e-03
1.708009999999999991e+03,8.966802356349999614e-02,7.274757513603812877e-03,2.028500000000000025e-01,6.654120000000000347e-03,1.131819764365000064e-01,2.940201337890846738e-03
1.716549999999999955e+03,9.429438602375000977e-02,7.387458184653697239e-03,2.078800000000000092e-01,6.762530000000000104e-03,1.135856139762499994e-01,2.973672212787901135e-03
1.725130000000000109e+03,9.179620831850000828e-02,7.383256346569016040e-03,2.054860000000000020e-01,6.743619999999999649e-03,1.136897916814999937e-01,3.006004586615207419e-03
1.733759999999999991e+03,9.331203750399999497e-02,7.483227173420009537e-03,2.088619999999999921e-01,6.828609999999999715e-03,1.155499624959999971e-01,3.060845372917690623e-03
1.742430000000000064e+03,9.782835158274998111e-02,7.564638940498082456e-03,2.125779999999999892e-01,6.910359999999999940e-03,1.147496484172500081e-01,3.077448126370279247e-03
1.751140000000000100e+03,9.349602870500001162e-02,7.491722564922398929e-03,2.060480000000000089e-01,6.829570000000000085e-03,1.125519712949999973e-01,3.079428616621506833e-03
1.759890000000000100e+03,9.338510812749999113e-02,7.511680156300559914e-03,2.050309999999999910e-01,6.842739999999999934e-03,1.116458918724999999e-01,3.098749435330261023e-03
1.768690000000000055e+03,8.813203005749999097e-02,7.456724854230461184e-03,1.993219999999999992e-01,6.771390000000000395e-03,1.111899699425000082e-01,3.122662809141948329e-03
1.777539999999999964e+03,8.938863045749997904e-02,7.490145908122669213e-03,1.998409999999999909e-01,6.797420000000000198e-03,1.104523695425000118e-01,3.146008116417815109e-03
1.786420000000000073e+03,9.447968146349999818e-02,7.628694269943545915e-03,2.054729999999999890e-01,6.931340000000000244e-03,1.109933185364999908e-01,3.186456035891519194e-03
1.795359999999999900e+03,8.997941568000000778e-02,7.636336055245585529e-03,2.029420000000000113e-01,6.913179999999999673e-03,1.129625843200000035e-01,3.243697062958208772e-03
1.804329999999999927e+03,8.457671867525000386e-02,7.602207884625595581e-03,1.984019999999999950e-01,6.853599999999999623e-03,1.138252813247499912e-01,3.289640065579147506e-03
1.813349999999999909e+03,8.185390633125000370e-02,7.583792284543854414e-03,1.955280000000000074e-01,6.817519999999999657e-03,1.136740936687500036e-01,3.321946186305084307e-03
1.822420000000000073e+03,8.374870029099998336e-02,7.692740096405911894e-03,1.985599999999999865e-01,6.913719999999999935e-03,1.148112997090000031e-01,3.373236717523874027e-03
1.831529999999999973e+03,8.468719259600003546e-02,7.749672441131530594e-03,1.999700000000000089e-01,6.956780000000000082e-03,1.152828074039999734e-01,3.414767192127968459e-03
1.840690000000000055e+03,8.482455856904763669e-02,7.708668798228068830e-03,1.977770000000000084e-01,6.929209999999999883e-03,1.129524414309523717e-01,3.377813407616675999e-03
1.849890000000000100e+03,8.154743804291667009e-02,7.664465094013680167e-03,1.939490000000000103e-01,6.889260000000000349e-03,1.124015619570833402e-01,3.358886992703703257e-03
1.859140000000000100e+03,7.713365191583332336e-02,7.640296546241382401e-03,1.904389999999999972e-01,6.861589999999999877e-03,1.133053480841666738e-01,3.360463358884901997e-03
1.868440000000000055e+03,7.206077594047617663e-02,7.583380998032287698e-03,1.855509999999999937e-01,6.803090000000000352e-03,1.134902240595238171e-01,3.350467700667650404e-03
1.877779999999999973e+03,7.419415259059522483e-02,7.579868785591654251e-03,1.859729999999999994e-01,6.817819999999999610e-03,1.117788474094047746e-01,3.312361884575221009e-03
1.887170000000000073e+03,7.506989726000001806e-02,7.600732000381629425e-03,1.862209999999999976e-01,6.850870000000000223e-03,1.111511027399999796e-01,3.291915427942419640e-03
1.896609999999999900e+03,7.255682311386904559e-02,7.596119237095931565e-03,1.844889999999999863e-01,6.845259999999999713e-03,1.119321768861309407e-01,3.292938352987931881e-03
1.906089999999999918e+03,5.553851019988094440e-02,7.370178499581507038e-03,1.698900000000000132e-01,6.581680000000000343e-03,1.143514898001190688e-01,3.316778481191276755e-03
1.915619999999999891e+03,6.933624175011904311e-02,7.606054681790024724e-03,1.833110000000000017e-01,6.853380000000000062e-03,1.139747582498809586e-01,3.298977174516361244e-03
1.925200000000000045e+03,7.280985673095238808e-02,7.674684638419732204e-03,1.863940000000000041e-01,6.937890000000000376e-03,1.135841432690476160e-01,3.281229441397814223e-03
1.934819999999999936e+03,6.713094231166667758e-02,7.642292060856623742e-03,1.826810000000000100e-01,6.895369999999999625e-03,1.155500576883333325e-01,3.295223893232777576e-03
1.944500000000000000e+03,6.675667652083333570e-02,7.669968283410730746e-03,1.828279999999999905e-01,6.929939999999999885e-03,1.160713234791666548e-01,3.286996359128886280e-03
1.954220000000000027e+03,5.965980358726190314e-02,7.527024979873729246e-03,1.744840000000000002e-01,6.786290000000000378e-03,1.148241964127380971e-01,3.256128542232802122e-03
1.963990000000000009e+03,5.587888841749999447e-02,7.469362422176563029e-03,1.702960000000000029e-01,6.731690000000000243e-03,1.144171115825000085e-01,3.236622427426981592e-03
1.973809999999999945e+03,6.108813304125002008e-02,7.617833674113118694e-03,1.773490000000000066e-01,6.890150000000000267e-03,1.162608669587499866e-01,3.249188031485984902e-03
1.983680000000000064e+03,6.097251332095238174e-02,7.648447949148417906e-03,1.784010000000000040e-01,6.922779999999999906e-03,1.174284866790476223e-01,3.251749237323297258e-03
1.993599999999999909e+03,6.325957296666669116e-02,7.653913481561970024e-03,1.782710000000000128e-01,6.950750000000000331e-03,1.150114270333333216e-01,3.204600758399721652e-03
2.003569999999999936e+03,6.175754201148810074e-02,7.626569725877024863e-03,1.755440000000000056e-01,6.933830000000000202e-03,1.137864579885119048e-01,3.175935659733042891e-03
2.013589999999999918e+03,6.217952008904763239e-02,7.632285336068965996e-03,1.757309999999999983e-01,6.946950000000000347e-03,1.135514799109523659e-01,3.160959529743043346e-03
2.023650000000000091e+03,6.529326990982142753e-02,7.729107895236540966e-03,1.798740000000000061e-01,7.052819999999999576e-03,1.145807300901785786e-01,3.161777807469690234e-03
2.033769999999999982e+03,7.535359923238094115e-02,7.912485108675438791e-03,1.892379999999999896e-01,7.262639999999999894e-03,1.138844007676190484e-01,3.140299480210536742e-03
2.043940000000000055e+03,6.280500808666666934e-02,7.698790569383593720e-03,1.762869999999999993e-01,7.035969999999999898e-03,1.134819919133333299e-01,3.125140379299745901e-03
2.054159999999999854e+03,5.403614058666666997e-02,7.560278850922507940e-03,1.680449999999999999e-01,6.885470000000000305e-03,1.140088594133333300e-01,3.122197812888566088e-03
2.064429999999999836e+03,5.144131729541664977e-02,7.542105195217383394e-03,1.662039999999999906e-01,6.868769999999999737e-03,1.147626827045833409e-01,3.115019977917484525e-03
2.074750000000000000e+03,4.577766558184523382e-02,7.494653031276653568e-03,1.623429999999999873e-01,6.811610000000000061e-03,1.165653344181547535e-01,3.125986766946451962e-03
2.085130000000000109e+03,6.590937223869050565e-02,7.820835693310374329e-03,1.799840000000000051e-01,7.192510000000000049e-03,1.140746277613094994e-01,3.071363026680102703e-03
2.095550000000000182e+03,6.216823317083336464e-02,7.672534529415880010e-03,1.724980000000000124e-01,7.058479999999999789e-03,1.103297668291666478e-01,3.007598077316676281e-03
2.106030000000000200e+03,6.540855176083334999e-02,7.747034664601005170e-03,1.756290000000000073e-01,7.144440000000000165e-03,1.102204482391666573e-01,2.995583946566947667e-03
2.116559999999999945e+03,6.998451142619047105e-02,7.838368859333507202e-03,1.793379999999999974e-01,7.251910000000000300e-03,1.093534885738095264e-01,2.974866001498094239e-03
2.127139999999999873e+03,6.253933303023809231e-02,7.699786632763927323e-03,1.708999999999999964e-01,7.113200000000000078e-03,1.083606669697619040e-01,2.947727930133659142e-03
2.137780000000000200e+03,6.685215855916666616e-02,7.743768603922592322e-03,1.727319999999999967e-01,7.180210000000000238e-03,1.058798414408333305e-01,2.900092506627547587e-03
2.148469999999999800e+03,6.232990904214286143e-02,7.661490743785938189e-03,1.675570000000000115e-01,7.098629999999999871e-03,1.052270909578571501e-01,2.882341503052269181e-03
2.159210000000000036e+03,5.447815551005955048e-02,7.560991089565108347e-03,1.616460000000000119e-01,6.982569999999999576e-03,1.071678444899404614e-01,2.900396947244113840e-03
2.170010000000000218e+03,7.326654140749999655e-02,7.956041850064793364e-03,1.810009999999999952e-01,7.411519999999999567e-03,1.077344585924999987e-01,2.892744926463862703e-03
2.180860000000000127e+03,6.477840624749998943e-02,7.817200049597437111e-03,1.729469999999999896e-01,7.262700000000000405e-03,1.081685937525000002e-01,2.891678634534993950e-03
2.191760000000000218e+03,6.205777899952381882e-02,7.831750105558751146e-03,1.717140000000000055e-01,7.273729999999999953e-03,1.096562210004761867e-01,2.903301844972294449e-03
2.202719999999999800e+03,5.904022363428569620e-02,7.857582002545699870e-03,1.716119999999999868e-01,7.289249999999999723e-03,1.125717763657142906e-01,2.934012502398395620e-03
2.213730000000000018e+03,5.698326900345238033e-02,7.879367707387749040e-03,1.712090000000000001e-01,7.308049999999999963e-03,1.142257309965476197e-01,2.945647749769968789e-03
2.224800000000000182e+03,5.676392565714286076e-02,7.943991575269229027e-03,1.729940000000000089e-01,7.371980000000000199e-03,1.162300743428571481e-01,2.959883955081427098e-03
2.235929999999999836e+03,5.208022603119046023e-02,7.898554262347458332e-03,1.694539999999999935e-01,7.320970000000000429e-03,1.173737739688095333e-01,2.964887467400274552e-03
2.247110000000000127e+03,6.533839095565474597e-02,8.184568481776195031e-03,1.826979999999999993e-01,7.631180000000000428e-03,1.173596090443452533e-01,2.958420700388009108e-03
2.258340000000000146e+03,6.271269435190476860e-02,8.192575578593210353e-03,1.820720000000000116e-01,7.633710000000000148e-03,1.193593056480952430e-01,2.974015172601155148e-03
2.269630000000000109e+03,4.521381726684522984e-02,7.881279653373554628e-03,1.658189999999999942e-01,7.297090000000000000e-03,1.206051827331547643e-01,2.977758638066552339e-03
2.280980000000000018e+03,5.150808444250001839e-02,8.049924558970507002e-03,1.733840000000000103e-01,7.475709999999999994e-03,1.218759155574999919e-01,2.985807328180523600e-03
2.292389999999999873e+03,5.649843620494049423e-02,8.117258211989232183e-03,1.765500000000000125e-01,7.562560000000000289e-03,1.200515637950595182e-01,2.949163801233600606e-03
2.303849999999999909e+03,6.251653167916668141e-02,8.177559811302510459e-03,1.791290000000000104e-01,7.647819999999999618e-03,1.166124683208333290e-01,2.895398714344875335e-03
2.315369999999999891e+03,6.317415011142857306e-02,8.222400573606456972e-03,1.796290000000000109e-01,7.698359999999999578e-03,1.164548498885714378e-01,2.888446728476015864e-03
2.326940000000000055e+03,6.054658732321427372e-02,8.172738117962864007e-03,1.770509999999999862e-01,7.649529999999999871e-03,1.165044126767857124e-01,2.877210302342042732e-03
2.338579999999999927e+03,5.996256695059523634e-02,8.159003127011892065e-03,1.754519999999999968e-01,7.642870000000000393e-03,1.154894330494047605e-01,2.855848418542170780e-03
2.350269999999999982e+03,6.469007199547618936e-02,8.211417381641581553e-03,1.781260000000000066e-01,7.710650000000000316e-03,1.134359280045238172e-01,2.823694741473569032e-03
2.362019999999999982e+03,6.387108836666664791e-02,8.213266206031520286e-03,1.771979999999999944e-01,7.713900000000000097e-03,1.133269116333333465e-01,2.820193000689738116e-03
2.373829999999999927e+03,4.815127938333334245e-02,7.936623870779367304e-03,1.626160000000000105e-01,7.414330000000000226e-03,1.144647206166666681e-01,2.831555953415872216e-03
2.385699999999999818e+03,6.355998816726191047e-02,8.302634934826084306e-03,1.787350000000000050e-01,7.804069999999999757e-03,1.151750118327380945e-01,2.833767509181820462e-03
2.397630000000000109e+03,6.435611662857144977e-02,8.353953989611849831e-03,1.804610000000000103e-01,7.856139999999999304e-03,1.161048833714285605e-01,2.840706172935130325e-03
2.409619999999999891e+03,6.179133552499999071e-02,8.372998040081130675e-03,1.795219999999999871e-01,7.869539999999999522e-03,1.177306644749999964e-01,2.859621717570781565e-03
2.421670000000000073e+03,7.136619449690476125e-02,8.610139718727998284e-03,1.899639999999999940e-01,8.117730000000000085e-03,1.185978055030952327e-01,2.870011432576086499e-03
2.433769999999999982e+03,6.485882307291665483e-02,8.462075506991401444e-03,1.824639999999999873e-01,7.965480000000000477e-03,1.176051769270833325e-01,2.856195066101716289e-03
2.445940000000000055e+03,6.293887512452379929e-02,8.455730019385741120e-03,1.805799999999999905e-01,7.959219999999999490e-03,1.176411248754761912e-01,2.854853262838777730e-03
2.458170000000000073e+03,5.082270495124999177e-02,8.295782004445924340e-03,1.716799999999999993e-01,7.775179999999999592e-03,1.208572950487500075e-01,2.892503246824252704e-03
2.470460000000000036e+03,5.337199288595237401e-02,8.368359268960432612e-03,1.745150000000000035e-01,7.851610000000000186e-03,1.211430071140476294e-01,2.895109196955440549e-03
2.482820000000000164e+03,6.076667310142858103e-02,8.570791623921419217e-03,1.820319999999999994e-01,8.065090000000000453e-03,1.212653268985714183e-01,2.900481400144042359e-03
2.495230000000000018e+03,6.716185656375001090e-02,8.771201239194869811e-03,1.897560000000000080e-01,8.268920000000000783e-03,1.225941434362499971e-01,2.925565451678293922e-03
2.507710000000000036e+03,6.047770438309524321e-02,8.627437524417889275e-03,1.820319999999999994e-01,8.118820000000000550e-03,1.215542956169047561e-01,2.918465357912250480e-03
2.520250000000000000e+03,6.924287423511904516e-02,8.820771803590064103e-03,1.910580000000000056e-01,8.320910000000000806e-03,1.218151257648809604e-01,2.927195241679227036e-03
2.532849999999999909e+03,6.876861004583331716e-02,8.810105461626045048e-03,1.890479999999999938e-01,8.313199999999999756e-03,1.202793899541666767e-01,2.916961433576567477e-03
2.545510000000000218e+03,6.678715364416669409e-02,8.742727588574221095e-03,1.847650000000000126e-01,8.248149999999999232e-03,1.179778463558333185e-01,2.898845850595856491e-03
2.558239999999999782e+03,5.902607635809523079e-02,8.568911927044411958e-03,1.758129999999999971e-01,8.065610000000000834e-03,1.167869236419047663e-01,2.893473162368018041e-03
2.571030000000000200e+03,6.668921479821426912e-02,8.720339166417671872e-03,1.816059999999999897e-01,8.231280000000000541e-03,1.149167852017857205e-01,2.879295875549792421e-03
2.583880000000000109e+03,5.737803839857141819e-02,8.584528875971171591e-03,1.735569999999999891e-01,8.078119999999999398e-03,1.161789616014285709e-01,2.904843074588176182e-03
2.596800000000000182e+03,6.131217170000000105e-02,8.749369125796040148e-03,1.798029999999999906e-01,8.238860000000000627e-03,1.184908282999999896e-01,2.944935652918917804e-03
2.609789999999999964e+03,6.632631039910713566e-02,8.874218249723016261e-03,1.844459999999999988e-01,8.368769999999999334e-03,1.181196896008928632e-01,2.952192106014960883e-03
2.622840000000000146e+03,6.728393184333333887e-02,8.931377394627801683e-03,1.859159999999999979e-01,8.422900000000000525e-03,1.186320681566666591e-01,2.970565224880358356e-03
2.635949999999999818e+03,6.615585961577381824e-02,8.897099869290926027e-03,1.840179999999999871e-01,8.385029999999999914e-03,1.178621403842261689e-01,2.974837471734648880e-03
2.649130000000000109e+03,6.867638250738096473e-02,8.957450356230392888e-03,1.851129999999999998e-01,8.449959999999999416e-03,1.164366174926190350e-01,2.972220194186830922e-03
2.662380000000000109e+03,6.897504945535715137e-02,8.901032683179535207e-03,1.828599999999999948e-01,8.395160000000000469e-03,1.138849505446428434e-01,2.957984347732469429e-03
2.675690000000000055e+03,7.301130589416668371e-02,8.992528224811854529e-03,1.854139999999999955e-01,8.492440000000000405e-03,1.124026941058333118e-01,2.957030050648427541e-03
2.689070000000000164e+03,8.328933588297621204e-02,9.227263682927235033e-03,1.954940000000000011e-01,8.735460000000000447e-03,1.122046641170237891e-01,2.972227054359720747e-03
2.702510000000000218e+03,8.295046131672617618e-02,9.221794654745731762e-03,1.940780000000000005e-01,8.727479999999999266e-03,1.111275386832738243e-01,2.978689225799994230e-03
2.716019999999999982e+03,6.728729201011904304e-02,8.892127430523861023e-03,1.767120000000000080e-01,8.379519999999999677e-03,1.094247079898809649e-01,2.975495725131342001e-03
2.729610000000000127e+03,6.944680592547618214e-02,8.977686912954538703e-03,1.790539999999999909e-01,8.461240000000000080e-03,1.096071940745238088e-01,3.001046479052794664e-03
2.743250000000000000e+03,6.903215691666667042e-02,8.999584232180231347e-03,1.793909999999999949e-01,8.472330000000000139e-03,1.103588430833333245e-01,3.035150856746173919e-03
2.756969999999999800e+03,6.148459614500000059e-02,8.862382752093882210e-03,1.720990000000000020e-01,8.314929999999999891e-03,1.106144038550000014e-01,3.066556234558751558e-03
2.770750000000000000e+03,5.975389911458331427e-02,8.867883368680913939e-03,1.700669999999999960e-01,8.312669999999999434e-03,1.103131008854166817e-01,3.088506582739878898e-03
2.784610000000000127e+03,6.931446742874998457e-02,9.185388888354111686e-03,1.823569999999999913e-01,8.627350000000000643e-03,1.130425325712500068e-01,3.152808431826958739e-03
2.798530000000000200e+03,7.234139643547621290e-02,9.294240774574890826e-03,1.866960000000000008e-01,8.725580000000000142e-03,1.143546035645237879e-01,3.201119372871067889e-03
2.812519999999999982e+03,7.701941566285716578e-02,9.488567247666949284e-03,1.932010000000000116e-01,8.909800000000000705e-03,1.161815843371428458e-01,3.263184391587141322e-03
2.826590000000000146e+03,7.325295735559524124e-02,9.401191361499226101e-03,1.881710000000000049e-01,8.810619999999999910e-03,1.149180426444047637e-01,3.279538722309537080e-03
2.840719999999999800e+03,6.488423102857143743e-02,9.231151245307461783e-03,1.788970000000000005e-01,8.620779999999999763e-03,1.140127689714285630e-01,3.300955241341738643e-03
2.854920000000000073e+03,6.452856083238096840e-02,9.245010210688818508e-03,1.779090000000000116e-01,8.625640000000000390e-03,1.133804391676190432e-01,3.326942798747898819e-03
2.869199999999999818e+03,8.151076381190475173e-02,9.636563522478720778e-03,1.938860000000000028e-01,9.033909999999999163e-03,1.123752361880952511e-01,3.354374253816576508e-03
2.883539999999999964e+03,8.523306977059523504e-02,9.718374621608891206e-03,1.961360000000000048e-01,9.117429999999999285e-03,1.109029302294047697e-01,3.364413096073634417e-03
2.897960000000000036e+03,7.939277141952380545e-02,9.638829861742741201e-03,1.910679999999999878e-01,9.013800000000000631e-03,1.116752285804761824e-01,3.414447343805958671e-03
2.912449999999999818e+03,9.437664495773807893e-02,1.004872596147361741e-02,2.072019999999999973e-01,9.431560000000000291e-03,1.128253550422619184e-01,3.467357699343100261e-03
2.927010000000000218e+03,1.027313371148214083e-01,1.031367610088547784e-02,2.178039999999999976e-01,9.685839999999999381e-03,1.150726628851785893e-01,3.543503662814005868e-03
2.941650000000000091e+03,9.580146723273808007e-02,1.019694641747792910e-02,2.106129999999999947e-01,9.546890000000000584e-03,1.148115327672619146e-01,3.582542054019177778e-03
2.956360000000000127e+03,1.076764431566666486e-01,1.048397510663790118e-02,2.226960000000000051e-01,9.834400000000000086e-03,1.150195568433333565e-01,3.632947931997264172e-03
2.971139999999999873e+03,1.286696864457142764e-01,1.093458870109431311e-02,2.428539999999999865e-01,1.030069999999999944e-02,1.141843135542857102e-01,3.668897596295029370e-03
2.985989999999999782e+03,1.169858924470238148e-01,1.072982529551366401e-02,2.299579999999999957e-01,1.007160000000000000e-02,1.129721075529761809e-01,3.700273545596988612e-03
3.000920000000000073e+03,1.262684842878571412e-01,1.092306570326473554e-02,2.375400000000000011e-01,1.026819999999999990e-02,1.112715157121428600e-01,3.725242692474991547e-03
3.015929999999999836e+03,1.232556843322619167e-01,1.091142606456645819e-02,2.349710000000000132e-01,1.023559999999999921e-02,1.117153156677380965e-01,3.780437990828611206e-03
3.031010000000000218e+03,1.259638579762499822e-01,1.103508272873915570e-02,2.389249999999999985e-01,1.034200000000000050e-02,1.129611420237500025e-01,3.849167030685628644e-03
3.046159999999999854e+03,1.146075237038095135e-01,1.098109152118675706e-02,2.322549999999999892e-01,1.023360000000000068e-02,1.176474762961904758e-01,3.982185585414080992e-03
3.061389999999999873e+03,1.116705342041666854e-01,1.098903944301198379e-02,2.301140000000000130e-01,1.021509999999999953e-02,1.184434657958333276e-01,4.051014671668461652e-03
3.076699999999999818e+03,1.007211238125000075e-01,1.082836876932280479e-02,2.203249999999999931e-01,1.001039999999999916e-02,1.196038761874999856e-01,4.128615027396658269e-03
3.092079999999999927e+03,9.949046331761902950e-02,1.087848941241090044e-02,2.204029999999999878e-01,1.003229999999999920e-02,1.209125366823809583e-01,4.206481737264061195e-03
3.107539999999999964e+03,9.587166528202380189e-02,1.092764702539715874e-02,2.195159999999999889e-01,1.004000000000000031e-02,1.236443347179761870e-01,4.314147599662229542e-03
3.123079999999999927e+03,8.220760844595240147e-02,1.067464274790753606e-02,2.052430000000000088e-01,9.740850000000000550e-03,1.230353915540476073e-01,4.366215646638966878e-03
3.138699999999999818e+03,9.240982641369051287e-02,1.099070190978908637e-02,2.162370000000000125e-01,1.005089999999999976e-02,1.238271735863094997e-01,4.446902029485412348e-03
3.154389999999999873e+03,9.721526903517856144e-02,1.107071373988798534e-02,2.182439999999999936e-01,1.013159999999999929e-02,1.210287309648214321e-01,4.462217402877703513e-03
3.170159999999999854e+03,9.593317408571426508e-02,1.107059099244209199e-02,2.166319999999999912e-01,1.011570000000000004e-02,1.206988259142857262e-01,4.497843753615724145e-03
3.186010000000000218e+03,8.926805219593748897e-02,1.097013679456406397e-02,2.111419999999999964e-01,1.001480000000000078e-02,1.218739478040625074e-01,4.477463819111027372e-03
3.201940000000000055e+03,7.247451132892858416e-02,1.057571778091921481e-02,1.931980000000000086e-01,9.609609999999999333e-03,1.207234886710714244e-01,4.416016556756876751e-03
3.217949999999999818e+03,7.669065663593747917e-02,1.062888765410417539e-02,1.959829999999999905e-01,9.697100000000000164e-03,1.192923433640625114e-01,4.351954084496775788e-03
3.234039999999999964e+03,7.995433739785713645e-02,1.072306766406861886e-02,1.998749999999999971e-01,9.811920000000000017e-03,1.199206626021428607e-01,4.325552686281142027e-03
3.250210000000000036e+03,7.989683309058036309e-02,1.072465617246155974e-02,1.987539999999999862e-01,9.837979999999999642e-03,1.188571669094196231e-01,4.269941397386837166e-03
3.266469999999999800e+03,7.769415399584821136e-02,1.069478476034918003e-02,1.968749999999999944e-01,9.818320000000000172e-03,1.191808460041517831e-01,4.240166676888662382e-03
3.282800000000000182e+03,7.994193539464287956e-02,1.074983205223671058e-02,1.986680000000000113e-01,9.898270000000000679e-03,1.187260646053571317e-01,4.193225507696395418e-03
3.299210000000000036e+03,8.472815589075895215e-02,1.083983069267172895e-02,2.022150000000000059e-01,1.001930000000000008e-02,1.174868441092410537e-01,4.137095231655668094e-03
3.315710000000000036e+03,8.007046411495535865e-02,1.073405709054165921e-02,1.978739999999999943e-01,9.918339999999999448e-03,1.178035358850446357e-01,4.104450422091572570e-03
3.332289999999999964e+03,8.952744113535712756e-02,1.099098490393492049e-02,2.080259999999999887e-01,1.020790000000000065e-02,1.184985588646428611e-01,4.074374399650243853e-03
3.348949999999999818e+03,8.461600446897321604e-02,1.096247379798335336e-02,2.050909999999999955e-01,1.017760000000000019e-02,1.204749955310267795e-01,4.073363476473904586e-03
3.365690000000000055e+03,7.849224780272320845e-02,1.085372258596040834e-02,2.000669999999999948e-01,1.006819999999999937e-02,1.215747521972767864e-01,4.053966296478930809e-03
3.382519999999999982e+03,6.682863924250000143e-02,1.061811053019542060e-02,1.892570000000000086e-01,9.824470000000000078e-03,1.224283607575000071e-01,4.027910184021842033e-03
3.399429999999999836e+03,5.941582023732144835e-02,1.054073047843236480e-02,1.845529999999999948e-01,9.735989999999999922e-03,1.251371797626785465e-01,4.039492262506883848e-03
3.416429999999999836e+03,6.486359076017855774e-02,1.067231053420924711e-02,1.896809999999999885e-01,9.896890000000000201e-03,1.248174092398214308e-01,3.993717624781908428e-03
3.433510000000000218e+03,5.254727564308037113e-02,1.039790034061132372e-02,1.780849999999999933e-01,9.613299999999999970e-03,1.255377243569196222e-01,3.962422819852154214e-03
3.450679999999999836e+03,6.269603051696426288e-02,1.065189587203789479e-02,1.883769999999999889e-01,9.899949999999999375e-03,1.256809694830357260e-01,3.931141776410252038e-03
3.467929999999999836e+03,7.084201974602677421e-02,1.079775459363788333e-02,1.935389999999999888e-01,1.008820000000000029e-02,1.226969802539732146e-01,3.849639596693176825e-03
3.485269999999999982e+03,6.411186261455356639e-02,1.061241543099402870e-02,1.847999999999999921e-01,9.913599999999999843e-03,1.206881373854464257e-01,3.787333668955002435e-03
3.502699999999999818e+03,6.481849068883926979e-02,1.061549071930827960e-02,1.842419999999999891e-01,9.937220000000000081e-03,1.194235093111607193e-01,3.733671367879101786e-03
3.520210000000000036e+03,7.429796125531248907e-02,1.080371266359047427e-02,1.916609999999999980e-01,1.015929999999999958e-02,1.173630387446875090e-01,3.675436141116476818e-03
3.537809999999999945e+03,6.782510241428571507e-02,1.061262310252130206e-02,1.847850000000000048e-01,9.969890000000000349e-03,1.169598975857142897e-01,3.637177821342926949e-03
3.555500000000000000e+03,7.105917801116073962e-02,1.074973613213754155e-02,1.885380000000000111e-01,1.012249999999999955e-02,1.174788219888392715e-01,3.618262105014424367e-03
3.573280000000000200e+03,6.523610869142858204e-02,1.063016264100705328e-02,1.831990000000000007e-01,1.000299999999999974e-02,1.179628913085714187e-01,3.597269627684595867e-03
3.591150000000000091e+03,6.105792470870535782e-02,1.059468346021299676e-02,1.809169999999999945e-01,9.962870000000000406e-03,1.198590752912946367e-01,3.603961568220565362e-03
3.609099999999999909e+03,5.194463806875000700e-02,1.044539810293180181e-02,1.734030000000000016e-01,9.803829999999999489e-03,1.214583619312499946e-01,3.604338893588019017e-03
3.627150000000000091e+03,5.291332406473214789e-02,1.057275920650073420e-02,1.766310000000000102e-01,9.934600000000000028e-03,1.237176759352678623e-01,3.617590369105661788e-03
3.645280000000000200e+03,5.786769232285715603e-02,1.074432351835681240e-02,1.827330000000000065e-01,1.011779999999999971e-02,1.248653076771428505e-01,3.615330002519179676e-03
3.663510000000000218e+03,5.954140248031250526e-02,1.087575285493371652e-02,1.873170000000000113e-01,1.024910000000000057e-02,1.277755975196875060e-01,3.638399284245596305e-03
3.681829999999999927e+03,5.599263696732140194e-02,1.087936638196911748e-02,1.862659999999999871e-01,1.024539999999999999e-02,1.302733630326785852e-01,3.659561683196473330e-03
3.700239999999999782e+03,4.872840367857145250e-02,1.076464647642998498e-02,1.802130000000000121e-01,1.012180000000000024e-02,1.314845963214285596e-01,3.664256885443006959e-03
3.718739999999999782e+03,4.013550705124999118e-02,1.054108481615115972e-02,1.706749999999999934e-01,9.893549999999999220e-03,1.305394929487500022e-01,3.637600513909206804e-03
3.737329999999999927e+03,4.645910948950895958e-02,1.070688324550933893e-02,1.765140000000000042e-01,1.007710000000000029e-02,1.300548905104910447e-01,3.617928194833142531e-03
3.756019999999999982e+03,5.434607271553573704e-02,1.093264150430114587e-02,1.837330000000000074e-01,1.032289999999999944e-02,1.293869272844642704e-01,3.600053590096683517e-03
3.774800000000000182e+03,5.624401792499997277e-02,1.098747206334176746e-02,1.855239999999999945e-01,1.038369999999999918e-02,1.292799820750000217e-01,3.592118685778047243e-03
3.793670000000000073e+03,5.588757417058035082e-02,1.100503556890358205e-02,1.855310000000000015e-01,1.040340000000000015e-02,1.296434258294196507e-01,3.588882320839312853e-03
3.812639999999999873e+03,5.656849094857144267e-02,1.104643370348446126e-02,1.850920000000000065e-01,1.045349999999999925e-02,1.285235090514285639e-01,3.570439092811620706e-03
3.831699999999999818e+03,7.379414041875001495e-02,1.148361843383579120e-02,2.007770000000000110e-01,1.092120000000000070e-02,1.269828595812499961e-01,3.549772231275290669e-03
3.850860000000000127e+03,6.570763666607143394e-02,1.136977731615949373e-02,1.942869999999999875e-01,1.079199999999999951e-02,1.285793633339285535e-01,3.578347693986010103e-03
3.870119999999999891e+03,6.090334780017855887e-02,1.131911339864047177e-02,1.915439999999999920e-01,1.072520000000000071e-02,1.306406521998214332e-01,3.618343970835587262e-03
3.889469999999999800e+03,6.242851102116073192e-02,1.141273545900387855e-02,1.930610000000000104e-01,1.081979999999999921e-02,1.306324889788392785e-01,3.630765569023220677e-03
3.908920000000000073e+03,6.028708235624999356e-02,1.139804205086468458e-02,1.910679999999999878e-01,1.079809999999999971e-02,1.307809176437499943e-01,3.649164148579730430e-03
3.928460000000000036e+03,5.992224136062498929e-02,1.149754331907531721e-02,1.930900000000000116e-01,1.088420000000000012e-02,1.331677586393750223e-01,3.705090111456592512e-03
3.948099999999999909e+03,5.812159704017857975e-02,1.151680639306249497e-02,1.930310000000000081e-01,1.088850000000000061e-02,1.349094029598214284e-01,3.751985773598452006e-03
3.967840000000000146e+03,5.126196263000001863e-02,1.141702536540990277e-02,1.882900000000000129e-01,1.076399999999999926e-02,1.370280373699999943e-01,3.805886518856432289e-03
3.987679999999999836e+03,5.681768022571431764e-02,1.163765688274673825e-02,1.939480000000000093e-01,1.098820000000000005e-02,1.371303197742856916e-01,3.833342990203528547e-03
4.007619999999999891e+03,7.381111359749997769e-02,1.205034785759461283e-02,2.084229999999999972e-01,1.142680000000000085e-02,1.346118864025000195e-01,3.826110982320701098e-03
4.027659999999999854e+03,6.739921089750000593e-02,1.192661764761519458e-02,2.027450000000000085e-01,1.128099999999999936e-02,1.353457891025000026e-01,3.870820005167668020e-03
4.047800000000000182e+03,5.300270014999999835e-02,1.162258637540205218e-02,1.894510000000000083e-01,1.094159999999999924e-02,1.364482998500000099e-01,3.919936669600851929e-03
4.068039999999999964e+03,4.085531119482141427e-02,1.128946148905492740e-02,1.759620000000000073e-01,1.057890000000000046e-02,1.351066888051785930e-01,3.941930428464495394e-03
4.088380000000000109e+03,5.032956001910715571e-02,1.152373461572744028e-02,1.831099999999999950e-01,1.082450000000000079e-02,1.327804399808928393e-01,3.953056949212194887e-03
4.108819999999999709e+03,5.312386508401784058e-02,1.158889633336943753e-02,1.837419999999999887e-01,1.088850000000000061e-02,1.306181349159821481e-01,3.967755785779110075e-03
4.129359999999999673e+03,5.327032027892858457e-02,1.164454136383319752e-02,1.843480000000000119e-01,1.092349999999999918e-02,1.310776797210714273e-01,4.033917614927494920e-03
4.150010000000000218e+03,5.958218831450892705e-02,1.185960066263976043e-02,1.905199999999999949e-01,1.113470000000000085e-02,1.309378116854910679e-01,4.082717696251529117e-03
4.170760000000000218e+03,4.705584959071429374e-02,1.159073416087478062e-02,1.784000000000000030e-01,1.082190000000000062e-02,1.313441504092857093e-01,4.151096093572104878e-03
4.191609999999999673e+03,3.885072131705358256e-02,1.137525083530612109e-02,1.694710000000000105e-01,1.057040000000000063e-02,1.306202786829464280e-01,4.202734277364273546e-03
4.212569999999999709e+03,4.963680885352680927e-02,1.175234552353004482e-02,1.803240000000000121e-01,1.095160000000000057e-02,1.306871911464732028e-01,4.263810824184944073e-03
4.233630000000000109e+03,6.159856597758928132e-02,1.215181123401640022e-02,1.930040000000000089e-01,1.134809999999999985e-02,1.314054340224107276e-01,4.345934037369551112e-03
4.254800000000000182e+03,7.721931764642858687e-02,1.267177096610448868e-02,2.098480000000000067e-01,1.186830000000000003e-02,1.326286823535714199e-01,4.440409274763833410e-03
4.276079999999999927e+03,6.180310968714283759e-02,1.240345074743741914e-02,1.969539999999999902e-01,1.153610000000000052e-02,1.351508903128571526e-01,4.556751829330389462e-03
4.297460000000000036e+03,4.575973303455355135e-02,1.198222753345195603e-02,1.798369999999999969e-01,1.105760000000000076e-02,1.340772669654464455e-01,4.615545352763214017e-03
4.318939999999999600e+03,4.954019361732142634e-02,1.223435200678271197e-02,1.865799999999999959e-01,1.127279999999999949e-02,1.370398063826785695e-01,4.754297969823536793e-03
4.340539999999999964e+03,5.274839122062499608e-02,1.241163442538848957e-02,1.902639999999999887e-01,1.142540000000000049e-02,1.375156087793749926e-01,4.848598142709769319e-03
4.362239999999999782e+03,4.059633545499996554e-02,1.217726626911523440e-02,1.788849999999999885e-01,1.112250000000000044e-02,1.382886645450000229e-01,4.957399271687889554e-03
4.384050000000000182e+03,4.592168900156251565e-02,1.246233104319263880e-02,1.860080000000000067e-01,1.137840000000000032e-02,1.400863109984374910e-01,5.083474055222756208e-03
4.405970000000000255e+03,5.380564123799105869e-02,1.268906652011510781e-02,1.924130000000000007e-01,1.159639999999999976e-02,1.386073587620089420e-01,5.151302378224960864e-03
4.428000000000000000e+03,6.688068353571430258e-02,1.303865787327671173e-02,2.035810000000000120e-01,1.195060000000000046e-02,1.367003164642857094e-01,5.214379999229128149e-03
4.450140000000000327e+03,6.158282707205356421e-02,1.291057458259239898e-02,1.964579999999999937e-01,1.178030000000000049e-02,1.348751729279464295e-01,5.282751930829318598e-03
4.472390000000000327e+03,5.159207912522320583e-02,1.269377315806357633e-02,1.855739999999999890e-01,1.150490000000000020e-02,1.339819208747767831e-01,5.363688374465405868e-03
4.494750000000000000e+03,4.287853584374998195e-02,1.235838559078298801e-02,1.727609999999999979e-01,1.112529999999999943e-02,1.298824641562500160e-01,5.381207515091069454e-03
4.517229999999999563e+03,4.144212499999999633e-02,1.223923331715982138e-02,1.691570000000000018e-01,1.099789999999999969e-02,1.277148750000000055e-01,5.370756723393361673e-03
4.539810000000000400e+03,4.965875000000000150e-02,1.243205964302199727e-02,1.746820000000000039e-01,1.123219999999999948e-02,1.250232500000000024e-01,5.328582375046504380e-03
4.562510000000000218e+03,6.375137499999998514e-02,1.280756281804939188e-02,1.862979999999999914e-01,1.166490000000000062e-02,1.225466250000000062e-01,5.288078415481491969e-03
4.585329999999999927e+03,6.628337499999999161e-02,1.291673444906475676e-02,1.887919999999999876e-01,1.177959999999999945e-02,1.225086249999999960e-01,5.299344550758730392e-03
4.608250000000000000e+03,6.809399999999998787e-02,1.301271011785808812e-02,1.905439999999999912e-01,1.187999999999999994e-02,1.224500000000000033e-01,5.310011733641108699e-03
4.631289999999999964e+03,6.019524999999999182e-02,1.288532258148418659e-02,1.847739999999999938e-01,1.171050000000000042e-02,1.245787500000000020e-01,5.375474656149561645e-03
4.654449999999999818e+03,6.120487499999999192e-02,1.292842551043049508e-02,1.858329999999999982e-01,1.174940000000000012e-02,1.246281250000000063e-01,5.394050965531378868e-03
4.677720000000000255e+03,5.750387500000000984e-02,1.293424014123945205e-02,1.838980000000000059e-01,1.172899999999999984e-02,1.263941249999999961e-01,5.452075479232656834e-03
4.701109999999999673e+03,4.674237500000000267e-02,1.269696101652502580e-02,1.738939999999999930e-01,1.145159999999999928e-02,1.271516249999999904e-01,5.483947163782329146e-03
4.724619999999999891e+03,6.210412500000001002e-02,1.325631950241680859e-02,1.912500000000000033e-01,1.204219999999999943e-02,1.291458749999999933e-01,5.542149935733988245e-03
4.748239999999999782e+03,5.254300000000000637e-02,1.308590762927934123e-02,1.834030000000000105e-01,1.182910000000000038e-02,1.308600000000000041e-01,5.595835207726479639e-03
4.771979999999999563e+03,6.000362500000000487e-02,1.332874735664186377e-02,1.906120000000000037e-01,1.209170000000000036e-02,1.306083749999999988e-01,5.607699814289946079e-03
4.795840000000000146e+03,5.930299999999996685e-02,1.331049644090848659e-02,1.891549999999999898e-01,1.207120000000000068e-02,1.298520000000000230e-01,5.608515495515502443e-03
4.819819999999999709e+03,6.865900000000002557e-02,1.351899475840035413e-02,1.958300000000000041e-01,1.232270000000000067e-02,1.271709999999999785e-01,5.560061509341083889e-03
4.843920000000000073e+03,6.434137500000000620e-02,1.345227729351289141e-02,1.924760000000000082e-01,1.223450000000000058e-02,1.281346250000000020e-01,5.592921788436031570e-03
4.868140000000000327e+03,5.326900000000001079e-02,1.316106878266469840e-02,1.812819999999999987e-01,1.191000000000000045e-02,1.280129999999999879e-01,5.600502790110120817e-03
4.892479999999999563e+03,4.786799999999999389e-02,1.310512588959111303e-02,1.774229999999999974e-01,1.182799999999999997e-02,1.295550000000000035e-01,5.642937230027572290e-03
4.916939999999999600e+03,5.134362500000003160e-02,1.326762621112476809e-02,1.817660000000000109e-01,1.199459999999999936e-02,1.304223749999999793e-01,5.670932561592052432e-03
4.941529999999999745e+03,5.553050000000001041e-02,1.336430295861072010e-02,1.846669999999999978e-01,1.210989999999999983e-02,1.291364999999999874e-01,5.652867905721063908e-03
4.966229999999999563e+03,5.283687500000000536e-02,1.336696548064598110e-02,1.828110000000000013e-01,1.209799999999999938e-02,1.299741249999999959e-01,5.684554702066050777e-03
4.991069999999999709e+03,5.082312499999999678e-02,1.343222526829718037e-02,1.834909999999999874e-01,1.213460000000000059e-02,1.326678749999999907e-01,5.759874868283273303e-03
5.016020000000000437e+03,5.315924999999999123e-02,1.369215025005774029e-02,1.901390000000000025e-01,1.237049999999999955e-02,1.369797500000000112e-01,5.869046619354479320e-03
5.041100000000000364e+03,3.430262500000003101e-02,1.328756143029661413e-02,1.744140000000000135e-01,1.188039999999999929e-02,1.401113749999999825e-01,5.951082641327227335e-03
5.066310000000000400e+03,2.950437499999997160e-02,1.325212005494899072e-02,1.715369999999999950e-01,1.181169999999999963e-02,1.420326250000000234e-01,6.008529692094501801e-03
5.091640000000000327e+03,3.784912500000001123e-02,1.356487221316630271e-02,1.805779999999999885e-01,1.214490000000000014e-02,1.427288749999999773e-01,6.042115701435321964e-03
5.117100000000000364e+03,3.623862499999999653e-02,1.362105096999447797e-02,1.805859999999999965e-01,1.217960000000000050e-02,1.443473750000000000e-01,6.098391047414677968e-03
5.142680000000000291e+03,2.975287499999998420e-02,1.357289024964492344e-02,1.772829999999999961e-01,1.208500000000000026e-02,1.475301250000000119e-01,6.178683090182425681e-03
5.168399999999999636e+03,2.220725000000001170e-02,1.341724924670198611e-02,1.712589999999999946e-01,1.188780000000000045e-02,1.490517499999999829e-01,6.221156524965836682e-03
5.194239999999999782e+03,2.887312499999999948e-02,1.367514120831458783e-02,1.775249999999999884e-01,1.217700000000000032e-02,1.486518749999999889e-01,6.223355852539990719e-03
5.220210000000000036e+03,2.850362500000000465e-02,1.370599910139146810e-02,1.767390000000000072e-01,1.221019999999999918e-02,1.482353750000000026e-01,6.226188828436200404e-03
5.246310000000000400e+03,2.879262499999998837e-02,1.372405337936600557e-02,1.760960000000000025e-01,1.223360000000000072e-02,1.473033750000000142e-01,6.220021880965331124e-03
5.272539999999999964e+03,2.974074999999998248e-02,1.369314222849114630e-02,1.761649999999999883e-01,1.220129999999999999e-02,1.464242500000000058e-01,6.215337673826539303e-03
5.298899999999999636e+03,2.643474999999997910e-02,1.364934594173036753e-02,1.736959999999999893e-01,1.213440000000000005e-02,1.472612500000000102e-01,6.249878500981538750e-03
5.325399999999999636e+03,2.084662500000000751e-02,1.354642345185736590e-02,1.688910000000000133e-01,1.200189999999999937e-02,1.480443750000000058e-01,6.281718294147808045e-03
5.352029999999999745e+03,2.563362499999999322e-02,1.379943052820704376e-02,1.754350000000000076e-01,1.225799999999999980e-02,1.498013750000000144e-01,6.337643008470302160e-03
5.378789999999999964e+03,2.822312499999998781e-02,1.392959398114989970e-02,1.783959999999999990e-01,1.239239999999999960e-02,1.501728750000000112e-01,6.360975610681706208e-03
5.405680000000000291e+03,2.606087500000001111e-02,1.391603848830437647e-02,1.766250000000000042e-01,1.236429999999999994e-02,1.505641249999999931e-01,6.385938671641683967e-03
5.432710000000000036e+03,1.839950000000001307e-02,1.365211837540583791e-02,1.668620000000000103e-01,1.207779999999999965e-02,1.484624999999999972e-01,6.364517522648024776e-03
5.459869999999999891e+03,2.195249999999998591e-02,1.371070945771042313e-02,1.682879999999999932e-01,1.215680000000000059e-02,1.463355000000000072e-01,6.340013217158936044e-03
5.487170000000000073e+03,3.032499999999999085e-02,1.402970303949467937e-02,1.773369999999999946e-01,1.250010000000000010e-02,1.470120000000000038e-01,6.370248611036012816e-03
5.514609999999999673e+03,2.789774999999999894e-02,1.389923447899312284e-02,1.726159999999999917e-01,1.237169999999999936e-02,1.447182499999999927e-01,6.334805301825089004e-03
5.542180000000000291e+03,2.870512499999997025e-02,1.385193805134433964e-02,1.710379999999999956e-01,1.233489999999999934e-02,1.423328750000000253e-01,6.302890588315907504e-03
5.569890000000000327e+03,3.627612499999999240e-02,1.405126686364191295e-02,1.767759999999999887e-01,1.257010000000000072e-02,1.404998749999999963e-01,6.279385834879175517e-03
5.597739999999999782e+03,4.831262499999999793e-02,1.450207430544959118e-02,1.885519999999999974e-01,1.306739999999999985e-02,1.402393749999999994e-01,6.289134789522423177e-03
5.625729999999999563e+03,4.729912499999999742e-02,1.446234428890355410e-02,1.870489999999999930e-01,1.302299999999999985e-02,1.397498749999999956e-01,6.289743502781433224e-03
5.653859999999999673e+03,3.245987499999997139e-02,1.405157872608314880e-02,1.729189999999999894e-01,1.255240000000000002e-02,1.404591250000000180e-01,6.315387473093990629e-03
5.682130000000000109e+03,5.064337500000001824e-02,1.471197371497639204e-02,1.935350000000000126e-01,1.325630000000000037e-02,1.428916249999999943e-01,6.380648940363060038e-03
5.710539999999999964e+03,4.835224999999998552e-02,1.478211548781689991e-02,1.942679999999999962e-01,1.329170000000000004e-02,1.459157500000000107e-01,6.468512147716524822e-03
5.739090000000000146e+03,3.788225000000000620e-02,1.457882702023511473e-02,1.853819999999999912e-01,1.304059999999999941e-02,1.474997499999999850e-01,6.518047938296979080e-03
5.767789999999999964e+03,3.201512500000000538e-02,1.435398971697960518e-02,1.776260000000000061e-01,1.280320000000000069e-02,1.456108750000000007e-01,6.489614052866028715e-03
5.796619999999999891e+03,2.757412500000000488e-02,1.415760517134364259e-02,1.712780000000000136e-01,1.259620000000000010e-02,1.437038750000000087e-01,6.463244521728715719e-03
5.825609999999999673e+03,3.532112500000000876e-02,1.443377703340869428e-02,1.779850000000000043e-01,1.290980000000000079e-02,1.426638749999999956e-01,6.455306608531948855e-03
5.854739999999999782e+03,4.942974999999999453e-02,1.487219081932471265e-02,1.905959999999999877e-01,1.340670000000000056e-02,1.411662499999999931e-01,6.437581446195943420e-03
5.884010000000000218e+03,5.549500000000001654e-02,1.512147740735838262e-02,1.978509999999999991e-01,1.366009999999999967e-02,1.423559999999999826e-01,6.485425735543504100e-03
5.913430000000000291e+03,5.121137499999997567e-02,1.507883335140272098e-02,1.953749999999999931e-01,1.358630000000000081e-02,1.441636250000000175e-01,6.540922530452031487e-03
5.943000000000000000e+03,4.054525000000000490e-02,1.473696738042528168e-02,1.839550000000000074e-01,1.321040000000000061e-02,1.434097500000000025e-01,6.531733262444107749e-03
5.972710000000000036e+03,2.322924999999997908e-02,1.426264844043042754e-02,1.679329999999999989e-01,1.265720000000000039e-02,1.447037500000000199e-01,6.574072458933846036e-03
6.002569999999999709e+03,4.624675000000000313e-02,1.518219821538020070e-02,1.939569999999999905e-01,1.364339999999999997e-02,1.477102499999999874e-01,6.660088519764114333e-03
6.032590000000000146e+03,4.511837499999998835e-02,1.520881707216861431e-02,1.924180000000000057e-01,1.366990000000000045e-02,1.472996250000000173e-01,6.666479635061334577e-03
6.062750000000000000e+03,5.070612500000001854e-02,1.548467254932579112e-02,1.996529999999999971e-01,1.394959999999999950e-02,1.489468749999999786e-01,6.721885434894271129e-03
6.093060000000000400e+03,4.606912499999996080e-02,1.542575660803425543e-02,1.966199999999999892e-01,1.385959999999999970e-02,1.505508750000000284e-01,6.772403913700991360e-03
6.123529999999999745e+03,4.350887500000000241e-02,1.526259169253271764e-02,1.916269999999999918e-01,1.369959999999999928e-02,1.481181249999999894e-01,6.728124925487691081e-03
6.154149999999999636e+03,4.949924999999996689e-02,1.528727162390230987e-02,1.927609999999999879e-01,1.377190000000000011e-02,1.432617500000000210e-01,6.635920741914324260e-03
6.184920000000000073e+03,5.227612500000000662e-02,1.521606486120734118e-02,1.911009999999999931e-01,1.373180000000000060e-02,1.388248749999999865e-01,6.554868314502492778e-03
6.215840000000000146e+03,4.283912500000000567e-02,1.483777366539956906e-02,1.790490000000000137e-01,1.333359999999999927e-02,1.362098750000000080e-01,6.509580507653699513e-03
6.246920000000000073e+03,4.622049999999999770e-02,1.486845333698898035e-02,1.803279999999999883e-01,1.338639999999999969e-02,1.341074999999999906e-01,6.471104980930131485e-03
6.278159999999999854e+03,5.067987499999998535e-02,1.515999080645231631e-02,1.875000000000000000e-01,1.367319999999999994e-02,1.368201250000000146e-01,6.547436369428782064e-03
6.309550000000000182e+03,6.309587500000002347e-02,1.568524935519634983e-02,2.013060000000000127e-01,1.423179999999999931e-02,1.382101249999999892e-01,6.594157724432097439e-03
6.341090000000000146e+03,3.391687500000001299e-02,1.498803537531583248e-02,1.770889999999999964e-01,1.339010000000000027e-02,1.431721249999999834e-01,6.733975527258675639e-03
6.372800000000000182e+03,5.175737499999999436e-02,1.572740750552002048e-02,1.980210000000000026e-01,1.416949999999999980e-02,1.462636250000000082e-01,6.824706337615377323e-03
6.404659999999999854e+03,3.606087500000002000e-02,1.548038109365165033e-02,1.873930000000000040e-01,1.382839999999999937e-02,1.513321249999999840e-01,6.958272216914735027e-03
6.436689999999999600e+03,2.116700000000001913e-02,1.526881830415544906e-02,1.787209999999999910e-01,1.351059999999999935e-02,1.575539999999999718e-01,7.113402845707003999e-03
6.468869999999999891e+03,3.959874999999998813e-02,1.610328782753889937e-02,2.022519999999999873e-01,1.438110000000000083e-02,1.626532499999999992e-01,7.245677445661137181e-03
6.501220000000000255e+03,1.756450000000001066e-02,1.559721149075011908e-02,1.835670000000000079e-01,1.376420000000000074e-02,1.660024999999999973e-01,7.336198242086121486e-03
6.533720000000000255e+03,1.563874999999997906e-02,1.559113731059452029e-02,1.821470000000000034e-01,1.374200000000000074e-02,1.665082500000000243e-01,7.364848853697711709e-03
6.566390000000000327e+03,1.766837499999998617e-02,1.570411109195912758e-02,1.840590000000000004e-01,1.386199999999999932e-02,1.663906250000000142e-01,7.379977045261981033e-03
6.599220000000000255e+03,2.564724999999998256e-02,1.597154905099807537e-02,1.909559999999999869e-01,1.416989999999999916e-02,1.653087500000000043e-01,7.369146020974037641e-03
6.632220000000000255e+03,1.943200000000000482e-02,1.595952333993621436e-02,1.889740000000000031e-01,1.409720000000000070e-02,1.695419999999999983e-01,7.481666752667399424e-03
6.665380000000000109e+03,2.835399999999999032e-02,1.628974504045317337e-02,1.986860000000000015e-01,1.445029999999999926e-02,1.703320000000000112e-01,7.519615907276697674e-03
6.698710000000000036e+03,2.537162499999998100e-02,1.612230505303037520e-02,1.931819999999999926e-01,1.428229999999999951e-02,1.678103750000000116e-01,7.479614089842386883e-03
6.732199999999999818e+03,2.461525000000000518e-02,1.605634907969624714e-02,1.904200000000000059e-01,1.422409999999999994e-02,1.658047500000000007e-01,7.448578720740118599e-03
6.765859999999999673e+03,2.111474999999998770e-02,1.605926259823477892e-02,1.881460000000000077e-01,1.420450000000000011e-02,1.670312500000000200e-01,7.492135539955380348e-03
6.799689999999999600e+03,2.378587500000001187e-02,1.631645679984149513e-02,1.931350000000000011e-01,1.446159999999999980e-02,1.693491249999999892e-01,7.555718889761168719e-03
6.833689999999999600e+03,2.312512499999999638e-02,1.640147134313527100e-02,1.941910000000000025e-01,1.453050000000000001e-02,1.710658750000000061e-01,7.607419534223645169e-03
6.867859999999999673e+03,3.359737499999998489e-02,1.675827234334117607e-02,2.043740000000000001e-01,1.492789999999999916e-02,1.707766250000000152e-01,7.615608545848044121e-03
6.902199999999999818e+03,4.567987500000000867e-02,1.704000547890445125e-02,2.131079999999999919e-01,1.527459999999999929e-02,1.674281249999999832e-01,7.553037902797373609e-03
6.936710000000000036e+03,3.042187500000001488e-02,1.665782934887057032e-02,1.994090000000000029e-01,1.482319999999999992e-02,1.689871249999999880e-01,7.599738178127832776e-03
6.971390000000000327e+03,2.425149999999998141e-02,1.653805803950769010e-02,1.945639999999999870e-01,1.466660000000000012e-02,1.703125000000000056e-01,7.641872032304977344e-03
7.006250000000000000e+03,2.562637499999997903e-02,1.659114654058754454e-02,1.957309999999999883e-01,1.472299999999999998e-02,1.701046250000000093e-01,7.648490997003918636e-03
7.041279999999999745e+03,2.596362500000001794e-02,1.655220423850324932e-02,1.945610000000000117e-01,1.469129999999999915e-02,1.685973749999999938e-01,7.625035702416415456e-03
7.076489999999999782e+03,1.571300000000000474e-02,1.632173516275058078e-02,1.865239999999999954e-01,1.439340000000000064e-02,1.708109999999999906e-01,7.696042824917800028e-03
7.111869999999999891e+03,3.486887499999999362e-02,1.719223157833575308e-02,2.100100000000000022e-01,1.531219999999999977e-02,1.751411250000000086e-01,7.817247456945763603e-03
7.147430000000000291e+03,1.315262500000000112e-02,1.668181071367478771e-02,1.923020000000000007e-01,1.467770000000000012e-02,1.791493749999999996e-01,7.927668723961351499e-03
7.183159999999999854e+03,-2.454249999999991161e-03,1.632147551798607266e-02,1.798780000000000101e-01,1.421640000000000056e-02,1.823322500000000013e-01,8.017763661035334777e-03
7.219079999999999927e+03,1.391975000000000851e-02,1.693128403119503397e-02,1.959720000000000073e-01,1.490460000000000049e-02,1.820522499999999988e-01,8.032513789904129758e-03
7.255180000000000291e+03,9.969374999999974785e-03,1.686519536438134403e-02,1.924319999999999919e-01,1.481479999999999950e-02,1.824626250000000172e-01,8.059560511513640807e-03
7.291449999999999818e+03,7.681875000000004672e-03,1.687900864472644327e-02,1.916190000000000115e-01,1.480260000000000083e-02,1.839371250000000069e-01,8.110731537213519693e-03
7.327909999999999854e+03,6.051000000000000822e-03,1.691110617381000672e-02,1.913990000000000136e-01,1.481099999999999951e-02,1.853480000000000127e-01,8.162094769228975602e-03
7.364550000000000182e+03,1.320212499999998124e-02,1.714679195187196817e-02,1.976719999999999866e-01,1.508259999999999983e-02,1.844698750000000054e-01,8.156448460008881851e-03
7.401369999999999891e+03,2.990737499999995830e-02,1.755470432169198639e-02,2.093329999999999913e-01,1.559520000000000003e-02,1.794256250000000330e-01,8.059614183199543744e-03
7.438380000000000109e+03,2.893212499999997522e-02,1.734933515969073678e-02,2.036669999999999869e-01,1.541059999999999999e-02,1.747348750000000117e-01,7.969494220041900209e-03
7.475569999999999709e+03,2.447162499999999685e-02,1.705674642145392494e-02,1.952490000000000059e-01,1.511999999999999976e-02,1.707773750000000090e-01,7.894187639382614988e-03
7.512949999999999818e+03,1.901749999999999274e-02,1.681383721475782078e-02,1.873660000000000048e-01,1.486780000000000046e-02,1.683485000000000120e-01,7.851983510195052751e-03
7.550510000000000218e+03,1.193837499999997331e-02,1.671465390617242128e-02,1.833519999999999872e-01,1.470879999999999931e-02,1.714136250000000139e-01,7.939197551587000301e-03
7.588260000000000218e+03,1.692024999999999779e-02,1.709596265798229292e-02,1.925679999999999892e-01,1.508029999999999961e-02,1.756477499999999914e-01,8.053352787077255534e-03
7.626210000000000036e+03,2.307537499999998132e-02,1.744649091106862185e-02,2.013459999999999972e-01,1.543590000000000066e-02,1.782706250000000159e-01,8.130992331812889745e-03
7.664340000000000146e+03,1.969812499999998301e-02,1.725340665129643236e-02,1.943459999999999910e-01,1.524999999999999967e-02,1.746478750000000080e-01,8.069544043810654432e-03
7.702659999999999854e+03,1.300850000000000617e-02,1.702265668120725439e-02,1.870590000000000031e-01,1.498900000000000059e-02,1.740504999999999969e-01,8.068501687813542725e-03
7.741170000000000073e+03,1.220075000000001020e-02,1.706067076496316226e-02,1.871639999999999970e-01,1.501300000000000030e-02,1.749632499999999868e-01,8.104092666700495398e-03
7.779880000000000109e+03,1.398074999999998624e-02,1.734045474996618805e-02,1.930749999999999966e-01,1.526899999999999959e-02,1.790942500000000104e-01,8.218820471066696012e-03
7.818779999999999745e+03,1.213824999999998933e-02,1.743077725821843421e-02,1.930179999999999951e-01,1.534100000000000047e-02,1.808797500000000058e-01,8.275609634681000207e-03
7.857869999999999891e+03,1.583774999999998379e-02,1.745522894609592354e-02,1.939339999999999953e-01,1.539450000000000020e-02,1.780962500000000115e-01,8.227659892741375630e-03
7.897159999999999854e+03,2.131162500000000071e-02,1.752598922714938487e-02,1.945739999999999970e-01,1.543229999999999949e-02,1.732623749999999963e-01,8.306889616466335904e-03
7.936649999999999636e+03,2.056199999999999695e-02,1.766368742033976730e-02,1.908310000000000006e-01,1.529160000000000068e-02,1.702690000000000037e-01,8.841539612729753042e-03
7.976329999999999927e+03,9.988333333333349051e-03,1.787807762378892246e-02,1.828750000000000098e-01,1.504239999999999917e-02,1.728866666666666607e-01,9.661876720504263688e-03
8.016210000000000036e+03,1.455419999999998937e-02,1.872300280882316370e-02,1.900139999999999885e-01,1.534830000000000048e-02,1.754597999999999991e-01,1.072289705672865336e-02
8.050869999999999891e+03,2.550749999999998852e-02,2.217698347345451945e-02,2.024229999999999918e-01,1.856029999999999833e-02,1.769155000000000033e-01,1.213811599433268704e-02
