X_cm-1,subtracted_Y,subtracted_E,loaded_raw_Y,loaded_raw_E,empty_smoothed_Y,empty_smoothed_E
-2.010340000000000060e+01,1.203112999999999926e-02,3.326776974595682407e-03,2.031610000000000013e-02,3.100830000000000166e-03,8.284970000000000875e-03,1.205113417815933171e-03
-1.998239999999999839e+01,9.556432499999999858e-03,3.037800861258436319e-03,1.740869999999999918e-02,2.863549999999999863e-03,7.852267499999999317e-03,1.014058908625381722e-03
-1.986139999999999972e+01,9.349756000000000733e-03,2.993736315236864703e-03,1.720939999999999970e-02,2.852830000000000209e-03,7.859643999999998965e-03,9.076442674682631264e-04
-1.974040000000000106e+01,7.945314000000000196e-03,2.893496729569259782e-03,1.582530000000000048e-02,2.746510000000000184e-03,7.879986000000000282e-03,9.104977451526170395e-04
-1.961939999999999884e+01,1.396767600000000005e-02,3.303764146256206631e-03,2.099080000000000043e-02,3.190249999999999943e-03,7.023124000000000380e-03,8.585816627368651408e-04
-1.949849999999999994e+01,1.228021999999999968e-02,3.153557116787961221e-03,1.940429999999999933e-02,3.032149999999999949e-03,7.124079999999999649e-03,8.665961379697004110e-04
-1.937750000000000128e+01,8.323000000000000537e-03,2.895771979110924391e-03,1.593579999999999997e-02,2.753069999999999823e-03,7.612800000000000296e-03,8.978312369838778104e-04
-1.925649999999999906e+01,1.111272200000000022e-02,3.129973525911042016e-03,1.875380000000000102e-02,2.997300000000000051e-03,7.641078000000000800e-03,9.016246352579325874e-04
-1.913550000000000040e+01,1.309397599999999849e-02,3.340070594577904811e-03,2.159869999999999846e-02,3.201659999999999836e-03,8.504723999999999964e-03,9.515486436141874218e-04
-1.901450000000000173e+01,1.458442799999999824e-02,3.517686420368364587e-03,2.385489999999999833e-02,3.374139999999999865e-03,9.270472000000000087e-03,9.946341098333597378e-04
-1.889349999999999952e+01,8.523058000000001758e-03,3.126581330493739385e-03,1.818890000000000090e-02,2.956929999999999975e-03,9.665841999999999143e-03,1.015911310741247821e-03
-1.877260000000000062e+01,9.324369999999998493e-03,3.233941813264425581e-03,1.941889999999999936e-02,3.062200000000000165e-03,1.009453000000000086e-02,1.039860957811187441e-03
-1.865159999999999840e+01,8.535857999999996865e-03,3.240217010309648631e-03,1.941729999999999845e-02,3.055539999999999819e-03,1.088144200000000159e-02,1.078277136129668617e-03
-1.853059999999999974e+01,7.457358000000000736e-03,3.109244106301722790e-03,1.790749999999999981e-02,2.923840000000000033e-03,1.045014199999999907e-02,1.057619292076312448e-03
-1.840960000000000107e+01,1.763266000000000139e-02,3.968303716598819628e-03,2.974109999999999948e-02,3.801430000000000173e-03,1.210843999999999983e-02,1.138667792761347995e-03
-1.828859999999999886e+01,1.101276399999999954e-02,3.489726214701090092e-03,2.265549999999999856e-02,3.305789999999999857e-03,1.164273599999999902e-02,1.118007839629043014e-03
-1.816760000000000019e+01,1.417016400000000072e-02,3.725188212381221487e-03,2.599430000000000143e-02,3.551040000000000099e-03,1.182413600000000072e-02,1.125674080746287813e-03
-1.804670000000000130e+01,1.652124399999999743e-02,3.885167955329086806e-03,2.836489999999999845e-02,3.717719999999999879e-03,1.184365600000000102e-02,1.128312032514055705e-03
-1.792569999999999908e+01,1.408675399999999994e-02,3.700081362788661555e-03,2.582620000000000055e-02,3.525159999999999839e-03,1.173944600000000060e-02,1.124210418763320297e-03
-1.780470000000000041e+01,1.558083400000000000e-02,3.715113721580538732e-03,2.624639999999999959e-02,3.556440000000000122e-03,1.066556599999999959e-02,1.074152917733783375e-03
-1.768370000000000175e+01,2.258629000000000192e-02,4.192320031225669000e-03,3.367640000000000217e-02,4.046069999999999701e-03,1.109011000000000025e-02,1.097663336053455053e-03
-1.756269999999999953e+01,1.680593000000000017e-02,3.841652722163209962e-03,2.791810000000000125e-02,3.680590000000000077e-03,1.111217000000000107e-02,1.100705632584843231e-03
-1.744170000000000087e+01,1.682776999999999884e-02,3.941233037809867799e-03,2.902209999999999859e-02,3.768379999999999994e-03,1.219432999999999975e-02,1.154395960632226010e-03
-1.732079999999999842e+01,1.389720000000000191e-02,3.776834538074444123e-03,2.629530000000000062e-02,3.592339999999999856e-03,1.239809999999999870e-02,1.166007055035260141e-03
-1.719979999999999976e+01,2.285981999999999598e-02,4.325601021338421580e-03,3.552149999999999752e-02,4.162469999999999712e-03,1.266167999999999981e-02,1.176719038217704724e-03
-1.707880000000000109e+01,2.217353999999999853e-02,4.380168759454823070e-03,3.606310000000000071e-02,4.203850000000000295e-03,1.388956000000000045e-02,1.230253444947015809e-03
-1.695779999999999887e+01,1.743192000000000352e-02,4.213805798056668647e-03,3.257940000000000141e-02,4.011709999999999929e-03,1.514747999999999963e-02,1.289318494258109935e-03
-1.683680000000000021e+01,2.310026000000000093e-02,4.561477880570725257e-03,3.873569999999999791e-02,4.368089999999999820e-03,1.563543999999999698e-02,1.314104336358418732e-03
-1.671580000000000155e+01,2.828478000000000242e-02,4.991611412619775985e-03,4.617940000000000239e-02,4.788549999999999925e-03,1.789461999999999997e-02,1.409245681950453948e-03
-1.659489999999999910e+01,5.089748000000000883e-02,6.171437011623467916e-03,7.064660000000000384e-02,5.990429999999999713e-03,1.974911999999999848e-02,1.483705901968445989e-03
-1.647390000000000043e+01,4.936952000000000007e-02,6.129247763461027031e-03,6.929159999999999486e-02,5.944610000000000345e-03,1.992207999999999826e-02,1.493080739207361049e-03
-1.635290000000000177e+01,4.215144000000000529e-02,5.803400057602439537e-03,6.210290000000000254e-02,5.607949999999999567e-03,1.995145999999999725e-02,1.493435310309757045e-03
-1.623189999999999955e+01,1.005347199999999941e-01,8.030376401722898530e-03,1.203649999999999998e-01,7.891360000000000041e-03,1.983027999999999874e-02,1.487744098878567272e-03
-1.611090000000000089e+01,9.261099999999999888e-02,7.753078159916098645e-03,1.121850000000000069e-01,7.611180000000000376e-03,1.957400000000000112e-02,1.476536474784148492e-03
-1.598990000000000045e+01,5.872221999999999165e-02,6.502077926043950060e-03,7.854329999999999645e-02,6.329669999999999914e-03,1.982108000000000134e-02,1.487378582422108292e-03
-1.586899999999999977e+01,1.148680599999999941e-01,8.526928880783983533e-03,1.365919999999999912e-01,8.382989999999999886e-03,2.172394000000000408e-02,1.560126532640221430e-03
-1.574799999999999933e+01,8.012848000000000193e-02,7.469882779064206980e-03,1.036500000000000060e-01,7.290709999999999726e-03,2.352152000000000062e-02,1.626252264828553524e-03
-1.562700000000000067e+01,6.091420000000000168e-02,6.850007562998161083e-03,8.638479999999999770e-02,6.636969999999999849e-03,2.547059999999999949e-02,1.695061306334375711e-03
-1.550600000000000023e+01,5.010893999999999765e-02,6.520646602456844562e-03,7.750759999999999594e-02,6.278999999999999859e-03,2.739865999999999829e-02,1.758690170021996735e-03
-1.538499999999999979e+01,6.427380000000000593e-02,7.165832089551080544e-03,9.408299999999999996e-02,6.925950000000000162e-03,2.980919999999999750e-02,1.838577203475557243e-03
-1.526399999999999935e+01,6.364198000000000077e-02,7.237152682404869759e-03,9.536999999999999644e-02,6.982989999999999683e-03,3.172801999999999567e-02,1.901112728993207320e-03
-1.514310000000000045e+01,6.810431999999999597e-02,7.510111343941846228e-03,1.022789999999999949e-01,7.245259999999999895e-03,3.417467999999999895e-02,1.976861130885020166e-03
-1.502210000000000001e+01,8.867582000000000242e-02,8.254169912031858458e-03,1.246140000000000025e-01,8.000520000000000548e-03,3.593818000000000012e-02,2.030517339569401589e-03
-1.490109999999999957e+01,8.328082000000000540e-02,8.207721515207006685e-03,1.215549999999999964e-01,7.935050000000000783e-03,3.827417999999999793e-02,2.098016675027155557e-03
-1.478009999999999913e+01,9.179109999999998659e-02,8.563470375063136908e-03,1.325929999999999886e-01,8.284659999999999247e-03,4.080189999999999512e-02,2.167356350253459973e-03
-1.465910000000000046e+01,9.460027999999999493e-02,8.770135935241139824e-03,1.387349999999999972e-01,8.474529999999999216e-03,4.413472000000000228e-02,2.257792196307711625e-03
-1.453810000000000002e+01,1.019653200000000121e-01,9.209116406893116252e-03,1.519050000000000122e-01,8.889019999999999214e-03,4.993968000000000018e-02,2.406896016721120964e-03
-1.441719999999999935e+01,1.042071800000000104e-01,9.511796927045278530e-03,1.605759999999999965e-01,9.159910000000000274e-03,5.636881999999998616e-02,2.563265412174088598e-03
-1.429620000000000068e+01,1.024031400000000036e-01,9.642050117428762127e-03,1.636680000000000079e-01,9.262380000000000613e-03,6.126485999999999738e-02,2.679075811284182575e-03
-1.417520000000000024e+01,1.292092599999999925e-01,1.053486237682182622e-02,1.963149999999999895e-01,1.015420000000000038e-02,6.710573999999999706e-02,2.806340616991458408e-03
-1.405419999999999980e+01,1.084569799999999945e-01,1.021279541267952791e-02,1.819260000000000044e-01,9.780950000000000061e-03,7.346902000000000987e-02,2.938402157422976245e-03
-1.393319999999999936e+01,1.732979000000000047e-01,1.199775971037643323e-02,2.526800000000000157e-01,1.160279999999999992e-02,7.938209999999999711e-02,3.053075535903427250e-03
-1.381220000000000070e+01,3.593269999999999520e-01,1.584307424300864658e-02,4.437249999999999805e-01,1.552689999999999973e-02,8.439800000000000080e-02,3.149345624012073793e-03
-1.369130000000000003e+01,3.663814000000000237e-01,1.616025978903012222e-02,4.597260000000000235e-01,1.581689999999999832e-02,9.334459999999999980e-02,3.313558636714310918e-03
-1.357029999999999959e+01,3.418663400000000463e-01,1.582181831533645278e-02,4.396920000000000273e-01,1.545380000000000018e-02,9.782566000000000872e-02,3.392639144311696518e-03
-1.344929999999999914e+01,4.142373599999999989e-01,1.711889193442098916e-02,5.180219999999999825e-01,1.675839999999999969e-02,1.037846400000000113e-01,3.494637392117242412e-03
-1.332830000000000048e+01,3.855129800000000051e-01,1.668646501069654189e-02,4.895220000000000127e-01,1.631519999999999845e-02,1.040090200000000076e-01,3.500337628458146701e-03
-1.320730000000000004e+01,3.554754800000000103e-01,1.621839238864222418e-02,4.623909999999999965e-01,1.582570000000000157e-02,1.069155200000000000e-01,3.547318872327098836e-03
-1.308629999999999960e+01,4.166898800000000680e-01,1.722525739005139125e-02,5.245490000000000430e-01,1.685280000000000111e-02,1.078591200000000028e-01,3.562670952181803876e-03
-1.296540000000000070e+01,3.946447400000000494e-01,1.694558620192774395e-02,5.072680000000000522e-01,1.654979999999999993e-02,1.126232599999999751e-01,3.641017946531436428e-03
-1.284440000000000026e+01,4.120007400000000319e-01,1.726039020173866095e-02,5.263290000000000468e-01,1.686580000000000024e-02,1.143282600000000010e-01,3.669585845334047934e-03
-1.272339999999999982e+01,4.088133999999999935e-01,1.729424552462060713e-02,5.284470000000000001e-01,1.688129999999999839e-02,1.196336000000000066e-01,3.756679195228147198e-03
-1.260239999999999938e+01,3.977810000000000512e-01,1.718642231430846795e-02,5.202020000000000532e-01,1.676089999999999872e-02,1.224210000000000020e-01,3.800702981786395658e-03
-1.248140000000000072e+01,4.833485999999999616e-01,1.852947028314571101e-02,6.081689999999999596e-01,1.812779999999999947e-02,1.248203999999999841e-01,3.837204208011348906e-03
-1.236040000000000028e+01,4.402963999999999212e-01,1.789122523057311634e-02,5.672469999999999457e-01,1.746759999999999979e-02,1.269505999999999968e-01,3.870257160848100675e-03
-1.223949999999999960e+01,4.584068000000000032e-01,1.823282365855228779e-02,5.886700000000000266e-01,1.780599999999999891e-02,1.302631999999999957e-01,3.922017664909733907e-03
-1.211849999999999916e+01,4.795433999999999530e-01,1.856956493747487225e-02,6.111799999999999455e-01,1.814620000000000122e-02,1.316365999999999925e-01,3.942609228302496396e-03
-1.199750000000000050e+01,4.807943999999999551e-01,1.864425649804657761e-02,6.157169999999999588e-01,1.821170000000000080e-02,1.349226000000000036e-01,3.992778916362888127e-03
-1.187650000000000006e+01,4.711813999999999725e-01,1.860745388659007168e-02,6.115559999999999885e-01,1.815599999999999853e-02,1.403745999999999883e-01,4.073942088637981171e-03
-1.175549999999999962e+01,4.373740000000000405e-01,1.820471206013596702e-02,5.833660000000000512e-01,1.772419999999999898e-02,1.459919999999999829e-01,4.155030150607814075e-03
-1.163449999999999918e+01,4.636717999999999673e-01,1.861486015151744139e-02,6.126639999999999864e-01,1.813599999999999934e-02,1.489921999999999913e-01,4.195059291661084287e-03
-1.151360000000000028e+01,4.330699999999999550e-01,1.817978476718500394e-02,5.829999999999999627e-01,1.768629999999999855e-02,1.499300000000000077e-01,4.207061503136363088e-03
-1.139259999999999984e+01,5.058325999999999656e-01,1.931311807975273631e-02,6.594280000000000141e-01,1.883730000000000127e-02,1.535953999999999930e-01,4.260593699529678993e-03
-1.127159999999999940e+01,5.212468000000000101e-01,1.953834768550984785e-02,6.761759999999999993e-01,1.906410000000000049e-02,1.549291999999999891e-01,4.278682211834386635e-03
-1.115060000000000073e+01,5.474472000000000227e-01,1.988710254696727034e-02,7.018830000000000346e-01,1.942229999999999998e-02,1.544357999999999842e-01,4.274471946754593299e-03
-1.102960000000000029e+01,5.065648000000000373e-01,1.936486483070966325e-02,6.651270000000000238e-01,1.887379999999999960e-02,1.585621999999999865e-01,4.333320144145363928e-03
-1.090859999999999985e+01,4.865077999999999903e-01,1.929964435570044254e-02,6.575199999999999934e-01,1.876670000000000074e-02,1.710122000000000031e-01,4.504136250883181147e-03
-1.078769999999999918e+01,5.461091999999999613e-01,2.022242679430982445e-02,7.227759999999999740e-01,1.969709999999999864e-02,1.766668000000000127e-01,4.579388282425939614e-03
-1.066670000000000051e+01,5.613449999999999829e-01,2.046540401831891537e-02,7.407270000000000243e-01,1.993810000000000027e-02,1.793819999999999859e-01,4.615726380866180291e-03
-1.054570000000000007e+01,5.485345999999999833e-01,2.043668538576645308e-02,7.371189999999999687e-01,1.988089999999999996e-02,1.885844000000000131e-01,4.733700956630023868e-03
-1.042469999999999963e+01,5.974477999999999733e-01,2.114226667627669767e-02,7.909859999999999669e-01,2.059060000000000057e-02,1.935381999999999936e-01,4.798190476710985711e-03
-1.030369999999999919e+01,5.421743999999999453e-01,2.039438538142299487e-02,7.310729999999999729e-01,1.983609999999999887e-02,1.888985999999999721e-01,4.739207937619956124e-03
-1.018280000000000030e+01,5.216515999999999931e-01,2.017105347136832413e-02,7.158719999999999528e-01,1.959030000000000146e-02,1.942203999999999875e-01,4.805366172811391216e-03
-1.006179999999999986e+01,5.504244000000000359e-01,2.063564897863888470e-02,7.511290000000000466e-01,2.004859999999999975e-02,2.007045999999999830e-01,4.887089809856168081e-03
-9.940780000000000172e+00,6.084697999999999496e-01,2.145241331253898778e-02,8.116940000000000266e-01,2.088090000000000085e-02,2.032242000000000215e-01,4.918744974279516506e-03
-9.819800000000000750e+00,6.094272000000000578e-01,2.150176819143020945e-02,8.149739999999999762e-01,2.092509999999999856e-02,2.055467999999999740e-01,4.946334536603847441e-03
-9.698819999999999553e+00,5.984175999999999940e-01,2.151285352499756123e-02,8.130720000000000169e-01,2.091000000000000150e-02,2.146543999999999952e-01,5.057150065797929445e-03
-9.577830000000000510e+00,6.372885999999999829e-01,2.202094256166161473e-02,8.541889999999999761e-01,2.142590000000000119e-02,2.169003999999999655e-01,5.084557059764399992e-03
-9.456849999999999312e+00,6.535832000000000308e-01,2.224565304462874232e-02,8.727810000000000290e-01,2.165020000000000139e-02,2.191978000000000260e-01,5.112525730204201500e-03
-9.335869999999999891e+00,6.131014000000000186e-01,2.174812513881598658e-02,8.327419999999999822e-01,2.113719999999999835e-02,2.196405999999999636e-01,5.118566519407557504e-03
-9.214880000000000848e+00,6.501577999999998969e-01,2.231655900869128351e-02,8.755899999999999794e-01,2.170530000000000029e-02,2.254322000000000270e-01,5.187365217371916679e-03
-9.093899999999999650e+00,6.297585999999999462e-01,2.212095581019048185e-02,8.599189999999999889e-01,2.149090000000000028e-02,2.301604000000000150e-01,5.241936965130351497e-03
-8.972920000000000229e+00,6.743090000000000472e-01,2.268187715239635902e-02,9.059409999999999963e-01,2.206349999999999978e-02,2.316320000000000046e-01,5.260182402388723436e-03
-8.851940000000000808e+00,7.113021999999999956e-01,2.314571757950917297e-02,9.457969999999999988e-01,2.253190000000000054e-02,2.344948000000000032e-01,5.295066067614265064e-03
-8.730949999999999989e+00,6.742960000000000065e-01,2.268545006325419985e-02,9.072409999999999641e-01,2.206280000000000047e-02,2.329450000000000132e-01,5.278494172811029270e-03
-8.609970000000000567e+00,6.760599999999999943e-01,2.265508225859266464e-02,9.047129999999999894e-01,2.204350000000000059e-02,2.286529999999999951e-01,5.228466304146943064e-03
-8.488989999999999370e+00,6.873928000000000260e-01,2.271689646042346356e-02,9.108429999999999582e-01,2.212110000000000118e-02,2.234501999999999877e-01,5.168589709350124121e-03
-8.368000000000000327e+00,7.758043999999999496e-01,2.367325143919186969e-02,9.945469999999999589e-01,2.311440000000000022e-02,2.187425999999999815e-01,5.113447598558138948e-03
-8.247019999999999129e+00,7.496513999999999678e-01,2.323229140900225781e-02,9.573139999999999983e-01,2.269209999999999977e-02,2.076626000000000027e-01,4.980759149246226890e-03
-8.126039999999999708e+00,7.346215999999999857e-01,2.305990022742509388e-02,9.436320000000000263e-01,2.251169999999999907e-02,2.090104000000000128e-01,4.998235849657356802e-03
-8.005050000000000665e+00,7.867389999999999661e-01,2.362295937653875397e-02,9.930579999999999963e-01,2.309490000000000154e-02,2.063190000000000024e-01,4.966870613937915228e-03
-7.884070000000000356e+00,7.848448000000000091e-01,2.359700466686397158e-02,9.917599999999999749e-01,2.306669999999999901e-02,2.069151999999999936e-01,4.974533179907437638e-03
-7.763090000000000046e+00,7.814307999999998700e-01,2.358928389204725112e-02,9.906009999999999538e-01,2.305329999999999879e-02,2.091702000000000283e-01,4.999967364853494765e-03
-7.642100000000000115e+00,7.731582000000000177e-01,2.357575427656981651e-02,9.891950000000000465e-01,2.302179999999999852e-02,2.160368000000000011e-01,5.080641147453734442e-03
-7.521119999999999806e+00,7.937419999999999476e-01,2.385199465243106193e-02,1.010639999999999983e+00,2.330269999999999911e-02,2.168979999999999797e-01,5.089383224871163632e-03
-7.400140000000000384e+00,8.708312000000000275e-01,2.471132587724098745e-02,1.088980000000000059e+00,2.417839999999999920e-02,2.181487999999999761e-01,5.104370681210368063e-03
-7.279149999999999565e+00,8.794440000000000035e-01,2.479344456469895208e-02,1.096929999999999961e+00,2.426410000000000025e-02,2.174859999999999849e-01,5.095914498183815380e-03
-7.158170000000000144e+00,8.913959999999999662e-01,2.489874788373102124e-02,1.107499999999999929e+00,2.437510000000000024e-02,2.161039999999999905e-01,5.079581298453642556e-03
-7.037189999999999834e+00,9.317610000000000614e-01,2.538414933847498237e-02,1.150670000000000082e+00,2.486379999999999840e-02,2.189090000000000202e-01,5.113363589458508156e-03
-6.916199999999999903e+00,9.432404000000000899e-01,2.547452615183254040e-02,1.161510000000000042e+00,2.495740000000000111e-02,2.182696000000000081e-01,5.106825618757702794e-03
-6.795219999999999594e+00,9.229570000000000274e-01,2.533206560142303027e-02,1.145610000000000017e+00,2.480119999999999894e-02,2.226530000000000453e-01,5.158878385346954420e-03
-6.674240000000000173e+00,9.532864000000000892e-01,2.574781940554966841e-02,1.183110000000000106e+00,2.520870000000000055e-02,2.298236000000000168e-01,5.241340329610356084e-03
-6.553259999999999863e+00,9.937538000000000205e-01,2.627889020407825349e-02,1.232580000000000009e+00,2.572939999999999949e-02,2.388262000000000163e-01,5.345843805986104542e-03
-6.432269999999999932e+00,1.047713000000000116e+00,2.685854356800457601e-02,1.290280000000000094e+00,2.631280000000000077e-02,2.425670000000000326e-01,5.386828264795528141e-03
-6.311289999999999623e+00,1.044166399999999939e+00,2.694073782520441801e-02,1.295660000000000034e+00,2.637629999999999836e-02,2.514935999999999838e-01,5.485813784335010108e-03
-6.190310000000000201e+00,1.128577200000000058e+00,2.784589439490137847e-02,1.385659999999999892e+00,2.728780000000000094e-02,2.570827999999999447e-01,5.547053795664866165e-03
-6.069320000000000270e+00,1.193398399999999970e+00,2.848021266340544644e-02,1.453330000000000011e+00,2.792820000000000025e-02,2.599316000000000404e-01,5.580157534765483283e-03
-5.948339999999999961e+00,1.165688000000000057e+00,2.826778186945696353e-02,1.431640000000000024e+00,2.769889999999999852e-02,2.659519999999999662e-01,5.642555326197520003e-03
-5.827359999999999651e+00,1.182341599999999993e+00,2.855821378487106987e-02,1.459109999999999907e+00,2.797240000000000143e-02,2.767683999999999700e-01,5.754686161937938062e-03
-5.706369999999999720e+00,1.232071600000000045e+00,2.904486687250605950e-02,1.511970000000000036e+00,2.846399999999999972e-02,2.798983999999999361e-01,5.779705497825992667e-03
-5.585390000000000299e+00,1.292657600000000073e+00,2.974475115394311156e-02,1.584880000000000067e+00,2.915310000000000124e-02,2.922223999999999933e-01,5.903133201953009515e-03
-5.464409999999999989e+00,1.301064800000000021e+00,2.992808348536872554e-02,1.607240000000000002e+00,2.931310000000000165e-02,3.061752000000000362e-01,6.035921594686266892e-03
-5.343420000000000059e+00,1.373080799999999879e+00,3.067708697424838607e-02,1.690439999999999943e+00,3.005609999999999879e-02,3.173592000000000080e-01,6.141214701962471531e-03
-5.222439999999999749e+00,1.435491599999999979e+00,3.132416699147161365e-02,1.762259999999999938e+00,3.069879999999999831e-02,3.267684000000000144e-01,6.227930335962341725e-03
-5.101460000000000328e+00,1.462339000000000055e+00,3.171833955105468617e-02,1.807800000000000074e+00,3.106599999999999986e-02,3.454609999999999626e-01,6.399742797644292561e-03
-4.980470000000000397e+00,1.567285399999999829e+00,3.273694330436487110e-02,1.929259999999999975e+00,3.207630000000000203e-02,3.619746000000000352e-01,6.543579694876497377e-03
-4.859490000000000087e+00,1.601932000000000134e+00,3.314177056385491510e-02,1.979020000000000001e+00,3.246330000000000049e-02,3.770879999999999788e-01,6.671664651134677319e-03
-4.738509999999999778e+00,1.772357399999999972e+00,3.467272888437251260e-02,2.174539999999999917e+00,3.398230000000000001e-02,4.021826000000000012e-01,6.884868553516471090e-03
-4.617519999999999847e+00,1.844544599999999868e+00,3.555383238929384765e-02,2.282789999999999875e+00,3.482179999999999997e-02,4.382454000000000072e-01,7.177551276445192155e-03
-4.496540000000000425e+00,1.918321199999999838e+00,3.645317283210886689e-02,2.400399999999999867e+00,3.566899999999999932e-02,4.820788000000000295e-01,7.520388854813294180e-03
-4.375560000000000116e+00,2.076204399999999950e+00,3.801420096743320792e-02,2.613269999999999982e+00,3.717909999999999965e-02,5.370655999999999208e-01,7.924266425505897132e-03
-4.254570000000000185e+00,2.273254000000000108e+00,3.990689583115179101e-02,2.886390000000000011e+00,3.900080000000000213e-02,6.131359999999999033e-01,8.455645110717455518e-03
-4.133589999999999876e+00,2.430099400000000021e+00,4.174535867419993523e-02,3.153620000000000090e+00,4.072510000000000019e-02,7.235205999999999582e-01,9.172851292133760853e-03
-4.012609999999999566e+00,2.756218600000000407e+00,4.464844262990144003e-02,3.608540000000000081e+00,4.352600000000000219e-02,8.523213999999998958e-01,9.948404559304974831e-03
-3.891630000000000145e+00,3.225684399999999563e+00,4.837351276708773407e-02,4.241629999999999789e+00,4.714020000000000016e-02,1.015945600000000004e+00,1.085349166801172736e-02
-3.770640000000000214e+00,3.798251000000000044e+00,5.263623402977078009e-02,5.025830000000000020e+00,5.126680000000000126e-02,1.227578999999999976e+00,1.192846807418286928e-02
-3.649659999999999904e+00,4.417581999999999454e+00,5.702907913780126681e-02,5.907269999999999577e+00,5.549459999999999810e-02,1.489687999999999901e+00,1.314021453955756258e-02
-3.528680000000000039e+00,5.123245999999999967e+00,6.177733046617019802e-02,6.928689999999999571e+00,6.005950000000000177e-02,1.805444000000000049e+00,1.446703215163358883e-02
-3.407690000000000108e+00,6.127643999999999203e+00,6.771204474034143994e-02,8.324519999999999698e+00,6.580320000000000613e-02,2.196876000000000495e+00,1.596433126310024819e-02
-3.286709999999999798e+00,7.204153999999999947e+00,7.383337855321263354e-02,9.885930000000000106e+00,7.169309999999999572e-02,2.681776000000000160e+00,1.764843338577110066e-02
-3.165729999999999933e+00,8.540896000000000043e+00,8.050458982202443603e-02,1.174840000000000018e+01,7.815310000000000312e-02,3.207504000000000133e+00,1.931532921806925623e-02
-3.044740000000000002e+00,1.008963199999999993e+01,8.770051724090571765e-02,1.392900000000000027e+01,8.511319999999999997e-02,3.839368000000000336e+00,2.114530468171125707e-02
-2.923760000000000137e+00,1.225569600000000037e+01,9.624194894348098162e-02,1.677570000000000050e+01,9.346240000000000103e-02,4.520004000000000133e+00,2.296285092665107178e-02
-2.802779999999999827e+00,1.502611000000000097e+01,1.057454608413807978e-01,2.030580000000000140e+01,1.027890000000000054e-01,5.279690000000000438e+00,2.482990067551620397e-02
-2.681789999999999896e+00,1.851138600000000167e+01,1.163832478014426158e-01,2.462669999999999959e+01,1.132709999999999967e-01,6.115313999999999695e+00,2.673463910008885835e-02
-2.560810000000000031e+00,2.305031200000000169e+01,1.285393137701831834e-01,3.010940000000000083e+01,1.252860000000000085e-01,7.059088000000000029e+00,2.873627304487483963e-02
-2.439830000000000165e+00,2.850173999999999808e+01,1.415934835844672446e-01,3.661359999999999815e+01,1.381979999999999875e-01,8.111859999999998294e+00,3.082251432937942529e-02
-2.318839999999999790e+00,3.522598200000000190e+01,1.561500324049175381e-01,4.455969999999999942e+01,1.526049999999999907e-01,9.333718000000001069e+00,3.308393258149339156e-02
-2.197859999999999925e+00,4.328207000000000448e+01,1.718770053491170402e-01,5.401520000000000010e+01,1.681680000000000119e-01,1.073312999999999917e+01,3.551378244823268776e-02
-2.076880000000000059e+00,5.347189799999999593e+01,1.899292061753862781e-01,6.586069999999999425e+01,1.860459999999999892e-01,1.238880199999999832e+01,3.820980557935881039e-02
-1.955889999999999906e+00,6.385200000000000387e+01,2.072028841895662554e-01,7.824110000000000298e+01,2.030540000000000123e-01,1.438910000000000267e+01,4.125661523289083504e-02
-1.834910000000000041e+00,7.560545999999999367e+01,2.254067674202689109e-01,9.232880000000000109e+01,2.209560000000000135e-01,1.672334000000000032e+01,4.457192909057448860e-02
-1.713929999999999954e+00,8.817831999999999937e+01,2.437329572739714845e-01,1.075649999999999977e+02,2.389400000000000135e-01,1.938668000000000191e+01,4.809813781754549572e-02
-1.592950000000000088e+00,1.025417400000000043e+02,2.629507326235574483e-01,1.247530000000000001e+02,2.578389999999999849e-01,2.221125999999999934e+01,5.159590939469523713e-02
-1.471959999999999935e+00,1.179266999999999825e+02,2.821279643298764128e-01,1.430459999999999923e+02,2.767200000000000215e-01,2.511930000000000263e+01,5.497481111309069496e-02
-1.350980000000000070e+00,1.353059000000000083e+02,3.018079711738575477e-01,1.630529999999999973e+02,2.962080000000000268e-01,2.774709999999999965e+01,5.786944098641354228e-02
-1.229999999999999982e+00,1.550503199999999993e+02,3.220374962719092515e-01,1.850039999999999907e+02,3.163599999999999746e-01,2.995368000000000208e+01,6.020381553589439910e-02
-1.109010000000000051e+00,1.761582799999999907e+02,3.417193739040851885e-01,2.077309999999999945e+02,3.360719999999999819e-01,3.157272000000000389e+01,6.186874265248971938e-02
-9.880290000000000461e-01,1.983228000000000009e+02,3.608677743131408766e-01,2.309699999999999989e+02,3.553339999999999832e-01,3.264719999999999800e+01,6.295473756374495022e-02
-8.670459999999999834e-01,2.197533200000000022e+02,3.779818277619176325e-01,2.528580000000000041e+02,3.726229999999999820e-01,3.310468000000000188e+01,6.342209385726713111e-02
-7.460630000000000317e-01,2.390138400000000161e+02,3.926994671169289908e-01,2.721320000000000050e+02,3.875399999999999956e-01,3.311816000000000315e+01,6.344777280504020067e-02
-6.250799999999999690e-01,2.532695200000000000e+02,4.030451127180181836e-01,2.859900000000000091e+02,3.980799999999999894e-01,3.272048000000000201e+01,6.306882340649774821e-02
-5.040970000000000173e-01,2.619479999999999791e+02,4.089135966895207086e-01,2.939119999999999777e+02,4.041350000000000220e-01,3.196400000000000574e+01,6.233162385627379065e-02
-3.831129999999999813e-01,2.661850800000000277e+02,4.114119259999155509e-01,2.971030000000000086e+02,4.068209999999999882e-01,3.091791999999999874e+01,6.128985898140082433e-02
-2.621299999999999741e-01,2.654597199999999475e+02,4.103032301308386920e-01,2.951019999999999754e+02,4.058930000000000038e-01,2.964227999999999952e+01,5.999677663674940487e-02
-1.411469999999999947e-01,2.573795200000000136e+02,4.038579886917182393e-01,2.856970000000000027e+02,3.995799999999999907e-01,2.831747999999999976e+01,5.862677400403334266e-02
-2.016389999999999849e-02,2.457342199999999934e+02,3.949694212675204374e-01,2.727909999999999968e+02,3.907909999999999995e-01,2.705677999999999628e+01,5.729954672944630178e-02
1.008190000000000058e-01,2.296476399999999956e+02,3.823859594467349243e-01,2.554470000000000027e+02,3.782699999999999951e-01,2.579935999999999652e+01,5.595381204171884226e-02
2.218019999999999992e-01,2.098012599999999850e+02,3.665902409001090545e-01,2.344499999999999886e+02,3.624850000000000017e-01,2.464873999999999654e+01,5.470858706089931633e-02
3.427859999999999796e-01,1.866396799999999985e+02,3.473393991204568598e-01,2.101220000000000141e+02,3.432060000000000111e-01,2.348232000000000141e+01,5.342564688761382297e-02
4.637689999999999868e-01,1.627682399999999916e+02,3.262918311584891984e-01,1.850149999999999864e+02,3.221160000000000134e-01,2.224675999999999831e+01,5.203500384126055062e-02
5.847520000000000495e-01,1.367915399999999977e+02,3.014789890849443599e-01,1.576839999999999975e+02,2.972259999999999902e-01,2.089245999999999981e+01,5.046073506876410514e-02
7.057350000000000012e-01,1.123112799999999964e+02,2.760298600395253987e-01,1.318269999999999982e+02,2.716819999999999791e-01,1.951571999999999818e+01,4.879932898555060933e-02
8.267179999999999529e-01,8.978014000000000294e+01,2.499832851901494790e-01,1.077900000000000063e+02,2.455440000000000123e-01,1.800985999999999976e+01,4.690188629958927380e-02
9.477010000000000156e-01,6.859862000000001103e+01,2.227360993162607883e-01,8.517990000000000350e+01,2.181379999999999986e-01,1.658127999999999957e+01,4.502424785183201800e-02
1.068680000000000074e+00,5.130211999999999506e+01,1.973036915036300021e-01,6.643909999999999627e+01,1.925530000000000019e-01,1.513697999999999944e+01,4.303590212786993774e-02
1.189670000000000005e+00,3.709633999999999787e+01,1.731430838404063866e-01,5.080010000000000048e+01,1.682289999999999897e-01,1.370375999999999905e+01,4.095767377141919241e-02
1.310650000000000093e+00,2.618296800000000246e+01,1.514713036612268804e-01,3.852000000000000313e+01,1.463990000000000014e-01,1.233703199999999889e+01,3.887015091084159574e-02
1.431629999999999958e+00,1.807548599999999794e+01,1.325296643434155930e-01,2.916769999999999996e+01,1.272999999999999965e-01,1.109221400000000202e+01,3.686220192796952483e-02
1.552619999999999889e+00,1.205416399999999832e+01,1.156827465143130257e-01,2.193819999999999837e+01,1.103250000000000064e-01,9.884036000000000044e+00,3.479787660324692999e-02
1.673599999999999977e+00,8.187515999999998684e+00,1.025457340751920327e-01,1.701679999999999993e+01,9.712809999999999500e-02,8.829284000000001242e+00,3.289011656121029747e-02
1.794580000000000064e+00,5.768911999999998486e+00,9.242843807194840722e-02,1.366949999999999932e+01,8.703470000000000650e-02,7.900588000000000832e+00,3.111233132264440426e-02
1.915569999999999995e+00,4.272302000000000710e+00,8.479329405910822348e-02,1.140240000000000009e+01,7.947519999999999585e-02,7.130097999999999381e+00,2.955664565464762375e-02
2.036550000000000082e+00,3.365568000000001447e+00,7.932221590414377521e-02,9.900240000000000151e+00,7.410310000000000508e-02,6.534671999999998704e+00,2.829742932376720296e-02
2.157529999999999948e+00,2.880034000000000205e+00,7.555006695594650157e-02,8.947240000000000748e+00,7.045809999999999573e-02,6.067206000000000543e+00,2.726662357971738546e-02
2.278519999999999879e+00,2.582813999999999943e+00,7.278568516457063764e-02,8.282849999999999824e+00,6.781819999999999515e-02,5.700035999999999881e+00,2.642816137448839031e-02
2.399500000000000188e+00,2.469031999999998561e+00,7.096372765383171521e-02,7.869799999999999685e+00,6.613460000000000172e-02,5.400768000000001123e+00,2.573063010046975491e-02
2.520480000000000054e+00,2.423820000000000086e+00,6.965771071300864981e-02,7.585270000000000401e+00,6.495489999999999597e-02,5.161450000000000315e+00,2.516063647380964441e-02
2.641469999999999985e+00,2.374646000000000257e+00,6.822508359756843110e-02,7.276430000000000398e+00,6.366280000000000550e-02,4.901784000000000141e+00,2.452977635558873520e-02
2.762449999999999850e+00,2.387952000000000297e+00,6.704342952228205255e-02,7.035479999999999734e+00,6.263920000000000599e-02,4.647527999999999437e+00,2.389878794979360260e-02
2.883430000000000160e+00,2.168207999999999913e+00,6.498710558848731778e-02,6.589579999999999771e+00,6.065650000000000208e-02,4.421371999999999858e+00,2.332622773873221228e-02
3.004420000000000091e+00,2.194478000000000151e+00,6.414042949629508716e-02,6.423399999999999999e+00,5.994080000000000241e-02,4.228921999999999848e+00,2.282750952971436195e-02
3.125399999999999956e+00,2.241293999999999897e+00,6.337786686432100858e-02,6.284589999999999677e+00,5.931140000000000023e-02,4.043295999999999779e+00,2.233633448692063511e-02
3.246379999999999821e+00,2.156054000000001025e+00,6.231283010312082399e-02,6.068570000000000242e+00,5.830620000000000247e-02,3.912515999999999217e+00,2.198353558962707135e-02
3.367360000000000131e+00,2.147947999999999524e+00,6.184348138698532449e-02,5.976919999999999789e+00,5.788870000000000127e-02,3.828972000000000264e+00,2.176039067600579746e-02
3.488350000000000062e+00,1.997683999999999127e+00,6.067600305683294032e-02,5.735109999999999708e+00,5.673519999999999952e-02,3.737426000000000581e+00,2.151033304978795455e-02
3.609329999999999927e+00,2.032191999999999776e+00,6.049070533460160909e-02,5.702589999999999826e+00,5.660640000000000116e-02,3.670398000000000049e+00,2.132699957606789057e-02
3.730309999999999793e+00,1.859189999999999454e+00,5.928301938132705950e-02,5.454209999999999781e+00,5.539499999999999980e-02,3.595020000000000326e+00,2.111564258948327860e-02
3.851300000000000168e+00,1.734096000000000082e+00,5.826273128222533848e-02,5.252489999999999881e+00,5.438479999999999703e-02,3.518393999999999799e+00,2.090070298877049620e-02
3.972280000000000033e+00,1.836209999999999454e+00,5.829176291076466898e-02,5.270609999999999573e+00,5.450809999999999683e-02,3.434400000000000119e+00,2.065905752048723121e-02
4.093259999999999899e+00,1.628789999999999516e+00,5.683453300067486252e-02,4.983229999999999826e+00,5.303739999999999843e-02,3.354440000000000310e+00,2.042543371986994122e-02
4.214249999999999829e+00,1.548723999999999990e+00,5.568878836797224591e-02,4.777980000000000338e+00,5.195360000000000256e-02,3.229256000000000348e+00,2.005154849214394255e-02
4.335230000000000139e+00,1.436330000000000329e+00,5.436078794209665138e-02,4.540720000000000312e+00,5.067710000000000270e-02,3.104389999999999983e+00,1.967045503478757895e-02
4.456209999999999560e+00,1.381058000000000341e+00,5.311340987228743704e-02,4.333610000000000184e+00,4.952430000000000027e-02,2.952551999999999843e+00,1.919317633357230102e-02
4.577200000000000379e+00,1.424030000000000129e+00,5.237263242560564330e-02,4.222940000000000360e+00,4.892139999999999683e-02,2.798910000000000231e+00,1.869730593501641239e-02
4.698179999999999801e+00,1.383967999999999421e+00,5.120045691969946078e-02,4.035219999999999807e+00,4.785240000000000327e-02,2.651252000000000386e+00,1.821083751577614457e-02
4.819160000000000110e+00,1.332986000000000004e+00,5.005316497720798535e-02,3.851999999999999869e+00,4.679629999999999901e-02,2.519013999999999864e+00,1.776022608374116379e-02
4.940150000000000041e+00,1.217905999999999711e+00,4.855346033591014659e-02,3.614759999999999973e+00,4.535329999999999917e-02,2.396854000000000262e+00,1.733541720584768492e-02
5.061130000000000351e+00,1.251423999999999648e+00,4.800454631693128194e-02,3.540449999999999875e+00,4.491110000000000241e-02,2.289026000000000227e+00,1.695374778284730599e-02
5.182109999999999772e+00,1.123266000000000098e+00,4.641822700224126214e-02,3.297260000000000080e+00,4.337350000000000233e-02,2.173993999999999982e+00,1.653454855088581227e-02
5.303099999999999703e+00,1.136267999999999834e+00,4.552150817695740231e-02,3.178420000000000023e+00,4.260379999999999723e-02,2.042152000000000189e+00,1.603508441713981034e-02
5.424080000000000013e+00,9.900520000000001541e-01,4.386202710248580938e-02,2.933149999999999924e+00,4.097289999999999960e-02,1.943097999999999770e+00,1.565563435729130579e-02
5.545060000000000322e+00,1.015007999999999910e+00,4.336975841113251823e-02,2.872829999999999995e+00,4.057349999999999846e-02,1.857822000000000084e+00,1.532080423443886973e-02
5.666050000000000253e+00,1.025959999999999761e+00,4.286620521809692691e-02,2.808780000000000054e+00,4.014840000000000075e-02,1.782820000000000293e+00,1.502057013698215003e-02
5.787029999999999674e+00,8.742659999999997655e-01,4.133479446466378771e-02,2.593140000000000001e+00,3.861010000000000136e-02,1.718874000000000235e+00,1.475890956087203519e-02
5.908009999999999984e+00,8.791479999999998185e-01,4.109784603256963487e-02,2.563979999999999926e+00,3.840799999999999770e-02,1.684832000000000107e+00,1.462390113877962486e-02
6.028990000000000293e+00,8.580119999999999969e-01,4.065731987782765511e-02,2.508100000000000218e+00,3.799029999999999768e-02,1.650088000000000221e+00,1.448291288235899199e-02
6.149980000000000224e+00,8.403320000000003009e-01,4.022887055352163121e-02,2.452300000000000146e+00,3.759200000000000041e-02,1.611967999999999845e+00,1.432492799325706979e-02
6.270959999999999646e+00,8.757459999999999134e-01,4.010662182839138529e-02,2.443519999999999914e+00,3.753200000000000286e-02,1.567774000000000001e+00,1.413824920156664909e-02
6.391939999999999955e+00,8.157780000000001142e-01,3.950692065798092761e-02,2.360320000000000196e+00,3.692610000000000336e-02,1.544542000000000082e+00,1.404492501460936904e-02
6.512929999999999886e+00,7.560080000000000133e-01,3.881460632343963768e-02,2.271279999999999966e+00,3.623200000000000032e-02,1.515271999999999952e+00,1.392177575037035174e-02
6.633910000000000196e+00,7.503680000000001460e-01,3.845039925311048712e-02,2.226160000000000139e+00,3.590759999999999785e-02,1.475791999999999993e+00,1.375054416972651926e-02
6.754889999999999617e+00,7.057880000000000820e-01,3.794245014493397711e-02,2.160699999999999843e+00,3.539710000000000079e-02,1.454911999999999761e+00,1.366289993342555478e-02
6.875880000000000436e+00,7.517680000000002138e-01,3.836014764379303693e-02,2.210580000000000211e+00,3.583370000000000305e-02,1.458811999999999998e+00,1.369112382398172609e-02
6.996859999999999857e+00,7.162759999999999128e-01,3.803537685475982810e-02,2.167300000000000004e+00,3.549599999999999977e-02,1.451024000000000092e+00,1.366469452580627506e-02
7.117840000000000167e+00,6.388460000000002470e-01,3.753517419813047484e-02,2.096890000000000143e+00,3.494300000000000184e-02,1.458043999999999896e+00,1.370678857661414285e-02
7.238830000000000098e+00,6.722219999999998752e-01,3.793952941497825276e-02,2.144649999999999945e+00,3.534810000000000035e-02,1.472428000000000070e+00,1.378113633268316339e-02
7.359810000000000407e+00,6.097920000000001117e-01,3.750763304913815044e-02,2.086190000000000211e+00,3.487330000000000291e-02,1.476398000000000099e+00,1.380852939522525871e-02
7.480789999999999829e+00,6.016680000000000916e-01,3.731217764380417856e-02,2.061500000000000110e+00,3.469110000000000249e-02,1.459832000000000019e+00,1.373776478590312856e-02
7.601779999999999760e+00,6.199580000000000091e-01,3.745247458699091370e-02,2.076839999999999797e+00,3.484480000000000216e-02,1.456881999999999788e+00,1.373054134581735974e-02
7.722760000000000069e+00,5.821400000000001018e-01,3.705397121362837692e-02,2.026909999999999989e+00,3.443650000000000183e-02,1.444769999999999888e+00,1.367933662318462050e-02
7.843740000000000379e+00,6.155500000000000416e-01,3.725729789059856190e-02,2.051449999999999996e+00,3.466849999999999793e-02,1.435899999999999954e+00,1.364556169085025250e-02
7.964730000000000310e+00,6.208240000000000425e-01,3.727356900622745550e-02,2.051649999999999974e+00,3.469309999999999755e-02,1.430825999999999931e+00,1.362746340490408360e-02
8.085710000000000619e+00,6.079840000000000799e-01,3.709007096186255764e-02,2.028960000000000097e+00,3.451060000000000239e-02,1.420976000000000017e+00,1.359013802711363239e-02
8.206690000000000040e+00,5.153779999999998918e-01,3.596179574756522279e-02,1.894150000000000000e+00,3.337350000000000039e-02,1.378772000000000109e+00,1.339627751054747219e-02
8.327669999999999462e+00,6.037580000000000169e-01,3.613939132880353289e-02,1.924099999999999921e+00,3.367320000000000035e-02,1.320341999999999905e+00,1.312140264515954981e-02
8.448660000000000281e+00,5.333559999999999413e-01,3.476063906487911193e-02,1.771919999999999940e+00,3.235009999999999969e-02,1.238563999999999998e+00,1.271900382061425319e-02
8.569639999999999702e+00,5.582619999999998139e-01,3.408920908377898601e-02,1.706180000000000030e+00,3.180829999999999769e-02,1.147918000000000216e+00,1.225994400752303606e-02
8.690619999999999123e+00,4.870941999999998107e-01,3.251833743433387575e-02,1.548049999999999926e+00,3.030199999999999907e-02,1.060955800000000115e+00,1.179962141313016868e-02
8.811609999999999943e+00,5.005960000000000409e-01,3.192234034551352101e-02,1.493810000000000082e+00,2.980539999999999926e-02,9.932140000000000413e-01,1.143127044447816466e-02
8.932589999999999364e+00,4.498262000000000649e-01,3.085662617439566963e-02,1.388660000000000005e+00,2.878050000000000053e-02,9.388337999999999406e-01,1.112718286972942845e-02
9.053570000000000562e+00,4.216092000000000173e-01,3.022061459842271397e-02,1.328170000000000073e+00,2.816760000000000097e-02,9.065608000000000555e-01,1.094860068439798377e-02
9.174559999999999604e+00,4.513884000000001340e-01,3.020305624809515796e-02,1.329280000000000017e+00,2.821239999999999859e-02,8.778915999999998832e-01,1.078355660093644613e-02
9.295540000000000802e+00,3.866077999999999459e-01,2.933892701881921083e-02,1.245999999999999996e+00,2.732609999999999900e-02,8.593922000000000505e-01,1.067974238479561799e-02
9.416520000000000223e+00,3.602095999999999076e-01,2.867026490382675388e-02,1.185499999999999998e+00,2.668840000000000101e-02,8.252904000000000906e-01,1.047441621741278597e-02
9.537509999999999266e+00,3.114248000000000571e-01,2.762482122547040009e-02,1.094330000000000025e+00,2.566809999999999925e-02,7.829051999999999678e-01,1.021172806772683260e-02
9.658490000000000464e+00,3.487326000000000592e-01,2.741629608140384866e-02,1.082910000000000039e+00,2.556699999999999945e-02,7.341773999999999800e-01,9.898575747207271486e-03
9.779469999999999885e+00,3.536207999999999574e-01,2.684443376149327556e-02,1.039949999999999930e+00,2.507590000000000166e-02,6.863291999999999726e-01,9.582424701775641915e-03
9.900460000000000704e+00,3.964893999999999918e-01,2.638718134514559874e-02,1.012990000000000057e+00,2.477079999999999907e-02,6.165006000000000652e-01,9.093448559353047023e-03
1.002139999999999986e+01,3.828342000000000134e-01,2.567507192511055136e-02,9.588430000000000009e-01,2.411889999999999867e-02,5.760087999999999875e-01,8.802725779529884179e-03
1.014240000000000030e+01,3.524418000000001383e-01,2.484973824324111444e-02,8.954950000000000410e-01,2.333040000000000114e-02,5.430531999999999027e-01,8.555812445209396572e-03
1.026340000000000074e+01,4.100529999999998898e-01,2.500272501355802271e-02,9.147579999999999600e-01,2.360040000000000054e-02,5.047050000000000702e-01,8.255748175883273476e-03
1.038439999999999941e+01,4.377028000000000585e-01,2.475650065982670789e-02,9.023630000000000262e-01,2.345300000000000162e-02,4.646601999999999677e-01,7.927238858518141640e-03
1.050539999999999985e+01,3.744736000000000176e-01,2.378502509465146506e-02,8.250830000000000108e-01,2.246599999999999986e-02,4.506093999999999933e-01,7.810650597306218954e-03
1.062640000000000029e+01,4.194695999999998870e-01,2.396728744132718691e-02,8.446129999999999471e-01,2.273340000000000083e-02,4.251434000000000601e-01,7.591007293844473369e-03
1.074729999999999919e+01,4.349043999999999688e-01,2.395718862552950051e-02,8.448769999999999891e-01,2.276660000000000142e-02,4.099726000000000203e-01,7.458472449449686514e-03
1.086829999999999963e+01,4.264370000000000660e-01,2.373235701916688936e-02,8.285090000000000510e-01,2.255199999999999913e-02,4.020719999999999850e-01,7.391350734825130955e-03
1.098930000000000007e+01,3.795146000000000353e-01,2.309581055091160934e-02,7.789650000000000185e-01,2.188709999999999961e-02,3.994503999999999833e-01,7.373690974918870045e-03
1.111030000000000051e+01,3.943844000000000238e-01,2.302569337626122342e-02,7.774119999999999919e-01,2.186259999999999940e-02,3.830275999999999681e-01,7.225598708591558436e-03
1.123129999999999917e+01,4.180025999999999464e-01,2.314242371184142139e-02,7.880279999999999507e-01,2.202430000000000013e-02,3.700254000000000043e-01,7.106474848221163224e-03
1.135229999999999961e+01,4.220272000000000467e-01,2.297739612082274133e-02,7.757410000000000139e-01,2.189999999999999933e-02,3.537137999999999671e-01,6.953469097738191988e-03
1.147320000000000029e+01,4.299155999999999533e-01,2.301130808938944491e-02,7.775279999999999969e-01,2.195280000000000148e-02,3.476124000000000436e-01,6.898903691515051451e-03
1.159420000000000073e+01,3.922345999999999333e-01,2.228656085040489274e-02,7.280699999999999950e-01,2.122850000000000084e-02,3.358354000000000616e-01,6.785394777667692542e-03
1.171519999999999939e+01,4.142359999999999376e-01,2.250777217773451688e-02,7.447749999999999648e-01,2.147589999999999916e-02,3.305390000000000272e-01,6.736878178711561138e-03
1.183619999999999983e+01,4.280778000000000083e-01,2.259108118516685651e-02,7.500550000000000272e-01,2.158890000000000114e-02,3.219772000000000189e-01,6.654047332623956763e-03
1.195720000000000027e+01,4.337487999999999899e-01,2.256141071513038249e-02,7.495979999999999865e-01,2.157560000000000033e-02,3.158491999999999966e-01,6.596266981922426116e-03
1.207820000000000071e+01,4.060965999999999743e-01,2.201970497637967608e-02,7.113730000000000331e-01,2.104139999999999830e-02,3.052764000000000588e-01,6.490523344600186706e-03
1.219909999999999961e+01,4.011743999999999311e-01,2.204631326586828713e-02,7.099259999999999460e-01,2.105620000000000061e-02,3.087516000000000149e-01,6.532715375462181881e-03
1.232010000000000005e+01,3.863755999999999857e-01,2.182508541397261068e-02,6.933759999999999923e-01,2.082830000000000098e-02,3.070004000000000066e-01,6.520450324724512588e-03
1.244110000000000049e+01,3.638701999999999215e-01,2.155179529367333424e-02,6.735729999999999773e-01,2.053150000000000114e-02,3.097028000000000558e-01,6.552662674852109854e-03
1.256209999999999916e+01,4.259117999999999515e-01,2.242790387651953307e-02,7.344429999999999570e-01,2.145149999999999835e-02,3.085312000000000054e-01,6.545534358965659702e-03
1.268309999999999960e+01,4.198164000000000895e-01,2.239641085792096198e-02,7.303070000000000395e-01,2.141020000000000076e-02,3.104905999999999500e-01,6.572865073679818107e-03
1.280410000000000004e+01,3.766710000000000336e-01,2.175589665200678216e-02,6.848100000000000298e-01,2.074519999999999836e-02,3.081389999999999962e-01,6.554061038226604088e-03
1.292500000000000071e+01,3.626686000000000076e-01,2.159128433936249175e-02,6.714080000000000048e-01,2.056929999999999870e-02,3.087393999999999972e-01,6.564103665634783355e-03
1.304599999999999937e+01,4.055074000000000178e-01,2.222474926567226741e-02,7.134489999999999998e-01,2.123469999999999872e-02,3.079415999999999820e-01,6.559496614222770465e-03
1.316699999999999982e+01,3.973355999999999000e-01,2.211458921327728519e-02,7.062349999999999461e-01,2.111400000000000082e-02,3.088994000000000462e-01,6.576781893297055544e-03
1.328800000000000026e+01,4.080512000000000028e-01,2.218029610269439331e-02,7.109680000000000444e-01,2.120129999999999931e-02,3.029168000000000416e-01,6.516932830189367358e-03
1.340900000000000070e+01,3.919114000000000764e-01,2.188204321317367348e-02,6.896600000000000508e-01,2.090540000000000107e-02,2.977485999999999744e-01,6.464368957848863444e-03
1.352999999999999936e+01,4.017932000000000725e-01,2.191987511940704514e-02,6.924040000000000195e-01,2.096730000000000121e-02,2.906107999999999469e-01,6.391655181594201041e-03
1.365090000000000003e+01,3.517293999999999699e-01,2.105989914139191552e-02,6.353609999999999536e-01,2.008909999999999862e-02,2.836315999999999837e-01,6.320396588474492920e-03
1.377190000000000047e+01,4.612979999999999858e-01,2.247534400410369781e-02,7.342659999999999743e-01,2.160209999999999908e-02,2.729679999999999884e-01,6.204060258637080459e-03
1.389289999999999914e+01,4.277793999999999208e-01,2.176914010931989274e-02,6.867569999999999508e-01,2.091240000000000113e-02,2.589776000000000300e-01,6.047064357124041709e-03
1.401389999999999958e+01,4.300401999999999836e-01,2.160662001403273677e-02,6.776510000000000034e-01,2.078009999999999927e-02,2.476107999999999920e-01,5.918908042941704514e-03
1.413490000000000002e+01,4.243814000000000197e-01,2.143400762729172696e-02,6.661010000000000542e-01,2.061959999999999835e-02,2.417196000000000067e-01,5.852245620853588001e-03
1.425590000000000046e+01,4.137627999999999306e-01,2.126372332313416699e-02,6.533719999999999528e-01,2.044870000000000021e-02,2.396092000000000222e-01,5.830660157546485069e-03
1.437679999999999936e+01,4.388668000000000013e-01,2.146110604896215440e-02,6.695630000000000193e-01,2.068350000000000050e-02,2.306961999999999902e-01,5.724674715195615313e-03
1.449779999999999980e+01,4.161668000000000589e-01,2.107902436368438645e-02,6.441440000000000499e-01,2.029519999999999935e-02,2.279771999999999910e-01,5.694745392447322224e-03
1.461880000000000024e+01,4.504079999999999750e-01,2.145336166583689669e-02,6.691639999999999810e-01,2.071500000000000077e-02,2.187560000000000060e-01,5.579919512430264045e-03
1.473980000000000068e+01,4.308517999999999515e-01,2.110965334488465461e-02,6.463619999999999921e-01,2.036949999999999872e-02,2.155102000000000406e-01,5.540842362962513160e-03
1.486079999999999934e+01,4.532305999999999835e-01,2.120062762268136447e-02,6.540139999999999842e-01,2.051450000000000148e-02,2.007834000000000008e-01,5.349944050698099939e-03
1.498170000000000002e+01,5.192090000000000316e-01,2.210848622790805018e-02,7.157160000000000188e-01,2.146510000000000085e-02,1.965069999999999872e-01,5.294775281312702128e-03
1.510270000000000046e+01,4.555310000000000192e-01,2.106031244348478132e-02,6.459909999999999819e-01,2.040490000000000012e-02,1.904599999999999904e-01,5.213138805671684722e-03
1.522369999999999912e+01,4.743310000000000581e-01,2.128353135366403345e-02,6.610700000000000465e-01,2.064759999999999859e-02,1.867389999999999883e-01,5.163847511536335047e-03
1.534469999999999956e+01,5.017207999999999668e-01,2.162909752006310360e-02,6.838549999999999907e-01,2.101849999999999899e-02,1.821341999999999961e-01,5.102991013356774318e-03
1.546570000000000000e+01,4.720282000000000089e-01,2.121284913421108559e-02,6.547560000000000047e-01,2.058719999999999994e-02,1.827277999999999680e-01,5.113918707879507031e-03
1.558670000000000044e+01,4.640410000000000368e-01,2.102141289613045777e-02,6.431090000000000417e-01,2.040279999999999871e-02,1.790679999999999772e-01,5.062168735789039642e-03
1.570759999999999934e+01,4.482392000000000043e-01,2.085343941870501303e-02,6.298989999999999867e-01,2.021979999999999958e-02,1.816597999999999824e-01,5.101531490601621255e-03
1.582859999999999978e+01,5.051193999999999962e-01,2.166659161020948257e-02,6.829089999999999883e-01,2.106979999999999964e-02,1.777896000000000198e-01,5.050219793593145948e-03
1.594960000000000022e+01,5.445807999999999760e-01,2.209516020712228024e-02,7.129259999999999486e-01,2.154119999999999993e-02,1.683451999999999726e-01,4.916584906050134110e-03
1.607059999999999889e+01,5.270776000000000350e-01,2.174700488371674595e-02,6.905419999999999892e-01,2.119920000000000138e-02,1.634643999999999819e-01,4.850375322838430120e-03
1.619160000000000110e+01,5.026228000000000362e-01,2.138786170573393416e-02,6.650810000000000333e-01,2.083290000000000142e-02,1.624581999999999971e-01,4.840548102601605236e-03
1.631259999999999977e+01,5.191557999999999451e-01,2.154161094327905479e-02,6.758659999999999668e-01,2.100950000000000040e-02,1.567101999999999939e-01,4.758351792543296689e-03
1.643349999999999866e+01,4.801796000000000397e-01,2.097201209808920511e-02,6.379590000000000538e-01,2.042060000000000056e-02,1.577793999999999863e-01,4.777487528230712176e-03
1.655450000000000088e+01,5.141839999999999744e-01,2.157462169006909777e-02,6.751279999999999504e-01,2.102729999999999877e-02,1.609440000000000037e-01,4.828763379955576356e-03
1.667549999999999955e+01,5.103306000000000786e-01,2.151879934026989377e-02,6.705969999999999986e-01,2.097210000000000046e-02,1.602663999999999755e-01,4.819724746995412631e-03
1.679650000000000176e+01,5.014745999999999926e-01,2.133033154893753530e-02,6.585509999999999975e-01,2.078879999999999964e-02,1.570764000000000049e-01,4.775859979898908030e-03
1.691750000000000043e+01,5.444675999999999405e-01,2.198128274883884292e-02,7.008729999999999682e-01,2.145810000000000078e-02,1.564053999999999722e-01,4.767256619314718530e-03
1.703849999999999909e+01,5.343916000000000777e-01,2.182397928028708203e-02,6.880190000000000472e-01,2.130539999999999864e-02,1.536273999999999695e-01,4.729270817620831110e-03
1.715940000000000154e+01,5.813365999999999811e-01,2.241348727705182176e-02,7.290539999999999798e-01,2.192759999999999848e-02,1.477174000000000265e-01,4.641634427501158122e-03
1.728040000000000020e+01,6.120794000000000512e-01,2.277159689449477151e-02,7.545260000000000300e-01,2.230959999999999888e-02,1.424465999999999788e-01,4.563701673572014006e-03
1.740139999999999887e+01,5.985940000000000705e-01,2.253244674062157907e-02,7.369080000000000075e-01,2.207840000000000150e-02,1.383139999999999925e-01,4.500601021968955208e-03
1.752240000000000109e+01,6.277121999999999424e-01,2.281170540239041422e-02,7.569879999999999942e-01,2.239170000000000049e-02,1.292757999999999963e-01,4.357255383317346596e-03
1.764339999999999975e+01,6.452370000000000605e-01,2.303814636913195657e-02,7.725070000000000547e-01,2.262789999999999940e-02,1.272699999999999942e-01,4.328317192113812634e-03
1.776439999999999841e+01,6.284054000000000029e-01,2.268451554246243840e-02,7.489010000000000389e-01,2.228940000000000088e-02,1.204955999999999944e-01,4.215435094532947458e-03
1.788530000000000086e+01,6.488770000000000371e-01,2.293639031408900922e-02,7.660430000000000295e-01,2.255599999999999966e-02,1.171659999999999924e-01,4.159911614474038136e-03
1.800629999999999953e+01,6.074391999999999570e-01,2.230080362009082343e-02,7.208499999999999908e-01,2.192150000000000001e-02,1.134107999999999922e-01,4.095568318543349635e-03
1.812730000000000175e+01,6.930520000000000014e-01,2.356778579240222105e-02,8.071599999999999886e-01,2.320629999999999915e-02,1.141079999999999872e-01,4.111954215036446245e-03
1.824830000000000041e+01,6.297418000000000182e-01,2.258694815245813198e-02,7.394600000000000062e-01,2.222369999999999901e-02,1.097181999999999880e-01,4.034524154325017445e-03
1.836929999999999907e+01,6.644818600000000908e-01,2.308372107124611813e-02,7.729890000000000372e-01,2.273199999999999874e-02,1.085071399999999880e-01,4.014268861834244251e-03
1.849030000000000129e+01,6.736473200000000494e-01,2.318992272307348473e-02,7.794130000000000225e-01,2.284850000000000075e-02,1.057656800000000008e-01,3.964664380766674823e-03
1.861120000000000019e+01,6.904567199999999128e-01,2.341395201561274550e-02,7.948389999999999622e-01,2.307970000000000160e-02,1.043822800000000078e-01,3.942156376834383621e-03
1.873219999999999885e+01,6.647803199999999801e-01,2.300871454849705289e-02,7.664560000000000262e-01,2.267699999999999924e-02,1.016756800000000044e-01,3.892893034006970985e-03
1.885320000000000107e+01,6.599389999999999423e-01,2.291071346487594598e-02,7.588789999999999702e-01,2.258639999999999953e-02,9.894000000000000017e-02,3.841266263831238405e-03
1.897419999999999973e+01,7.320105399999999873e-01,2.400582641004712567e-02,8.329980000000000162e-01,2.368970000000000103e-02,1.009874599999999872e-01,3.883016293980235539e-03
1.909519999999999840e+01,7.084621399999999625e-01,2.364366980931412177e-02,8.071639999999999926e-01,2.332930000000000073e-02,9.870186000000000237e-02,3.842770297828377972e-03
1.921620000000000061e+01,7.242255600000000459e-01,2.386277253565033743e-02,8.206890000000000018e-01,2.355799999999999908e-02,9.646343999999999752e-02,3.801650837226901690e-03
1.933709999999999951e+01,7.437858600000000209e-01,2.408567960368874702e-02,8.371370000000000200e-01,2.379300000000000165e-02,9.335114000000001300e-02,3.743409271178881059e-03
1.945810000000000173e+01,7.541277199999999459e-01,2.424024215940773219e-02,8.468059999999999476e-01,2.395090000000000066e-02,9.267828000000000177e-02,3.734130305268952479e-03
1.957910000000000039e+01,7.596953200000000628e-01,2.435617215715187023e-02,8.538210000000000521e-01,2.406310000000000046e-02,9.412568000000001711e-02,3.767006840824688348e-03
1.970009999999999906e+01,7.805752200000000141e-01,2.463822993498566982e-02,8.745589999999999753e-01,2.434899999999999912e-02,9.398377999999998900e-02,3.764116540335062794e-03
1.982110000000000127e+01,7.972044199999999137e-01,2.490760904543436877e-02,8.924809999999999688e-01,2.461730000000000168e-02,9.527657999999999960e-02,3.791771231259080666e-03
1.994209999999999994e+01,7.591041199999999378e-01,2.444352061033426560e-02,8.572089999999999987e-01,2.413840000000000083e-02,9.810488000000000541e-02,3.850109773478673468e-03
2.006299999999999883e+01,7.677751199999999221e-01,2.454119953958958447e-02,8.625119999999999454e-01,2.424760000000000110e-02,9.473687999999999554e-02,3.784754824549670278e-03
2.018400000000000105e+01,8.045425600000000177e-01,2.495774549040782539e-02,8.931970000000000187e-01,2.468750000000000111e-02,8.865444000000000102e-02,3.662840934844428104e-03
2.030499999999999972e+01,7.547573000000000754e-01,2.427994149037571506e-02,8.441570000000000462e-01,2.399909999999999891e-02,8.939969999999999861e-02,3.682221878983937997e-03
2.042599999999999838e+01,7.852677999999999603e-01,2.469874887446673814e-02,8.737070000000000114e-01,2.442530000000000048e-02,8.843920000000000947e-02,3.665094251717409320e-03
2.054700000000000060e+01,7.799740399999999241e-01,2.459897980217821967e-02,8.664279999999999760e-01,2.433029999999999915e-02,8.645396000000001024e-02,3.625783945296796179e-03
2.066799999999999926e+01,7.854406999999999917e-01,2.479931909368069537e-02,8.766359999999999708e-01,2.451779999999999932e-02,9.119529999999999303e-02,3.726085166793158786e-03
2.078890000000000171e+01,7.776586000000000887e-01,2.471465966616259377e-02,8.699900000000000411e-01,2.442810000000000120e-02,9.233139999999999403e-02,3.752643442194314970e-03
2.090990000000000038e+01,8.392163999999999735e-01,2.555535290844444460e-02,9.315909999999999469e-01,2.527789999999999898e-02,9.237460000000000115e-02,3.755507138209165843e-03
2.103089999999999904e+01,8.240748600000000756e-01,2.537181944485408791e-02,9.162660000000000249e-01,2.509269999999999903e-02,9.219114000000000475e-02,3.753082553352110693e-03
2.115190000000000126e+01,8.264360800000000173e-01,2.542658070881918461e-02,9.182740000000000347e-01,2.514879999999999893e-02,9.183792000000000344e-02,3.748181572722430847e-03
2.127289999999999992e+01,8.158572199999999386e-01,2.527362248087970317e-02,9.070049999999999502e-01,2.499559999999999976e-02,9.114777999999999769e-02,3.738445391607051003e-03
2.139389999999999858e+01,7.930794800000000588e-01,2.492477423790771113e-02,8.810430000000000206e-01,2.465279999999999902e-02,8.796351999999998950e-02,3.672032539434801936e-03
2.151480000000000103e+01,7.632872800000000124e-01,2.451456781888083913e-02,8.512340000000000462e-01,2.423780000000000032e-02,8.794672000000000600e-02,3.673293686394813601e-03
2.163579999999999970e+01,7.860276399999999164e-01,2.481381303730863588e-02,8.717819999999999458e-01,2.454699999999999938e-02,8.575436000000000170e-02,3.629064404293205672e-03
2.175679999999999836e+01,7.716425199999999984e-01,2.456168533685935962e-02,8.540229999999999766e-01,2.430260000000000059e-02,8.238048000000000592e-02,3.558092161101508114e-03
2.187780000000000058e+01,7.867346799999999085e-01,2.477191576171717743e-02,8.677859999999999463e-01,2.451920000000000141e-02,8.105131999999999615e-02,3.529396813282972833e-03
2.199879999999999924e+01,8.268368400000000173e-01,2.535164906284891051e-02,9.084900000000000198e-01,2.510240000000000041e-02,8.165316000000000241e-02,3.546212690441451817e-03
2.211980000000000146e+01,8.058067599999999553e-01,2.506239080260923638e-02,8.859380000000000033e-01,2.481480000000000144e-02,8.013124000000000635e-02,3.514133421302042311e-03
2.224070000000000036e+01,8.009117599999999726e-01,2.501329727408883527e-02,8.815859999999999808e-01,2.476309999999999970e-02,8.067423999999999429e-02,3.529011038795429843e-03
2.236169999999999902e+01,8.173745000000000038e-01,2.526870884286104568e-02,8.985969999999999791e-01,2.501899999999999957e-02,8.122250000000000303e-02,3.543626050429700587e-03
2.248270000000000124e+01,8.110341999999999274e-01,2.520323527816038106e-02,8.926859999999999795e-01,2.495110000000000036e-02,8.165180000000001048e-02,3.556076106652949955e-03
2.260369999999999990e+01,7.737632000000000954e-01,2.467421326238200541e-02,8.552800000000000402e-01,2.441679999999999892e-02,8.151680000000000037e-02,3.554810526245808042e-03
2.272469999999999857e+01,8.092934000000000516e-01,2.519155940282665623e-02,8.903680000000000483e-01,2.494060000000000027e-02,8.107459999999999667e-02,3.546989820417307399e-03
2.284570000000000078e+01,7.886235000000000328e-01,2.496130359189150869e-02,8.726660000000000528e-01,2.469829999999999942e-02,8.404250000000000609e-02,3.613952699825497168e-03
2.296659999999999968e+01,7.851790000000000713e-01,2.494097926310063704e-02,8.709670000000000467e-01,2.467170000000000127e-02,8.578800000000000314e-02,3.655087647706412816e-03
2.308759999999999835e+01,8.109769599999999690e-01,2.525267495129211032e-02,8.924499999999999655e-01,2.499960000000000029e-02,8.147303999999999657e-02,3.566173304203821594e-03
2.320860000000000056e+01,8.175054800000000066e-01,2.537249557481518342e-02,8.993799999999999573e-01,2.511930000000000066e-02,8.187451999999999230e-02,3.575513837760385585e-03
2.332959999999999923e+01,7.669205599999999734e-01,2.472689178382669190e-02,8.500480000000000258e-01,2.446219999999999992e-02,8.312743999999999689e-02,3.608316567192518080e-03
2.345060000000000144e+01,7.553828599999999893e-01,2.452400167246528498e-02,8.370419999999999527e-01,2.426160000000000122e-02,8.165913999999999118e-02,3.577907694600295646e-03
2.357160000000000011e+01,7.290193400000000157e-01,2.414819080598577458e-02,8.113029999999999964e-01,2.387929999999999914e-02,8.228366000000000846e-02,3.593626401324433693e-03
2.369249999999999901e+01,8.005650199999999606e-01,2.524328281401370944e-02,8.844389999999999752e-01,2.498090000000000033e-02,8.387397999999998688e-02,3.630146335656456950e-03
2.381350000000000122e+01,8.187992800000000182e-01,2.553545886791862632e-02,9.035410000000000386e-01,2.527259999999999923e-02,8.474171999999999261e-02,3.654497070071886268e-03
2.393449999999999989e+01,7.670466799999999807e-01,2.483865520492009246e-02,8.515030000000000099e-01,2.454239999999999894e-02,8.445632000000000139e-02,3.824839163795517964e-03
2.405549999999999855e+01,7.988405599999999218e-01,2.526185930215953113e-02,8.829209999999999559e-01,2.501170000000000129e-02,8.408043999999999241e-02,3.546321828613979796e-03
2.415630000000000166e+01,7.259204200000000107e-01,2.951022187004055664e-02,8.091209999999999791e-01,2.933180000000000162e-02,8.320057999999999621e-02,3.240170300928641063e-03
2.425710000000000122e+01,8.070115600000000722e-01,1.334162574550313250e-02,8.905650000000000510e-01,1.301290000000000086e-02,8.355344000000000659e-02,2.943367310254022678e-03
2.437839999999999918e+01,8.086925199999999148e-01,1.326984651251641306e-02,8.915309999999999624e-01,1.301390000000000012e-02,8.283848000000000600e-02,2.593691048630117693e-03
2.450029999999999930e+01,7.889122400000000424e-01,1.294133519441266998e-02,8.711870000000000447e-01,1.280779999999999939e-02,8.227476000000000234e-02,1.854296571248515140e-03
2.462280000000000157e+01,8.166945800000000588e-01,1.309879792971431478e-02,8.979810000000000292e-01,1.296920000000000017e-02,8.128641999999999812e-02,1.838031164993673191e-03
2.474589999999999890e+01,8.168004599999999504e-01,1.305703605136663420e-02,8.976499999999999480e-01,1.292839999999999961e-02,8.084953999999999752e-02,1.828295349960722040e-03
2.486959999999999837e+01,8.202042600000000183e-01,1.303608139193737810e-02,9.013879999999999670e-01,1.290739999999999943e-02,8.118373999999999036e-02,1.827140743680135803e-03
2.499399999999999977e+01,7.950044199999999339e-01,1.283118602104357450e-02,8.770099999999999563e-01,1.269960000000000012e-02,8.200558000000000847e-02,1.832892399085117845e-03
2.511899999999999977e+01,8.122637400000000119e-01,1.290922928833290219e-02,8.927910000000000013e-01,1.278130000000000065e-02,8.052725999999998940e-02,1.812890269363261891e-03
2.524459999999999837e+01,8.006978399999999940e-01,1.278523741290524436e-02,8.809660000000000268e-01,1.265729999999999980e-02,8.026816000000000506e-02,1.804176381164546757e-03
2.537079999999999913e+01,8.025357199999999525e-01,1.275733111080526970e-02,8.821890000000000009e-01,1.263090000000000046e-02,7.965328000000000686e-02,1.791608847019906994e-03
2.549759999999999849e+01,8.048842000000000496e-01,1.275582651131866065e-02,8.844600000000000239e-01,1.263030000000000055e-02,7.957580000000000209e-02,1.785113973072868006e-03
2.562509999999999977e+01,8.280543399999999998e-01,1.287601436278447246e-02,9.077370000000000161e-01,1.275219999999999999e-02,7.968266000000000238e-02,1.781331252359313498e-03
2.575329999999999941e+01,8.185396799999999917e-01,1.278835695119634984e-02,9.006840000000000401e-01,1.266059999999999928e-02,8.214432000000000678e-02,1.803130930135690268e-03
2.588200000000000145e+01,8.243307199999999613e-01,1.278457712430692769e-02,9.056769999999999543e-01,1.265849999999999961e-02,8.134628000000000692e-02,1.791030428929670740e-03
2.601139999999999830e+01,8.235471399999999553e-01,1.274874860503147703e-02,9.055940000000000101e-01,1.262180000000000073e-02,8.204686000000001311e-02,1.794646414838310406e-03
2.614150000000000063e+01,8.092295200000000355e-01,1.263419404506959352e-02,8.924779999999999935e-01,1.250489999999999935e-02,8.324847999999999970e-02,1.802868591570666590e-03
2.627220000000000155e+01,8.468778200000000034e-01,1.285512988188512902e-02,9.306250000000000355e-01,1.272799999999999973e-02,8.374718000000000440e-02,1.803435687829205419e-03
2.640360000000000085e+01,8.185016600000000198e-01,1.262505177821207983e-02,9.020569999999999977e-01,1.249639999999999952e-02,8.355534000000000572e-02,1.797753999449312832e-03
2.653559999999999874e+01,8.455246599999999280e-01,1.279428782516229060e-02,9.292179999999999884e-01,1.266770000000000049e-02,8.369334000000000495e-02,1.795321047360610555e-03
2.666819999999999879e+01,8.446500399999999908e-01,1.274893140619134425e-02,9.275879999999999681e-01,1.262369999999999985e-02,8.293796000000000501e-02,1.782540409015178490e-03
2.680160000000000053e+01,8.506736200000000192e-01,1.273685491908673785e-02,9.320260000000000211e-01,1.261460000000000012e-02,8.135238000000000191e-02,1.760494268625717408e-03
2.693560000000000088e+01,8.278190400000000615e-01,1.254394040127343804e-02,9.085550000000000015e-01,1.242150000000000025e-02,8.073595999999999551e-02,1.748364533128031386e-03
2.707029999999999959e+01,8.508735600000000288e-01,1.266097019956653920e-02,9.304170000000000496e-01,1.254219999999999988e-02,7.954343999999999304e-02,1.730140327924876726e-03
2.720560000000000045e+01,8.346743199999999696e-01,1.253462804842824310e-02,9.149490000000000123e-01,1.241420000000000023e-02,8.027468000000000103e-02,1.733360514273934614e-03
2.734169999999999945e+01,8.744558399999999843e-01,1.276223145027263577e-02,9.543310000000000404e-01,1.264509999999999940e-02,7.987516000000000060e-02,1.725107990917670213e-03
2.747840000000000060e+01,8.643568999999999836e-01,1.267213315181023488e-02,9.450720000000000232e-01,1.255339999999999928e-02,8.071510000000001184e-02,1.730637760251404946e-03
2.761580000000000013e+01,8.805653599999999637e-01,1.274273426823584188e-02,9.609929999999999861e-01,1.262560000000000071e-02,8.042763999999999469e-02,1.723804301790664295e-03
2.775379999999999825e+01,8.957284000000000912e-01,1.282376552236276675e-02,9.771950000000000358e-01,1.270630000000000023e-02,8.146659999999998625e-02,1.731733952586251039e-03
2.789260000000000161e+01,9.051801199999999215e-01,1.285069973502252390e-02,9.859219999999999651e-01,1.273509999999999920e-02,8.074188000000000198e-02,1.719799892344455209e-03
2.803209999999999980e+01,8.985478000000000076e-01,1.278893328782146517e-02,9.803960000000000452e-01,1.267169999999999928e-02,8.184819999999999596e-02,1.727667141074344702e-03
2.817220000000000013e+01,9.082883600000000168e-01,1.282468753452714778e-02,9.895019999999999927e-01,1.270929999999999976e-02,8.121363999999998973e-02,1.716480080937731172e-03
2.831309999999999860e+01,9.258919800000000588e-01,1.289939761529413503e-02,1.007430000000000048e+00,1.278469999999999954e-02,8.153801999999998884e-02,1.716363815586893424e-03
2.845469999999999899e+01,9.258452600000000032e-01,1.286484290784446413e-02,1.006510000000000016e+00,1.275150000000000068e-02,8.066473999999998479e-02,1.703945654507795730e-03
2.859690000000000154e+01,9.584258999999999418e-01,1.305151316841982219e-02,1.040429999999999966e+00,1.293850000000000035e-02,8.200409999999999644e-02,1.713830136109176835e-03
2.873989999999999867e+01,9.681130399999998692e-01,1.308424527426828646e-02,1.050319999999999920e+00,1.297169999999999920e-02,8.220696000000000947e-02,1.712446643610246759e-03
2.888360000000000127e+01,9.531314600000000414e-01,1.295028827851225917e-02,1.034610000000000030e+00,1.283809999999999986e-02,8.147854000000000207e-02,1.700927654714332743e-03
2.902799999999999869e+01,9.622054199999999780e-01,1.296151724212053942e-02,1.042399999999999993e+00,1.285170000000000062e-02,8.019458000000000142e-02,1.683667522935570300e-03
2.917320000000000135e+01,9.692626799999999321e-01,1.297891164487870175e-02,1.048729999999999940e+00,1.287079999999999995e-02,7.946732000000000795e-02,1.671722119722054587e-03
2.931899999999999906e+01,9.698749400000000742e-01,1.293369826058347535e-02,1.046990000000000087e+00,1.282879999999999958e-02,7.711505999999999916e-02,1.643910355165390316e-03
2.946559999999999846e+01,9.967577399999999477e-01,1.304688925406573621e-02,1.070119999999999960e+00,1.294849999999999994e-02,7.336225999999999858e-02,1.599270758144473708e-03
2.961299999999999955e+01,1.002573899999999796e+00,1.305390523978046911e-02,1.075599999999999890e+00,1.295649999999999927e-02,7.302610000000001045e-02,1.591712838161456591e-03
2.976099999999999923e+01,9.698619200000000440e-01,1.282061539280591675e-02,1.041800000000000059e+00,1.272339999999999929e-02,7.193808000000000147e-02,1.575839931671995948e-03
2.990980000000000061e+01,9.758877999999999719e-01,1.282206249480418066e-02,1.047180000000000000e+00,1.272620000000000001e-02,7.129220000000000002e-02,1.564966511035938927e-03
3.005940000000000012e+01,9.938729599999999165e-01,1.289722629812441526e-02,1.065229999999999899e+00,1.280230000000000083e-02,7.135704000000001046e-02,1.561909374782032445e-03
3.020970000000000155e+01,1.002547639999999962e+00,1.294349426783246958e-02,1.075579999999999981e+00,1.284710000000000019e-02,7.303235999999999062e-02,1.576726181495062117e-03
3.036070000000000135e+01,1.000552960000000047e+00,1.289454245582370533e-02,1.072089999999999987e+00,1.280030000000000057e-02,7.153704000000001006e-02,1.556131438870123279e-03
3.051249999999999929e+01,1.000687740000000048e+00,1.287288004698497988e-02,1.073479999999999990e+00,1.277730000000000012e-02,7.279225999999999752e-02,1.565773104272774347e-03
3.066509999999999891e+01,9.840451999999999533e-01,1.273161305058993602e-02,1.055679999999999952e+00,1.263689999999999952e-02,7.163479999999999848e-02,1.550073953059014423e-03
3.081840000000000046e+01,9.847562799999999283e-01,1.270781739002272565e-02,1.055679999999999952e+00,1.261430000000000017e-02,7.092371999999999566e-02,1.538849676922343169e-03
3.097250000000000014e+01,1.007405379999999795e+00,1.281058404739424811e-02,1.077839999999999909e+00,1.271890000000000000e-02,7.043462000000000334e-02,1.529917130223725462e-03
3.112740000000000151e+01,9.821840400000000360e-01,1.264658408736572641e-02,1.053250000000000020e+00,1.255320000000000047e-02,7.106596000000001134e-02,1.534033519455164831e-03
3.128300000000000125e+01,1.003678260000000044e+00,1.272632529571234711e-02,1.073150000000000048e+00,1.263599999999999966e-02,6.947174000000000404e-02,1.513558565859940636e-03
3.143939999999999912e+01,9.949577600000001354e-01,1.266357707861913776e-02,1.065940000000000110e+00,1.257130000000000053e-02,7.098224000000000200e-02,1.525975339292217963e-03
3.159659999999999869e+01,9.955025999999999042e-01,1.263740914597798366e-02,1.065539999999999932e+00,1.254659999999999977e-02,7.003739999999999966e-02,1.512262663312163987e-03
3.175459999999999994e+01,1.009530419999999928e+00,1.268444229499933462e-02,1.078770000000000007e+00,1.259539999999999965e-02,6.923957999999999502e-02,1.500325023175978333e-03
3.191339999999999932e+01,9.825365600000000033e-01,1.250066461381553994e-02,1.052100000000000035e+00,1.241040000000000025e-02,6.956344000000000416e-02,1.499529135128757672e-03
3.207289999999999708e+01,9.852377400000000840e-01,1.250103843545663160e-02,1.056000000000000050e+00,1.240959999999999980e-02,7.076225999999999350e-02,1.509234840826304122e-03
3.223329999999999984e+01,9.845274800000000104e-01,1.247133131330316162e-02,1.055889999999999995e+00,1.237929999999999933e-02,7.136252000000001261e-02,1.512295022862933207e-03
3.239450000000000074e+01,9.942384000000000777e-01,1.250547677902510112e-02,1.066880000000000051e+00,1.241240000000000052e-02,7.264160000000000061e-02,1.522916843014089118e-03
3.255639999999999645e+01,9.879245199999999727e-01,1.245326640919947568e-02,1.061069999999999958e+00,1.235950000000000069e-02,7.314547999999999883e-02,1.525320952618169391e-03
3.271920000000000073e+01,9.997289400000000104e-01,1.249210858156220121e-02,1.071819999999999995e+00,1.240029999999999952e-02,7.209106000000001235e-02,1.511733019927791319e-03
3.288280000000000314e+01,9.868094400000000377e-01,1.238050575894926973e-02,1.058270000000000044e+00,1.228910000000000072e-02,7.146055999999999242e-02,1.501647108136928499e-03
3.304719999999999658e+01,9.936106800000000794e-01,1.238443344098372548e-02,1.064200000000000035e+00,1.229459999999999928e-02,7.058931999999999707e-02,1.488960205699265890e-03
3.321249999999999858e+01,1.018102559999999990e+00,1.250472286191517401e-02,1.089069999999999983e+00,1.241570000000000000e-02,7.096743999999999275e-02,1.489458748439848653e-03
3.337850000000000250e+01,1.040602820000000150e+00,1.260485563954557957e-02,1.112430000000000030e+00,1.251589999999999994e-02,7.182717999999999048e-02,1.494868851700375699e-03
3.354540000000000077e+01,1.050641720000000001e+00,1.264411954087274643e-02,1.123629999999999907e+00,1.255440000000000028e-02,7.298827999999998872e-02,1.503595558612754292e-03
3.371320000000000050e+01,1.045587799999999845e+00,1.258265508199902898e-02,1.117459999999999898e+00,1.249429999999999985e-02,7.187219999999998332e-02,1.488514837868941138e-03
3.388170000000000215e+01,1.053646080000000040e+00,1.258850866281721256e-02,1.124829999999999997e+00,1.250150000000000046e-02,7.118391999999999775e-02,1.477514163662737960e-03
3.405109999999999815e+01,1.044668820000000053e+00,1.251606148588988061e-02,1.116200000000000081e+00,1.242850000000000031e-02,7.153117999999999976e-02,1.477898125235971609e-03
3.422140000000000271e+01,1.063954779999999989e+00,1.259272178373952757e-02,1.135320000000000107e+00,1.250620000000000030e-02,7.136522000000000698e-02,1.473636143241607768e-03
3.439249999999999829e+01,1.097704199999999908e+00,1.274711540227466480e-02,1.169189999999999952e+00,1.266190000000000024e-02,7.148580000000000212e-02,1.471475269553654220e-03
3.456450000000000244e+01,1.087640260000000136e+00,1.267776159511559836e-02,1.159340000000000037e+00,1.259210000000000017e-02,7.169974000000001180e-02,1.471277218129880696e-03
3.473729999999999762e+01,1.112977639999999990e+00,1.278709723976712356e-02,1.185329999999999995e+00,1.270169999999999980e-02,7.235236000000000445e-02,1.475355187492150954e-03
3.491100000000000136e+01,1.135157280000000046e+00,1.287228534388124880e-02,1.206990000000000007e+00,1.278840000000000011e-02,7.183272000000000268e-02,1.467158960133495369e-03
3.508550000000000324e+01,1.139644179999999896e+00,1.287234520653264720e-02,1.211859999999999937e+00,1.278840000000000011e-02,7.221582000000001389e-02,1.467684079134198242e-03
3.526089999999999947e+01,1.144540760000000157e+00,1.286526453418692859e-02,1.216970000000000107e+00,1.278140000000000005e-02,7.242923999999999196e-02,1.466576140065015393e-03
3.543730000000000047e+01,1.165404559999999812e+00,1.296386226995072631e-02,1.240259999999999918e+00,1.287819999999999937e-02,7.485543999999999532e-02,1.487847342388324331e-03
3.561440000000000339e+01,1.148235259999999869e+00,1.285653619783851294e-02,1.224779999999999980e+00,1.276869999999999915e-02,7.654474000000000000e-02,1.500274413676378100e-03
3.579249999999999687e+01,1.195560860000000059e+00,1.307582180155098320e-02,1.272680000000000033e+00,1.298930000000000050e-02,7.711914000000000269e-02,1.501732764481084319e-03
3.597149999999999892e+01,1.207735140000000040e+00,1.311040680201770205e-02,1.284680000000000044e+00,1.302470000000000017e-02,7.694486000000000381e-02,1.496648397049888356e-03
3.615129999999999910e+01,1.231688300000000069e+00,1.320610649240751798e-02,1.309320000000000039e+00,1.312059999999999962e-02,7.763169999999999793e-02,1.500368064445521373e-03
3.633209999999999695e+01,1.211783520000000003e+00,1.307009422651925733e-02,1.288059999999999983e+00,1.298559999999999992e-02,7.627648000000000761e-02,1.483764041245102866e-03
3.651370000000000005e+01,1.223046799999999878e+00,1.309362677014279386e-02,1.298769999999999980e+00,1.301010000000000014e-02,7.572320000000000439e-02,1.476604207565453174e-03
3.669630000000000081e+01,1.227931639999999991e+00,1.309039020094343760e-02,1.303469999999999906e+00,1.300729999999999942e-02,7.553835999999999884e-02,1.472569972176534549e-03
3.687980000000000302e+01,1.242532540000000019e+00,1.313750350482023599e-02,1.318750000000000089e+00,1.305429999999999958e-02,7.621746000000000076e-02,1.476228251038436134e-03
3.706419999999999959e+01,1.252286319999999842e+00,1.315270626252437909e-02,1.327199999999999935e+00,1.307140000000000038e-02,7.491368000000001026e-02,1.460200009672647488e-03
3.724949999999999761e+01,1.258980580000000016e+00,1.315936974892414728e-02,1.334910000000000041e+00,1.307739999999999944e-02,7.592941999999999747e-02,1.466499720047705936e-03
3.743580000000000041e+01,1.260959160000000079e+00,1.314318768912534421e-02,1.336729999999999974e+00,1.306170000000000074e-02,7.577084000000000596e-02,1.461292490084035089e-03
3.762290000000000134e+01,1.301709000000000005e+00,1.331163075992930316e-02,1.377909999999999968e+00,1.323110000000000085e-02,7.620100000000000484e-02,1.462021298988493015e-03
3.781110000000000326e+01,1.273784880000000008e+00,1.314716322395778278e-02,1.349620000000000042e+00,1.306640000000000058e-02,7.583512000000000586e-02,1.455022981738776687e-03
3.800010000000000332e+01,1.272636080000000058e+00,1.311250090944225677e-02,1.348829999999999973e+00,1.303149999999999968e-02,7.619391999999999832e-02,1.455227765720541787e-03
3.819010000000000105e+01,1.268474859999999982e+00,1.305975531107930049e-02,1.343409999999999993e+00,1.298009999999999962e-02,7.493513999999999731e-02,1.440212753472208413e-03
3.838110000000000355e+01,1.289086340000000108e+00,1.312865499751135999e-02,1.363660000000000094e+00,1.305019999999999965e-02,7.457365999999999995e-02,1.433130141920125732e-03
3.857300000000000040e+01,1.286709340000000035e+00,1.309189956071707753e-02,1.360300000000000065e+00,1.301459999999999943e-02,7.359066000000000218e-02,1.420570641645110214e-03
3.876579999999999870e+01,1.267543399999999876e+00,1.296364612199638923e-02,1.340479999999999894e+00,1.288659999999999979e-02,7.293660000000000421e-02,1.411262277662093337e-03
3.895969999999999800e+01,1.267549220000000032e+00,1.294043434725511768e-02,1.341080000000000050e+00,1.286290000000000003e-02,7.353077999999999004e-02,1.414441474794909991e-03
3.915449999999999875e+01,1.301746199999999964e+00,1.307447449656925879e-02,1.375799999999999912e+00,1.299739999999999923e-02,7.405380000000000296e-02,1.417560087417813874e-03
3.935020000000000095e+01,1.297024039999999934e+00,1.302062417648662540e-02,1.370619999999999949e+00,1.294410000000000005e-02,7.359595999999998805e-02,1.409584738604955376e-03
3.954699999999999704e+01,1.296946099999999991e+00,1.299180330798199896e-02,1.371159999999999934e+00,1.291480000000000058e-02,7.421389999999999931e-02,1.412407219357080532e-03
3.974470000000000169e+01,1.270405540000000055e+00,1.284801971783402878e-02,1.345140000000000002e+00,1.276990000000000069e-02,7.473445999999998868e-02,1.414660616491460838e-03
3.994339999999999691e+01,1.283818420000000016e+00,1.287313423089590965e-02,1.357660000000000089e+00,1.279650000000000058e-02,7.384157999999999000e-02,1.402559330889071622e-03
4.014320000000000022e+01,1.276887920000000065e+00,1.281860051300187653e-02,1.351620000000000044e+00,1.274109999999999999e-02,7.473208000000000628e-02,1.407440905307217466e-03
4.034389999999999787e+01,1.267624120000000021e+00,1.274716026206244683e-02,1.342580000000000107e+00,1.266929999999999966e-02,7.495588000000000251e-02,1.406745270723879122e-03
4.054560000000000031e+01,1.291651439999999873e+00,1.282999668472459102e-02,1.366749999999999909e+00,1.275279999999999990e-02,7.509855999999999476e-02,1.405313875987851966e-03
4.074830000000000041e+01,1.274336759999999957e+00,1.272436574166366761e-02,1.349679999999999991e+00,1.264659999999999916e-02,7.534324000000000576e-02,1.404632324711345978e-03
4.095210000000000150e+01,1.283044779999999996e+00,1.273739707850516864e-02,1.357869999999999910e+00,1.266049999999999988e-02,7.482521999999999784e-02,1.397506381206182471e-03
4.115679999999999694e+01,1.302444019999999814e+00,1.280237769220421082e-02,1.377359999999999918e+00,1.272610000000000061e-02,7.491598000000000701e-02,1.395440204325502443e-03
4.136260000000000048e+01,1.283818540000000175e+00,1.269265763829687324e-02,1.358950000000000102e+00,1.261579999999999993e-02,7.513145999999999713e-02,1.394685729121797552e-03
4.156940000000000168e+01,1.283511840000000070e+00,1.266134167296057225e-02,1.358729999999999993e+00,1.258450000000000020e-02,7.521816000000000613e-02,1.392814671608538345e-03
4.177729999999999677e+01,1.297140299999999913e+00,1.270148056846759875e-02,1.373129999999999962e+00,1.262439999999999916e-02,7.598970000000000724e-02,1.397187629189437135e-03
4.198619999999999663e+01,1.284200820000000132e+00,1.261442842547136692e-02,1.360880000000000090e+00,1.253650000000000077e-02,7.667917999999998568e-02,1.399990089729209568e-03
4.219610000000000127e+01,1.288577960000000022e+00,1.259663080426492478e-02,1.363450000000000051e+00,1.252080000000000033e-02,7.487204000000000081e-02,1.380099626460350908e-03
4.240709999999999980e+01,1.296899779999999947e+00,1.260451100428524977e-02,1.371140000000000025e+00,1.252969999999999952e-02,7.424021999999999566e-02,1.371245990750018370e-03
4.261910000000000309e+01,1.297569080000000152e+00,1.257530136575962972e-02,1.370940000000000047e+00,1.250150000000000046e-02,7.337092000000000613e-02,1.360405156442741435e-03
4.283220000000000027e+01,1.330279100000000048e+00,1.269384252623231672e-02,1.402919999999999945e+00,1.262180000000000073e-02,7.264089999999999436e-02,1.350482447417958873e-03
4.304639999999999844e+01,1.342919919999999934e+00,1.272116026399730537e-02,1.415200000000000014e+00,1.264990000000000038e-02,7.228007999999999655e-02,1.344599736837695601e-03
4.326160000000000139e+01,1.341460220000000092e+00,1.269602042822805081e-02,1.415010000000000101e+00,1.262369999999999985e-02,7.354977999999999516e-02,1.353193638761282297e-03
4.347789999999999822e+01,1.370608759999999871e+00,1.280135995481605088e-02,1.444169999999999954e+00,1.272990000000000059e-02,7.356123999999999996e-02,1.350726723940856924e-03
4.369530000000000314e+01,1.386878920000000015e+00,1.283446614053969891e-02,1.459910000000000041e+00,1.276399999999999930e-02,7.303107999999999822e-02,1.343065565287115785e-03
4.391380000000000194e+01,1.414601899999999857e+00,1.292907789040270185e-02,1.487619999999999942e+00,1.285949999999999940e-02,7.301810000000000245e-02,1.339520379128290905e-03
4.413329999999999842e+01,1.414975360000000126e+00,1.290776467715831939e-02,1.488150000000000084e+00,1.283819999999999927e-02,7.317463999999999913e-02,1.338286113241858328e-03
4.435399999999999920e+01,1.440594680000000016e+00,1.297860910757250678e-02,1.512299999999999978e+00,1.291110000000000001e-02,7.170532000000000294e-02,1.322040527806920152e-03
4.457580000000000098e+01,1.452086159999999904e+00,1.300510608480023172e-02,1.523819999999999952e+00,1.293799999999999985e-02,7.173384000000000704e-02,1.319446958732331966e-03
4.479869999999999663e+01,1.481987399999999955e+00,1.310611658036689442e-02,1.553989999999999982e+00,1.303960000000000015e-02,7.200259999999999994e-02,1.318758377477845592e-03
4.502259999999999707e+01,1.484932080000000099e+00,1.308971686299761211e-02,1.555930000000000035e+00,1.302430000000000081e-02,7.099792000000000602e-02,1.307018386804103139e-03
4.524779999999999802e+01,1.498916059999999995e+00,1.311958473191129730e-02,1.570100000000000051e+00,1.305440000000000073e-02,7.118394000000001498e-02,1.306194540564306530e-03
4.547399999999999665e+01,1.524920799999999854e+00,1.319832057912430009e-02,1.596379999999999910e+00,1.313349999999999934e-02,7.145920000000001437e-02,1.306462345165753389e-03
4.570139999999999958e+01,1.547299980000000019e+00,1.326246087557237698e-02,1.618419999999999970e+00,1.319850000000000016e-02,7.112002000000001989e-02,1.300948202692174798e-03
4.592990000000000350e+01,1.541411220000000082e+00,1.321285959193194484e-02,1.613140000000000018e+00,1.314829999999999992e-02,7.172878000000000587e-02,1.304555750479066255e-03
4.615950000000000131e+01,1.553553319999999793e+00,1.324022935331000891e-02,1.625559999999999894e+00,1.317579999999999966e-02,7.200668000000000346e-02,1.304594836817929470e-03
4.639030000000000342e+01,1.535969979999999957e+00,1.314314879569656279e-02,1.607499999999999929e+00,1.307900000000000035e-02,7.153001999999999971e-02,1.296965406562565048e-03
4.662230000000000274e+01,1.533135260000000111e+00,1.309787897551721765e-02,1.605560000000000098e+00,1.303299999999999945e-02,7.242474000000000134e-02,1.302054014738252040e-03
4.685540000000000305e+01,1.538824039999999949e+00,1.310207143549446500e-02,1.610770000000000035e+00,1.303789999999999984e-02,7.194596000000000324e-02,1.295160025170635169e-03
4.708970000000000056e+01,1.524271939999999992e+00,1.301764705754569242e-02,1.596330000000000027e+00,1.295319999999999978e-02,7.205806000000000711e-02,1.293732845230420722e-03
4.732509999999999906e+01,1.545440759999999969e+00,1.308100860467800372e-02,1.617839999999999945e+00,1.301680000000000025e-02,7.239924000000000359e-02,1.294489812883824935e-03
4.756170000000000186e+01,1.557128020000000168e+00,1.310305370277173136e-02,1.629690000000000083e+00,1.303900000000000024e-02,7.256197999999999815e-02,1.294022927818514433e-03
4.779950000000000188e+01,1.525666240000000062e+00,1.294947030789908408e-02,1.597580000000000000e+00,1.288539999999999998e-02,7.191376000000000712e-02,1.286564454335654192e-03
4.803849999999999909e+01,1.532653360000000076e+00,1.295118419215385980e-02,1.605220000000000091e+00,1.288680000000000034e-02,7.256664000000000170e-02,1.289789804230131228e-03
4.827870000000000061e+01,1.535143400000000158e+00,1.293839480988998036e-02,1.607860000000000067e+00,1.287409999999999943e-02,7.271659999999999235e-02,1.288258299638702113e-03
4.852009999999999934e+01,1.506647899999999929e+00,1.279427207248493709e-02,1.578570000000000029e+00,1.273020000000000054e-02,7.192210000000001657e-02,1.278829865450443722e-03
4.876270000000000238e+01,1.530818019999999891e+00,1.286441514905298580e-02,1.602579999999999893e+00,1.280109999999999928e-02,7.176198000000000299e-02,1.274761121616124629e-03
4.900650000000000261e+01,1.492167419999999911e+00,1.269352779261037449e-02,1.564060000000000006e+00,1.262950000000000010e-02,7.189258000000001148e-02,1.273333252441009693e-03
4.925160000000000338e+01,1.525422520000000004e+00,1.279359733870001105e-02,1.597120000000000095e+00,1.273050000000000050e-02,7.169748000000000787e-02,1.269055796563728659e-03
4.949779999999999802e+01,1.538767239999999870e+00,1.282205293741341644e-02,1.610409999999999897e+00,1.275940000000000060e-02,7.164275999999999978e-02,1.265998882239633078e-03
4.974530000000000030e+01,1.518380580000000091e+00,1.271885573504943912e-02,1.590230000000000032e+00,1.265580000000000004e-02,7.184941999999999718e-02,1.264918008805313975e-03
4.999399999999999977e+01,1.511121560000000086e+00,1.266809182802508711e-02,1.583579999999999988e+00,1.260449999999999939e-02,7.245843999999999896e-02,1.267726434715313495e-03
5.024399999999999977e+01,1.523279800000000073e+00,1.269420375180231771e-02,1.595860000000000056e+00,1.263090000000000046e-02,7.258020000000001137e-02,1.266165108614196715e-03
5.049519999999999698e+01,1.540260980000000002e+00,1.274019289857496531e-02,1.613359999999999905e+00,1.267689999999999963e-02,7.309902000000000066e-02,1.268353847670278430e-03
5.074770000000000181e+01,1.520725740000000048e+00,1.263240762511976673e-02,1.592640000000000056e+00,1.256980000000000076e-02,7.191425999999999374e-02,1.256125139937896420e-03
5.100150000000000006e+01,1.522747379999999984e+00,1.261980926226240717e-02,1.594389999999999974e+00,1.255760000000000036e-02,7.164262000000000408e-02,1.251506314759937618e-03
5.125650000000000261e+01,1.522333979999999976e+00,1.259051225979737447e-02,1.592829999999999968e+00,1.252939999999999957e-02,7.049602000000000646e-02,1.239005489942639465e-03
5.151270000000000238e+01,1.513168000000000069e+00,1.253563667562808751e-02,1.584580000000000100e+00,1.247370000000000076e-02,7.141200000000000325e-02,1.244586346282169388e-03
5.177029999999999887e+01,1.526959640000000062e+00,1.256381036796433079e-02,1.597620000000000040e+00,1.250290000000000082e-02,7.066036000000000539e-02,1.235646612979617335e-03
5.202920000000000300e+01,1.508092100000000046e+00,1.247949662852504589e-02,1.580340000000000078e+00,1.241710000000000036e-02,7.224790000000000378e-02,1.246380235469096319e-03
5.228929999999999723e+01,1.524940280000000037e+00,1.252020995323480969e-02,1.597299999999999942e+00,1.245809999999999973e-02,7.235971999999998849e-02,1.245552754033324742e-03
5.255069999999999908e+01,1.500464180000000036e+00,1.240764075699308903e-02,1.573180000000000023e+00,1.234490000000000066e-02,7.271582000000001433e-02,1.246191455834937080e-03
5.281349999999999767e+01,1.483556580000000125e+00,1.231323801498760903e-02,1.554820000000000091e+00,1.225150000000000024e-02,7.126342000000000787e-02,1.231494280837714707e-03
5.307759999999999678e+01,1.492274959999999817e+00,1.232673795943728216e-02,1.564109999999999889e+00,1.226479999999999931e-02,7.183504000000000278e-02,1.234159503723890588e-03
5.334300000000000352e+01,1.479993239999999988e+00,1.225680505954255574e-02,1.551109999999999989e+00,1.219529999999999920e-02,7.111676000000000109e-02,1.226347494647418322e-03
5.360969999999999658e+01,1.461860139999999975e+00,1.217346892672733528e-02,1.533709999999999907e+00,1.211109999999999964e-02,7.184986000000000150e-02,1.230691878577249484e-03
5.387769999999999726e+01,1.441459959999999985e+00,1.207076786702005952e-02,1.513460000000000027e+00,1.200790000000000017e-02,7.200004000000000126e-02,1.230355432175596992e-03
5.414710000000000178e+01,1.414643839999999875e+00,1.194121409570383756e-02,1.486469999999999958e+00,1.187799999999999967e-02,7.182616000000000001e-02,1.227073787282574168e-03
5.441779999999999973e+01,1.423032080000000033e+00,1.194851920168101857e-02,1.493840000000000057e+00,1.188640000000000009e-02,7.080791999999999642e-02,1.216801607880265649e-03
5.468990000000000151e+01,1.383413219999999999e+00,1.177582951752869159e-02,1.455140000000000100e+00,1.171220000000000074e-02,7.172678000000000387e-02,1.222510525885155738e-03
5.496340000000000003e+01,1.383366059999999953e+00,1.175537021785770866e-02,1.454709999999999948e+00,1.169219999999999982e-02,7.134394000000000846e-02,1.217040721954692822e-03
5.523819999999999908e+01,1.369514719999999963e+00,1.168819862033033605e-02,1.441969999999999974e+00,1.162389999999999951e-02,7.245527999999999691e-02,1.224310327609793615e-03
5.551440000000000197e+01,1.354149519999999995e+00,1.160798363970332210e-02,1.427200000000000024e+00,1.154290000000000004e-02,7.305048000000000097e-02,1.227494916331631864e-03
5.579200000000000159e+01,1.343154339999999891e+00,1.154746597433809266e-02,1.417130000000000001e+00,1.148139999999999925e-02,7.397565999999999864e-02,1.233460363569093259e-03
5.607090000000000174e+01,1.338622779999999901e+00,1.150746302819783025e-02,1.411569999999999991e+00,1.144230000000000073e-02,7.294722000000000706e-02,1.222896584074058225e-03
5.635130000000000194e+01,1.324931480000000050e+00,1.143418274404795279e-02,1.397750000000000048e+00,1.136889999999999949e-02,7.281851999999999769e-02,1.220101559004003588e-03
5.663300000000000267e+01,1.323450320000000069e+00,1.140645360898732627e-02,1.395780000000000021e+00,1.134169999999999970e-02,7.232967999999999342e-02,1.213682431272695072e-03
5.691620000000000346e+01,1.332728580000000163e+00,1.142294374186584270e-02,1.404940000000000078e+00,1.135859999999999995e-02,7.221141999999999839e-02,1.210722829483280253e-03
5.720080000000000098e+01,1.329385260000000013e+00,1.139747528597697714e-02,1.402260000000000062e+00,1.133259999999999997e-02,7.287474000000000729e-02,1.214339381909357264e-03
5.748680000000000234e+01,1.349374100000000132e+00,1.145633124453705569e-02,1.421920000000000073e+00,1.139229999999999930e-02,7.254590000000001038e-02,1.209556238690868155e-03
5.777420000000000044e+01,1.337355320000000125e+00,1.139718151817228735e-02,1.410910000000000108e+00,1.133209999999999947e-02,7.355468000000001116e-02,1.216246746416203188e-03
5.806309999999999860e+01,1.343130080000000115e+00,1.139276399395563674e-02,1.415450000000000097e+00,1.132889999999999939e-02,7.231992000000000975e-02,1.204614549128475449e-03
5.835340000000000060e+01,1.332546620000000015e+00,1.133950459242184100e-02,1.405799999999999939e+00,1.127470000000000035e-02,7.325338000000000682e-02,1.210580154948857510e-03
5.864520000000000266e+01,1.345883900000000022e+00,1.137054862936507510e-02,1.418520000000000003e+00,1.130669999999999939e-02,7.263609999999999511e-02,1.203291836071366432e-03
5.893840000000000146e+01,1.366179320000000086e+00,1.143583738811513630e-02,1.439599999999999991e+00,1.137190000000000076e-02,7.342067999999998817e-02,1.207587329103779585e-03
5.923310000000000031e+01,1.361964680000000039e+00,1.139945145777690461e-02,1.434870000000000090e+00,1.133600000000000059e-02,7.290531999999999568e-02,1.201081819948999216e-03
5.952929999999999922e+01,1.367997399999999919e+00,1.141063319629581282e-02,1.442469999999999919e+00,1.134609999999999959e-02,7.447259999999999991e-02,1.211843525546099469e-03
5.982690000000000197e+01,1.389886979999999994e+00,1.146898630421416126e-02,1.463009999999999922e+00,1.140620000000000002e-02,7.312302000000001079e-02,1.198435816492481130e-03
6.012599999999999767e+01,1.396599640000000031e+00,1.147561436141037242e-02,1.468849999999999989e+00,1.141379999999999999e-02,7.225035999999999958e-02,1.189493392923222622e-03
6.042669999999999675e+01,1.410761939999999992e+00,1.150871897448052170e-02,1.483090000000000019e+00,1.144719999999999939e-02,7.232805999999999957e-02,1.188370562395417137e-03
6.072879999999999967e+01,1.414929140000000141e+00,1.150679423170797820e-02,1.487570000000000059e+00,1.144520000000000086e-02,7.264086000000000154e-02,1.188995563855475531e-03
6.103240000000000265e+01,1.438535880000000100e+00,1.157482031781469946e-02,1.510450000000000070e+00,1.151439999999999929e-02,7.191411999999999805e-02,1.181125746775507418e-03
6.133760000000000190e+01,1.470167120000000160e+00,1.168051843143736411e-02,1.543290000000000051e+00,1.161979999999999957e-02,7.312288000000000121e-02,1.189436331691612640e-03
6.164430000000000121e+01,1.459887000000000157e+00,1.163354967443282206e-02,1.534520000000000106e+00,1.157150000000000019e-02,7.463299999999999101e-02,1.199944072653388394e-03
6.195250000000000057e+01,1.498750459999999896e+00,1.175737551747752831e-02,1.573839999999999906e+00,1.169579999999999925e-02,7.508953999999998241e-02,1.201724352328769393e-03
6.226230000000000331e+01,1.509957459999999863e+00,1.178493197517439979e-02,1.585269999999999957e+00,1.172349999999999955e-02,7.531254000000001114e-02,1.201735998249199447e-03
6.257359999999999900e+01,1.510088480000000066e+00,1.176682926085358127e-02,1.586000000000000076e+00,1.170500000000000013e-02,7.591151999999999622e-02,1.204676659556414052e-03
6.288649999999999807e+01,1.525810059999999968e+00,1.180266831920307770e-02,1.601080000000000059e+00,1.174180000000000015e-02,7.526994000000000740e-02,1.197126648738553508e-03
6.320089999999999719e+01,1.551776339999999976e+00,1.188336578332384666e-02,1.627429999999999932e+00,1.182279999999999963e-02,7.565365999999998370e-02,1.198241419861623613e-03
6.351689999999999969e+01,1.551492580000000121e+00,1.186228042707674138e-02,1.626770000000000049e+00,1.180209999999999940e-02,7.527741999999999767e-02,1.193370236183222523e-03
6.383449999999999847e+01,1.573572420000000083e+00,1.192632916344203535e-02,1.649710000000000010e+00,1.186599999999999981e-02,7.613757999999999637e-02,1.198069828836366250e-03
6.415370000000000061e+01,1.601885960000000164e+00,1.200990566630679227e-02,1.678530000000000078e+00,1.194980000000000001e-02,7.664403999999999662e-02,1.200047529720385704e-03
6.447440000000000282e+01,1.597005919999999968e+00,1.198458795756249771e-02,1.675300000000000011e+00,1.192320000000000012e-02,7.829408000000000201e-02,1.211466166490835243e-03
6.479680000000000462e+01,1.615094399999999819e+00,1.203516824825943271e-02,1.694329999999999892e+00,1.197349999999999977e-02,7.923560000000000325e-02,1.216787785076757066e-03
6.512080000000000268e+01,1.642659900000000173e+00,1.211879193809069395e-02,1.723170000000000091e+00,1.205670000000000006e-02,8.051010000000000111e-02,1.225195147203905635e-03
6.544639999999999702e+01,1.662540319999999960e+00,1.217481683852549706e-02,1.743819999999999926e+00,1.211259999999999941e-02,8.127968000000000692e-02,1.229262499079834380e-03
6.577360000000000184e+01,1.680982039999999955e+00,1.222827471892106235e-02,1.764469999999999983e+00,1.216479999999999992e-02,8.348795999999999995e-02,1.244324540224133000e-03
6.610250000000000625e+01,1.692116520000000124e+00,1.225743617452703695e-02,1.776720000000000077e+00,1.219340000000000007e-02,8.460347999999999480e-02,1.251294534713549931e-03
6.643300000000000693e+01,1.737854159999999926e+00,1.239637525073051215e-02,1.823420000000000041e+00,1.233249999999999971e-02,8.556584000000000412e-02,1.256806710247840644e-03
6.676519999999999300e+01,1.744800099999999965e+00,1.241333558306033889e-02,1.832260000000000000e+00,1.234829999999999955e-02,8.745990000000000708e-02,1.269010404871449404e-03
6.709900000000000375e+01,1.762316400000000005e+00,1.246539639427130322e-02,1.851949999999999985e+00,1.239920000000000085e-02,8.963359999999999383e-02,1.282944514120544369e-03
6.743449999999999989e+01,1.776219580000000020e+00,1.250249975549609822e-02,1.867439999999999989e+00,1.243550000000000037e-02,9.122041999999999651e-02,1.292609719203750927e-03
6.777160000000000650e+01,1.777791920000000081e+00,1.250390970634705085e-02,1.871580000000000021e+00,1.243520000000000042e-02,9.378807999999999589e-02,1.309029756911583723e-03
6.811050000000000182e+01,1.805247279999999899e+00,1.258446128130417778e-02,1.901149999999999896e+00,1.251479999999999954e-02,9.590271999999999686e-02,1.322288433226276056e-03
6.845109999999999673e+01,1.818695799999999974e+00,1.262203857391364613e-02,1.916700000000000070e+00,1.255120000000000020e-02,9.800419999999999965e-02,1.335378718328250093e-03
6.879330000000000211e+01,1.807796559999999886e+00,1.257750988705363601e-02,1.907189999999999941e+00,1.250549999999999926e-02,9.939343999999999957e-02,1.343958596435173083e-03
6.913729999999999620e+01,1.823566540000000069e+00,1.262185807422948336e-02,1.924090000000000078e+00,1.254940000000000049e-02,1.005234599999999812e-01,1.350503937792111838e-03
6.948300000000000409e+01,1.814496039999999866e+00,1.258214246918973669e-02,1.916919999999999957e+00,1.250820000000000057e-02,1.024239600000000083e-01,1.362072639394830680e-03
6.983039999999999736e+01,1.793848999999999805e+00,1.251186850771426537e-02,1.898949999999999916e+00,1.243569999999999919e-02,1.051010000000000000e-01,1.378484335903748959e-03
7.017950000000000443e+01,1.778648399999999796e+00,1.246281620847423076e-02,1.887559999999999905e+00,1.238369999999999922e-02,1.089115999999999973e-01,1.402056402648623693e-03
7.053040000000000020e+01,1.791730400000000056e+00,1.250319529453043470e-02,1.903480000000000061e+00,1.242240000000000011e-02,1.117496000000000045e-01,1.419109161822303383e-03
7.088309999999999889e+01,1.790731999999999990e+00,1.250789946942443276e-02,1.908050000000000024e+00,1.242320000000000056e-02,1.173180000000000056e-01,1.453152055783564489e-03
7.123749999999999716e+01,1.768418800000000068e+00,1.244478116819448116e-02,1.891809999999999992e+00,1.235529999999999962e-02,1.233912000000000064e-01,1.489677896139967586e-03
7.159369999999999834e+01,1.742758199999999924e+00,1.238146231264304273e-02,1.874859999999999971e+00,1.228519999999999959e-02,1.321017999999999915e-01,1.540931523267662865e-03
7.195170000000000243e+01,1.723667799999999861e+00,1.233400238590636779e-02,1.862689999999999957e+00,1.223229999999999977e-02,1.390221999999999847e-01,1.580649096271528452e-03
7.231140000000000612e+01,1.718956799999999951e+00,1.234024996586681813e-02,1.866989999999999927e+00,1.223199999999999982e-02,1.480332000000000037e-01,1.630933849080335981e-03
7.267300000000000182e+01,1.744979000000000058e+00,1.244502420808878823e-02,1.901280000000000081e+00,1.233169999999999926e-02,1.563009999999999955e-01,1.675649918663203427e-03
7.303629999999999711e+01,1.713579200000000080e+00,1.235834478958391762e-02,1.877340000000000009e+00,1.223879999999999933e-02,1.637607999999999842e-01,1.714777098702918679e-03
7.340149999999999864e+01,1.715526400000000118e+00,1.236546889399573086e-02,1.882970000000000033e+00,1.224339999999999977e-02,1.674435999999999980e-01,1.733198606154528294e-03
7.376850000000000307e+01,1.717632000000000048e+00,1.235978416781361063e-02,1.885469999999999979e+00,1.223759999999999952e-02,1.678379999999999872e-01,1.733612100481534812e-03
7.413739999999999952e+01,1.693791999999999964e+00,1.224796402786128453e-02,1.857639999999999958e+00,1.212790000000000049e-02,1.638479999999999936e-01,1.710749665434426001e-03
7.450809999999999889e+01,1.709871600000000047e+00,1.224592800426884710e-02,1.863690000000000069e+00,1.213359999999999959e-02,1.538183999999999940e-01,1.654842507834506770e-03
7.488060000000000116e+01,1.723398800000000008e+00,1.221471291836840473e-02,1.863259999999999916e+00,1.211279999999999996e-02,1.398611999999999911e-01,1.574575446955781780e-03
7.525499999999999545e+01,1.747866600000000048e+00,1.222429302101025322e-02,1.874610000000000110e+00,1.213249999999999919e-02,1.267434000000000061e-01,1.495253695370788935e-03
7.563129999999999598e+01,1.759840199999999966e+00,1.220323715329321886e-02,1.875879999999999992e+00,1.211950000000000006e-02,1.160397999999999985e-01,1.427135862318651112e-03
7.600939999999999941e+01,1.787327059999999967e+00,1.223983111776531102e-02,1.894919999999999938e+00,1.216279999999999965e-02,1.075929400000000119e-01,1.371044109945409196e-03
7.638949999999999818e+01,1.786465059999999827e+00,1.220892436759913637e-02,1.889939999999999953e+00,1.213499999999999995e-02,1.034749400000000152e-01,1.341495141160041612e-03
7.677139999999999986e+01,1.786401380000000039e+00,1.218163390357040674e-02,1.887820000000000054e+00,1.210929999999999992e-02,1.014186199999999871e-01,1.325540671053136721e-03
7.715529999999999688e+01,1.818898459999999995e+00,1.225969065793309359e-02,1.918060000000000098e+00,1.218969999999999949e-02,9.916154000000002022e-02,1.308139494936224213e-03
7.754110000000000014e+01,1.820708479999999962e+00,1.224088505574560254e-02,1.918490000000000029e+00,1.217200000000000053e-02,9.778152000000001065e-02,1.296797188451609710e-03
7.792879999999999541e+01,1.818881860000000072e+00,1.221656962486965953e-02,1.915810000000000013e+00,1.214840000000000017e-02,9.692814000000000985e-02,1.288778817054346245e-03
7.831839999999999691e+01,1.837330659999999893e+00,1.225283297342928679e-02,1.934129999999999905e+00,1.218520000000000020e-02,9.679933999999999761e-02,1.285619241749282483e-03
7.870999999999999375e+01,1.846799260000000054e+00,1.226350186079163893e-02,1.943210000000000104e+00,1.219639999999999960e-02,9.641074000000000865e-02,1.281134235605309313e-03
7.910349999999999682e+01,1.864688660000000109e+00,1.230179168633740126e-02,1.960970000000000102e+00,1.223519999999999990e-02,9.628134000000000692e-02,1.278264313058922845e-03
7.949909999999999854e+01,1.889652679999999974e+00,1.236528769501996083e-02,1.985910000000000064e+00,1.229930000000000086e-02,9.625732000000000732e-02,1.275758319828642186e-03
7.989660000000000650e+01,1.905955880000000047e+00,1.239915512048300923e-02,2.003210000000000157e+00,1.233290000000000081e-02,9.725411999999999946e-02,1.280088001584265894e-03
8.029600000000000648e+01,1.910131479999999993e+00,1.239724914437553838e-02,2.007400000000000073e+00,1.233120000000000049e-02,9.726851999999999721e-02,1.278003485018722445e-03
8.069750000000000512e+01,1.923419500000000060e+00,1.242053448995638146e-02,2.021440000000000126e+00,1.235430000000000035e-02,9.802049999999999652e-02,1.280995131214791253e-03
8.110099999999999909e+01,1.911828659999999847e+00,1.236827269447338812e-02,2.009209999999999940e+00,1.230239999999999979e-02,9.738133999999999679e-02,1.274803390666968744e-03
8.150650000000000261e+01,1.917255840000000155e+00,1.236466643466195559e-02,2.013980000000000103e+00,1.229940000000000026e-02,9.672415999999998959e-02,1.268753593278064331e-03
8.191410000000000480e+01,1.919766579999999889e+00,1.234865813696403407e-02,2.014689999999999870e+00,1.228470000000000083e-02,9.492342000000000835e-02,1.255190700096204528e-03
8.232359999999999900e+01,1.927745159999999958e+00,1.235153435465019545e-02,2.021399999999999864e+00,1.228860000000000022e-02,9.365483999999998921e-02,1.245275453104251933e-03
8.273520000000000607e+01,1.949294779999999783e+00,1.239460228758922263e-02,2.040509999999999824e+00,1.233369999999999952e-02,9.121521999999999963e-02,1.227196063191208402e-03
8.314889999999999759e+01,1.916676540000000095e+00,1.227779048601465410e-02,2.006790000000000074e+00,1.221719999999999924e-02,9.011346000000000633e-02,1.218262442362892531e-03
8.356470000000000198e+01,1.955630760000000024e+00,1.237328741110607297e-02,2.044000000000000039e+00,1.231450000000000079e-02,8.836923999999998780e-02,1.204712043534055411e-03
8.398250000000000171e+01,1.947090800000000010e+00,1.232831410224350180e-02,2.034980000000000011e+00,1.226980000000000084e-02,8.788920000000000066e-02,1.199723536309928304e-03
8.440240000000000009e+01,1.929129979999999911e+00,1.225481779398698498e-02,2.015429999999999833e+00,1.219720000000000006e-02,8.630002000000000506e-02,1.186958855150421722e-03
8.482439999999999714e+01,1.925812059999999937e+00,1.222780326045443122e-02,2.012109999999999843e+00,1.217020000000000081e-02,8.629793999999998966e-02,1.185497590204214694e-03
8.524850000000000705e+01,1.915491619999999839e+00,1.218207637845732799e-02,2.001189999999999802e+00,1.212479999999999981e-02,8.569837999999999067e-02,1.179919425455823326e-03
8.567480000000000473e+01,1.930897419999999975e+00,1.221560398333901461e-02,2.016929999999999890e+00,1.215839999999999976e-02,8.603257999999999739e-02,1.180800625748479153e-03
8.610309999999999775e+01,1.918605680000000202e+00,1.216132781869134517e-02,2.003760000000000208e+00,1.210460000000000008e-02,8.515432000000000556e-02,1.173266019995465419e-03
8.653369999999999607e+01,1.920921679999999743e+00,1.215318534910728686e-02,2.005869999999999820e+00,1.209670000000000016e-02,8.494831999999999383e-02,1.170368847738181926e-03
8.696630000000000393e+01,1.920361859999999865e+00,1.213937344852739769e-02,2.005269999999999886e+00,1.208299999999999999e-02,8.490813999999999306e-02,1.168545558723321515e-03
8.740120000000000289e+01,1.928149080000000071e+00,1.214978579866361243e-02,2.013510000000000133e+00,1.209329999999999954e-02,8.536092000000000679e-02,1.170209410066420670e-03
8.783820000000000050e+01,1.939291279999999951e+00,1.216974811694178024e-02,2.024480000000000057e+00,1.211360000000000041e-02,8.518871999999999556e-02,1.167674727742276652e-03
8.827740000000000009e+01,1.917912839999999841e+00,1.209079602724436042e-02,2.003299999999999859e+00,1.203429999999999951e-02,8.538715999999998973e-02,1.167463953374150336e-03
8.871869999999999834e+01,1.927157420000000121e+00,1.209847531354839821e-02,2.011880000000000113e+00,1.204260000000000053e-02,8.472258000000000566e-02,1.161417303358271754e-03
8.916230000000000189e+01,1.938610220000000162e+00,1.212072164566697745e-02,2.023800000000000043e+00,1.206480000000000052e-02,8.518977999999999273e-02,1.162967829193911878e-03
8.960819999999999652e+01,1.932585100000000056e+00,1.208225846787114484e-02,2.017710000000000115e+00,1.202639999999999959e-02,8.512490000000000334e-02,1.160462289108956735e-03
9.005620000000000402e+01,1.900964279999999951e+00,1.196882142463676427e-02,1.986099999999999977e+00,1.191260000000000062e-02,8.513571999999999806e-02,1.158726686861055993e-03
9.050650000000000261e+01,1.888079819999999964e+00,1.191457018995800698e-02,1.973249999999999948e+00,1.185819999999999930e-02,8.517017999999999811e-02,1.157616331707531001e-03
9.095900000000000318e+01,1.881985299999999972e+00,1.188173768812861818e-02,1.968069999999999986e+00,1.182479999999999989e-02,8.608469999999998623e-02,1.161806976005911327e-03
9.141379999999999484e+01,1.864116059999999964e+00,1.180865286344382273e-02,1.949659999999999949e+00,1.175189999999999915e-02,8.554393999999999887e-02,1.156342872732824033e-03
9.187090000000000600e+01,1.864681060000000112e+00,1.179014594959926741e-02,1.949130000000000029e+00,1.173420000000000019e-02,8.444894000000000012e-02,1.147210474521567509e-03
9.233020000000000493e+01,1.824332759999999887e+00,1.165445796945426341e-02,1.909599999999999964e+00,1.159750000000000017e-02,8.526723999999999415e-02,1.150818974372598731e-03
9.279189999999999827e+01,1.842647060000000003e+00,1.169436459522346129e-02,1.928369999999999918e+00,1.163750000000000027e-02,8.572293999999999747e-02,1.151849398148907435e-03
9.325579999999999359e+01,1.832522599999999890e+00,1.164916032207369105e-02,1.918339999999999934e+00,1.159220000000000042e-02,8.581740000000000201e-02,1.150580448893513946e-03
9.372209999999999752e+01,1.829764720000000011e+00,1.162509339499756371e-02,1.916360000000000063e+00,1.156770000000000020e-02,8.659527999999999670e-02,1.153738771306572720e-03
9.419070000000000675e+01,1.822352760000000016e+00,1.158801423570768839e-02,1.910320000000000018e+00,1.152970000000000036e-02,8.796724000000000210e-02,1.161073570866204881e-03
9.466169999999999618e+01,1.817753859999999833e+00,1.155916114224367006e-02,1.905389999999999917e+00,1.150110000000000021e-02,8.763614000000000126e-02,1.157110669882531213e-03
9.513500000000000512e+01,1.808529880000000034e+00,1.151730373467922501e-02,1.897010000000000085e+00,1.145870000000000048e-02,8.848012000000000932e-02,1.160379087564059747e-03
9.561069999999999425e+01,1.779972899999999969e+00,1.141895817678285387e-02,1.869690000000000074e+00,1.135919999999999985e-02,8.971710000000000795e-02,1.166696705710614564e-03
9.608870000000000289e+01,1.772423999999999999e+00,1.137988068214495878e-02,1.861990000000000034e+00,1.132020000000000075e-02,8.956600000000000672e-02,1.163939989800161657e-03
9.656919999999999504e+01,1.763563499999999840e+00,1.134082209948185371e-02,1.854349999999999943e+00,1.128030000000000005e-02,9.078650000000001996e-02,1.170075981334545764e-03
9.705200000000000671e+01,1.744531760000000098e+00,1.127251004183345111e-02,1.836470000000000047e+00,1.121109999999999988e-02,9.193824000000001828e-02,1.175040183668626774e-03
9.753730000000000189e+01,1.737588740000000076e+00,1.123866883523578011e-02,1.830370000000000053e+00,1.117669999999999948e-02,9.278126000000000428e-02,1.178581477073180599e-03
9.802490000000000236e+01,1.729710660000000066e+00,1.120469406377898325e-02,1.823749999999999982e+00,1.114189999999999972e-02,9.403933999999999904e-02,1.184581551808063741e-03
9.851510000000000389e+01,1.722451320000000008e+00,1.117404846991259561e-02,1.818689999999999918e+00,1.110979999999999954e-02,9.623868000000000700e-02,1.196537992692250354e-03
9.900759999999999650e+01,1.695309919999999915e+00,1.107964654485566088e-02,1.793150000000000022e+00,1.101399999999999949e-02,9.784008000000000982e-02,1.204313729445944661e-03
9.950270000000000437e+01,1.685120139999999989e+00,1.103477218496875037e-02,1.783150000000000013e+00,1.096890000000000018e-02,9.802985999999999644e-02,1.203922740112504117e-03
1.000000000000000000e+02,1.665133459999999843e+00,1.096394879780656501e-02,1.764839999999999964e+00,1.089670000000000048e-02,9.970654000000001016e-02,1.212477773373186237e-03
1.005000000000000000e+02,1.674314159999999996e+00,1.098124618143259817e-02,1.775320000000000009e+00,1.091340000000000018e-02,1.010058400000000134e-01,1.218797824591100892e-03
1.010030000000000001e+02,1.674253100000000050e+00,1.097055445490372795e-02,1.776639999999999997e+00,1.090190000000000083e-02,1.023869000000000168e-01,1.225414802427324864e-03
1.015079999999999956e+02,1.664124500000000006e+00,1.092757682355846062e-02,1.767400000000000082e+00,1.085820000000000014e-02,1.032755000000000062e-01,1.229401478269812401e-03
1.020150000000000006e+02,1.680797999999999792e+00,1.096907516679524082e-02,1.786149999999999904e+00,1.089870000000000075e-02,1.053520000000000012e-01,1.240543560220277054e-03
1.025250000000000057e+02,1.697665399999999991e+00,1.100786539212485031e-02,1.803099999999999925e+00,1.093779999999999926e-02,1.054346000000000033e-01,1.240012762490773617e-03
1.030379999999999967e+02,1.720276399999999928e+00,1.106290068258049437e-02,1.825720000000000010e+00,1.099329999999999925e-02,1.054435999999999984e-01,1.239002269021328333e-03
1.035529999999999973e+02,1.712951400000000124e+00,1.102285665449841481e-02,1.817800000000000082e+00,1.095349999999999970e-02,1.048486000000000001e-01,1.234587613586010223e-03
1.040709999999999980e+02,1.748061199999999982e+00,1.111689829537447841e-02,1.853909999999999947e+00,1.104759999999999943e-02,1.058487999999999929e-01,1.239339319839405287e-03
1.045909999999999940e+02,1.766433800000000165e+00,1.116096086266805260e-02,1.873420000000000085e+00,1.109130000000000012e-02,1.069862000000000035e-01,1.245034813974291946e-03
1.051140000000000043e+02,1.744843600000000050e+00,1.108516719999315045e-02,1.852400000000000047e+00,1.101479999999999994e-02,1.075563999999999965e-01,1.247041623926001958e-03
1.056400000000000006e+02,1.743317800000000029e+00,1.106867133131542516e-02,1.851550000000000029e+00,1.099789999999999969e-02,1.082322000000000006e-01,1.249672209294901571e-03
1.061680000000000064e+02,1.772045800000000115e+00,1.115288647720902825e-02,1.882570000000000077e+00,1.108130000000000052e-02,1.105242000000000030e-01,1.261612889721724310e-03
1.066989999999999981e+02,1.772488000000000063e+00,1.114247585102467152e-02,1.883410000000000029e+00,1.107069999999999929e-02,1.109220000000000067e-01,1.262683491880684959e-03
1.072319999999999993e+02,1.756378400000000006e+00,1.108207008320142434e-02,1.867720000000000047e+00,1.100980000000000014e-02,1.113415999999999989e-01,1.263558977249578264e-03
1.077680000000000007e+02,1.735483200000000004e+00,1.101326332007420902e-02,1.847469999999999946e+00,1.094030000000000002e-02,1.119867999999999836e-01,1.265624299423806194e-03
1.083070000000000022e+02,1.724068200000000051e+00,1.097027132254950292e-02,1.837290000000000090e+00,1.089640000000000053e-02,1.132217999999999974e-01,1.270952371393987285e-03
1.088490000000000038e+02,1.715914199999999834e+00,1.093756264037523164e-02,1.830039999999999889e+00,1.086310000000000053e-02,1.141258000000000133e-01,1.274101605890205335e-03
1.093930000000000007e+02,1.730308799999999980e+00,1.096874154244305115e-02,1.845529999999999893e+00,1.089399999999999917e-02,1.152211999999999958e-01,1.278301617348581677e-03
1.099399999999999977e+02,1.698973599999999973e+00,1.087078060438954885e-02,1.816249999999999920e+00,1.079429999999999973e-02,1.172763999999999890e-01,1.287228984591319569e-03
1.104899999999999949e+02,1.716510599999999886e+00,1.092308865028056124e-02,1.836589999999999945e+00,1.084539999999999983e-02,1.200793999999999889e-01,1.300447808213770580e-03
1.110420000000000016e+02,1.712803999999999993e+00,1.090839030203356874e-02,1.834989999999999899e+00,1.082950000000000058e-02,1.221859999999999891e-01,1.309545238432028962e-03
1.115969999999999942e+02,1.723238199999999942e+00,1.092927712640685139e-02,1.846090000000000009e+00,1.085030000000000022e-02,1.228517999999999971e-01,1.311521412634959576e-03
1.121550000000000011e+02,1.739190600000000142e+00,1.096748830411740060e-02,1.862910000000000066e+00,1.088839999999999947e-02,1.237194000000000071e-01,1.314741473047838444e-03
1.127159999999999940e+02,1.726844600000000174e+00,1.092362151623975028e-02,1.850880000000000081e+00,1.084410000000000061e-02,1.240353999999999901e-01,1.315675575533725803e-03
1.132800000000000011e+02,1.742931200000000125e+00,1.096074713559600303e-02,1.866950000000000109e+00,1.088159999999999995e-02,1.240187999999999846e-01,1.314822881789026341e-03
1.138460000000000036e+02,1.762609599999999999e+00,1.100456483387580488e-02,1.885999999999999899e+00,1.092620000000000050e-02,1.233903999999999834e-01,1.310954134581374282e-03
1.144150000000000063e+02,1.736937799999999976e+00,1.092764234704851622e-02,1.861310000000000020e+00,1.084820000000000055e-02,1.243722000000000022e-01,1.315265762121100527e-03
1.149869999999999948e+02,1.740609399999999862e+00,1.092804735020268952e-02,1.865809999999999969e+00,1.084820000000000055e-02,1.252005999999999952e-01,1.318626424834570127e-03
1.155619999999999976e+02,1.745719800000000044e+00,1.093642113422247514e-02,1.871920000000000028e+00,1.085610000000000047e-02,1.262002000000000124e-01,1.323026838377816105e-03
1.161400000000000006e+02,1.752900800000000148e+00,1.095630122196026429e-02,1.880260000000000042e+00,1.087549999999999975e-02,1.273591999999999780e-01,1.328170251258474575e-03
1.167210000000000036e+02,1.719120200000000098e+00,1.085992920220348393e-02,1.849110000000000031e+00,1.077679999999999957e-02,1.299897999999999887e-01,1.341135353673148086e-03
1.173050000000000068e+02,1.715147200000000094e+00,1.084809576386252215e-02,1.847250000000000059e+00,1.076359999999999990e-02,1.321028000000000202e-01,1.351331470044267067e-03
1.178910000000000053e+02,1.742999599999999871e+00,1.092589496399411567e-02,1.876309999999999922e+00,1.084129999999999990e-02,1.333103999999999956e-01,1.356980130374796497e-03
1.184809999999999945e+02,1.723616999999999955e+00,1.086823573550353174e-02,1.858549999999999924e+00,1.078220000000000046e-02,1.349330000000000251e-01,1.364811768148267278e-03
1.190729999999999933e+02,1.695282799999999979e+00,1.078953458232263102e-02,1.832219999999999960e+00,1.070160000000000035e-02,1.369372000000000089e-01,1.374705038594097907e-03
1.196680000000000064e+02,1.713278800000000102e+00,1.083483717971525477e-02,1.850000000000000089e+00,1.074750000000000011e-02,1.367212000000000149e-01,1.372931338756603692e-03
1.202669999999999959e+02,1.686868999999999952e+00,1.075340125581222654e-02,1.824330000000000007e+00,1.066499999999999913e-02,1.374609999999999999e-01,1.376013651278213150e-03
1.208679999999999950e+02,1.688105599999999873e+00,1.075737756071841293e-02,1.827239999999999975e+00,1.066800000000000040e-02,1.391344000000000192e-01,1.383816455982512118e-03
1.214719999999999942e+02,1.692611000000000088e+00,1.076586199249776783e-02,1.832170000000000076e+00,1.067640000000000082e-02,1.395590000000000164e-01,1.385015336199566958e-03
1.220799999999999983e+02,1.671623399999999871e+00,1.069842700617469264e-02,1.810929999999999929e+00,1.060870000000000042e-02,1.393066000000000026e-01,1.382687497755006115e-03
1.226899999999999977e+02,1.672428599999999932e+00,1.069555486229022134e-02,1.812049999999999939e+00,1.060569999999999916e-02,1.396214000000000066e-01,1.383481594478220764e-03
1.233040000000000020e+02,1.677358399999999916e+00,1.069993649077488791e-02,1.816230000000000011e+00,1.061070000000000069e-02,1.388716000000000117e-01,1.379016467130106350e-03
1.239200000000000017e+02,1.688109999999999999e+00,1.072381753502324279e-02,1.826270000000000060e+00,1.063539999999999972e-02,1.381600000000000050e-01,1.374237739429389838e-03
1.245400000000000063e+02,1.689656399999999836e+00,1.072541875284746191e-02,1.828689999999999927e+00,1.063659999999999953e-02,1.390336000000000072e-01,1.377442508394452177e-03
1.251620000000000061e+02,1.704840999999999829e+00,1.075981582904149761e-02,1.843939999999999912e+00,1.067139999999999929e-02,1.390990000000000004e-01,1.376538671774970570e-03
1.257879999999999967e+02,1.709378199999999959e+00,1.076917527714169910e-02,1.848970000000000002e+00,1.068069999999999957e-02,1.395917999999999881e-01,1.377600689532347761e-03
1.264170000000000016e+02,1.694152399999999892e+00,1.072520339018146612e-02,1.835229999999999917e+00,1.063560000000000026e-02,1.410775999999999974e-01,1.383474033279988996e-03
1.270490000000000066e+02,1.688577399999999784e+00,1.070877226151700432e-02,1.831499999999999906e+00,1.061800000000000070e-02,1.429226000000000107e-01,1.391358813906750681e-03
1.276839999999999975e+02,1.690907200000000055e+00,1.071406984629127805e-02,1.835490000000000066e+00,1.062240000000000059e-02,1.445828000000000113e-01,1.398538848658842154e-03
1.283230000000000075e+02,1.678204599999999935e+00,1.068084064780708102e-02,1.825620000000000021e+00,1.058719999999999974e-02,1.474154000000000297e-01,1.411223973665413781e-03
1.289639999999999986e+02,1.672994399999999882e+00,1.066747186439036266e-02,1.823309999999999986e+00,1.057199999999999980e-02,1.503155999999999937e-01,1.423998587625704059e-03
1.296090000000000089e+02,1.670676199999999945e+00,1.066150179379734414e-02,1.822640000000000038e+00,1.056509999999999914e-02,1.519637999999999822e-01,1.430483306139571781e-03
1.302570000000000050e+02,1.654148800000000197e+00,1.061164839805635481e-02,1.807700000000000085e+00,1.051389999999999963e-02,1.535511999999999710e-01,1.437006789814160908e-03
1.309089999999999918e+02,1.634330199999999955e+00,1.056008825924291232e-02,1.790780000000000038e+00,1.046019999999999936e-02,1.564498000000000000e-01,1.449027260958191772e-03
1.315629999999999882e+02,1.590726199999999979e+00,1.043177962120941417e-02,1.748939999999999939e+00,1.032970000000000069e-02,1.582138000000000155e-01,1.455789811573085729e-03
1.322210000000000036e+02,1.585583000000000187e+00,1.042200512889645408e-02,1.747130000000000072e+00,1.031780000000000024e-02,1.615469999999999962e-01,1.470100019299367452e-03
1.328820000000000050e+02,1.573681400000000119e+00,1.039341815153898077e-02,1.739740000000000064e+00,1.028609999999999941e-02,1.660586000000000007e-01,1.489727378663626648e-03
1.335459999999999923e+02,1.566987399999999919e+00,1.038289757831752785e-02,1.737260000000000026e+00,1.027289999999999974e-02,1.702726000000000239e-01,1.507344589611811503e-03
1.342139999999999986e+02,1.549825999999999926e+00,1.033877665293955403e-02,1.723719999999999919e+00,1.022610000000000012e-02,1.738940000000000208e-01,1.522229111982818361e-03
1.348849999999999909e+02,1.570479200000000075e+00,1.041244018897530092e-02,1.750580000000000025e+00,1.029670000000000064e-02,1.801008000000000053e-01,1.548185970414407350e-03
1.355600000000000023e+02,1.578667199999999937e+00,1.044946266615140451e-02,1.764340000000000019e+00,1.033069999999999995e-02,1.856727999999999990e-01,1.570957517341573222e-03
1.362379999999999995e+02,1.578797199999999901e+00,1.046228986936511944e-02,1.769689999999999985e+00,1.034050000000000073e-02,1.908928000000000014e-01,1.591718901257379703e-03
1.369190000000000111e+02,1.595558000000000032e+00,1.053565394936754711e-02,1.794950000000000045e+00,1.040950000000000035e-02,1.993919999999999859e-01,1.625519575650813441e-03
1.376030000000000086e+02,1.582214999999999927e+00,1.051702216907542814e-02,1.789029999999999898e+00,1.038610000000000054e-02,2.068149999999999711e-01,1.654292022233075973e-03
1.382909999999999968e+02,1.575840800000000153e+00,1.050925450925478330e-02,1.788340000000000041e+00,1.037479999999999999e-02,2.124991999999999714e-01,1.675695467646791783e-03
1.389830000000000041e+02,1.590495600000000120e+00,1.056967191498808974e-02,1.809520000000000017e+00,1.043209999999999971e-02,2.190243999999999802e-01,1.699780568334630353e-03
1.396779999999999973e+02,1.569231199999999937e+00,1.053177590281809996e-02,1.795960000000000001e+00,1.038900000000000066e-02,2.267287999999999804e-01,1.728288942040653083e-03
1.403760000000000048e+02,1.553103200000000017e+00,1.048931356930852925e-02,1.784129999999999994e+00,1.034340000000000086e-02,2.310267999999999766e-01,1.743495223761739894e-03
1.410780000000000030e+02,1.575566400000000034e+00,1.056614172496583674e-02,1.812289999999999957e+00,1.041790000000000077e-02,2.367236000000000062e-01,1.763720653069527147e-03
1.417829999999999870e+02,1.578092600000000179e+00,1.059527123356905805e-02,1.822580000000000089e+00,1.044269999999999921e-02,2.444873999999999936e-01,1.791588463597597585e-03
1.424919999999999902e+02,1.610353799999999946e+00,1.069909536512297921e-02,1.860729999999999995e+00,1.054450000000000005e-02,2.503761999999999932e-01,1.812225532872771506e-03
1.432050000000000125e+02,1.650175799999999970e+00,1.081966313520323943e-02,1.905739999999999990e+00,1.066379999999999932e-02,2.555641999999999636e-01,1.829885220246340758e-03
1.439209999999999923e+02,1.687306200000000089e+00,1.094010531830018514e-02,1.949589999999999934e+00,1.078199999999999992e-02,2.622837999999999559e-01,1.853208130648039114e-03
1.446399999999999864e+02,1.709565200000000118e+00,1.101454476380717314e-02,1.977840000000000042e+00,1.085400000000000080e-02,2.682747999999999799e-01,1.873734333866997146e-03
1.453640000000000043e+02,1.713939199999999996e+00,1.103693589018944939e-02,1.986269999999999980e+00,1.087439999999999934e-02,2.723308000000000395e-01,1.887161488625708301e-03
1.460900000000000034e+02,1.733155599999999907e+00,1.110235472820770425e-02,2.011219999999999786e+00,1.093749999999999931e-02,2.780643999999999894e-01,1.906141196489913618e-03
1.468209999999999980e+02,1.685130599999999923e+00,1.098472533981965232e-02,1.968380000000000019e+00,1.081509999999999937e-02,2.832493999999999845e-01,1.922967181538988088e-03
1.475550000000000068e+02,1.654363800000000051e+00,1.090759127576074877e-02,1.940949999999999953e+00,1.073490000000000034e-02,2.865862000000000132e-01,1.933253586328498351e-03
1.482930000000000064e+02,1.622705199999999959e+00,1.082005570578414323e-02,1.910789999999999988e+00,1.064520000000000050e-02,2.880848000000000297e-01,1.937349332534532564e-03
1.490339999999999918e+02,1.577002800000000038e+00,1.069130029371787895e-02,1.866500000000000048e+00,1.051359999999999968e-02,2.894972000000000101e-01,1.941163828854226229e-03
1.497789999999999964e+02,1.585719199999999773e+00,1.071388327425924596e-02,1.876039999999999930e+00,1.053620000000000077e-02,2.903208000000000455e-01,1.943137765175696405e-03
1.505279999999999916e+02,1.587493600000000171e+00,1.071203059248058628e-02,1.878030000000000088e+00,1.053429999999999991e-02,2.905364000000000280e-01,1.943224877424123715e-03
1.512810000000000059e+02,1.629734599999999922e+00,1.082695161858424418e-02,1.920949999999999935e+00,1.065089999999999960e-02,2.912154000000000131e-01,1.944533502196349418e-03
1.520370000000000061e+02,1.600760200000000077e+00,1.074625001480274469e-02,1.893310000000000048e+00,1.056819999999999982e-02,2.925498000000000265e-01,1.948085763165472231e-03
1.527969999999999970e+02,1.591634199999999888e+00,1.072590044924322424e-02,1.887049999999999894e+00,1.054590000000000041e-02,2.954157999999999507e-01,1.956766117111597737e-03
1.535610000000000070e+02,1.581693000000000016e+00,1.069935814472943066e-02,1.878330000000000055e+00,1.051829999999999952e-02,2.966369999999999840e-01,1.960007606920952886e-03
1.543290000000000077e+02,1.566311400000000020e+00,1.064999359213271955e-02,1.863129999999999953e+00,1.046809999999999928e-02,2.968185999999999880e-01,1.959909666915289183e-03
1.551009999999999991e+02,1.540972599999999915e+00,1.057954903888535386e-02,1.839620000000000033e+00,1.039540000000000082e-02,2.986474000000000073e-01,1.965328650933476952e-03
1.558760000000000048e+02,1.513486600000000015e+00,1.050134199152584491e-02,1.811979999999999924e+00,1.031600000000000052e-02,2.984933999999999643e-01,1.964262615584789779e-03
1.566560000000000059e+02,1.498906999999999989e+00,1.045136284289833670e-02,1.795870000000000077e+00,1.026619999999999963e-02,2.969629999999999770e-01,1.958602265370894789e-03
1.574389999999999930e+02,1.495261599999999858e+00,1.043613900330788054e-02,1.791469999999999896e+00,1.025129999999999965e-02,2.962083999999999828e-01,1.955465572789252642e-03
1.582259999999999991e+02,1.453064799999999934e+00,1.030874695888185991e-02,1.748520000000000074e+00,1.012219999999999960e-02,2.954552000000000289e-01,1.952263051501001035e-03
1.590169999999999959e+02,1.423062599999999955e+00,1.020880600944204346e-02,1.715279999999999916e+00,1.002259999999999956e-02,2.922174000000000160e-01,1.940930029243712702e-03
1.598120000000000118e+02,1.425327799999999812e+00,1.021173626261548222e-02,1.717279999999999918e+00,1.002590000000000078e-02,2.919521999999999951e-01,1.939300566497106958e-03
1.606119999999999948e+02,1.426527600000000007e+00,1.020354800120115181e-02,1.716169999999999973e+00,1.001920000000000067e-02,2.896424000000000221e-01,1.930808942597894706e-03
1.614149999999999920e+02,1.437742399999999865e+00,1.023125487085997654e-02,1.726299999999999946e+00,1.004820000000000019e-02,2.885576000000000252e-01,1.926720787373199014e-03
1.622220000000000084e+02,1.438271400000000089e+00,1.022470810168368480e-02,1.724979999999999958e+00,1.004279999999999930e-02,2.867085999999999801e-01,1.920110393866977490e-03
1.630329999999999870e+02,1.473664199999999980e+00,1.032592102042137472e-02,1.760639999999999983e+00,1.014570000000000055e-02,2.869758000000000031e-01,1.920785368014865050e-03
1.638480000000000132e+02,1.496113199999999921e+00,1.038283678405550227e-02,1.782030000000000003e+00,1.020429999999999948e-02,2.859167999999999710e-01,1.917175316536283858e-03
1.646670000000000016e+02,1.501678999999999986e+00,1.040369623774762067e-02,1.789179999999999993e+00,1.022449999999999921e-02,2.875009999999999510e-01,1.922627149845752229e-03
1.654910000000000139e+02,1.524382000000000126e+00,1.047021070090454337e-02,1.812200000000000033e+00,1.029200000000000080e-02,2.878180000000000183e-01,1.923550914672133173e-03
1.663180000000000121e+02,1.503526200000000035e+00,1.041471689577993208e-02,1.791160000000000085e+00,1.023559999999999921e-02,2.876337999999999950e-01,1.923231826703166933e-03
1.671500000000000057e+02,1.488619400000000148e+00,1.036441421221788103e-02,1.774480000000000057e+00,1.018550000000000011e-02,2.858606000000000202e-01,1.917464918172950882e-03
1.679850000000000136e+02,1.454018999999999950e+00,1.026502672640378436e-02,1.738899999999999890e+00,1.008490000000000081e-02,2.848809999999999398e-01,1.914566709149618292e-03
1.688249999999999886e+02,1.433165800000000045e+00,1.019968134621449668e-02,1.716350000000000042e+00,1.001939999999999949e-02,2.831841999999999970e-01,1.909220575081884124e-03
1.696690000000000111e+02,1.386476199999999936e+00,1.005608685013390305e-02,1.667559999999999931e+00,9.874499999999999597e-03,2.810838000000000503e-01,1.902401768143627660e-03
1.705180000000000007e+02,1.350815799999999900e+00,9.948589535618000343e-03,1.631089999999999929e+00,9.765529999999999697e-03,2.802742000000000289e-01,1.899699336028730801e-03
1.713700000000000045e+02,1.325692799999999894e+00,9.864528738698469593e-03,1.603359999999999896e+00,9.681540000000000631e-03,2.776672000000000029e-01,1.891219306428527274e-03
1.722270000000000039e+02,1.322468199999999872e+00,9.844213033336693744e-03,1.597110000000000030e+00,9.662870000000000487e-03,2.746418000000000470e-01,1.880817271511509795e-03
1.730879999999999939e+02,1.297443600000000030e+00,9.752547203880634896e-03,1.567960000000000020e+00,9.572239999999999222e-03,2.705163999999999902e-01,1.866654318913922540e-03
1.739540000000000077e+02,1.278184800000000010e+00,9.680261800192184116e-03,1.544180000000000108e+00,9.501620000000000552e-03,2.659951999999999872e-01,1.851130977499971684e-03
1.748230000000000075e+02,1.264723999999999959e+00,9.626224201032719183e-03,1.526969999999999938e+00,9.449100000000000207e-03,2.622459999999999791e-01,1.838124467643037583e-03
1.756980000000000075e+02,1.276931400000000050e+00,9.657067446912857497e-03,1.536980000000000013e+00,9.482080000000000369e-03,2.600486000000000186e-01,1.830057525823710046e-03
1.765759999999999934e+02,1.269935999999999954e+00,9.627343906415725475e-03,1.527930000000000010e+00,9.453210000000000085e-03,2.579939999999999456e-01,1.822792195588954266e-03
1.774590000000000032e+02,1.239796000000000120e+00,9.531356520317557646e-03,1.496450000000000058e+00,9.356440000000000590e-03,2.566539999999999933e-01,1.817632428132816974e-03
1.783460000000000036e+02,1.252219800000000216e+00,9.561076191795565490e-03,1.507570000000000077e+00,9.387660000000000796e-03,2.553501999999999716e-01,1.812737617450468170e-03
1.792379999999999995e+02,1.250113999999999947e+00,9.550377122927659890e-03,1.504440000000000000e+00,9.377530000000000240e-03,2.543259999999999410e-01,1.808765957563332385e-03
1.801339999999999861e+02,1.249823199999999801e+00,9.552882516253406731e-03,1.505309999999999926e+00,9.379320000000000018e-03,2.554868000000000139e-01,1.812710872406297523e-03
1.810349999999999966e+02,1.224131599999999986e+00,9.472645746555921273e-03,1.479190000000000005e+00,9.297969999999999152e-03,2.550583999999999629e-01,1.810737783016635669e-03
1.819399999999999977e+02,1.244801599999999953e+00,9.533214229343637755e-03,1.499449999999999950e+00,9.360020000000000145e-03,2.546483999999999970e-01,1.808922093999628528e-03
1.828499999999999943e+02,1.249493000000000187e+00,9.550323044746915693e-03,1.505260000000000042e+00,9.376759999999999609e-03,2.557669999999999666e-01,1.812468527016124556e-03
1.837640000000000100e+02,1.232524200000000070e+00,9.503115130511888969e-03,1.489500000000000046e+00,9.327949999999999783e-03,2.569757999999999765e-01,1.816189962879434126e-03
1.846829999999999927e+02,1.208540400000000181e+00,9.425365639397763687e-03,1.464970000000000105e+00,9.249250000000000527e-03,2.564295999999999798e-01,1.813530224131927908e-03
1.856059999999999945e+02,1.181650400000000101e+00,9.342949552642998770e-03,1.438590000000000035e+00,9.164959999999999773e-03,2.569395999999999902e-01,1.814997118904600627e-03
1.865339999999999918e+02,1.146169199999999888e+00,9.240512260347475554e-03,1.405659999999999910e+00,9.058800000000000532e-03,2.594908000000000214e-01,1.823515668600629667e-03
1.874670000000000130e+02,1.086993600000000004e+00,9.059974003152327510e-03,1.348940000000000028e+00,8.872829999999999953e-03,2.619463999999999682e-01,1.831943429502122826e-03
1.884039999999999964e+02,1.053925399999999790e+00,8.963776851497141582e-03,1.319099999999999939e+00,8.772280000000000355e-03,2.651746000000000381e-01,1.842932186770853591e-03
1.893460000000000036e+02,1.022246200000000105e+00,8.869290581101512555e-03,1.289830000000000032e+00,8.673929999999999835e-03,2.675837999999999828e-01,1.851284356093358275e-03
1.902930000000000064e+02,9.651199999999999779e-01,8.689327587697451630e-03,1.235160000000000036e+00,8.488020000000000634e-03,2.700400000000000023e-01,1.859551130224710875e-03
1.912439999999999998e+02,9.398615999999999637e-01,8.603603774020977119e-03,1.210110000000000019e+00,8.400019999999999362e-03,2.702483999999999997e-01,1.860554191618185235e-03
1.922009999999999934e+02,9.321505999999999403e-01,8.569402464626573596e-03,1.200239999999999974e+00,8.366639999999999841e-03,2.680894000000000332e-01,1.853103804741655300e-03
1.931620000000000061e+02,8.995435999999998877e-01,8.435329767493622566e-03,1.162949999999999928e+00,8.232800000000000187e-03,2.634063999999999850e-01,1.837332971010970529e-03
1.941279999999999859e+02,8.753569999999999407e-01,8.324263348130212306e-03,1.132079999999999975e+00,8.124150000000000121e-03,2.567229999999999790e-01,1.814262127291423141e-03
1.950980000000000132e+02,8.691563999999999401e-01,8.266688543451965188e-03,1.117569999999999952e+00,8.071719999999999243e-03,2.484135999999999844e-01,1.784790104197129298e-03
1.960740000000000123e+02,8.477319999999999300e-01,8.155458984600438485e-03,1.088079999999999936e+00,7.964310000000000486e-03,2.403480000000000061e-01,1.755356793760174576e-03
1.970540000000000020e+02,8.486143999999999910e-01,8.120742101061945509e-03,1.080319999999999947e+00,7.935829999999999620e-03,2.317056000000000116e-01,1.723094449837268881e-03
1.980389999999999873e+02,8.286923999999999957e-01,8.016084397278759946e-03,1.052769999999999984e+00,7.835059999999999594e-03,2.240776000000000434e-01,1.693943287331662424e-03
1.990289999999999964e+02,8.429774000000000989e-01,8.046587050927617168e-03,1.062510000000000066e+00,7.870010000000000200e-03,2.195326000000000222e-01,1.676456312599883909e-03
2.000250000000000057e+02,8.338259999999999561e-01,7.997561101159279123e-03,1.050300000000000011e+00,7.822360000000000424e-03,2.164739999999999998e-01,1.664832603349658199e-03
2.010250000000000057e+02,8.294676000000000826e-01,7.966217870417303601e-03,1.042720000000000091e+00,7.792949999999999877e-03,2.132524000000000086e-01,1.652439849572746259e-03
2.020300000000000011e+02,8.094317999999999236e-01,7.882012246154404891e-03,1.020559999999999912e+00,7.708569999999999658e-03,2.111282000000000159e-01,1.644404330944187337e-03
2.030399999999999920e+02,8.043162000000000367e-01,7.860280478487774447e-03,1.014610000000000012e+00,7.686969999999999567e-03,2.102938000000000029e-01,1.641493655058099939e-03
2.040550000000000068e+02,8.057191999999999688e-01,7.857419625499455218e-03,1.014399999999999968e+00,7.685430000000000039e-03,2.086808000000000551e-01,1.634995072250678295e-03
2.050749999999999886e+02,8.013620000000000188e-01,7.831566263584315707e-03,1.007929999999999993e+00,7.660809999999999668e-03,2.065680000000000016e-01,1.626474803005567571e-03
2.061009999999999991e+02,7.820038000000000267e-01,7.748508886352522065e-03,9.862990000000000368e-01,7.577819999999999868e-03,2.042951999999999546e-01,1.617415843091689429e-03
2.071310000000000002e+02,7.837513999999998759e-01,7.740971184121021517e-03,9.850759999999999517e-01,7.572630000000000333e-03,2.013246000000000202e-01,1.605587044196607862e-03
2.081670000000000016e+02,7.978739999999999721e-01,7.779880529556478831e-03,9.961219999999999519e-01,7.615020000000000122e-03,1.982480000000000075e-01,1.593113760461568450e-03
2.092079999999999984e+02,8.077480000000000215e-01,7.804341891732576031e-03,1.003220000000000001e+00,7.642330000000000130e-03,1.954719999999999791e-01,1.581943277792222102e-03
2.102539999999999907e+02,7.975091999999999182e-01,7.755249533062879078e-03,9.902919999999999501e-01,7.594400000000000282e-03,1.927828000000000042e-01,1.571300085939028980e-03
2.113050000000000068e+02,7.951420000000000154e-01,7.743969009309889517e-03,9.869850000000000012e-01,7.583590000000000296e-03,1.918430000000000135e-01,1.567870762866633433e-03
2.123619999999999948e+02,7.813723999999999670e-01,7.694054928992124197e-03,9.734140000000000015e-01,7.532379999999999978e-03,1.920415999999999790e-01,1.568991008880547822e-03
2.134240000000000066e+02,7.893683999999999701e-01,7.725998132922374043e-03,9.813969999999999638e-01,7.564890000000000329e-03,1.920285999999999937e-01,1.569549756401497588e-03
2.144910000000000139e+02,7.805333999999999328e-01,7.697758338118701298e-03,9.730699999999999905e-01,7.535499999999999664e-03,1.925366000000000022e-01,1.572171486217709135e-03
2.155629999999999882e+02,7.875161999999999995e-01,7.727706236286159894e-03,9.805979999999999697e-01,7.565500000000000176e-03,1.930818000000000256e-01,1.575009023572880888e-03
2.166409999999999911e+02,7.787471999999999728e-01,7.698079897849592450e-03,9.716829999999999634e-01,7.535219999999999592e-03,1.929357999999999906e-01,1.575085288254575748e-03
2.177239999999999895e+02,7.715570000000000483e-01,7.681560791501425636e-03,9.666510000000000380e-01,7.516250000000000361e-03,1.950939999999999896e-01,1.585043258410318706e-03
2.188129999999999882e+02,7.768999999999999240e-01,7.714096084097734132e-03,9.741069999999999451e-01,7.547579999999999914e-03,1.972069999999999657e-01,1.594150099047138020e-03
2.199070000000000107e+02,7.695418000000000536e-01,7.703335416643624506e-03,9.693810000000000482e-01,7.534080000000000291e-03,1.998391999999999946e-01,1.605931223594584583e-03
2.210060000000000002e+02,7.797878000000000309e-01,7.756689123180585295e-03,9.827069999999999972e-01,7.585830000000000004e-03,2.029192000000000218e-01,1.619076701323318972e-03
2.221109999999999900e+02,7.849382000000000303e-01,7.792282272748594744e-03,9.905410000000000048e-01,7.619800000000000358e-03,2.056028000000000022e-01,1.630432757948637682e-03
2.232220000000000084e+02,7.797415999999999237e-01,7.785368994259168028e-03,9.884089999999999820e-01,7.610060000000000088e-03,2.086674000000000029e-01,1.642850319771098442e-03
2.243379999999999939e+02,7.737949999999998996e-01,7.772996524973879370e-03,9.835819999999999563e-01,7.596340000000000037e-03,2.097870000000000290e-01,1.647754102302889222e-03
2.254600000000000080e+02,7.792311999999999017e-01,7.795023572415160293e-03,9.895549999999999624e-01,7.618409999999999939e-03,2.103238000000000052e-01,1.649915624026877109e-03
2.265869999999999891e+02,7.742219999999999658e-01,7.781283151091984360e-03,9.856319999999999526e-01,7.603460000000000253e-03,2.114100000000000146e-01,1.654014360840920820e-03
2.277199999999999989e+02,7.834102000000000565e-01,7.813933582727972116e-03,9.944420000000000481e-01,7.637249999999999941e-03,2.110317999999999916e-01,1.652262228819626703e-03
2.288590000000000089e+02,7.874579999999999913e-01,7.809959405054036317e-03,9.951710000000000278e-01,7.636079999999999951e-03,2.077129999999999810e-01,1.638825232351515853e-03
2.300029999999999859e+02,7.980982000000000909e-01,7.844274738418588466e-03,1.004520000000000080e+00,7.672370000000000405e-03,2.064218000000000441e-01,1.633213015773508914e-03
2.311529999999999916e+02,7.832171999999999468e-01,7.788363953591280128e-03,9.898799999999999821e-01,7.615099999999999647e-03,2.066628000000000076e-01,1.633666142025352614e-03
2.323089999999999975e+02,7.782954000000000816e-01,7.770046092975253435e-03,9.851910000000000389e-01,7.596290000000000334e-03,2.068955999999999573e-01,1.634011787858337048e-03
2.334699999999999989e+02,7.757982000000001044e-01,7.767025994661019665e-03,9.845840000000000147e-01,7.591689999999999897e-03,2.087857999999999659e-01,1.641016680488044301e-03
2.346380000000000052e+02,7.614980000000000082e-01,7.730293893805072550e-03,9.743060000000000054e-01,7.550659999999999837e-03,2.128080000000000249e-01,1.656797286634668475e-03
2.358110000000000070e+02,7.691459999999999964e-01,7.781549736215788438e-03,9.865450000000000053e-01,7.599230000000000221e-03,2.173989999999999811e-01,1.674580456203881478e-03
2.369900000000000091e+02,7.466854000000000546e-01,7.706298090904089258e-03,9.669410000000000505e-01,7.519630000000000238e-03,2.202555999999999958e-01,1.685881054218238808e-03
2.381750000000000114e+02,7.349706000000000294e-01,7.675091571372682879e-03,9.579999999999999627e-01,7.485160000000000251e-03,2.230293999999999888e-01,1.696882554379058970e-03
2.393660000000000139e+02,7.190993999999999442e-01,7.637368452719562641e-03,9.464690000000000047e-01,7.442510000000000271e-03,2.273696000000000050e-01,1.714188374273959651e-03
2.405620000000000118e+02,7.081774000000000679e-01,7.609500450810946677e-03,9.377640000000000420e-01,7.411939999999999674e-03,2.295866000000000295e-01,1.722684691779665170e-03
2.417649999999999864e+02,7.112546000000000701e-01,7.625519258632556217e-03,9.422850000000000392e-01,7.427010000000000382e-03,2.310303999999999969e-01,1.728602448128545212e-03
2.429739999999999895e+02,6.969354000000000937e-01,7.571226990656401874e-03,9.279870000000000063e-01,7.371189999999999687e-03,2.310515999999999681e-01,1.728882913312523861e-03
2.441889999999999930e+02,6.751164000000000609e-01,7.482369765680388883e-03,9.050120000000000386e-01,7.280850000000000169e-03,2.298956000000000055e-01,1.724842192163677417e-03
2.454099999999999966e+02,6.936245999999999245e-01,7.542418192336990471e-03,9.203289999999999527e-01,7.345349999999999623e-03,2.267043999999999726e-01,1.712864724838479525e-03
2.466370000000000005e+02,6.730530000000000124e-01,7.439526513999126373e-03,8.955239999999999867e-01,7.243379999999999784e-03,2.224710000000000021e-01,1.697056548290598208e-03
2.478700000000000045e+02,6.756366000000000316e-01,7.429012867413543365e-03,8.935680000000000289e-01,7.236649999999999854e-03,2.179314000000000251e-01,1.679621672191687360e-03
2.491090000000000089e+02,6.741732000000000280e-01,7.411698051690178597e-03,8.893900000000000139e-01,7.221359999999999585e-03,2.152168000000000136e-01,1.668900164727656716e-03
2.503549999999999898e+02,6.792799999999999949e-01,7.406127403362705412e-03,8.885750000000000037e-01,7.220950000000000285e-03,2.092950000000000088e-01,1.645783768403370718e-03
2.516069999999999993e+02,6.679033999999999249e-01,7.334183387500752167e-03,8.718650000000000011e-01,7.151990000000000430e-03,2.039616000000000207e-01,1.624587640415868809e-03
2.528650000000000091e+02,6.647139999999999160e-01,7.298482333786387652e-03,8.635699999999999488e-01,7.119989999999999652e-03,1.988560000000000050e-01,1.604240248993896948e-03
2.541289999999999907e+02,6.763593999999999440e-01,7.320961686855901110e-03,8.703379999999999450e-01,7.147459999999999578e-03,1.939786000000000288e-01,1.584391229719478130e-03
2.554000000000000057e+02,6.839511999999999814e-01,7.322285198144907158e-03,8.719000000000000083e-01,7.154250000000000019e-03,1.879488000000000270e-01,1.559669022732707716e-03
2.566770000000000209e+02,6.839043999999999679e-01,7.313334172410009340e-03,8.696909999999999918e-01,7.147070000000000159e-03,1.857866000000000239e-01,1.550563488684033155e-03
2.579599999999999795e+02,6.862065999999999999e-01,7.306334414200050392e-03,8.685549999999999660e-01,7.143039999999999806e-03,1.823484000000000216e-01,1.536067098314393203e-03
2.592500000000000000e+02,6.799550000000000871e-01,7.275755864214246242e-03,8.606650000000000134e-01,7.113279999999999603e-03,1.807099999999999818e-01,1.529009822482511145e-03
2.605459999999999923e+02,6.897533999999999610e-01,7.305950031555649878e-03,8.682999999999999607e-01,7.146070000000000026e-03,1.785465999999999998e-01,1.520062307501899787e-03
2.618489999999999895e+02,6.909834000000000254e-01,7.315912782327849140e-03,8.700430000000000108e-01,7.155700000000000081e-03,1.790595999999999854e-01,1.522674406637216857e-03
2.631580000000000155e+02,6.905955999999999761e-01,7.310667746644215065e-03,8.683309999999999640e-01,7.151440000000000227e-03,1.777353999999999878e-01,1.517487669875442532e-03
2.644739999999999895e+02,6.857601999999999309e-01,7.295913145261531327e-03,8.648059999999999636e-01,7.135080000000000242e-03,1.790458000000000049e-01,1.523476949874857760e-03
2.657959999999999923e+02,6.901606000000000130e-01,7.327466834764657932e-03,8.717660000000000409e-01,7.164969999999999672e-03,1.816054000000000002e-01,1.534592816898345830e-03
2.671250000000000000e+02,6.728258000000000294e-01,7.284816599558014728e-03,8.595019999999999882e-01,7.116599999999999836e-03,1.866762000000000143e-01,1.556456658309507933e-03
2.684610000000000127e+02,6.759726000000000345e-01,7.313380573877172747e-03,8.658770000000000078e-01,7.142860000000000008e-03,1.899044000000000010e-01,1.570059374279839061e-03
2.698029999999999973e+02,6.774188000000000986e-01,7.349342524984666877e-03,8.727730000000000210e-01,7.174619999999999609e-03,1.953541999999999779e-01,1.593004521383414168e-03
2.711519999999999868e+02,6.510314000000000378e-01,7.274575258980554154e-03,8.521560000000000246e-01,7.092649999999999823e-03,2.011245999999999867e-01,1.616713077844055945e-03
2.725079999999999814e+02,6.575779999999999959e-01,7.337475073742193328e-03,8.653049999999999908e-01,7.151000000000000238e-03,2.077269999999999950e-01,1.643696887442450518e-03
2.738709999999999809e+02,6.574801999999999591e-01,7.370285178321664583e-03,8.715880000000000294e-01,7.178720000000000413e-03,2.141078000000000148e-01,1.669455830918566185e-03
2.752400000000000091e+02,6.490233999999999170e-01,7.380992700410969089e-03,8.713429999999999787e-01,7.182110000000000230e-03,2.223196000000000061e-01,1.701866384714146837e-03
2.766159999999999854e+02,6.518156000000000505e-01,7.439117818559670865e-03,8.830780000000000296e-01,7.233619999999999634e-03,2.312624000000000068e-01,1.736437621687574430e-03
2.779990000000000236e+02,6.361748000000000403e-01,7.422885858113945079e-03,8.757200000000000539e-01,7.209179999999999928e-03,2.395452000000000137e-01,1.768320726052827977e-03
2.793890000000000100e+02,6.220419999999999838e-01,7.405182423135570589e-03,8.694760000000000266e-01,7.183519999999999663e-03,2.474339999999999873e-01,1.798267813623988156e-03
2.807860000000000014e+02,6.188734000000000179e-01,7.440333047753171572e-03,8.749919999999999920e-01,7.211689999999999767e-03,2.561186000000000296e-01,1.830323251611036929e-03
2.821899999999999977e+02,6.059942000000000384e-01,7.427659836372152609e-03,8.696110000000000229e-01,7.191499999999999976e-03,2.636167999999999845e-01,1.858079221899862962e-03
2.836009999999999991e+02,6.061855999999999911e-01,7.463704048129453372e-03,8.763159999999999838e-01,7.222529999999999575e-03,2.701303999999999927e-01,1.882003856840893958e-03
2.850190000000000055e+02,6.144608000000000292e-01,7.537120778113615659e-03,8.914720000000000422e-01,7.291899999999999597e-03,2.770112000000000130e-01,1.906930521511468165e-03
2.864440000000000168e+02,6.161902000000000212e-01,7.578332533579137595e-03,8.991310000000000136e-01,7.328829999999999720e-03,2.829407999999999923e-01,1.928568075180132164e-03
2.878759999999999764e+02,6.158082000000000278e-01,7.590250673931132029e-03,9.001120000000000232e-01,7.339540000000000300e-03,2.843037999999999954e-01,1.934698395490108431e-03
2.893159999999999741e+02,6.199391999999999125e-01,7.613834252077201006e-03,9.047319999999999807e-01,7.363159999999999671e-03,2.847928000000000126e-01,1.937613695374803017e-03
2.907620000000000005e+02,6.076555999999999624e-01,7.566845878893001774e-03,8.912459999999999827e-01,7.315300000000000274e-03,2.835904000000000202e-01,1.934823626308093290e-03
2.922160000000000082e+02,6.255382000000000442e-01,7.631166252101968632e-03,9.064520000000000355e-01,7.383780000000000378e-03,2.809137999999999913e-01,1.927301553680689592e-03
2.936770000000000209e+02,6.362628000000000172e-01,7.656036496559299499e-03,9.122740000000000293e-01,7.413490000000000010e-03,2.760112000000000121e-01,1.911821345353168552e-03
2.951460000000000150e+02,6.372070000000000789e-01,7.632602537653849877e-03,9.071310000000000207e-01,7.394379999999999876e-03,2.699239999999999418e-01,1.892026932525010547e-03
2.966209999999999809e+02,6.422768000000000921e-01,7.631026567963709872e-03,9.058030000000000248e-01,7.398019999999999943e-03,2.635261999999999882e-01,1.871327486189416304e-03
2.981039999999999850e+02,6.368786000000000724e-01,7.580483248274347968e-03,8.930240000000000400e-01,7.352120000000000183e-03,2.561453999999999676e-01,1.846634176811422483e-03
2.995950000000000273e+02,6.315388000000000668e-01,7.522949104485819431e-03,8.792290000000000383e-01,7.300150000000000042e-03,2.476901999999999993e-01,1.817298326138006319e-03
3.010930000000000177e+02,6.327251999999998766e-01,7.502882191104695217e-03,8.735309999999999464e-01,7.285309999999999703e-03,2.408058000000000143e-01,1.793738937943869290e-03
3.025980000000000132e+02,6.059983999999999371e-01,7.373165131411610861e-03,8.415589999999999460e-01,7.156090000000000367e-03,2.355605999999999811e-01,1.775933548014677413e-03
3.041109999999999900e+02,5.993486000000000091e-01,7.329141990661389681e-03,8.299659999999999815e-01,7.114989999999999856e-03,2.306174000000000002e-01,1.758760819206522984e-03
3.056320000000000050e+02,5.929729999999999723e-01,7.292791230339724581e-03,8.207060000000000466e-01,7.079799999999999809e-03,2.277330000000000187e-01,1.749638788241733144e-03
3.071600000000000250e+02,5.951880000000000503e-01,7.282119273420066194e-03,8.173240000000000505e-01,7.073649999999999903e-03,2.221360000000000279e-01,1.729952828783490283e-03
3.086960000000000264e+02,5.669404000000000110e-01,7.141651647525241488e-03,7.837079999999999602e-01,6.933739999999999869e-03,2.167676000000000047e-01,1.710683450261912125e-03
3.102389999999999759e+02,5.654079999999999107e-01,7.114751005898379763e-03,7.765459999999999585e-01,6.911040000000000239e-03,2.111379999999999924e-01,1.690327777187608255e-03
3.117909999999999968e+02,5.512623999999999302e-01,7.014362260972839373e-03,7.538639999999999786e-01,6.815609999999999724e-03,2.026016000000000206e-01,1.657931921418970712e-03
3.133500000000000227e+02,5.560817999999999595e-01,7.001154788845337026e-03,7.505039999999999489e-01,6.809710000000000069e-03,1.944222000000000172e-01,1.626043693531019699e-03
3.149159999999999968e+02,5.515436000000000227e-01,6.955953536322104745e-03,7.398620000000000196e-01,6.768829999999999986e-03,1.883183999999999969e-01,1.602569820810313250e-03
3.164909999999999854e+02,5.459731999999999363e-01,6.891330178156608588e-03,7.254779999999999562e-01,6.710830000000000094e-03,1.795047999999999921e-01,1.566905337112615548e-03
3.180729999999999791e+02,5.493335999999999775e-01,6.866171015156554737e-03,7.202089999999999881e-01,6.693339999999999880e-03,1.708753999999999829e-01,1.530850761431694872e-03
3.196639999999999873e+02,5.489454000000000278e-01,6.833073845491207700e-03,7.123779999999999557e-01,6.666520000000000432e-03,1.634325999999999834e-01,1.499469662092567856e-03
3.212620000000000005e+02,5.524162000000000239e-01,6.810108201745108947e-03,7.072599999999999998e-01,6.651360000000000258e-03,1.548438000000000037e-01,1.461842628286643070e-03
3.228679999999999950e+02,5.515923999999999827e-01,6.765551116130894688e-03,6.975839999999999819e-01,6.614509999999999661e-03,1.459915999999999991e-01,1.421597469356216791e-03
3.244830000000000041e+02,5.390977999999999604e-01,6.675712997978568153e-03,6.779169999999999918e-01,6.529730000000000083e-03,1.388192000000000037e-01,1.388441629482492848e-03
3.261050000000000182e+02,5.507036000000000708e-01,6.706165887827112218e-03,6.835050000000000292e-01,6.566729999999999789e-03,1.328014000000000139e-01,1.360410975461459702e-03
3.277359999999999900e+02,5.421859999999999458e-01,6.644384992362800148e-03,6.695299999999999585e-01,6.509090000000000362e-03,1.273440000000000127e-01,1.334016228775347559e-03
3.293740000000000236e+02,5.508385999999999560e-01,6.665919380531091197e-03,6.737009999999999943e-01,6.535430000000000059e-03,1.228624000000000105e-01,1.312492248678063557e-03
3.310210000000000150e+02,5.407937999999999912e-01,6.608442562041680519e-03,6.604600000000000470e-01,6.479870000000000421e-03,1.196662000000000142e-01,1.297226995904725939e-03
3.326759999999999877e+02,5.403370000000000672e-01,6.598368663662860199e-03,6.569850000000000412e-01,6.472499999999999955e-03,1.166480000000000017e-01,1.282658478164784132e-03
3.343399999999999750e+02,5.380424000000000317e-01,6.575634778893061499e-03,6.515490000000000448e-01,6.452450000000000199e-03,1.135066000000000130e-01,1.266831379027216677e-03
3.360110000000000241e+02,5.206813999999999609e-01,6.486203647962342049e-03,6.323839999999999462e-01,6.362930000000000148e-03,1.117026000000000130e-01,1.258554558984234170e-03
3.376909999999999741e+02,5.308304000000000356e-01,6.534545960143213310e-03,6.403600000000000403e-01,6.414279999999999635e-03,1.095296000000000047e-01,1.247919463276376574e-03
3.393799999999999955e+02,5.160587999999999287e-01,6.453106762650064748e-03,6.229599999999999582e-01,6.333870000000000125e-03,1.069012000000000018e-01,1.234778406541027799e-03
3.410769999999999982e+02,5.118222000000000049e-01,6.426435096601536105e-03,6.169759999999999689e-01,6.308369999999999776e-03,1.051538000000000056e-01,1.226187585132062921e-03
3.427819999999999823e+02,5.103227999999999653e-01,6.426288654283745724e-03,6.149179999999999646e-01,6.308539999999999634e-03,1.045951999999999993e-01,1.224544379177822974e-03
3.444959999999999809e+02,5.045060000000000100e-01,6.397632319983385593e-03,6.078189999999999982e-01,6.280499999999999625e-03,1.033129999999999882e-01,1.218613577675876653e-03
3.462180000000000177e+02,4.916092000000000239e-01,6.333599356417486323e-03,5.943540000000000489e-01,6.215659999999999588e-03,1.027448000000000111e-01,1.216573701841363979e-03
3.479499999999999886e+02,4.865941200000000189e-01,6.315849040842885613e-03,5.891020000000000145e-01,6.197570000000000336e-03,1.025078799999999957e-01,1.216583413423017205e-03
3.496890000000000214e+02,4.837440000000000073e-01,6.301866953020826903e-03,5.850710000000000077e-01,6.184420000000000368e-03,1.013269999999999865e-01,1.210981567645024164e-03
3.514379999999999882e+02,4.766197400000000139e-01,6.254985781061057210e-03,5.752410000000000023e-01,6.139509999999999933e-03,9.862126000000000225e-02,1.196354496449944472e-03
3.531949999999999932e+02,4.889713000000000531e-01,6.321281790191289780e-03,5.865430000000000366e-01,6.207960000000000214e-03,9.757169999999999732e-02,1.191568759830501740e-03
3.549610000000000127e+02,4.873307000000000055e-01,6.323657851976180466e-03,5.849560000000000315e-01,6.209980000000000361e-03,9.762529999999999819e-02,1.193648620180997764e-03
3.567359999999999900e+02,4.838101799999999786e-01,6.314440709636919696e-03,5.820699999999999763e-01,6.199559999999999793e-03,9.825981999999999772e-02,1.199006789772268057e-03
3.585190000000000055e+02,4.712935799999999897e-01,6.260224037593862048e-03,5.698429999999999884e-01,6.143649999999999632e-03,9.854941999999998481e-02,1.202484793404057922e-03
3.603120000000000118e+02,4.642104599999999914e-01,6.237218435080816963e-03,5.641209999999999836e-01,6.118189999999999913e-03,9.991053999999999213e-02,1.212701501117236956e-03
3.621139999999999759e+02,4.495324799999999565e-01,6.169938339457858335e-03,5.497069999999999457e-01,6.048959999999999927e-03,1.001745200000000030e-01,1.215821545750855708e-03
3.639239999999999782e+02,4.518202199999999946e-01,6.180853185152677953e-03,5.502569999999999961e-01,6.061910000000000215e-03,9.843678000000000150e-02,1.206728324152540974e-03
3.657440000000000282e+02,4.481283199999999689e-01,6.158077927875223352e-03,5.450289999999999857e-01,6.040270000000000361e-03,9.690068000000000292e-02,1.198775247026731116e-03
3.675720000000000027e+02,4.523637000000000352e-01,6.184537169783685742e-03,5.485119999999999996e-01,6.067799999999999930e-03,9.614829999999999210e-02,1.195952827011165839e-03
3.694100000000000250e+02,4.341089000000000198e-01,6.088347552998924460e-03,5.294560000000000377e-01,5.970429999999999661e-03,9.534709999999999019e-02,1.192451903100498218e-03
3.712570000000000050e+02,4.525041799999999226e-01,6.199756457602185154e-03,5.477539999999999631e-01,6.083709999999999986e-03,9.524982000000001281e-02,1.193923267835919188e-03
3.731139999999999759e+02,4.512714199999999787e-01,6.206552007632579193e-03,5.467819999999999903e-01,6.089940000000000284e-03,9.551058000000001158e-02,1.197463410651031148e-03
3.749789999999999850e+02,4.453948600000000591e-01,6.184414313117775688e-03,5.414600000000000524e-01,6.066280000000000283e-03,9.606513999999999331e-02,1.203007630024016108e-03
3.768539999999999850e+02,4.451811999999999991e-01,6.208215682439197601e-03,5.431799999999999962e-01,6.087799999999999982e-03,9.799879999999999702e-02,1.216812688824372816e-03
3.787379999999999995e+02,4.426097399999999737e-01,6.207838372829305867e-03,5.414269999999999916e-01,6.086030000000000086e-03,9.881726000000000398e-02,1.223722232482518917e-03
3.806320000000000050e+02,4.367158800000000562e-01,6.186291314288068673e-03,5.359920000000000240e-01,6.063090000000000146e-03,9.927611999999999548e-02,1.228470543861756581e-03
3.825350000000000250e+02,4.198163000000000311e-01,6.116185192316531301e-03,5.206600000000000117e-01,5.989129999999999628e-03,1.008437000000000083e-01,1.240178676567211310e-03
3.844479999999999791e+02,4.304322800000000560e-01,6.182360120171260555e-03,5.313440000000000385e-01,6.056230000000000120e-03,1.009117199999999964e-01,1.242439069968422896e-03
3.863700000000000045e+02,4.307556799999999186e-01,6.196186370396229541e-03,5.315299999999999470e-01,6.070129999999999970e-03,1.007743200000000144e-01,1.243481933839008348e-03
3.883020000000000209e+02,4.219248399999999677e-01,6.153284509742418598e-03,5.225090000000000012e-01,6.026189999999999845e-03,1.005841600000000058e-01,1.244164113666681830e-03
3.902440000000000282e+02,4.272651199999999982e-01,6.191288210827856561e-03,5.276330000000000187e-01,6.064850000000000102e-03,1.003678800000000065e-01,1.244847053672056480e-03
3.921949999999999932e+02,4.217187199999999914e-01,6.172047584303932445e-03,5.223820000000000130e-01,6.044449999999999823e-03,1.006632799999999939e-01,1.248517352867792697e-03
3.941560000000000059e+02,4.158500000000000529e-01,6.158004911767770567e-03,5.172520000000000451e-01,6.028699999999999684e-03,1.014019999999999921e-01,1.255309046950590793e-03
3.961270000000000095e+02,4.113936000000000259e-01,6.138376221472254674e-03,5.125260000000000371e-01,6.008519999999999833e-03,1.011324000000000112e-01,1.255925971519022532e-03
3.981070000000000277e+02,4.160104800000000158e-01,6.178482080046522260e-03,5.182590000000000252e-01,6.047539999999999687e-03,1.022485199999999955e-01,1.265267071355293026e-03
4.000980000000000132e+02,4.064008000000000065e-01,6.144775875926801467e-03,5.099029999999999951e-01,6.011039999999999613e-03,1.035022000000000164e-01,1.275017130775896656e-03
4.020980000000000132e+02,4.085257999999999945e-01,6.177188073225228088e-03,5.130649999999999933e-01,6.042279999999999700e-03,1.045391999999999849e-01,1.283941156594024021e-03
4.041089999999999804e+02,4.026198000000000277e-01,6.163833838576443167e-03,5.084950000000000303e-01,6.026390000000000392e-03,1.058751999999999888e-01,1.294399921770702198e-03
4.061290000000000191e+02,4.090266000000000735e-01,6.222213774218626585e-03,5.164530000000000509e-01,6.083510000000000306e-03,1.074263999999999913e-01,1.306464822326265261e-03
4.081600000000000250e+02,4.108483999999999470e-01,6.257313493076402215e-03,5.201829999999999510e-01,6.116410000000000076e-03,1.093345999999999901e-01,1.320416927540691643e-03
4.102010000000000218e+02,3.941081999999999641e-01,6.187758119563175133e-03,5.055199999999999694e-01,6.041959999999999865e-03,1.114117999999999914e-01,1.335316406182444904e-03
4.122520000000000095e+02,3.930049999999999377e-01,6.202305795310643702e-03,5.056079999999999464e-01,6.054750000000000236e-03,1.126030000000000086e-01,1.344841855403080448e-03
4.143129999999999882e+02,3.960448000000000301e-01,6.241277160786884610e-03,5.101080000000000059e-01,6.092199999999999872e-03,1.140631999999999896e-01,1.355964511983997383e-03
4.163840000000000146e+02,3.912657999999999969e-01,6.230417064836349210e-03,5.060909999999999576e-01,6.079539999999999597e-03,1.148251999999999884e-01,1.362824343121298845e-03
4.184660000000000082e+02,3.882905999999999858e-01,6.224858167289275962e-03,5.029270000000000129e-01,6.073570000000000357e-03,1.146364000000000133e-01,1.364040563168119301e-03
4.205590000000000259e+02,3.775119999999999587e-01,6.178704762500308693e-03,4.929589999999999805e-01,6.024540000000000103e-03,1.154469999999999941e-01,1.371608665233637345e-03
4.226619999999999777e+02,3.796209999999999862e-01,6.205393770855802821e-03,4.952360000000000095e-01,6.051049999999999658e-03,1.156149999999999956e-01,1.375392943444163525e-03
4.247749999999999773e+02,3.704642000000000213e-01,6.164977248755748943e-03,4.867940000000000045e-01,6.008000000000000319e-03,1.163298000000000110e-01,1.382346005049387132e-03
4.268990000000000009e+02,3.748797999999999853e-01,6.212145689569425512e-03,4.917409999999999837e-01,6.055089999999999952e-03,1.168611999999999984e-01,1.388034279236647923e-03
4.290330000000000155e+02,3.736201999999999579e-01,6.218774175379903138e-03,4.906739999999999990e-01,6.060949999999999845e-03,1.170538000000000134e-01,1.392134096224929233e-03
4.311779999999999973e+02,3.741329999999999378e-01,6.224632920128865370e-03,4.901559999999999806e-01,6.067649999999999953e-03,1.160230000000000150e-01,1.389128672172596120e-03
4.333340000000000032e+02,3.826080000000000592e-01,6.295932638102157662e-03,4.999930000000000208e-01,6.138209999999999847e-03,1.173849999999999894e-01,1.400409147149503548e-03
4.355009999999999764e+02,3.624403999999999959e-01,6.189834221744877629e-03,4.801949999999999830e-01,6.028140000000000408e-03,1.177546000000000009e-01,1.405551789541744376e-03
4.376779999999999973e+02,3.687129999999999574e-01,6.255701062712635228e-03,4.882639999999999758e-01,6.092440000000000182e-03,1.195510000000000045e-01,1.419848806184658557e-03
4.398670000000000186e+02,3.547183999999999893e-01,6.191026773814179048e-03,4.756719999999999837e-01,6.023340000000000291e-03,1.209535999999999945e-01,1.431149104211018337e-03
4.420659999999999741e+02,3.501228000000000118e-01,6.181712542071492525e-03,4.722270000000000079e-01,6.011479999999999602e-03,1.221041999999999961e-01,1.440721403465638779e-03
4.442760000000000105e+02,3.474124000000000101e-01,6.175498058174417292e-03,4.692250000000000032e-01,6.004840000000000004e-03,1.218126000000000070e-01,1.441760327140402271e-03
4.464979999999999905e+02,3.469365999999999839e-01,6.177236779762614732e-03,4.681509999999999838e-01,6.006730000000000055e-03,1.212144000000000138e-01,1.441335818035477650e-03
4.487300000000000182e+02,3.391296000000000310e-01,6.144607152993915994e-03,4.604130000000000167e-01,5.972520000000000259e-03,1.212833999999999995e-01,1.444022823304396330e-03
4.509739999999999895e+02,3.384135999999999811e-01,6.161429729383594706e-03,4.609240000000000004e-01,5.987420000000000242e-03,1.225103999999999915e-01,1.453966317949628327e-03
4.532289999999999850e+02,3.482568000000000330e-01,6.233917708669244225e-03,4.704280000000000128e-01,6.061790000000000060e-03,1.221712000000000076e-01,1.454796203720644691e-03
4.554950000000000045e+02,3.398278000000000132e-01,6.191325031207777808e-03,4.615259999999999918e-01,6.017899999999999638e-03,1.216982000000000064e-01,1.455123785820299246e-03
4.577730000000000246e+02,3.484468000000000010e-01,6.262583694118905968e-03,4.706949999999999745e-01,6.089670000000000152e-03,1.222481999999999874e-01,1.461462903033806113e-03
4.600609999999999786e+02,3.386061999999999683e-01,6.198867868048487523e-03,4.594289999999999763e-01,6.025319999999999808e-03,1.208228000000000080e-01,1.456530721654713352e-03
4.623620000000000232e+02,3.343304000000000276e-01,6.173460479785709831e-03,4.532660000000000022e-01,6.001120000000000412e-03,1.189356000000000024e-01,1.448507176743007952e-03
4.646730000000000018e+02,3.246303999999999856e-01,6.114820823813891214e-03,4.427459999999999729e-01,5.941150000000000077e-03,1.181155999999999873e-01,1.446986656762252370e-03
4.669970000000000141e+02,3.225187999999999944e-01,6.112937083647761172e-03,4.402630000000000154e-01,5.938999999999999835e-03,1.177442000000000072e-01,1.447853165426660248e-03
4.693319999999999936e+02,3.237494000000000205e-01,6.134385456055724446e-03,4.413070000000000048e-01,5.960499999999999653e-03,1.175575999999999982e-01,1.450215388646803683e-03
4.716789999999999736e+02,3.100153999999999965e-01,6.050111855966631286e-03,4.265959999999999752e-01,5.874329999999999656e-03,1.165805999999999926e-01,1.447791601304552296e-03
4.740369999999999777e+02,3.054970000000000185e-01,6.026789432855274471e-03,4.208740000000000259e-01,5.851229999999999799e-03,1.153769999999999935e-01,1.444056216037311940e-03
4.764069999999999823e+02,2.962753999999999666e-01,5.976795241985122936e-03,4.112899999999999889e-01,5.799359999999999932e-03,1.150146000000000085e-01,1.445512004452401697e-03
4.787889999999999873e+02,2.951887999999999734e-01,5.977286780370506120e-03,4.099099999999999966e-01,5.799460000000000205e-03,1.147212000000000093e-01,1.447142343790686026e-03
4.811829999999999927e+02,3.059507999999999672e-01,6.057327928072906223e-03,4.190740000000000021e-01,5.883580000000000233e-03,1.131232000000000071e-01,1.440384674943468151e-03
4.835889999999999986e+02,2.978210000000000024e-01,5.997783177604872236e-03,4.094840000000000146e-01,5.823799999999999637e-03,1.116629999999999984e-01,1.434139674355325777e-03
4.860070000000000050e+02,2.917871999999999688e-01,5.959993849100181026e-03,4.017339999999999800e-01,5.786849999999999633e-03,1.099468000000000112e-01,1.426146471724415703e-03
4.884370000000000118e+02,2.836061999999999750e-01,5.903673396037419779e-03,3.924639999999999795e-01,5.729780000000000290e-03,1.088578000000000046e-01,1.422315266978457305e-03
4.908790000000000191e+02,2.897523999999999655e-01,5.940001618800789564e-03,3.964349999999999818e-01,5.769879999999999801e-03,1.066826000000000024e-01,1.411419149989116524e-03
4.933340000000000032e+02,2.858098000000000027e-01,5.909087164599621626e-03,3.905040000000000178e-01,5.740470000000000121e-03,1.046942000000000011e-01,1.401540330470729071e-03
4.958000000000000114e+02,2.869549799999999706e-01,5.919105421032471934e-03,3.901870000000000061e-01,5.752440000000000157e-03,1.032320200000000077e-01,1.394719696460905434e-03
4.982789999999999964e+02,2.820118200000000241e-01,5.887747366278550491e-03,3.842099999999999960e-01,5.721140000000000427e-03,1.021981799999999996e-01,1.390728639785634123e-03
5.007710000000000150e+02,2.789466658194449389e-01,5.868259435389629533e-03,3.795319999999999805e-01,5.703220000000000164e-03,1.005853341805550138e-01,1.381937202856704924e-03
5.032740000000000009e+02,2.803629196262449885e-01,5.872457651696409708e-03,3.792599999999999860e-01,5.710169999999999656e-03,9.889708037375499750e-02,1.371027877932359763e-03
5.057909999999999968e+02,2.747772241067474863e-01,5.832712751853454808e-03,3.725269999999999970e-01,5.671119999999999980e-03,9.774977589325249683e-02,1.363428029356116141e-03
5.083199999999999932e+02,2.747542672720000301e-01,5.833963637747440097e-03,3.711050000000000182e-01,5.674610000000000071e-03,9.635073272800000199e-02,1.354227851751446882e-03
5.108609999999999900e+02,2.816358946661174922e-01,5.890488776807995680e-03,3.770830000000000015e-01,5.734030000000000203e-03,9.544710533388252316e-02,1.348613357786786118e-03
5.134160000000000537e+02,2.777972638684800266e-01,5.860520234072901825e-03,3.718380000000000019e-01,5.705390000000000288e-03,9.404073613152000299e-02,1.339485857289241834e-03
5.159829999999999472e+02,2.726162711229049851e-01,5.834006817377907633e-03,3.660999999999999810e-01,5.678919999999999628e-03,9.348372887709499590e-02,1.336227218257398644e-03
5.185629999999999882e+02,2.835380453079374696e-01,5.927985769480447441e-03,3.763739999999999863e-01,5.776360000000000348e-03,9.283595469206248896e-02,1.332171322902085979e-03
5.211549999999999727e+02,2.794314091442750003e-01,5.909264789673271227e-03,3.726269999999999860e-01,5.756390000000000118e-03,9.319559085572501345e-02,1.335434207429288082e-03
5.237609999999999673e+02,2.783753142869774821e-01,5.922858383603384763e-03,3.720499999999999918e-01,5.769299999999999776e-03,9.367468571302252356e-02,1.339936170950281396e-03
5.263799999999999955e+02,2.775713870716500220e-01,5.929071907456176342e-03,3.711900000000000199e-01,5.775680000000000050e-03,9.361861292834998405e-02,1.339930677828527275e-03
5.290119999999999436e+02,2.840982271816300253e-01,5.990771627621203042e-03,3.774399999999999977e-01,5.839340000000000155e-03,9.334177281836998630e-02,1.338451739403105850e-03
5.316570000000000391e+02,2.761322063815324634e-01,5.950490596048170142e-03,3.698460000000000081e-01,5.797189999999999808e-03,9.371379361846751688e-02,1.341986004978332507e-03
5.343150000000000546e+02,2.815167174813499873e-01,6.011819271040451211e-03,3.756720000000000059e-01,5.859249999999999875e-03,9.415528251865000475e-02,1.345793589356606779e-03
5.369869999999999663e+02,2.700694522353149774e-01,5.936068176073572462e-03,3.638009999999999855e-01,5.782119999999999968e-03,9.373154776468500815e-02,1.343128324693296195e-03
5.396720000000000255e+02,2.810291517390799965e-01,6.037959689645730141e-03,3.755939999999999834e-01,5.885089999999999939e-03,9.456484826092000084e-02,1.350064037624424838e-03
5.423700000000000045e+02,2.791011066850750399e-01,6.046979917991054769e-03,3.741650000000000253e-01,5.893259999999999992e-03,9.506389331492498540e-02,1.354788803093348766e-03
5.450819999999999936e+02,2.804036240844350325e-01,6.080269768089855732e-03,3.762280000000000069e-01,5.925849999999999868e-03,9.582437591556498824e-02,1.361610160893148274e-03
5.478070000000000164e+02,2.835655390259550490e-01,6.128717054542025082e-03,3.804910000000000236e-01,5.973370000000000415e-03,9.692546097404498850e-02,1.371139517968273909e-03
5.505460000000000491e+02,2.729973605152100080e-01,6.069017314750280861e-03,3.703380000000000005e-01,5.911200000000000135e-03,9.734063948478999251e-02,1.375022082273118489e-03
5.532989999999999782e+02,2.800484391757325220e-01,6.135069254996548122e-03,3.771340000000000248e-01,5.979270000000000071e-03,9.708556082426750278e-02,1.373828603102986287e-03
5.560660000000000309e+02,2.810000598385550274e-01,6.168804731205452911e-03,3.788690000000000113e-01,6.012479999999999734e-03,9.786894016144501163e-02,1.379940600657427949e-03
5.588460000000000036e+02,2.769143033454199987e-01,6.153212733951625955e-03,3.751200000000000090e-01,5.995709999999999582e-03,9.820569665457998254e-02,1.383289031679371802e-03
5.616399999999999864e+02,2.854251022143000083e-01,6.227407414078275916e-03,3.825080000000000147e-01,6.073409999999999573e-03,9.708289778570002027e-02,1.376333561611093985e-03
5.644479999999999791e+02,2.785405471155200097e-01,6.194026246971284615e-03,3.759600000000000164e-01,6.038479999999999716e-03,9.741945288448002060e-02,1.379391328727703689e-03
5.672709999999999582e+02,2.788694418958375110e-01,6.228223090173251424e-03,3.774469999999999770e-01,6.071410000000000175e-03,9.857755810416247988e-02,1.388792091303535717e-03
5.701069999999999709e+02,2.708451534454874854e-01,6.177022596977907107e-03,3.693750000000000089e-01,6.018800000000000365e-03,9.852984655451252349e-02,1.389120125682325856e-03
5.729579999999999700e+02,2.752023333684049944e-01,6.219672090950428486e-03,3.732610000000000094e-01,6.063240000000000123e-03,9.805866663159500118e-02,1.386160748740085337e-03
5.758220000000000027e+02,2.798139721101450261e-01,6.286004739628210658e-03,3.788380000000000081e-01,6.129639999999999568e-03,9.902402788985500970e-02,1.393330203874276968e-03
5.787019999999999982e+02,2.727740306532599468e-01,6.259151432209559933e-03,3.732519999999999727e-01,6.099509999999999828e-03,1.004779693467400120e-01,1.404618955884827727e-03
5.815950000000000273e+02,2.747583768618500066e-01,6.293728413075791624e-03,3.752480000000000260e-01,6.134589999999999661e-03,1.004896231381500055e-01,1.406350905520217841e-03
5.845030000000000427e+02,2.702185557771799584e-01,6.265611532863831976e-03,3.701479999999999770e-01,6.106470000000000127e-03,9.992944422282000472e-02,1.403179254356427038e-03
5.874260000000000446e+02,2.703602261976699728e-01,6.293525493337592466e-03,3.705760000000000165e-01,6.134289999999999708e-03,1.002157738023300299e-01,1.406751339501829132e-03
5.903630000000000564e+02,2.858898118139674982e-01,6.419866581160389545e-03,3.850549999999999806e-01,6.265380000000000081e-03,9.916518818603249630e-02,1.399892987160087851e-03
5.933139999999999645e+02,2.857259434915400131e-01,6.420250294966814604e-03,3.831649999999999778e-01,6.268270000000000265e-03,9.743905650845999245e-02,1.388670247798758995e-03
5.962809999999999491e+02,2.876814960762275053e-01,6.447368313260514947e-03,3.842990000000000017e-01,6.297239999999999956e-03,9.661750392377251029e-02,1.383230475819464825e-03
5.992619999999999436e+02,2.857896407673150008e-01,6.459395589324574971e-03,3.830330000000000124e-01,6.308470000000000050e-03,9.724335923268499771e-02,1.388163404821552566e-03
6.022590000000000146e+02,2.842002231450124761e-01,6.468695604778877152e-03,3.819500000000000117e-01,6.316819999999999900e-03,9.774977685498750790e-02,1.393487680205878062e-03
6.052699999999999818e+02,2.911980313589750402e-01,6.545239824900392356e-03,3.889690000000000092e-01,6.394999999999999643e-03,9.777096864102498286e-02,1.394323981527293517e-03
6.082960000000000491e+02,3.050501835328799927e-01,6.680996531058365495e-03,4.035309999999999730e-01,6.532549999999999815e-03,9.848081646711999426e-02,1.400537448808104922e-03
6.113379999999999654e+02,2.957173843285749726e-01,6.627725075456556043e-03,3.946879999999999833e-01,6.476889999999999904e-03,9.897061567142499683e-02,1.405928733519452509e-03
6.143949999999999818e+02,3.036320979834875033e-01,6.708859959105149644e-03,4.023990000000000067e-01,6.559979999999999978e-03,9.876690201651250334e-02,1.405512131034220187e-03
6.174669999999999845e+02,3.074924738651174660e-01,6.757867081163351081e-03,4.057029999999999803e-01,6.610760000000000247e-03,9.821052613488250038e-02,1.402362188976607679e-03
6.205539999999999736e+02,3.124879580291499703e-01,6.823593555499837295e-03,4.115739999999999954e-01,6.676160000000000427e-03,9.908604197084999732e-02,1.410785832456119566e-03
6.236570000000000391e+02,3.256860443374174907e-01,6.942453178228552048e-03,4.238469999999999738e-01,6.798850000000000379e-03,9.816095566258249694e-02,1.404740121657994251e-03
6.267749999999999773e+02,3.334146742858125068e-01,7.018654527164350405e-03,4.312380000000000102e-01,6.876759999999999991e-03,9.782332571418748957e-02,1.404166398289260825e-03
6.299089999999999918e+02,3.393083352302800337e-01,7.080140944711387635e-03,4.365740000000000176e-01,6.940080000000000381e-03,9.726566476971999775e-02,1.401315592783674126e-03
6.330579999999999927e+02,3.600457953016700241e-01,7.242016998574622721e-03,4.551979999999999915e-01,7.108060000000000246e-03,9.515220469832999517e-02,1.386467902276782103e-03
6.362240000000000464e+02,3.687132009863199888e-01,7.322086942839804713e-03,4.629099999999999882e-01,7.190779999999999915e-03,9.419679901367999930e-02,1.380449271108923027e-03
6.394049999999999727e+02,3.908960587987874713e-01,7.514904906162160267e-03,4.851579999999999782e-01,7.386730000000000206e-03,9.426194120121250686e-02,1.382033160152137822e-03
6.426019999999999754e+02,3.980149845272599740e-01,7.584255296085158811e-03,4.913699999999999735e-01,7.458209999999999840e-03,9.335501547273999945e-02,1.376964775183369370e-03
6.458150000000000546e+02,4.075213541738124667e-01,7.669369495255757077e-03,5.004579999999999584e-01,7.544979999999999742e-03,9.293664582618749170e-02,1.375683558947899624e-03
6.490439999999999827e+02,4.059199837717800685e-01,7.686801540657984579e-03,4.995160000000000156e-01,7.561799999999999598e-03,9.359601622821997480e-02,1.380615328562583575e-03
6.522889999999999873e+02,3.966161209681474675e-01,7.645398694597731193e-03,4.905149999999999788e-01,7.519030000000000331e-03,9.389887903185249740e-02,1.384308151553221688e-03
6.555510000000000446e+02,3.899566350982950347e-01,7.617905914287436027e-03,4.837110000000000021e-01,7.491079999999999788e-03,9.375436490170499515e-02,1.384272716098782028e-03
6.588279999999999745e+02,3.946499215146900275e-01,7.673516713587833805e-03,4.880010000000000181e-01,7.548059999999999665e-03,9.335107848531000452e-02,1.381900499352917014e-03
6.621219999999999573e+02,4.007401094898750404e-01,7.744715993217502273e-03,4.939120000000000177e-01,7.620590000000000003e-03,9.317189051012500500e-02,1.381026381898248310e-03
6.654329999999999927e+02,4.029771747029800011e-01,7.781852057403115808e-03,4.959709999999999952e-01,7.658319999999999711e-03,9.299382529701999411e-02,1.381070679186664893e-03
6.687599999999999909e+02,4.218612400448000233e-01,7.931579182054063898e-03,5.135650000000000492e-01,7.811969999999999678e-03,9.170375995520001211e-02,1.372251085003542946e-03
6.721040000000000418e+02,4.362080011480599651e-01,8.063154912647899422e-03,5.275929999999999787e-01,7.945739999999999748e-03,9.138499885193999972e-02,1.371015316383423967e-03
6.754640000000000555e+02,4.413776650831400250e-01,8.124736076425135775e-03,5.331029999999999935e-01,8.007399999999999587e-03,9.172533491685998241e-02,1.375820319505462273e-03
6.788419999999999845e+02,4.261240027146749321e-01,8.031776971610685156e-03,5.172139999999999516e-01,7.913820000000000229e-03,9.108999728532500562e-02,1.371457009641829840e-03
6.822359999999999900e+02,4.151804163598900588e-01,7.978977608444213360e-03,5.066850000000000520e-01,7.859659999999999216e-03,9.150458364011000711e-02,1.374710282370129790e-03
6.856470000000000482e+02,3.975827172507550022e-01,7.874030420737679684e-03,4.898419999999999996e-01,7.752049999999999913e-03,9.225928274924499739e-02,1.380607063650768091e-03
6.890750000000000455e+02,3.973409411197499908e-01,7.905393955013764393e-03,4.903529999999999833e-01,7.782709999999999975e-03,9.301205888025000645e-02,1.387327877564699559e-03
6.925209999999999582e+02,3.943959407252025096e-01,7.907452626300527643e-03,4.875450000000000061e-01,7.784219999999999681e-03,9.314905927479749659e-02,1.390584779431700219e-03
6.959829999999999472e+02,3.940033209958974658e-01,7.944368017675378785e-03,4.882429999999999826e-01,7.820040000000000324e-03,9.423967900410250287e-02,1.399984856583609549e-03
6.994629999999999654e+02,4.045504816067549969e-01,8.054921555768545377e-03,4.989560000000000106e-01,7.931860000000000646e-03,9.440551839324498595e-02,1.402625470317986171e-03
7.029610000000000127e+02,4.177436130620699739e-01,8.180742551755883565e-03,5.121059999999999501e-01,8.059600000000000097e-03,9.436238693793000398e-02,1.402639133244670301e-03
7.064750000000000227e+02,4.192509443504374711e-01,8.222910960376561204e-03,5.139249999999999652e-01,8.101850000000000718e-03,9.467405564956250796e-02,1.405806259689076129e-03
7.100080000000000382e+02,4.214437979120599920e-01,8.263095805401431126e-03,5.163600000000000412e-01,8.142250000000000182e-03,9.491620208794002145e-02,1.408018901415291398e-03
7.135579999999999927e+02,4.314553058784549866e-01,8.379208378285469758e-03,5.271029999999999882e-01,8.258909999999999516e-03,9.564769412154500161e-02,1.414757455760320103e-03
7.171259999999999764e+02,4.266255925446550412e-01,8.371790119597837324e-03,5.227330000000000032e-01,8.250580000000000414e-03,9.610740745534498974e-02,1.419436321289538425e-03
7.207110000000000127e+02,4.215695789251625580e-01,8.356403916334586429e-03,5.174020000000000286e-01,8.235130000000000228e-03,9.583242107483749828e-02,1.418492261534066035e-03
7.243150000000000546e+02,4.017839692305374966e-01,8.215003833817853540e-03,4.966059999999999919e-01,8.092919999999999975e-03,9.482203076946249531e-02,1.411004558193217767e-03
7.279360000000000355e+02,4.038188725677600011e-01,8.266087049975039819e-03,4.994259999999999811e-01,8.143489999999999757e-03,9.560712743223999388e-02,1.418367278833328627e-03
7.315760000000000218e+02,3.979167621062400517e-01,8.256427648918018489e-03,4.941070000000000184e-01,8.132520000000000721e-03,9.619023789375999445e-02,1.425031919438262285e-03
7.352340000000000373e+02,4.010541379589300237e-01,8.307236595791783057e-03,4.974930000000000185e-01,8.183469999999999980e-03,9.643886204106999482e-02,1.428635229007827823e-03
7.389099999999999682e+02,4.005874108195500716e-01,8.349662065681436734e-03,4.987770000000000259e-01,8.224060000000000051e-03,9.818958918044998208e-02,1.442807585050619222e-03
7.426050000000000182e+02,3.944511500499624512e-01,8.345808407772197651e-03,4.945049999999999724e-01,8.217530000000000667e-03,1.000538499500374934e-01,1.457641477984590681e-03
7.463179999999999836e+02,3.779754379046449952e-01,8.238708216689498778e-03,4.774289999999999923e-01,8.109130000000000851e-03,9.945356209535499703e-02,1.455446228085061902e-03
7.500489999999999782e+02,3.698329491161150284e-01,8.178996315436016726e-03,4.677350000000000119e-01,8.050440000000000720e-03,9.790205088388499732e-02,1.444436407155375284e-03
7.537999999999999545e+02,3.695773408194999998e-01,8.187565023224062377e-03,4.671529999999999849e-01,8.059610000000000038e-03,9.757565918050001286e-02,1.441841758800892258e-03
7.575689999999999600e+02,3.717830769600474761e-01,8.232429153345797307e-03,4.688959999999999795e-01,8.105859999999999455e-03,9.711292303995250341e-02,1.438027616305684146e-03
7.613559999999999945e+02,3.623760659100899728e-01,8.180997569890267537e-03,4.593929999999999958e-01,8.053460000000000132e-03,9.701693408990999523e-02,1.438924343720148977e-03
7.651630000000000109e+02,3.687805834491750256e-01,8.268664399720666511e-03,4.658530000000000171e-01,8.142240000000000241e-03,9.707241655082500531e-02,1.440395340733895439e-03
7.689890000000000327e+02,3.512084195010650167e-01,8.155150457168925879e-03,4.494839999999999947e-01,8.025209999999999635e-03,9.827558049893499181e-02,1.449994287906869158e-03
7.728339999999999463e+02,3.516723914468550261e-01,8.191412862977852719e-03,4.507539999999999880e-01,8.060950000000000754e-03,9.908160855314498972e-02,1.456135223548632408e-03
7.766979999999999791e+02,3.572212612655850106e-01,8.278489285472175399e-03,4.574130000000000140e-01,8.147720000000000656e-03,1.001917387344149896e-01,1.465620568659428951e-03
7.805819999999999936e+02,3.789941485264149978e-01,8.494566994397842116e-03,4.795369999999999910e-01,8.366560000000000316e-03,1.005428514735849932e-01,1.469129738557209321e-03
7.844850000000000136e+02,3.617153476461875128e-01,8.378456221517055838e-03,4.628869999999999929e-01,8.247710000000000111e-03,1.011716523538125079e-01,1.474384078786075128e-03
7.884070000000000391e+02,3.503099022234899551e-01,8.317694970112716329e-03,4.524679999999999813e-01,8.184359999999999899e-03,1.021580977765100123e-01,1.483341163130844336e-03
7.923490000000000464e+02,3.356913762947000279e-01,8.221236925322977784e-03,4.386970000000000036e-01,8.085200000000000720e-03,1.030056237052999757e-01,1.489388311453392717e-03
7.963110000000000355e+02,3.326500641068499964e-01,8.229113199085938413e-03,4.361700000000000021e-01,8.092620000000000022e-03,1.035199358931500058e-01,1.492583524956112668e-03
8.002920000000000300e+02,3.378648752023000190e-01,8.321688175761203163e-03,4.430100000000000149e-01,8.184139999999999471e-03,1.051451247976999959e-01,1.506766921260163736e-03
8.042939999999999827e+02,3.204570077028000008e-01,8.189508817242861782e-03,4.261150000000000215e-01,8.048460000000000336e-03,1.056579922972000068e-01,1.513389010168421844e-03
8.083150000000000546e+02,3.299703055052999878e-01,8.297896070259731111e-03,4.346979999999999733e-01,8.159849999999999742e-03,1.047276944946999994e-01,1.507291335585758847e-03
8.123569999999999709e+02,3.302764866609649852e-01,8.326208241712845792e-03,4.349799999999999778e-01,8.188549999999999301e-03,1.047035133390350203e-01,1.507777364821127159e-03
8.164189999999999827e+02,3.309582844575800209e-01,8.363709553903978661e-03,4.361119999999999997e-01,8.225859999999999769e-03,1.051537155424200065e-01,1.512238328592650435e-03
8.205009999999999764e+02,3.337111125840199755e-01,8.407633233201254608e-03,4.377249999999999752e-01,8.271870000000000611e-03,1.040138874159800136e-01,1.504813372857306906e-03
8.246029999999999518e+02,3.159784151315099821e-01,8.270462864407400819e-03,4.206679999999999864e-01,8.131249999999999589e-03,1.046895848684900043e-01,1.511068968989131515e-03
8.287259999999999991e+02,2.986816774409000175e-01,8.150563963834902073e-03,4.051359999999999961e-01,8.006469999999999906e-03,1.064543225591000064e-01,1.525821440295072008e-03
8.328700000000000045e+02,3.100404304145000234e-01,8.303035398799733097e-03,4.169780000000000153e-01,8.160540000000000849e-03,1.069375695854999919e-01,1.531660452620437016e-03
8.370339999999999918e+02,2.947749447154499602e-01,8.169254880340136651e-03,4.006069999999999909e-01,8.026210000000000636e-03,1.058320552845500306e-01,1.522063840928208726e-03
8.412190000000000509e+02,2.850921955596499857e-01,8.110368510329370520e-03,3.913889999999999869e-01,7.965059999999999502e-03,1.062968044403499873e-01,1.528364017419362765e-03
8.454249999999999545e+02,3.086578259018750159e-01,8.358691656404657749e-03,4.135300000000000087e-01,8.219429999999999792e-03,1.048721740981250067e-01,1.519439594702214590e-03
8.496530000000000200e+02,2.825987534523000111e-01,8.108276269662855612e-03,3.859899999999999998e-01,7.966420000000000098e-03,1.033912465477000164e-01,1.510065047863102042e-03
8.539009999999999536e+02,2.679222495920750013e-01,7.975574207303116545e-03,3.705330000000000013e-01,7.832250000000000670e-03,1.026107504079249999e-01,1.505205591837447451e-03
8.581699999999999591e+02,2.574916943758750465e-01,7.907520509152868651e-03,3.609060000000000046e-01,7.761399999999999896e-03,1.034143056241249858e-01,1.513126115918049519e-03
8.624610000000000127e+02,2.627353624881050287e-01,7.964505632774412924e-03,3.641449999999999965e-01,7.822070000000000412e-03,1.014096375118949955e-01,1.499523554198248492e-03
8.667730000000000246e+02,2.631378186146025033e-01,7.982530422027430198e-03,3.631579999999999808e-01,7.842200000000000559e-03,1.000201813853974914e-01,1.490198342031498480e-03
8.711069999999999709e+02,2.593957142453349740e-01,7.953290919852550045e-03,3.582239999999999869e-01,7.814079999999999290e-03,9.882828575466501286e-02,1.481549934834805677e-03
8.754629999999999654e+02,2.551156075340350049e-01,7.922828554446580476e-03,3.535719999999999974e-01,7.783580000000000013e-03,9.845639246596499250e-02,1.478882918541591035e-03
8.798400000000000318e+02,2.403892704687999871e-01,7.785406672262700292e-03,3.385159999999999836e-01,7.644090000000000086e-03,9.812672953119999653e-02,1.476633036476082119e-03
8.842390000000000327e+02,2.486802797419475353e-01,7.920147658464391296e-03,3.473530000000000229e-01,7.780210000000000077e-03,9.867272025805248759e-02,1.482252099940825239e-03
8.886609999999999445e+02,2.430414467580150062e-01,7.899743850130343595e-03,3.430699999999999861e-01,7.756749999999999756e-03,1.000285532419849799e-01,1.496256106143657727e-03
8.931040000000000418e+02,2.430916709911199736e-01,7.936884477913325187e-03,3.436679999999999735e-01,7.793579999999999605e-03,1.005763290088799999e-01,1.501414666020506068e-03
8.975689999999999600e+02,2.300422286472125211e-01,7.822001219767376473e-03,3.310899999999999954e-01,7.675590000000000364e-03,1.010477713527874882e-01,1.506327067386868668e-03
9.020570000000000164e+02,2.232338844066875105e-01,7.779862538653858732e-03,3.245370000000000199e-01,7.631780000000000334e-03,1.013031155933125094e-01,1.510693599625570352e-03
9.065679999999999836e+02,2.170963638819000119e-01,7.728506939541521410e-03,3.181959999999999789e-01,7.579490000000000359e-03,1.010996361180999809e-01,1.510347924963465621e-03
9.111000000000000227e+02,2.239713567412499884e-01,7.837332844927689252e-03,3.242140000000000022e-01,7.691429999999999968e-03,1.002426432587500138e-01,1.505221138996642267e-03
9.156559999999999491e+02,2.121347779714599924e-01,7.718017172464019388e-03,3.127829999999999777e-01,7.568970000000000385e-03,1.006482220285399853e-01,1.509464214067191999e-03
9.202340000000000373e+02,2.052283519923149835e-01,7.658888480700878389e-03,3.054479999999999973e-01,7.508950000000000347e-03,1.002196480076850138e-01,1.508059235346083512e-03
9.248350000000000364e+02,1.964138706014375013e-01,7.565180236231839987e-03,2.956650000000000111e-01,7.414979999999999835e-03,9.925112939856249594e-02,1.500007868736975619e-03
9.294600000000000364e+02,2.025065230642499881e-01,7.666101523649215821e-03,3.020249999999999879e-01,7.517199999999999924e-03,9.951847693574998599e-02,1.503601253955592475e-03
9.341069999999999709e+02,2.027045697137249969e-01,7.708367346382337566e-03,3.024089999999999834e-01,7.559520000000000128e-03,9.970443028627498649e-02,1.507509375219098389e-03
9.387770000000000437e+02,1.978015466408900025e-01,7.674301124788186421e-03,2.975849999999999884e-01,7.524389999999999724e-03,9.978345335910998593e-02,1.509454498096985666e-03
9.434710000000000036e+02,1.967006623915849572e-01,7.698038513803229926e-03,2.974589999999999734e-01,7.546839999999999972e-03,1.007583376084150023e-01,1.518223624634343133e-03
9.481889999999999645e+02,1.902073585590174920e-01,7.673203408647219330e-03,2.923979999999999912e-01,7.518509999999999950e-03,1.021906414409824992e-01,1.532989866364193286e-03
9.529299999999999500e+02,1.969933478837750107e-01,7.780926933436389456e-03,2.984390000000000098e-01,7.629470000000000175e-03,1.014456521162249991e-01,1.527747185425588385e-03
9.576939999999999600e+02,1.986659783998449835e-01,7.811083128384947553e-03,2.997079999999999744e-01,7.660609999999999989e-03,1.010420216001549909e-01,1.525802761316147425e-03
9.624829999999999472e+02,1.891474135134049717e-01,7.735801670893662288e-03,2.907399999999999984e-01,7.582870000000000235e-03,1.015925864865950129e-01,1.530591406777513782e-03
9.672949999999999591e+02,1.856764341571999766e-01,7.713801731885940038e-03,2.868709999999999871e-01,7.560070000000000331e-03,1.011945658428000105e-01,1.532344202177342079e-03
9.721319999999999482e+02,1.921917647585300037e-01,7.790567060322778001e-03,2.909220000000000139e-01,7.642129999999999583e-03,9.873023524146999630e-02,1.513533674711698036e-03
9.769919999999999618e+02,1.888044581896000107e-01,7.780685524574255420e-03,2.878490000000000215e-01,7.631480000000000381e-03,9.904454181039999694e-02,1.516436692354595226e-03
9.818769999999999527e+02,1.859375066348374905e-01,7.780673578314984545e-03,2.854019999999999890e-01,7.630080000000000022e-03,9.946449336516249851e-02,1.523404255570037042e-03
9.867870000000000346e+02,1.945472687480624685e-01,7.924564562932697245e-03,2.942549999999999888e-01,7.775970000000000104e-03,9.970773125193752029e-02,1.527420725009541588e-03
9.917200000000000273e+02,1.844764595984999811e-01,7.828011130562886194e-03,2.841159999999999797e-01,7.677050000000000367e-03,9.963954040149999858e-02,1.529922075700727337e-03
9.966789999999999736e+02,1.825378069064674813e-01,7.877350111701023408e-03,2.849039999999999906e-01,7.722439999999999687e-03,1.023661930935324954e-01,1.554530549302950712e-03
1.001659999999999968e+03,1.862482375987499772e-01,7.968133736209821044e-03,2.899370000000000003e-01,7.812330000000000142e-03,1.036887624012500092e-01,1.568009951889684245e-03
1.006669999999999959e+03,2.002987810838749994e-01,8.169272405436397988e-03,3.036139999999999950e-01,8.017579999999999846e-03,1.033152189161249956e-01,1.566978805799422534e-03
1.011700000000000045e+03,1.836690657637500002e-01,7.996036148848289365e-03,2.880860000000000087e-01,7.838869999999999519e-03,1.044169342362500086e-01,1.577564964363938798e-03
1.016759999999999991e+03,1.840428854005000114e-01,8.040033177737635622e-03,2.889289999999999914e-01,7.882419999999999358e-03,1.048861145994999799e-01,1.584168060125549669e-03
1.021850000000000023e+03,1.902887173806250276e-01,8.146188505530057439e-03,2.950070000000000192e-01,7.990260000000000765e-03,1.047182826193749916e-01,1.586232107867576119e-03
1.026960000000000036e+03,2.097232990137999908e-01,8.421213303817974560e-03,3.134040000000000159e-01,8.271489999999999398e-03,1.036807009862000112e-01,1.580913245026701382e-03
1.032089999999999918e+03,2.103122419188999670e-01,8.466559328240617216e-03,3.143199999999999883e-01,8.317089999999999206e-03,1.040077580811000213e-01,1.583868930978259322e-03
1.037250000000000000e+03,2.150563741162499765e-01,8.565725395122391131e-03,3.195399999999999907e-01,8.416649999999999479e-03,1.044836258837500143e-01,1.591117318787227267e-03
1.042440000000000055e+03,1.973577262144000088e-01,8.362731337484824792e-03,3.017630000000000035e-01,8.209289999999999296e-03,1.044052737856000085e-01,1.594626325773765415e-03
1.047650000000000091e+03,1.808807296277499810e-01,8.178794638679914158e-03,2.856119999999999770e-01,8.020799999999999805e-03,1.047312703722500099e-01,1.599827835018294373e-03
1.052890000000000100e+03,1.765186644641999758e-01,8.184599325703707795e-03,2.833729999999999860e-01,8.022730000000000486e-03,1.068543355358000102e-01,1.619712773737852366e-03
1.058150000000000091e+03,1.883655700924999621e-01,8.426401782819479408e-03,2.980789999999999829e-01,8.264610000000000359e-03,1.097134299075000208e-01,1.643310242590635120e-03
1.063440000000000055e+03,2.034831323820000260e-01,8.685935550722650306e-03,3.147420000000000218e-01,8.526080000000000117e-03,1.112588676179999958e-01,1.658745376755452238e-03
1.068759999999999991e+03,2.083180469429999904e-01,8.803337860794976585e-03,3.211019999999999985e-01,8.642949999999999938e-03,1.127839530570000082e-01,1.672773980191667644e-03
1.074099999999999909e+03,2.233704824024999869e-01,9.067343519817337022e-03,3.382649999999999824e-01,8.907889999999999905e-03,1.148945175974999955e-01,1.692989738383975920e-03
1.079470000000000027e+03,2.463573657252499660e-01,9.394020501774414875e-03,3.617659999999999765e-01,9.238970000000000862e-03,1.154086342747499966e-01,1.699721896916673268e-03
1.084869999999999891e+03,2.754120059969999978e-01,9.816668487452667388e-03,3.923249999999999793e-01,9.665709999999999233e-03,1.169129940030000092e-01,1.714943260999106248e-03
1.090299999999999955e+03,3.127882102124999730e-01,1.028652882706977342e-02,4.296619999999999884e-01,1.014190000000000057e-02,1.168737897875000153e-01,1.718877453496155941e-03
1.095750000000000000e+03,3.791311380812499854e-01,1.107073943896567068e-02,4.956539999999999835e-01,1.093620000000000009e-02,1.165228619187499981e-01,1.720697906510593352e-03
1.101230000000000018e+03,4.485913159504999470e-01,1.182659833887642238e-02,5.629079999999999639e-01,1.170249999999999936e-02,1.143166840494999892e-01,1.708777931480446243e-03
1.106730000000000018e+03,5.073816550320000562e-01,1.243930144166205572e-02,6.202320000000000055e-01,1.232240000000000071e-02,1.128503449680000048e-01,1.701375501332883823e-03
1.112269999999999982e+03,5.323525747420000398e-01,1.270045095295977734e-02,6.426450000000000218e-01,1.258809999999999964e-02,1.102924252579999959e-01,1.685583815340226587e-03
1.117829999999999927e+03,5.265512917035000129e-01,1.266026067352386125e-02,6.350909999999999611e-01,1.254880000000000058e-02,1.085397082965000037e-01,1.676251437456457039e-03
1.123420000000000073e+03,5.081285863350000209e-01,1.251434718878281609e-02,6.158209999999999518e-01,1.240169999999999988e-02,1.076924136649999864e-01,1.675327631060980491e-03
1.129029999999999973e+03,4.678357516450000197e-01,1.215528318666069842e-02,5.753070000000000128e-01,1.203889999999999995e-02,1.074712483549999931e-01,1.678033413825919494e-03
1.134680000000000064e+03,4.227243717209999696e-01,1.173676560221273944e-02,5.306769999999999543e-01,1.161470000000000037e-02,1.079526282790000125e-01,1.688315939415421666e-03
1.140349999999999909e+03,4.095742122543750696e-01,1.164566909240599343e-02,5.172020000000000506e-01,1.152229999999999921e-02,1.076277877456250087e-01,1.690624535436601903e-03
1.146049999999999955e+03,4.703301734491250885e-01,1.234319818788184343e-02,5.768720000000000514e-01,1.222739999999999938e-02,1.065418265508749907e-01,1.686781178852081843e-03
1.151779999999999973e+03,5.840807340703499939e-01,1.351808865979031021e-02,6.895339999999999803e-01,1.341290000000000017e-02,1.054532659296500002e-01,1.683102671838934868e-03
1.157539999999999964e+03,6.459478301220500374e-01,1.413638015571399079e-02,7.514150000000000551e-01,1.403519999999999941e-02,1.054671698779500039e-01,1.688314208571476934e-03
1.163329999999999927e+03,5.796383201787249639e-01,1.353515574110309740e-02,6.849330000000000140e-01,1.342890000000000056e-02,1.052946798212750223e-01,1.692656411064026633e-03
1.169150000000000091e+03,4.696768059148749841e-01,1.249938850800803511e-02,5.772899999999999698e-01,1.238090000000000024e-02,1.076131940851249857e-01,1.716982313282028067e-03
1.174990000000000009e+03,3.911141836615000256e-01,1.172920964166312800e-02,5.015180000000000193e-01,1.159879999999999939e-02,1.104038163384999938e-01,1.744189604969388109e-03
1.180869999999999891e+03,3.836655623190000086e-01,1.174553672673929461e-02,4.962779999999999969e-01,1.161170000000000084e-02,1.126124376810000022e-01,1.768065640518367383e-03
1.186769999999999982e+03,4.081307789065000136e-01,1.208609933201126689e-02,5.223630000000000217e-01,1.195330000000000004e-02,1.142322210934999943e-01,1.786733380570029468e-03
1.192710000000000036e+03,3.983150750255000094e-01,1.205449640577411184e-02,5.143060000000000409e-01,1.191850000000000027e-02,1.159909249745000037e-01,1.805613842110480056e-03
1.198670000000000073e+03,4.221933742454999638e-01,1.239312095239035634e-02,5.398209999999999953e-01,1.225799999999999980e-02,1.176276257545000037e-01,1.825070667283012300e-03
1.204660000000000082e+03,4.080084272804999634e-01,1.227833969830370922e-02,5.261519999999999531e-01,1.214029999999999970e-02,1.181435727194999896e-01,1.835957967095338530e-03
1.210690000000000055e+03,4.101298352830000105e-01,1.232736416155200826e-02,5.272580000000000044e-01,1.219010000000000059e-02,1.171281647169999940e-01,1.834494252244141905e-03
1.216740000000000009e+03,4.222993227055000243e-01,1.252618464480231668e-02,5.394050000000000233e-01,1.238999999999999997e-02,1.171056772944999991e-01,1.842064536242246815e-03
1.222819999999999936e+03,4.244518122085000345e-01,1.261901446664560542e-02,5.428190000000000515e-01,1.248119999999999959e-02,1.183671877914999893e-01,1.859885122638249740e-03
1.228940000000000055e+03,4.435852151604999793e-01,1.287026861343073050e-02,5.602749999999999675e-01,1.273600000000000079e-02,1.166897848394999881e-01,1.854216325529508842e-03
1.235079999999999927e+03,4.549480410500000294e-01,1.302278216270724709e-02,5.693040000000000322e-01,1.289170000000000073e-02,1.143559589500000029e-01,1.843075247331488848e-03
1.241259999999999991e+03,4.367861617699999588e-01,1.288708598793432587e-02,5.516339999999999577e-01,1.275300000000000045e-02,1.148478382300000128e-01,1.854178055207548548e-03
1.247460000000000036e+03,4.558364349805000271e-01,1.310812544030119653e-02,5.682350000000000456e-01,1.297809999999999936e-02,1.123985650195000047e-01,1.841703816760844161e-03
1.253700000000000045e+03,4.532621799525000661e-01,1.309187570122072840e-02,5.633240000000000469e-01,1.296330000000000052e-02,1.100618200474999947e-01,1.830317591625486807e-03
1.259970000000000027e+03,4.550767772767499997e-01,1.315584411820824515e-02,5.627699999999999925e-01,1.302949999999999942e-02,1.076932227232499928e-01,1.818890929273794940e-03
1.266269999999999982e+03,4.583589374250000570e-01,1.325191585943815559e-02,5.646130000000000315e-01,1.312690000000000037e-02,1.062540625749999884e-01,1.815976413841469085e-03
1.272599999999999909e+03,4.491552559800000566e-01,1.318725369065912485e-02,5.565210000000000434e-01,1.305899999999999943e-02,1.073657440200000146e-01,1.834714937477405911e-03
1.278960000000000036e+03,4.563703099539999641e-01,1.332797246537371048e-02,5.641359999999999708e-01,1.319930000000000062e-02,1.077656900460000067e-01,1.847519836905622869e-03
1.285359999999999900e+03,4.475827180119999471e-01,1.330038319694884508e-02,5.565799999999999637e-01,1.316860000000000079e-02,1.089972819880000027e-01,1.867663574008757935e-03
1.291789999999999964e+03,4.527164451515000021e-01,1.343962981872390793e-02,5.622350000000000403e-01,1.330729999999999934e-02,1.095185548485000104e-01,1.881333669058430627e-03
1.298240000000000009e+03,4.559132810320000173e-01,1.353586189327108703e-02,5.663110000000000088e-01,1.340200000000000072e-02,1.103977189679999915e-01,1.898934752356781601e-03
1.304740000000000009e+03,4.425052309540000173e-01,1.344403644152969077e-02,5.534160000000000190e-01,1.330710000000000053e-02,1.109107690460000017e-01,1.913950216483774249e-03
1.311259999999999991e+03,4.331158388534999681e-01,1.337768792691940330e-02,5.440509999999999513e-01,1.323850000000000027e-02,1.109351611464999970e-01,1.924747261342428257e-03
1.317819999999999936e+03,4.440996139495000383e-01,1.357945683134402851e-02,5.555210000000000425e-01,1.344030000000000051e-02,1.114213860505000181e-01,1.939067751352694085e-03
1.324410000000000082e+03,4.262491545597499876e-01,1.342494547831251002e-02,5.385750000000000259e-01,1.328119999999999995e-02,1.123258454402500106e-01,1.959307953248664875e-03
1.331029999999999973e+03,4.348504645784999623e-01,1.360925207609499019e-02,5.484189999999999898e-01,1.346420000000000082e-02,1.135685354214999998e-01,1.981681213186359519e-03
1.337680000000000064e+03,4.316445975139999724e-01,1.365252414065144977e-02,5.456879999999999509e-01,1.350559999999999955e-02,1.140434024860000062e-01,1.997544505404225384e-03
1.344369999999999891e+03,4.401710639772500322e-01,1.380914847663897681e-02,5.536159999999999970e-01,1.366320000000000034e-02,1.134449360227499926e-01,2.002385429896197822e-03
1.351089999999999918e+03,4.359132065722499672e-01,1.381082437319531252e-02,5.493749999999999467e-01,1.366290000000000039e-02,1.134617934277500073e-01,2.015944805108931762e-03
1.357849999999999909e+03,4.328331934737499331e-01,1.380492033811235413e-02,5.460469999999999491e-01,1.365579999999999919e-02,1.132138065262500021e-01,2.023598750154812550e-03
1.364640000000000100e+03,4.383684961600000096e-01,1.389271793016525099e-02,5.496980000000000199e-01,1.374530000000000023e-02,1.113295038400000103e-01,2.018499293320423493e-03
1.371460000000000036e+03,4.514371101544999432e-01,1.412405225029100646e-02,5.625609999999999777e-01,1.397759999999999975e-02,1.111238898455000068e-01,2.028681889540702010e-03
1.378319999999999936e+03,4.744496904139999249e-01,1.444329015386794368e-02,5.845709999999999518e-01,1.429990000000000080e-02,1.101213095860000268e-01,2.030145427997377249e-03
1.385210000000000036e+03,5.138104034892501115e-01,1.499037632886390282e-02,6.240790000000000504e-01,1.485039999999999971e-02,1.102685965107499944e-01,2.043771592170530709e-03
1.392140000000000100e+03,4.881127037425000426e-01,1.471509407084913533e-02,5.965580000000000327e-01,1.457289999999999974e-02,1.084452962574999901e-01,2.040730041906419889e-03
1.399099999999999909e+03,5.183601399349999639e-01,1.515358637428278199e-02,6.282469999999999999e-01,1.501169999999999935e-02,1.098868600649999944e-01,2.068826506222506360e-03
1.406089999999999918e+03,5.319324617080000150e-01,1.536269929208004467e-02,6.425159999999999760e-01,1.522019999999999970e-02,1.105835382919999887e-01,2.087592273140686811e-03
1.413119999999999891e+03,5.487758965319999849e-01,1.560087811866625769e-02,6.579690000000000261e-01,1.546059999999999969e-02,1.091931034680000134e-01,2.087401665583222665e-03
1.420190000000000055e+03,5.947461761930000756e-01,1.622012467149930304e-02,7.035970000000000280e-01,1.608369999999999939e-02,1.088508238069999801e-01,2.099294802780322933e-03
1.427289999999999964e+03,6.614159265637500340e-01,1.701018730158243564e-02,7.706159999999999677e-01,1.687790000000000123e-02,1.092000734362499892e-01,2.117301023689419602e-03
1.434430000000000064e+03,7.325477927847500181e-01,1.785705682193133859e-02,8.421180000000000332e-01,1.772889999999999883e-02,1.095702072152499873e-01,2.135552184256934560e-03
1.441599999999999909e+03,7.869239364600000286e-01,1.847906666446504087e-02,8.953269999999999840e-01,1.835480000000000098e-02,1.084030635399999970e-01,2.139444261892131140e-03
1.448809999999999945e+03,7.756227335727500227e-01,1.842317566032984633e-02,8.838270000000000293e-01,1.829700000000000076e-02,1.082042664272500065e-01,2.152485170998854822e-03
1.456049999999999955e+03,8.008178575175000091e-01,1.877840231042932073e-02,9.093710000000000404e-01,1.865249999999999894e-02,1.085531424825000035e-01,2.170860908104737391e-03
1.463329999999999927e+03,7.587681313127500049e-01,1.838169552823887623e-02,8.671600000000000419e-01,1.825119999999999867e-02,1.083918686872499954e-01,2.186419230814860924e-03
1.470650000000000091e+03,7.377302815112499745e-01,1.822044112331364790e-02,8.455219999999999958e-01,1.808730000000000060e-02,1.077917184887499935e-01,2.198648093292575583e-03
1.478000000000000000e+03,7.454991360499999553e-01,1.836099382569389080e-02,8.525599999999999845e-01,1.822740000000000124e-02,1.070608639500000292e-01,2.210878446945716003e-03
1.485390000000000100e+03,7.158056278089999225e-01,1.810922453002628690e-02,8.231159999999999588e-01,1.797100000000000086e-02,1.073103721909999947e-01,2.233197724991157519e-03
1.492819999999999936e+03,6.755114460394999742e-01,1.776454064473964242e-02,7.832059999999999578e-01,1.762100000000000125e-02,1.076945539605000113e-01,2.253722103234263256e-03
1.500279999999999973e+03,6.442145656900000183e-01,1.751660903443808329e-02,7.534520000000000106e-01,1.736649999999999999e-02,1.092374343100000061e-01,2.288289714034899558e-03
1.507779999999999973e+03,6.409956400759999617e-01,1.757361204218343270e-02,7.525990000000000180e-01,1.741770000000000124e-02,1.116033599240000007e-01,2.335715504759611639e-03
1.515319999999999936e+03,6.372227000810000153e-01,1.766287090816233765e-02,7.516019999999999923e-01,1.750140000000000029e-02,1.143792999189999909e-01,2.382856848072791717e-03
1.522900000000000091e+03,6.191499920499998755e-01,1.752982695147630582e-02,7.349099999999999522e-01,1.736309999999999937e-02,1.157600079500000212e-01,2.411968353586975249e-03
1.530509999999999991e+03,6.334749190847499545e-01,1.774526174743822418e-02,7.481069999999999665e-01,1.757979999999999959e-02,1.146320809152500120e-01,2.417632404873475745e-03
1.538160000000000082e+03,6.454900956799999312e-01,1.797120894702697314e-02,7.602069999999999661e-01,1.780460000000000029e-02,1.147169043200000071e-01,2.441427831762044143e-03
1.545859999999999900e+03,6.264809368570000148e-01,1.783737121445078816e-02,7.413939999999999975e-01,1.766619999999999996e-02,1.149130631429999966e-01,2.465195611329381968e-03
1.553579999999999927e+03,6.440994231750000187e-01,1.806395150053055620e-02,7.575190000000000534e-01,1.789440000000000128e-02,1.134195768250000069e-01,2.469168372857555045e-03
1.561349999999999909e+03,6.510904361937499552e-01,1.821336826633187383e-02,7.632459999999999800e-01,1.804429999999999923e-02,1.121555638062499971e-01,2.475887944763447562e-03
1.569160000000000082e+03,6.594766876750000062e-01,1.836831319527829770e-02,7.709319999999999506e-01,1.819930000000000159e-02,1.114553123250000000e-01,2.486042869669549422e-03
1.577000000000000000e+03,6.498443016499999558e-01,1.837053651905733512e-02,7.633339999999999570e-01,1.819509999999999877e-02,1.134896983500000012e-01,2.532774760617160191e-03
1.584890000000000100e+03,6.522754977675000454e-01,1.850611412332049330e-02,7.666570000000000329e-01,1.832750000000000004e-02,1.143815022324999875e-01,2.564956860331625565e-03
1.592809999999999945e+03,6.615086561742500315e-01,1.866465678090641067e-02,7.746159999999999712e-01,1.848659999999999887e-02,1.131073438257499952e-01,2.571970681993801088e-03
1.600779999999999973e+03,6.206405052889999441e-01,1.824025731796790478e-02,7.338289999999999536e-01,1.805400000000000060e-02,1.131884947109999817e-01,2.600013658749063955e-03
1.608779999999999973e+03,6.292939631860000604e-01,1.842624860802983405e-02,7.414960000000000440e-01,1.824020000000000155e-02,1.122020368139999974e-01,2.611846420623022656e-03
1.616829999999999927e+03,6.405193174752500385e-01,1.861947715705552717e-02,7.531630000000000269e-01,1.843109999999999887e-02,1.126436825247500023e-01,2.641871002171124021e-03
1.624910000000000082e+03,6.428789938235000001e-01,1.867678263423682566e-02,7.539700000000000291e-01,1.848829999999999918e-02,1.110910061765000012e-01,2.646690891760942153e-03
1.633029999999999973e+03,6.433201246157500552e-01,1.874369369585868195e-02,7.540790000000000548e-01,1.855259999999999895e-02,1.107588753842500134e-01,2.669660391168238341e-03
1.641200000000000045e+03,6.376824656399999736e-01,1.876463734730310709e-02,7.496260000000000145e-01,1.856810000000000058e-02,1.119435343600000132e-01,2.708740881997115379e-03
1.649410000000000082e+03,6.042696348680000051e-01,1.842039040627666338e-02,7.153230000000000421e-01,1.821800000000000155e-02,1.110533651319999954e-01,2.723097265917850517e-03
1.657650000000000091e+03,5.974895548812499957e-01,1.839694456959559479e-02,7.088020000000000431e-01,1.819010000000000071e-02,1.113124451187499919e-01,2.750969190444122522e-03
1.665940000000000055e+03,5.833966106490000580e-01,1.829179616735606556e-02,6.945980000000000487e-01,1.808010000000000173e-02,1.112013893510000045e-01,2.774849728922639501e-03
1.674269999999999982e+03,6.148209174882499628e-01,1.880980426173158027e-02,7.271659999999999791e-01,1.859749999999999945e-02,1.123450825117499885e-01,2.818107541357409238e-03
1.682640000000000100e+03,5.700620772459998875e-01,1.827005183114606413e-02,6.812979999999999592e-01,1.804949999999999957e-02,1.112359227540000162e-01,2.830255052599276334e-03
1.691059999999999945e+03,5.860319971799999861e-01,1.852222291519987560e-02,6.963519999999999710e-01,1.830249999999999932e-02,1.103200028199999988e-01,2.844509706496962768e-03
1.699509999999999991e+03,5.811264026187500376e-01,1.857691295165688275e-02,6.927940000000000209e-01,1.835039999999999935e-02,1.116675973812499834e-01,2.892147066356979233e-03
1.708009999999999991e+03,5.725200235635000690e-01,1.858633097728906378e-02,6.857020000000000337e-01,1.835229999999999848e-02,1.131819764365000064e-01,2.940201337890846738e-03
1.716549999999999955e+03,5.748573860237500277e-01,1.867438110458033082e-02,6.884430000000000271e-01,1.843610000000000040e-02,1.135856139762499994e-01,2.973672212787901135e-03
1.725130000000000109e+03,5.742372083185000031e-01,1.871587823172483900e-02,6.879269999999999552e-01,1.847290000000000043e-02,1.136897916814999937e-01,3.006004586615207419e-03
1.733759999999999991e+03,5.751570375039999350e-01,1.883191218774428119e-02,6.907069999999999599e-01,1.858150000000000079e-02,1.155499624959999971e-01,3.060845372917690623e-03
1.742430000000000064e+03,5.717803515827499794e-01,1.885109360781225124e-02,6.865299999999999736e-01,1.859819999999999876e-02,1.147496484172500081e-01,3.077448126370279247e-03
1.751140000000000100e+03,5.583200287050000821e-01,1.868727192087886110e-02,6.708720000000000239e-01,1.843180000000000165e-02,1.125519712949999973e-01,3.079428616621506833e-03
1.759890000000000100e+03,5.625481081275000017e-01,1.881443739028514431e-02,6.741939999999999600e-01,1.855750000000000108e-02,1.116458918724999999e-01,3.098749435330261023e-03
1.768690000000000055e+03,5.614060300575000051e-01,1.888140781243809185e-02,6.725959999999999717e-01,1.862139999999999976e-02,1.111899699425000082e-01,3.122662809141948329e-03
1.777539999999999964e+03,5.744346304574999840e-01,1.912098468250436958e-02,6.848870000000000235e-01,1.886039999999999939e-02,1.104523695425000118e-01,3.146008116417815109e-03
1.786420000000000073e+03,5.249516814635000195e-01,1.853022718988274128e-02,6.359449999999999825e-01,1.825420000000000167e-02,1.109933185364999908e-01,3.186456035891519194e-03
1.795359999999999900e+03,5.498324156800000750e-01,1.899618768269685509e-02,6.627950000000000230e-01,1.871719999999999981e-02,1.129625843200000035e-01,3.243697062958208772e-03
1.804329999999999927e+03,5.335637186752499872e-01,1.879217219379025403e-02,6.473889999999999922e-01,1.850200000000000108e-02,1.138252813247499912e-01,3.289640065579147506e-03
1.813349999999999909e+03,5.258879063312499325e-01,1.875582797305165236e-02,6.395619999999999639e-01,1.845930000000000140e-02,1.136740936687500036e-01,3.321946186305084307e-03
1.822420000000000073e+03,4.987437002909999584e-01,1.846414518769962793e-02,6.135549999999999615e-01,1.815340000000000009e-02,1.148112997090000031e-01,3.373236717523874027e-03
1.831529999999999973e+03,4.796081925959999603e-01,1.822683274149498184e-02,5.948909999999999476e-01,1.790409999999999918e-02,1.152828074039999734e-01,3.414767192127968459e-03
1.840690000000000055e+03,4.967445585690476451e-01,1.854196613918478176e-02,6.096970000000000445e-01,1.823169999999999999e-02,1.129524414309523717e-01,3.377813407616675999e-03
1.849890000000000100e+03,5.189834380429165783e-01,1.892289363680286010e-02,6.313849999999999740e-01,1.862240000000000076e-02,1.124015619570833402e-01,3.358886992703703257e-03
1.859140000000000100e+03,5.143066519158332461e-01,1.896578684042420776e-02,6.276119999999999477e-01,1.866570000000000035e-02,1.133053480841666738e-01,3.360463358884901997e-03
1.868440000000000055e+03,4.942397759404761892e-01,1.872420139320278565e-02,6.077299999999999924e-01,1.842200000000000087e-02,1.134902240595238171e-01,3.350467700667650404e-03
1.877779999999999973e+03,5.183661525905951528e-01,1.909656387061260674e-02,6.301449999999999552e-01,1.880710000000000021e-02,1.117788474094047746e-01,3.312361884575221009e-03
1.887170000000000073e+03,5.030638972600000036e-01,1.890334143570192305e-02,6.142149999999999554e-01,1.861449999999999910e-02,1.111511027399999796e-01,3.291915427942419640e-03
1.896609999999999900e+03,4.915728231138690174e-01,1.881628055186728224e-02,6.035049999999999581e-01,1.852590000000000139e-02,1.119321768861309407e-01,3.292938352987931881e-03
1.906089999999999918e+03,4.926175101998809258e-01,1.891635066241090235e-02,6.069689999999999808e-01,1.862329999999999888e-02,1.143514898001190688e-01,3.316778481191276755e-03
1.915619999999999891e+03,4.524872417501190625e-01,1.836670559458010096e-02,5.664620000000000211e-01,1.806800000000000073e-02,1.139747582498809586e-01,3.298977174516361244e-03
1.925200000000000045e+03,4.861968567309523648e-01,1.896943960419220435e-02,5.997810000000000086e-01,1.868349999999999872e-02,1.135841432690476160e-01,3.281229441397814223e-03
1.934819999999999936e+03,4.579769423116666904e-01,1.861980427707370100e-02,5.735270000000000090e-01,1.832589999999999913e-02,1.155500576883333325e-01,3.295223893232777576e-03
1.944500000000000000e+03,4.491586765208333554e-01,1.852189740482671279e-02,5.652300000000000102e-01,1.822789999999999827e-02,1.160713234791666548e-01,3.286996359128886280e-03
1.954220000000000027e+03,4.460738035872618967e-01,1.849242507984128966e-02,5.608980000000000077e-01,1.820350000000000093e-02,1.148241964127380971e-01,3.256128542232802122e-03
1.963990000000000009e+03,4.757198884175000142e-01,1.902947002881907185e-02,5.901370000000000227e-01,1.875220000000000012e-02,1.144171115825000085e-01,3.236622427426981592e-03
1.973809999999999945e+03,4.426921330412500466e-01,1.859418587822418700e-02,5.589530000000000332e-01,1.830810000000000076e-02,1.162608669587499866e-01,3.249188031485984902e-03
1.983680000000000064e+03,4.455905133209524527e-01,1.874204508431330865e-02,5.630190000000000472e-01,1.845779999999999990e-02,1.174284866790476223e-01,3.251749237323297258e-03
1.993599999999999909e+03,4.239935729666666209e-01,1.839016322550553542e-02,5.390049999999999564e-01,1.810880000000000128e-02,1.150114270333333216e-01,3.204600758399721652e-03
2.003569999999999936e+03,4.042025420114881418e-01,1.809922500757322333e-02,5.179890000000000327e-01,1.781840000000000160e-02,1.137864579885119048e-01,3.175935659733042891e-03
2.013589999999999918e+03,4.276845200890476706e-01,1.853236309240333807e-02,5.412360000000000504e-01,1.826080000000000064e-02,1.135514799109523659e-01,3.160959529743043346e-03
2.023650000000000091e+03,4.137052699098214825e-01,1.838570472252308921e-02,5.282860000000000333e-01,1.811180000000000082e-02,1.145807300901785786e-01,3.161777807469690234e-03
2.033769999999999982e+03,4.078385992323809717e-01,1.833985392050358279e-02,5.217230000000000478e-01,1.806900000000000173e-02,1.138844007676190484e-01,3.140299480210536742e-03
2.043940000000000055e+03,4.048470080866667375e-01,1.833036678275505246e-02,5.183290000000000397e-01,1.806200000000000166e-02,1.134819919133333299e-01,3.125140379299745901e-03
2.054159999999999854e+03,4.047521405866666977e-01,1.838771023463242962e-02,5.187610000000000277e-01,1.812070000000000000e-02,1.140088594133333300e-01,3.122197812888566088e-03
2.064429999999999836e+03,4.179333172954166065e-01,1.867098486831439419e-02,5.326959999999999473e-01,1.840929999999999997e-02,1.147626827045833409e-01,3.115019977917484525e-03
2.074750000000000000e+03,3.921686655818452660e-01,1.830597633771890304e-02,5.087340000000000195e-01,1.803710000000000035e-02,1.165653344181547535e-01,3.125986766946451962e-03
2.085130000000000109e+03,3.871553722386904539e-01,1.825019925512205363e-02,5.012299999999999534e-01,1.798989999999999964e-02,1.140746277613094994e-01,3.071363026680102703e-03
2.095550000000000182e+03,4.068372331708334233e-01,1.854431793393003167e-02,5.171670000000000433e-01,1.829880000000000048e-02,1.103297668291666478e-01,3.007598077316676281e-03
2.106030000000000200e+03,4.108825517608333255e-01,1.869259008754350221e-02,5.211029999999999829e-01,1.845099999999999865e-02,1.102204482391666573e-01,2.995583946566947667e-03
2.116559999999999945e+03,4.100905114261904627e-01,1.872689634020729271e-02,5.194440000000000168e-01,1.848910000000000137e-02,1.093534885738095264e-01,2.974866001498094239e-03
2.127139999999999873e+03,4.048053330302381347e-01,1.867471092975980101e-02,5.131660000000000110e-01,1.844060000000000143e-02,1.083606669697619040e-01,2.947727930133659142e-03
2.137780000000000200e+03,4.006601585591666459e-01,1.860403085642993795e-02,5.065399999999999903e-01,1.837659999999999988e-02,1.058798414408333305e-01,2.900092506627547587e-03
2.148469999999999800e+03,3.856829090421428630e-01,1.834919699878492100e-02,4.909100000000000130e-01,1.812139999999999931e-02,1.052270909578571501e-01,2.882341503052269181e-03
2.159210000000000036e+03,3.760221555100595747e-01,1.828983633091293970e-02,4.831900000000000084e-01,1.805839999999999876e-02,1.071678444899404614e-01,2.900396947244113840e-03
2.170010000000000218e+03,4.169695414074999773e-01,1.908757280587509639e-02,5.247039999999999482e-01,1.886710000000000123e-02,1.077344585924999987e-01,2.892744926463862703e-03
2.180860000000000127e+03,3.981264062475000642e-01,1.883134273824960472e-02,5.062950000000000506e-01,1.860799999999999954e-02,1.081685937525000002e-01,2.891678634534993950e-03
2.191760000000000218e+03,3.860437789995238012e-01,1.869965764427305305e-02,4.956999999999999740e-01,1.847290000000000043e-02,1.096562210004761867e-01,2.903301844972294449e-03
2.202719999999999800e+03,3.692022236342856756e-01,1.852492290332756475e-02,4.817739999999999800e-01,1.829110000000000111e-02,1.125717763657142906e-01,2.934012502398395620e-03
2.213730000000000018e+03,3.398232690034523884e-01,1.801377096434072025e-02,4.540489999999999804e-01,1.777130000000000029e-02,1.142257309965476197e-01,2.945647749769968789e-03
2.224800000000000182e+03,3.524749256571428346e-01,1.841147731790006292e-02,4.687049999999999828e-01,1.817200000000000065e-02,1.162300743428571481e-01,2.959883955081427098e-03
2.235929999999999836e+03,3.909002260311904564e-01,1.921630422673275759e-02,5.082740000000000036e-01,1.898620000000000169e-02,1.173737739688095333e-01,2.964887467400274552e-03
2.247110000000000127e+03,4.086743909556547205e-01,1.957158792562535901e-02,5.260340000000000016e-01,1.934670000000000140e-02,1.173596090443452533e-01,2.958420700388009108e-03
2.258340000000000146e+03,3.803336943519047830e-01,1.913077963614817981e-02,4.996929999999999983e-01,1.889820000000000041e-02,1.193593056480952430e-01,2.974015172601155148e-03
2.269630000000000109e+03,3.779788172668452351e-01,1.917640750887871642e-02,4.985840000000000272e-01,1.894380000000000022e-02,1.206051827331547643e-01,2.977758638066552339e-03
2.280980000000000018e+03,3.371380844424999856e-01,1.847714106378517754e-02,4.590139999999999776e-01,1.823429999999999843e-02,1.218759155574999919e-01,2.985807328180523600e-03
2.292389999999999873e+03,3.590894362049404931e-01,1.891907598077946853e-02,4.791409999999999836e-01,1.868780000000000094e-02,1.200515637950595182e-01,2.949163801233600606e-03
2.303849999999999909e+03,3.634455316791666557e-01,1.900712576390838765e-02,4.800579999999999847e-01,1.878530000000000130e-02,1.166124683208333290e-01,2.895398714344875335e-03
2.315369999999999891e+03,3.426901501114285598e-01,1.861654328046009194e-02,4.591450000000000253e-01,1.839110000000000050e-02,1.164548498885714378e-01,2.888446728476015864e-03
2.326940000000000055e+03,3.377695873232142709e-01,1.856244193886955052e-02,4.542740000000000111e-01,1.833809999999999954e-02,1.165044126767857124e-01,2.877210302342042732e-03
2.338579999999999927e+03,3.462515669505952243e-01,1.877961702563952021e-02,4.617410000000000125e-01,1.856119999999999992e-02,1.154894330494047605e-01,2.855848418542170780e-03
2.350269999999999982e+03,3.438820719954761573e-01,1.875567401089668976e-02,4.573180000000000023e-01,1.854190000000000005e-02,1.134359280045238172e-01,2.823694741473569032e-03
2.362019999999999982e+03,3.599230883666666436e-01,1.911963647173082342e-02,4.732500000000000040e-01,1.891050000000000023e-02,1.133269116333333465e-01,2.820193000689738116e-03
2.373829999999999927e+03,3.234242793833332907e-01,1.843505613789458986e-02,4.378889999999999727e-01,1.821630000000000124e-02,1.144647206166666681e-01,2.831555953415872216e-03
2.385699999999999818e+03,3.303349881672619226e-01,1.866595774280266004e-02,4.455100000000000171e-01,1.844960000000000003e-02,1.151750118327380945e-01,2.833767509181820462e-03
2.397630000000000109e+03,3.302981166285714476e-01,1.876367923198837134e-02,4.464029999999999943e-01,1.854739999999999861e-02,1.161048833714285605e-01,2.840706172935130325e-03
2.409619999999999891e+03,3.456193355250000154e-01,1.916632879837978920e-02,4.633499999999999841e-01,1.895180000000000128e-02,1.177306644749999964e-01,2.859621717570781565e-03
2.421670000000000073e+03,3.417211944969047455e-01,1.916540988638430754e-02,4.603189999999999782e-01,1.894929999999999878e-02,1.185978055030952327e-01,2.870011432576086499e-03
2.433769999999999982e+03,3.095898230729166589e-01,1.849576360861112864e-02,4.271949999999999914e-01,1.827389999999999917e-02,1.176051769270833325e-01,2.856195066101716289e-03
2.445940000000000055e+03,3.281288751245238222e-01,1.894404746727428382e-02,4.457699999999999996e-01,1.872769999999999990e-02,1.176411248754761912e-01,2.854853262838777730e-03
2.458170000000000073e+03,3.474077049512499515e-01,1.952375537448901993e-02,4.682649999999999868e-01,1.930830000000000046e-02,1.208572950487500075e-01,2.892503246824252704e-03
2.470460000000000036e+03,3.211889928859523735e-01,1.899344280303852731e-02,4.423320000000000030e-01,1.877149999999999999e-02,1.211430071140476294e-01,2.895109196955440549e-03
2.482820000000000164e+03,3.120136731014285791e-01,1.886540223696758778e-02,4.332790000000000252e-01,1.864110000000000072e-02,1.212653268985714183e-01,2.900481400144042359e-03
2.495230000000000018e+03,3.326268565637500174e-01,1.941389899149714021e-02,4.552209999999999868e-01,1.919219999999999954e-02,1.225941434362499971e-01,2.925565451678293922e-03
2.507710000000000036e+03,3.133937043830952174e-01,1.899820268697367809e-02,4.349480000000000013e-01,1.877269999999999980e-02,1.215542956169047561e-01,2.918465357912250480e-03
2.520250000000000000e+03,3.093838742351190385e-01,1.895231785278279554e-02,4.311989999999999990e-01,1.872489999999999918e-02,1.218151257648809604e-01,2.927195241679227036e-03
2.532849999999999909e+03,3.779786100458333298e-01,2.041486843369246310e-02,4.982579999999999787e-01,2.020539999999999836e-02,1.202793899541666767e-01,2.916961433576567477e-03
2.545510000000000218e+03,3.614891536441666720e-01,2.013961820083779233e-02,4.794669999999999765e-01,1.992990000000000039e-02,1.179778463558333185e-01,2.898845850595856491e-03
2.558239999999999782e+03,3.534360763580952636e-01,1.996666651575430135e-02,4.702230000000000021e-01,1.975589999999999985e-02,1.167869236419047663e-01,2.893473162368018041e-03
2.571030000000000200e+03,3.382012147982143002e-01,1.966008490187562754e-02,4.531180000000000208e-01,1.944809999999999942e-02,1.149167852017857205e-01,2.879295875549792421e-03
2.583880000000000109e+03,3.450550383985714342e-01,1.990539606684536486e-02,4.612339999999999773e-01,1.969229999999999939e-02,1.161789616014285709e-01,2.904843074588176182e-03
2.596800000000000182e+03,3.678831716999999557e-01,2.046499816759906124e-02,4.863739999999999730e-01,2.025199999999999917e-02,1.184908282999999896e-01,2.944935652918917804e-03
2.609789999999999964e+03,3.307923103991071145e-01,1.971133073211489214e-02,4.489119999999999777e-01,1.948899999999999938e-02,1.181196896008928632e-01,2.952192106014960883e-03
2.622840000000000146e+03,3.342329318433333585e-01,1.988908780601233300e-02,4.528650000000000175e-01,1.966599999999999945e-02,1.186320681566666591e-01,2.970565224880358356e-03
2.635949999999999818e+03,3.502498596157738175e-01,2.024406699438718177e-02,4.681119999999999726e-01,2.002429999999999835e-02,1.178621403842261689e-01,2.974837471734648880e-03
2.649130000000000109e+03,3.485343825073810020e-01,2.023062569701520458e-02,4.649710000000000232e-01,2.001110000000000042e-02,1.164366174926190350e-01,2.972220194186830922e-03
2.662380000000000109e+03,3.459300494553571026e-01,2.022052621475094528e-02,4.598149999999999737e-01,2.000299999999999995e-02,1.138849505446428434e-01,2.957984347732469429e-03
2.675690000000000055e+03,3.590113058941666879e-01,2.048306908083936950e-02,4.714139999999999997e-01,2.026849999999999832e-02,1.124026941058333118e-01,2.957030050648427541e-03
2.689070000000000164e+03,3.439453358829762109e-01,2.023211042928215603e-02,4.561499999999999999e-01,2.001259999999999845e-02,1.122046641170237891e-01,2.972227054359720747e-03
2.702510000000000218e+03,3.783914613167261853e-01,2.104120547862923379e-02,4.895189999999999819e-01,2.082929999999999851e-02,1.111275386832738243e-01,2.978689225799994230e-03
2.716019999999999982e+03,3.577092920101190288e-01,2.064653326372916861e-02,4.671339999999999937e-01,2.043100000000000124e-02,1.094247079898809649e-01,2.975495725131342001e-03
2.729610000000000127e+03,3.499108059254761871e-01,2.048254530617313676e-02,4.595179999999999820e-01,2.026150000000000173e-02,1.096071940745238088e-01,3.001046479052794664e-03
2.743250000000000000e+03,3.748221569166666489e-01,2.108935022145554464e-02,4.851809999999999734e-01,2.086980000000000085e-02,1.103588430833333245e-01,3.035150856746173919e-03
2.756969999999999800e+03,3.743115961450000362e-01,2.114751860478460838e-02,4.849260000000000237e-01,2.092400000000000163e-02,1.106144038550000014e-01,3.066556234558751558e-03
2.770750000000000000e+03,3.724488991145833428e-01,2.118434886683156007e-02,4.827620000000000244e-01,2.095800000000000093e-02,1.103131008854166817e-01,3.088506582739878898e-03
2.784610000000000127e+03,3.639984674287499722e-01,2.113508180650832541e-02,4.770409999999999928e-01,2.089859999999999982e-02,1.130425325712500068e-01,3.152808431826958739e-03
2.798530000000000200e+03,3.605633964354761911e-01,2.115687316522388284e-02,4.749180000000000068e-01,2.091329999999999925e-02,1.143546035645237879e-01,3.201119372871067889e-03
2.812519999999999982e+03,3.677574156628571345e-01,2.140232947095941501e-02,4.839390000000000081e-01,2.115210000000000007e-02,1.161815843371428458e-01,3.263184391587141322e-03
2.826590000000000146e+03,3.853359573555952267e-01,2.185733634826365901e-02,5.002539999999999765e-01,2.160990000000000133e-02,1.149180426444047637e-01,3.279538722309537080e-03
2.840719999999999800e+03,3.834402310285713877e-01,2.186718319915350803e-02,4.974529999999999785e-01,2.161659999999999970e-02,1.140127689714285630e-01,3.300955241341738643e-03
2.854920000000000073e+03,3.673685608323809526e-01,2.152693970995739337e-02,4.807489999999999819e-01,2.126830000000000040e-02,1.133804391676190432e-01,3.326942798747898819e-03
2.869199999999999818e+03,3.608487638119047269e-01,2.140437335323478948e-02,4.732239999999999780e-01,2.113989999999999966e-02,1.123752361880952511e-01,3.354374253816576508e-03
2.883539999999999964e+03,3.983790697705952288e-01,2.224944305912019207e-02,5.092820000000000125e-01,2.199359999999999857e-02,1.109029302294047697e-01,3.364413096073634417e-03
2.897960000000000036e+03,4.090847714195238183e-01,2.254940804153456393e-02,5.207600000000000007e-01,2.228940000000000088e-02,1.116752285804761824e-01,3.414447343805958671e-03
2.912449999999999818e+03,4.174096449577380796e-01,2.286325284939117949e-02,5.302350000000000119e-01,2.259879999999999875e-02,1.128253550422619184e-01,3.467357699343100261e-03
2.927010000000000218e+03,4.402333371148213770e-01,2.345432327351135507e-02,5.553059999999999663e-01,2.318510000000000015e-02,1.150726628851785893e-01,3.543503662814005868e-03
2.941650000000000091e+03,4.376544672327380980e-01,2.343129704495284724e-02,5.524660000000000126e-01,2.315580000000000069e-02,1.148115327672619146e-01,3.582542054019177778e-03
2.956360000000000127e+03,4.701844431566665761e-01,2.418066808664729936e-02,5.852039999999999464e-01,2.390619999999999898e-02,1.150195568433333565e-01,3.632947931997264172e-03
2.971139999999999873e+03,4.688706864457142798e-01,2.422276665581575214e-02,5.830549999999999899e-01,2.394330000000000069e-02,1.141843135542857102e-01,3.668897596295029370e-03
2.985989999999999782e+03,4.827078924470238341e-01,2.458100415203261918e-02,5.956799999999999873e-01,2.430090000000000028e-02,1.129721075529761809e-01,3.700273545596988612e-03
3.000920000000000073e+03,4.581724842878570625e-01,2.407574951601379118e-02,5.694439999999999502e-01,2.378579999999999930e-02,1.112715157121428600e-01,3.725242692474991547e-03
3.015929999999999836e+03,4.929716843322619058e-01,2.487099586672194759e-02,6.046869999999999745e-01,2.458199999999999968e-02,1.117153156677380965e-01,3.780437990828611206e-03
3.031010000000000218e+03,5.089038579762500403e-01,2.525327372975862475e-02,6.218650000000000011e-01,2.495819999999999983e-02,1.129611420237500025e-01,3.849167030685628644e-03
3.046159999999999854e+03,4.775145237038094792e-01,2.487867067282091907e-02,5.951619999999999688e-01,2.455790000000000056e-02,1.176474762961904758e-01,3.982185585414080992e-03
3.061389999999999873e+03,4.882665342041666579e-01,2.515306044917940687e-02,6.067099999999999715e-01,2.482470000000000163e-02,1.184434657958333276e-01,4.051014671668461652e-03
3.076699999999999818e+03,4.929551238124999513e-01,2.533634676377882061e-02,6.125589999999999646e-01,2.499770000000000117e-02,1.196038761874999856e-01,4.128615027396658269e-03
3.092079999999999927e+03,4.865034633176190115e-01,2.536502866243079898e-02,6.074159999999999560e-01,2.501379999999999923e-02,1.209125366823809583e-01,4.206481737264061195e-03
3.107539999999999964e+03,5.076076652820238344e-01,2.588533778805428981e-02,6.312520000000000353e-01,2.552329999999999877e-02,1.236443347179761870e-01,4.314147599662229542e-03
3.123079999999999927e+03,4.942746084459523903e-01,2.564304944878738335e-02,6.173100000000000254e-01,2.526859999999999870e-02,1.230353915540476073e-01,4.366215646638966878e-03
3.138699999999999818e+03,5.016028264136905834e-01,2.596513200254991008e-02,6.254300000000000415e-01,2.558150000000000007e-02,1.238271735863094997e-01,4.446902029485412348e-03
3.154389999999999873e+03,5.071032690351785499e-01,2.608154890244336610e-02,6.281320000000000237e-01,2.569700000000000109e-02,1.210287309648214321e-01,4.462217402877703513e-03
3.170159999999999854e+03,5.200481740857142432e-01,2.638095954513292388e-02,6.407469999999999555e-01,2.599469999999999906e-02,1.206988259142857262e-01,4.497843753615724145e-03
3.186010000000000218e+03,5.090220521959375466e-01,2.626022720277660510e-02,6.308960000000000123e-01,2.587570000000000148e-02,1.218739478040625074e-01,4.477463819111027372e-03
3.201940000000000055e+03,5.386875113289285588e-01,2.690695587835143301e-02,6.594109999999999694e-01,2.654209999999999903e-02,1.207234886710714244e-01,4.416016556756876751e-03
3.217949999999999818e+03,5.311736566359375189e-01,2.678945153065975457e-02,6.504659999999999886e-01,2.643360000000000154e-02,1.192923433640625114e-01,4.351954084496775788e-03
3.234039999999999964e+03,4.954953373978571163e-01,2.619766817203000517e-02,6.154159999999999631e-01,2.583809999999999926e-02,1.199206626021428607e-01,4.325552686281142027e-03
3.250210000000000036e+03,4.837098330905803545e-01,2.601146196385581769e-02,6.025669999999999638e-01,2.565860000000000016e-02,1.188571669094196231e-01,4.269941397386837166e-03
3.266469999999999800e+03,4.883461539958482422e-01,2.610140964656500889e-02,6.075270000000000392e-01,2.575469999999999843e-02,1.191808460041517831e-01,4.240166676888662382e-03
3.282800000000000182e+03,5.057599353946428122e-01,2.659376831831840315e-02,6.244859999999999856e-01,2.626109999999999903e-02,1.187260646053571317e-01,4.193225507696395418e-03
3.299210000000000036e+03,5.348241558907589344e-01,2.731640090944976659e-02,6.523109999999999742e-01,2.700129999999999891e-02,1.174868441092410537e-01,4.137095231655668094e-03
3.315710000000000036e+03,5.157384641149553861e-01,2.690126132651418644e-02,6.335420000000000496e-01,2.658630000000000021e-02,1.178035358850446357e-01,4.104450422091572570e-03
3.332289999999999964e+03,4.964544411353570830e-01,2.665987861259921932e-02,6.149529999999999719e-01,2.634670000000000067e-02,1.184985588646428611e-01,4.074374399650243853e-03
3.348949999999999818e+03,4.712230044689731390e-01,2.616205150616961184e-02,5.916979999999999462e-01,2.584300000000000139e-02,1.204749955310267795e-01,4.073363476473904586e-03
3.365690000000000055e+03,5.175812478027231878e-01,2.720267383811722159e-02,6.391559999999999464e-01,2.689889999999999989e-02,1.215747521972767864e-01,4.053966296478930809e-03
3.382519999999999982e+03,5.027106392425000347e-01,2.703800654894045544e-02,6.251390000000000002e-01,2.673630000000000104e-02,1.224283607575000071e-01,4.027910184021842033e-03
3.399429999999999836e+03,4.884168202373214696e-01,2.687788251516203333e-02,6.135540000000000438e-01,2.657259999999999830e-02,1.251371797626785465e-01,4.039492262506883848e-03
3.416429999999999836e+03,4.818115907601785430e-01,2.680033734258756642e-02,6.066289999999999738e-01,2.650109999999999966e-02,1.248174092398214308e-01,3.993717624781908428e-03
3.433510000000000218e+03,5.216642756430804884e-01,2.774104681087729077e-02,6.472020000000000550e-01,2.745660000000000114e-02,1.255377243569196222e-01,3.962422819852154214e-03
3.450679999999999836e+03,4.915750305169642731e-01,2.721917445673615807e-02,6.172560000000000269e-01,2.693380000000000080e-02,1.256809694830357260e-01,3.931141776410252038e-03
3.467929999999999836e+03,4.880250197460267447e-01,2.713159680952132585e-02,6.107219999999999871e-01,2.685709999999999834e-02,1.226969802539732146e-01,3.849639596693176825e-03
3.485269999999999982e+03,4.706708626145535423e-01,2.673304015408648274e-02,5.913589999999999680e-01,2.646340000000000151e-02,1.206881373854464257e-01,3.787333668955002435e-03
3.502699999999999818e+03,4.305494906888392981e-01,2.586084460904786858e-02,5.499730000000000452e-01,2.558989999999999876e-02,1.194235093111607193e-01,3.733671367879101786e-03
3.520210000000000036e+03,4.225159612553124888e-01,2.573164720081917017e-02,5.398789999999999978e-01,2.546779999999999877e-02,1.173630387446875090e-01,3.675436141116476818e-03
3.537809999999999945e+03,4.093391024142856716e-01,2.553714315940741261e-02,5.262989999999999613e-01,2.527679999999999857e-02,1.169598975857142897e-01,3.637177821342926949e-03
3.555500000000000000e+03,4.301101780111606931e-01,2.605307622950854898e-02,5.475889999999999924e-01,2.580059999999999992e-02,1.174788219888392715e-01,3.618262105014424367e-03
3.573280000000000200e+03,4.177821086914286219e-01,2.580773648374188808e-02,5.357450000000000268e-01,2.555580000000000004e-02,1.179628913085714187e-01,3.597269627684595867e-03
3.591150000000000091e+03,4.153709247087053469e-01,2.588422472076788022e-02,5.352299999999999836e-01,2.563210000000000141e-02,1.198590752912946367e-01,3.603961568220565362e-03
3.609099999999999909e+03,4.129396380687500590e-01,2.602509941095002347e-02,5.343980000000000397e-01,2.577429999999999999e-02,1.214583619312499946e-01,3.604338893588019017e-03
3.627150000000000091e+03,4.101323240647322121e-01,2.606298514308455147e-02,5.338500000000000467e-01,2.581069999999999892e-02,1.237176759352678623e-01,3.617590369105661788e-03
3.645280000000000200e+03,4.021316923228571705e-01,2.593383557029533062e-02,5.269970000000000487e-01,2.568060000000000134e-02,1.248653076771428505e-01,3.615330002519179676e-03
3.663510000000000218e+03,3.799854024803125396e-01,2.552108456769811365e-02,5.077610000000000179e-01,2.526039999999999883e-02,1.277755975196875060e-01,3.638399284245596305e-03
3.681829999999999927e+03,3.586386369673214558e-01,2.508309645564358453e-02,4.889120000000000132e-01,2.481469999999999856e-02,1.302733630326785852e-01,3.659561683196473330e-03
3.700239999999999782e+03,3.533104036785714164e-01,2.512562889804982602e-02,4.847949999999999759e-01,2.485700000000000062e-02,1.314845963214285596e-01,3.664256885443006959e-03
3.718739999999999782e+03,3.740395070512499975e-01,2.569518597828769624e-02,5.045789999999999997e-01,2.543640000000000137e-02,1.305394929487500022e-01,3.637600513909206804e-03
3.737329999999999927e+03,4.210281094895089726e-01,2.693805932919015114e-02,5.510829999999999895e-01,2.669399999999999898e-02,1.300548905104910447e-01,3.617928194833142531e-03
3.756019999999999982e+03,3.693650727155357028e-01,2.575841643446988294e-02,4.987519999999999731e-01,2.550559999999999980e-02,1.293869272844642704e-01,3.600053590096683517e-03
3.774800000000000182e+03,3.545580179249999686e-01,2.541285473815792922e-02,4.838379999999999903e-01,2.515770000000000159e-02,1.292799820750000217e-01,3.592118685778047243e-03
3.793670000000000073e+03,3.374305741705803108e-01,2.506486544693254520e-02,4.670739999999999892e-01,2.480660000000000157e-02,1.296434258294196507e-01,3.588882320839312853e-03
3.812639999999999873e+03,3.520464909485714333e-01,2.542593776668772981e-02,4.805699999999999972e-01,2.517399999999999846e-02,1.285235090514285639e-01,3.570439092811620706e-03
3.831699999999999818e+03,3.671601404187500028e-01,2.588971158460312560e-02,4.941429999999999989e-01,2.564519999999999994e-02,1.269828595812499961e-01,3.549772231275290669e-03
3.850860000000000127e+03,3.732436366660714655e-01,2.621130548120514589e-02,5.018230000000000190e-01,2.596590000000000009e-02,1.285793633339285535e-01,3.578347693986010103e-03
3.870119999999999891e+03,3.711993478001784919e-01,2.622323349343635285e-02,5.018399999999999528e-01,2.597239999999999965e-02,1.306406521998214332e-01,3.618343970835587262e-03
3.889469999999999800e+03,3.505355110211607061e-01,2.574847055763127002e-02,4.811679999999999846e-01,2.549119999999999858e-02,1.306324889788392785e-01,3.630765569023220677e-03
3.908920000000000073e+03,3.386040823562500024e-01,2.550104564411584396e-02,4.693849999999999967e-01,2.523859999999999992e-02,1.307809176437499943e-01,3.649164148579730430e-03
3.928460000000000036e+03,3.495552413606249909e-01,2.595808105434632349e-02,4.827230000000000132e-01,2.569230000000000125e-02,1.331677586393750223e-01,3.705090111456592512e-03
3.948099999999999909e+03,3.510455970401785697e-01,2.621389961919601622e-02,4.859550000000000258e-01,2.594399999999999831e-02,1.349094029598214284e-01,3.751985773598452006e-03
3.967840000000000146e+03,3.582449626300000523e-01,2.649804209907617378e-02,4.952730000000000188e-01,2.622330000000000147e-02,1.370280373699999943e-01,3.805886518856432289e-03
3.987679999999999836e+03,3.810636802257143518e-01,2.725096179000922186e-02,5.181940000000000435e-01,2.698000000000000051e-02,1.371303197742856916e-01,3.833342990203528547e-03
4.007619999999999891e+03,3.349951135975000049e-01,2.598819251600686248e-02,4.696069999999999967e-01,2.570499999999999868e-02,1.346118864025000195e-01,3.826110982320701098e-03
4.027659999999999854e+03,3.137042108975000021e-01,2.549802450705556181e-02,4.490500000000000047e-01,2.520249999999999921e-02,1.353457891025000026e-01,3.870820005167668020e-03
4.047800000000000182e+03,3.194827001499999652e-01,2.577828283155574052e-02,4.559309999999999752e-01,2.547850000000000115e-02,1.364482998500000099e-01,3.919936669600851929e-03
4.068039999999999964e+03,3.633543111948214221e-01,2.701890122752689458e-02,4.984609999999999874e-01,2.672980000000000148e-02,1.351066888051785930e-01,3.941930428464495394e-03
4.088380000000000109e+03,3.871005600191071983e-01,2.764261531573513828e-02,5.198810000000000375e-01,2.735850000000000087e-02,1.327804399808928393e-01,3.953056949212194887e-03
4.108819999999999709e+03,3.961898650840178782e-01,2.790987393263508545e-02,5.268080000000000540e-01,2.762639999999999887e-02,1.306181349159821481e-01,3.967755785779110075e-03
4.129359999999999673e+03,3.744773202789285493e-01,2.739927794329665225e-02,5.055549999999999766e-01,2.710069999999999840e-02,1.310776797210714273e-01,4.033917614927494920e-03
4.150010000000000218e+03,3.508091883145089129e-01,2.686899389235267860e-02,4.817469999999999808e-01,2.655700000000000074e-02,1.309378116854910679e-01,4.082717696251529117e-03
4.170760000000000218e+03,3.302438495907142890e-01,2.636000314848368012e-02,4.615879999999999983e-01,2.603110000000000146e-02,1.313441504092857093e-01,4.151096093572104878e-03
4.191609999999999673e+03,3.482887213170535734e-01,2.695851054149937115e-02,4.789089999999999736e-01,2.662890000000000049e-02,1.306202786829464280e-01,4.202734277364273546e-03
4.212569999999999709e+03,3.636198088535267936e-01,2.743554861096159439e-02,4.943069999999999964e-01,2.710219999999999990e-02,1.306871911464732028e-01,4.263810824184944073e-03
4.233630000000000109e+03,3.938015659775892519e-01,2.843981603838476382e-02,5.252069999999999794e-01,2.810580000000000023e-02,1.314054340224107276e-01,4.345934037369551112e-03
4.254800000000000182e+03,3.663233176464285590e-01,2.774533016234279406e-02,4.989520000000000066e-01,2.738770000000000093e-02,1.326286823535714199e-01,4.440409274763833410e-03
4.276079999999999927e+03,3.777861096871428237e-01,2.822693256668364764e-02,5.129369999999999763e-01,2.785670000000000160e-02,1.351508903128571526e-01,4.556751829330389462e-03
4.297460000000000036e+03,3.475207330345535528e-01,2.747604386121506662e-02,4.815980000000000261e-01,2.708560000000000134e-02,1.340772669654464455e-01,4.615545352763214017e-03
4.318939999999999600e+03,3.637651936173214029e-01,2.814880247090217197e-02,5.008049999999999446e-01,2.774439999999999892e-02,1.370398063826785695e-01,4.754297969823536793e-03
4.340539999999999964e+03,3.401843912206250486e-01,2.757718422372901906e-02,4.777000000000000135e-01,2.714760000000000090e-02,1.375156087793749926e-01,4.848598142709769319e-03
4.362239999999999782e+03,3.560393354549999945e-01,2.814385087330679644e-02,4.943279999999999896e-01,2.770380000000000065e-02,1.382886645450000229e-01,4.957399271687889554e-03
4.384050000000000182e+03,3.379896890015625099e-01,2.775107116347264383e-02,4.780760000000000010e-01,2.728150000000000019e-02,1.400863109984374910e-01,5.083474055222756208e-03
4.405970000000000255e+03,3.641006412379911295e-01,2.856895617067424509e-02,5.027080000000000437e-01,2.810069999999999929e-02,1.386073587620089420e-01,5.151302378224960864e-03
4.428000000000000000e+03,3.929666835357142896e-01,2.940030082186848720e-02,5.296669999999999989e-01,2.893420000000000020e-02,1.367003164642857094e-01,5.214379999229128149e-03
4.450140000000000327e+03,3.575878270720535546e-01,2.852474798578737147e-02,4.924629999999999841e-01,2.803129999999999858e-02,1.348751729279464295e-01,5.282751930829318598e-03
4.472390000000000327e+03,3.669710791252231985e-01,2.878572652441440879e-02,5.009529999999999816e-01,2.828160000000000049e-02,1.339819208747767831e-01,5.363688374465405868e-03
4.494750000000000000e+03,3.505935358437499705e-01,2.827125949936564950e-02,4.804760000000000142e-01,2.775439999999999852e-02,1.298824641562500160e-01,5.381207515091069454e-03
4.517229999999999563e+03,3.708081249999999884e-01,2.888136439889699841e-02,4.985229999999999939e-01,2.837759999999999935e-02,1.277148750000000055e-01,5.370756723393361673e-03
4.539810000000000400e+03,4.138647500000000035e-01,3.012333784655439259e-02,5.388880000000000337e-01,2.964829999999999896e-02,1.250232500000000024e-01,5.328582375046504380e-03
4.562510000000000218e+03,3.951183750000000217e-01,2.960845323701123688e-02,5.176650000000000418e-01,2.913239999999999927e-02,1.225466250000000062e-01,5.288078415481491969e-03
4.585329999999999927e+03,3.871703750000000110e-01,2.945247439363382624e-02,5.096789999999999932e-01,2.897179999999999894e-02,1.225086249999999960e-01,5.299344550758730392e-03
4.608250000000000000e+03,3.692659999999999831e-01,2.900627835178801878e-02,4.917159999999999864e-01,2.851609999999999909e-02,1.224500000000000033e-01,5.310011733641108699e-03
4.631289999999999964e+03,3.755932499999999341e-01,2.941848442763335750e-02,5.001719999999999500e-01,2.892319999999999960e-02,1.245787500000000020e-01,5.375474656149561645e-03
4.654449999999999818e+03,3.538478750000000339e-01,2.886536962224370978e-02,4.784760000000000124e-01,2.835690000000000086e-02,1.246281250000000063e-01,5.394050965531378868e-03
4.677720000000000255e+03,3.834068749999999248e-01,2.980362641561006345e-02,5.098009999999999486e-01,2.930069999999999897e-02,1.263941249999999961e-01,5.452075479232656834e-03
4.701109999999999673e+03,3.663363749999999919e-01,2.925214007120087792e-02,4.934879999999999822e-01,2.873349999999999863e-02,1.271516249999999904e-01,5.483947163782329146e-03
4.724619999999999891e+03,3.665131249999999952e-01,2.954309685645965106e-02,4.956590000000000162e-01,2.901859999999999856e-02,1.291458749999999933e-01,5.542149935733988245e-03
4.748239999999999782e+03,3.932700000000000085e-01,3.042050449338458071e-02,5.241299999999999848e-01,2.990140000000000159e-02,1.308600000000000041e-01,5.595835207726479639e-03
4.771979999999999563e+03,3.637586250000000021e-01,2.972092030232555832e-02,4.943670000000000009e-01,2.918710000000000054e-02,1.306083749999999988e-01,5.607699814289946079e-03
4.795840000000000146e+03,3.817519999999999247e-01,3.029999080896622274e-02,5.116039999999999477e-01,2.977640000000000148e-02,1.298520000000000230e-01,5.608515495515502443e-03
4.819819999999999709e+03,3.941359999999999864e-01,3.063813030110773897e-02,5.213069999999999649e-01,3.012940000000000063e-02,1.271709999999999785e-01,5.560061509341083889e-03
4.843920000000000073e+03,3.816893750000000529e-01,3.030546224926395152e-02,5.098240000000000549e-01,2.978489999999999957e-02,1.281346250000000020e-01,5.592921788436031570e-03
4.868140000000000327e+03,3.561739999999999906e-01,2.960064167382239764e-02,4.841869999999999785e-01,2.906600000000000156e-02,1.280129999999999879e-01,5.600502790110120817e-03
4.892479999999999563e+03,3.609310000000000018e-01,2.986780498449846319e-02,4.904859999999999776e-01,2.932989999999999903e-02,1.295550000000000035e-01,5.642937230027572290e-03
4.916939999999999600e+03,3.612576250000000266e-01,2.995725286934910331e-02,4.916800000000000059e-01,2.941560000000000008e-02,1.304223749999999793e-01,5.670932561592052432e-03
4.941529999999999745e+03,3.946175000000000654e-01,3.112857588389695770e-02,5.237540000000000529e-01,3.061099999999999932e-02,1.291364999999999874e-01,5.652867905721063908e-03
4.966229999999999563e+03,3.907048750000000070e-01,3.109010321888271144e-02,5.206790000000000029e-01,3.056599999999999942e-02,1.299741249999999959e-01,5.684554702066050777e-03
4.991069999999999709e+03,3.750261249999999880e-01,3.075782544635236732e-02,5.076939999999999786e-01,3.021369999999999958e-02,1.326678749999999907e-01,5.759874868283273303e-03
5.016020000000000437e+03,3.792772499999999547e-01,3.109284093533680460e-02,5.162569999999999659e-01,3.053389999999999924e-02,1.369797500000000112e-01,5.869046619354479320e-03
5.041100000000000364e+03,3.816406250000000111e-01,3.123113084430191241e-02,5.217519999999999936e-01,3.065889999999999935e-02,1.401113749999999825e-01,5.951082641327227335e-03
5.066310000000000400e+03,3.497663749999999627e-01,3.058833906606864619e-02,4.917989999999999862e-01,2.999239999999999892e-02,1.420326250000000234e-01,6.008529692094501801e-03
5.091640000000000327e+03,3.279701250000000012e-01,3.006656203142506548e-02,4.706989999999999785e-01,2.945319999999999883e-02,1.427288749999999773e-01,6.042115701435321964e-03
5.117100000000000364e+03,3.329456250000000228e-01,3.035157122995756074e-02,4.772930000000000228e-01,2.973260000000000139e-02,1.443473750000000000e-01,6.098391047414677968e-03
5.142680000000000291e+03,3.562678749999999561e-01,3.125882942688203159e-02,5.037979999999999681e-01,3.064209999999999851e-02,1.475301250000000119e-01,6.178683090182425681e-03
5.168399999999999636e+03,3.459322499999999967e-01,3.104668545123819012e-02,4.949839999999999796e-01,3.041699999999999959e-02,1.490517499999999829e-01,6.221156524965836682e-03
5.194239999999999782e+03,3.122851249999999967e-01,3.002954444921440702e-02,4.609369999999999856e-01,2.937760000000000024e-02,1.486518749999999889e-01,6.223355852539990719e-03
5.220210000000000036e+03,2.960906249999999962e-01,2.959426067563343879e-02,4.443259999999999987e-01,2.893189999999999998e-02,1.482353750000000026e-01,6.226188828436200404e-03
5.246310000000000400e+03,3.336346249999999625e-01,3.093947984436207915e-02,4.809379999999999766e-01,3.030779999999999932e-02,1.473033750000000142e-01,6.220021880965331124e-03
5.272539999999999964e+03,3.754887499999999267e-01,3.215157471119708260e-02,5.219129999999999603e-01,3.154509999999999953e-02,1.464242500000000058e-01,6.215337673826539303e-03
5.298899999999999636e+03,3.696407499999999624e-01,3.211618884794756323e-02,5.169019999999999726e-01,3.150220000000000103e-02,1.472612500000000102e-01,6.249878500981538750e-03
5.325399999999999636e+03,3.345226250000000179e-01,3.114339890919151643e-02,4.825670000000000237e-01,3.050330000000000055e-02,1.480443750000000058e-01,6.281718294147808045e-03
5.352029999999999745e+03,3.169136249999999766e-01,3.067542834033149327e-02,4.667149999999999910e-01,3.001360000000000139e-02,1.498013750000000144e-01,6.337643008470302160e-03
5.378789999999999964e+03,3.236221249999999827e-01,3.097507340959319497e-02,4.737950000000000217e-01,3.031489999999999879e-02,1.501728750000000112e-01,6.360975610681706208e-03
5.405680000000000291e+03,3.124298750000000235e-01,3.063311614459045956e-02,4.629940000000000166e-01,2.996009999999999993e-02,1.505641249999999931e-01,6.385938671641683967e-03
5.432710000000000036e+03,3.364604999999999957e-01,3.154002727862000033e-02,4.849229999999999929e-01,3.089120000000000060e-02,1.484624999999999972e-01,6.364517522648024776e-03
5.459869999999999891e+03,3.502434999999999854e-01,3.197818774029807798e-02,4.965789999999999926e-01,3.134340000000000043e-02,1.463355000000000072e-01,6.340013217158936044e-03
5.487170000000000073e+03,3.243949999999999889e-01,3.128707580226068596e-02,4.714070000000000205e-01,3.063170000000000129e-02,1.470120000000000038e-01,6.370248611036012816e-03
5.514609999999999673e+03,3.177307500000000062e-01,3.105458163897931514e-02,4.624489999999999990e-01,3.040160000000000085e-02,1.447182499999999927e-01,6.334805301825089004e-03
5.542180000000000291e+03,3.279731249999999765e-01,3.131016222264396132e-02,4.703060000000000018e-01,3.066920000000000063e-02,1.423328750000000253e-01,6.302890588315907504e-03
5.569890000000000327e+03,3.257151249999999942e-01,3.119572339765951455e-02,4.662149999999999905e-01,3.055719999999999964e-02,1.404998749999999963e-01,6.279385834879175517e-03
5.597739999999999782e+03,2.861286250000000253e-01,2.993226963012964037e-02,4.263680000000000248e-01,2.926410000000000122e-02,1.402393749999999994e-01,6.289134789522423177e-03
5.625729999999999563e+03,3.137231249999999916e-01,3.094603259451494254e-02,4.534730000000000150e-01,3.030009999999999995e-02,1.397498749999999956e-01,6.289743502781433224e-03
5.653859999999999673e+03,2.954958749999999634e-01,3.059862322025800468e-02,4.359549999999999814e-01,2.993979999999999905e-02,1.404591250000000180e-01,6.315387473093990629e-03
5.682130000000000109e+03,3.365363749999999987e-01,3.207887525007938750e-02,4.794280000000000208e-01,3.143789999999999779e-02,1.428916249999999943e-01,6.380648940363060038e-03
5.710539999999999964e+03,3.370902499999999802e-01,3.224379546975132682e-02,4.830059999999999909e-01,3.158829999999999971e-02,1.459157500000000107e-01,6.468512147716524822e-03
5.739090000000000146e+03,3.252182500000000420e-01,3.200005814941494359e-02,4.727180000000000271e-01,3.132920000000000149e-02,1.474997499999999850e-01,6.518047938296979080e-03
5.767789999999999964e+03,3.170681250000000340e-01,3.178084102089112628e-02,4.626790000000000069e-01,3.111119999999999858e-02,1.456108750000000007e-01,6.489614052866028715e-03
5.796619999999999891e+03,3.235361249999999522e-01,3.206122172886829297e-02,4.672399999999999887e-01,3.140300000000000036e-02,1.437038750000000087e-01,6.463244521728715719e-03
5.825609999999999673e+03,3.342591249999999903e-01,3.247269851075140074e-02,4.769229999999999858e-01,3.182460000000000150e-02,1.426638749999999956e-01,6.455306608531948855e-03
5.854739999999999782e+03,3.709097499999999825e-01,3.347356489181285699e-02,5.120759999999999756e-01,3.284870000000000151e-02,1.411662499999999931e-01,6.437581446195943420e-03
5.884010000000000218e+03,3.455660000000000398e-01,3.275546055196369710e-02,4.879220000000000224e-01,3.210699999999999665e-02,1.423559999999999826e-01,6.485425735543504100e-03
5.913430000000000291e+03,3.303703749999999939e-01,3.243242857926885436e-02,4.745340000000000114e-01,3.176600000000000257e-02,1.441636250000000175e-01,6.540922530452031487e-03
5.943000000000000000e+03,3.442642499999999939e-01,3.299536902614848277e-02,4.876739999999999964e-01,3.234240000000000032e-02,1.434097500000000025e-01,6.531733262444107749e-03
5.972710000000000036e+03,3.493422499999999653e-01,3.332840478713783999e-02,4.940459999999999852e-01,3.267359999999999709e-02,1.447037500000000199e-01,6.574072458933846036e-03
6.002569999999999709e+03,2.982957500000000262e-01,3.167988902602238838e-02,4.460060000000000136e-01,3.097190000000000012e-02,1.477102499999999874e-01,6.660088519764114333e-03
6.032590000000000146e+03,2.839573749999999563e-01,3.127750322779437181e-02,4.312570000000000014e-01,3.055880000000000055e-02,1.472996250000000173e-01,6.666479635061334577e-03
6.062750000000000000e+03,3.141251250000000050e-01,3.244387454990300262e-02,4.630719999999999836e-01,3.173990000000000145e-02,1.489468749999999786e-01,6.721885434894271129e-03
6.093060000000000400e+03,3.261161249999999789e-01,3.295244233391984162e-02,4.766670000000000074e-01,3.224899999999999989e-02,1.505508750000000284e-01,6.772403913700991360e-03
6.123529999999999745e+03,3.234278750000000313e-01,3.279703592190869044e-02,4.715460000000000207e-01,3.209950000000000303e-02,1.481181249999999894e-01,6.728124925487691081e-03
6.154149999999999636e+03,3.751112499999999517e-01,3.448067730342559145e-02,5.183729999999999727e-01,3.383610000000000090e-02,1.432617500000000210e-01,6.635920741914324260e-03
6.184920000000000073e+03,3.221401249999999994e-01,3.272979601999481680e-02,4.609650000000000136e-01,3.206669999999999660e-02,1.388248749999999865e-01,6.554868314502492778e-03
6.215840000000000146e+03,3.467931250000000354e-01,3.350121922670315500e-02,4.830030000000000157e-01,3.286270000000000163e-02,1.362098750000000080e-01,6.509580507653699513e-03
6.246920000000000073e+03,3.839684999999999904e-01,3.464697664969079022e-02,5.180759999999999810e-01,3.403729999999999950e-02,1.341074999999999906e-01,6.471104980930131485e-03
6.278159999999999854e+03,3.808038749999999584e-01,3.465404762826009011e-02,5.176239999999999730e-01,3.402990000000000181e-02,1.368201250000000146e-01,6.547436369428782064e-03
6.309550000000000182e+03,3.673398750000000934e-01,3.443634819351040766e-02,5.055500000000000549e-01,3.379909999999999859e-02,1.382101249999999892e-01,6.594157724432097439e-03
6.341090000000000146e+03,3.607038750000000071e-01,3.452459425759727557e-02,5.038759999999999906e-01,3.386150000000000271e-02,1.431721249999999834e-01,6.733975527258675639e-03
6.372800000000000182e+03,3.443203750000000118e-01,3.408542209852603866e-02,4.905840000000000201e-01,3.339519999999999988e-02,1.462636250000000082e-01,6.824706337615377323e-03
6.404659999999999854e+03,3.388998750000000171e-01,3.410252856101270852e-02,4.902320000000000011e-01,3.338510000000000089e-02,1.513321249999999840e-01,6.958272216914735027e-03
6.436689999999999600e+03,3.366380000000000483e-01,3.432956656142504420e-02,4.941920000000000202e-01,3.358450000000000324e-02,1.575539999999999718e-01,7.113402845707003999e-03
6.468869999999999891e+03,3.493847500000000217e-01,3.511282047994097877e-02,5.120379999999999932e-01,3.435710000000000153e-02,1.626532499999999992e-01,7.245677445661137181e-03
6.501220000000000255e+03,3.114965000000000095e-01,3.398340131677798220e-02,4.774990000000000068e-01,3.318209999999999910e-02,1.660024999999999973e-01,7.336198242086121486e-03
6.533720000000000255e+03,3.256887499999999713e-01,3.464281208920275829e-02,4.921969999999999956e-01,3.385090000000000321e-02,1.665082500000000243e-01,7.364848853697711709e-03
6.566390000000000327e+03,3.320623749999999652e-01,3.495865606439403639e-02,4.984529999999999794e-01,3.417080000000000117e-02,1.663906250000000142e-01,7.379977045261981033e-03
6.599220000000000255e+03,3.155502499999999766e-01,3.446171217798729702e-02,4.808589999999999809e-01,3.366460000000000286e-02,1.653087500000000043e-01,7.369146020974037641e-03
6.632220000000000255e+03,2.982719999999999816e-01,3.427688138611750118e-02,4.678140000000000076e-01,3.345039999999999819e-02,1.695419999999999983e-01,7.481666752667399424e-03
6.665380000000000109e+03,3.142979999999999663e-01,3.481184745733797992e-02,4.846300000000000052e-01,3.398999999999999938e-02,1.703320000000000112e-01,7.519615907276697674e-03
6.698710000000000036e+03,3.539326249999999452e-01,3.599616559000373001e-02,5.217429999999999568e-01,3.521049999999999874e-02,1.678103750000000116e-01,7.479614089842386883e-03
6.732199999999999818e+03,3.587832500000000535e-01,3.617681146603528991e-02,5.245880000000000543e-01,3.540170000000000122e-02,1.658047500000000007e-01,7.448578720740118599e-03
6.765859999999999673e+03,3.454657499999999604e-01,3.594125912985050852e-02,5.124969999999999803e-01,3.515170000000000100e-02,1.670312500000000200e-01,7.492135539955380348e-03
6.799689999999999600e+03,3.340018750000000036e-01,3.560757249281525788e-02,5.033509999999999929e-01,3.479669999999999985e-02,1.693491249999999892e-01,7.555718889761168719e-03
6.833689999999999600e+03,3.440091249999999157e-01,3.614737806272658865e-02,5.150749999999999496e-01,3.533780000000000254e-02,1.710658750000000061e-01,7.607419534223645169e-03
6.867859999999999673e+03,3.392533749999999682e-01,3.602300780006569003e-02,5.100299999999999834e-01,3.520879999999999843e-02,1.707766250000000152e-01,7.615608545848044121e-03
6.902199999999999818e+03,3.212558750000000241e-01,3.530167745590984812e-02,4.886840000000000073e-01,3.448419999999999958e-02,1.674281249999999832e-01,7.553037902797373609e-03
6.936710000000000036e+03,2.762868750000000428e-01,3.405198831178722629e-02,4.452740000000000031e-01,3.319310000000000316e-02,1.689871249999999880e-01,7.599738178127832776e-03
6.971390000000000327e+03,2.850945000000000285e-01,3.432682923484376564e-02,4.554070000000000062e-01,3.346539999999999931e-02,1.703125000000000056e-01,7.641872032304977344e-03
7.006250000000000000e+03,2.891963750000000055e-01,3.454670877075340096e-02,4.593010000000000148e-01,3.368940000000000129e-02,1.701046250000000093e-01,7.648490997003918636e-03
7.041279999999999745e+03,2.990456249999999816e-01,3.498085598656964362e-02,4.676429999999999754e-01,3.413970000000000199e-02,1.685973749999999938e-01,7.625035702416415456e-03
7.076489999999999782e+03,2.971099999999999852e-01,3.511562140661857179e-02,4.679209999999999758e-01,3.426189999999999791e-02,1.708109999999999906e-01,7.696042824917800028e-03
7.111869999999999891e+03,3.326478750000000373e-01,3.653637737780150024e-02,5.077890000000000459e-01,3.569030000000000119e-02,1.751411250000000086e-01,7.817247456945763603e-03
7.147430000000000291e+03,3.026746249999999749e-01,3.580887157516800257e-02,4.818239999999999745e-01,3.492030000000000134e-02,1.791493749999999996e-01,7.927668723961351499e-03
7.183159999999999854e+03,2.840547500000000225e-01,3.537538377409096824e-02,4.663869999999999960e-01,3.445480000000000070e-02,1.823322500000000013e-01,8.017763661035334777e-03
7.219079999999999927e+03,3.150397499999999518e-01,3.653796850667809237e-02,4.970919999999999783e-01,3.564409999999999801e-02,1.820522499999999988e-01,8.032513789904129758e-03
7.255180000000000291e+03,2.709023750000000286e-01,3.509010714772398815e-02,4.533650000000000180e-01,3.415200000000000180e-02,1.824626250000000172e-01,8.059560511513640807e-03
7.291449999999999818e+03,2.738408749999999836e-01,3.531490808254709318e-02,4.577780000000000182e-01,3.437090000000000284e-02,1.839371250000000069e-01,8.110731537213519693e-03
7.327909999999999854e+03,2.774109999999999632e-01,3.557128791401676510e-02,4.627589999999999759e-01,3.462219999999999881e-02,1.853480000000000127e-01,8.162094769228975602e-03
7.364550000000000182e+03,2.729611249999999711e-01,3.541865412986187206e-02,4.574309999999999765e-01,3.446670000000000289e-02,1.844698750000000054e-01,8.156448460008881851e-03
7.401369999999999891e+03,2.743083749999999932e-01,3.528947558440095889e-02,4.537340000000000262e-01,3.435679999999999984e-02,1.794256250000000330e-01,8.059614183199543744e-03
7.438380000000000109e+03,2.852611250000000043e-01,3.559941453076555240e-02,4.599960000000000160e-01,3.469590000000000174e-02,1.747348750000000117e-01,7.969494220041900209e-03
7.475569999999999709e+03,2.990056249999999971e-01,3.602877599052986546e-02,4.697830000000000061e-01,3.515329999999999844e-02,1.707773750000000090e-01,7.894187639382614988e-03
7.512949999999999818e+03,2.859335000000000071e-01,3.550589983769422697e-02,4.542820000000000191e-01,3.462679999999999925e-02,1.683485000000000120e-01,7.851983510195052751e-03
7.550510000000000218e+03,2.611153749999999829e-01,3.482211772369860764e-02,4.325289999999999968e-01,3.390499999999999764e-02,1.714136250000000139e-01,7.939197551587000301e-03
7.588260000000000218e+03,2.915892500000000220e-01,3.614752567068906658e-02,4.672370000000000134e-01,3.523899999999999949e-02,1.756477499999999914e-01,8.053352787077255534e-03
7.626210000000000036e+03,3.291663750000000110e-01,3.763279452166687356e-02,5.074370000000000269e-01,3.674390000000000295e-02,1.782706250000000159e-01,8.130992331812889745e-03
7.664340000000000146e+03,3.457851250000000265e-01,3.818656107474199118e-02,5.204330000000000345e-01,3.732420000000000182e-02,1.746478750000000080e-01,8.069544043810654432e-03
7.702659999999999854e+03,3.257975000000000176e-01,3.765421218995625152e-02,4.998480000000000145e-01,3.677960000000000257e-02,1.740504999999999969e-01,8.068501687813542725e-03
7.741170000000000073e+03,3.177807500000000562e-01,3.752807552633719013e-02,4.927440000000000153e-01,3.664259999999999740e-02,1.749632499999999868e-01,8.104092666700495398e-03
7.779880000000000109e+03,3.105057499999999693e-01,3.752257480365153719e-02,4.895999999999999797e-01,3.661140000000000227e-02,1.790942500000000104e-01,8.218820471066696012e-03
7.818779999999999745e+03,2.759172500000000028e-01,3.627732938717546929e-02,4.567970000000000086e-01,3.532079999999999942e-02,1.808797500000000058e-01,8.275609634681000207e-03
7.857869999999999891e+03,2.809537500000000021e-01,3.638398424527782699e-02,4.590500000000000136e-01,3.544150000000000078e-02,1.780962500000000115e-01,8.227659892741375630e-03
7.897159999999999854e+03,2.893806250000000579e-01,3.661923139909077640e-02,4.626430000000000264e-01,3.566459999999999769e-02,1.732623749999999963e-01,8.306889616466335904e-03
7.936649999999999636e+03,3.092750000000000221e-01,3.762353530349679676e-02,4.795440000000000258e-01,3.656990000000000240e-02,1.702690000000000037e-01,8.841539612729753042e-03
7.976329999999999927e+03,3.190483333333333782e-01,3.837366728007921696e-02,4.919350000000000112e-01,3.713740000000000097e-02,1.728866666666666607e-01,9.661876720504263688e-03
8.016210000000000036e+03,3.197601999999999944e-01,3.875255967725486916e-02,4.952199999999999935e-01,3.723950000000000177e-02,1.754597999999999991e-01,1.072289705672865336e-02
8.050869999999999891e+03,3.170445000000000069e-01,4.518265409182904008e-02,4.939600000000000102e-01,4.352170000000000344e-02,1.769155000000000033e-01,1.213811599433268704e-02
