X_cm-1,subtracted_Y,subtracted_E,loaded_raw_Y,loaded_raw_E,empty_smoothed_Y,empty_smoothed_E
-2.010340000000000060e+01,2.184629999999999905e-03,2.784691531606328565e-03,1.046960000000000078e-02,2.510420000000000186e-03,8.284970000000000875e-03,1.205113417815933171e-03
-1.998239999999999839e+01,3.597025000000014100e-04,2.429301169279449429e-03,8.211970000000000727e-03,2.207530000000000082e-03,7.852267499999999317e-03,1.014058908625381722e-03
-1.986139999999999972e+01,2.379356000000000873e-03,2.642301955997459692e-03,1.023899999999999984e-02,2.481520000000000080e-03,7.859643999999998965e-03,9.076442674682631264e-04
-1.974040000000000106e+01,1.820383999999999544e-03,2.578999288256590694e-03,9.700369999999999826e-03,2.412930000000000196e-03,7.879986000000000282e-03,9.104977451526170395e-04
-1.961939999999999884e+01,6.666775999999999258e-03,2.994026157198363593e-03,1.368989999999999964e-02,2.868279999999999962e-03,7.023124000000000380e-03,8.585816627368651408e-04
-1.949849999999999994e+01,6.838119999999999615e-03,3.039400625772127520e-03,1.396219999999999926e-02,2.913240000000000100e-03,7.124079999999999649e-03,8.665961379697004110e-04
-1.937750000000000128e+01,8.177499999999999006e-04,2.426653195783031250e-03,8.430550000000000196e-03,2.254449999999999857e-03,7.612800000000000296e-03,8.978312369838778104e-04
-1.925649999999999906e+01,5.611521999999998997e-03,2.968279074447684011e-03,1.325259999999999980e-02,2.828030000000000040e-03,7.641078000000000800e-03,9.016246352579325874e-04
-1.913550000000000040e+01,7.191075999999999371e-03,3.224116168993294580e-03,1.569579999999999934e-02,3.080499999999999905e-03,8.504723999999999964e-03,9.515486436141874218e-04
-1.901450000000000173e+01,7.673628000000000046e-03,3.354948879915161525e-03,1.694410000000000013e-02,3.204119999999999972e-03,9.270472000000000087e-03,9.946341098333597378e-04
-1.889349999999999952e+01,1.004075800000000206e-02,3.619908785617670984e-03,1.970660000000000120e-02,3.474430000000000140e-03,9.665841999999999143e-03,1.015911310741247821e-03
-1.877260000000000062e+01,4.221469999999999737e-03,3.104407401820837454e-03,1.431600000000000060e-02,2.925070000000000101e-03,1.009453000000000086e-02,1.039860957811187441e-03
-1.865159999999999840e+01,3.562657999999998062e-03,3.150066671548397597e-03,1.444409999999999965e-02,2.959770000000000022e-03,1.088144200000000159e-02,1.078277136129668617e-03
-1.853059999999999974e+01,1.157225800000000193e-02,3.823696614190514112e-03,2.202240000000000100e-02,3.674520000000000130e-03,1.045014199999999907e-02,1.057619292076312448e-03
-1.840960000000000107e+01,3.835960000000001105e-03,3.329256891961327337e-03,1.594440000000000093e-02,3.128479999999999889e-03,1.210843999999999983e-02,1.138667792761347995e-03
-1.828859999999999886e+01,6.431264000000000772e-03,3.499522782662230300e-03,1.807399999999999979e-02,3.316130000000000033e-03,1.164273599999999902e-02,1.118007839629043014e-03
-1.816760000000000019e+01,9.565863999999998576e-03,3.778379067280570984e-03,2.138999999999999929e-02,3.606799999999999850e-03,1.182413600000000072e-02,1.125674080746287813e-03
-1.804670000000000130e+01,9.743643999999999222e-03,3.822920468322091661e-03,2.158730000000000024e-02,3.652620000000000085e-03,1.184365600000000102e-02,1.128312032514055705e-03
-1.792569999999999908e+01,3.484654000000000224e-03,3.259197777760042703e-03,1.522410000000000083e-02,3.059169999999999945e-03,1.173944600000000060e-02,1.124210418763320297e-03
-1.780470000000000041e+01,1.542503399999999893e-02,4.147172098331102993e-03,2.609059999999999852e-02,4.005650000000000356e-03,1.066556599999999959e-02,1.074152917733783375e-03
-1.768370000000000175e+01,1.378739000000000006e-02,4.062183322330000824e-03,2.487750000000000031e-02,3.911069999999999998e-03,1.109011000000000025e-02,1.097663336053455053e-03
-1.756269999999999953e+01,8.369629999999999431e-03,3.647856137309145493e-03,1.948180000000000051e-02,3.477829999999999897e-03,1.111217000000000107e-02,1.100705632584843231e-03
-1.744170000000000087e+01,1.164657000000000192e-02,4.005447986683137625e-03,2.384090000000000167e-02,3.835489999999999993e-03,1.219432999999999975e-02,1.154395960632226010e-03
-1.732079999999999842e+01,1.397720000000000212e-02,4.210682877253047428e-03,2.637530000000000083e-02,4.046019999999999998e-03,1.239809999999999870e-02,1.166007055035260141e-03
-1.719979999999999976e+01,1.754282000000000064e-02,4.494668408782120407e-03,3.020449999999999871e-02,4.337899999999999569e-03,1.266167999999999981e-02,1.176719038217704724e-03
-1.707880000000000109e+01,1.259773999999999790e-02,4.231364151630534996e-03,2.648729999999999835e-02,4.048569999999999600e-03,1.388956000000000045e-02,1.230253444947015809e-03
-1.695779999999999887e+01,6.572520000000000098e-03,3.893276983177025238e-03,2.171999999999999972e-02,3.673590000000000015e-03,1.514747999999999963e-02,1.289318494258109935e-03
-1.683680000000000021e+01,9.720060000000002587e-03,4.199319532369024700e-03,2.535549999999999957e-02,3.988410000000000392e-03,1.563543999999999698e-02,1.314104336358418732e-03
-1.671580000000000155e+01,1.150168000000000024e-02,4.528145987597573079e-03,2.939630000000000021e-02,4.303269999999999665e-03,1.789461999999999997e-02,1.409245681950453948e-03
-1.659489999999999910e+01,7.546808000000000682e-02,8.006731628269802073e-03,9.521720000000000184e-02,7.868059999999999637e-03,1.974911999999999848e-02,1.483705901968445989e-03
-1.647390000000000043e+01,1.819369200000000020e-01,1.166058588810150662e-02,2.018590000000000106e-01,1.156459999999999953e-02,1.992207999999999826e-02,1.493080739207361049e-03
-1.635290000000000177e+01,1.787885399999999958e-01,1.154420793584730841e-02,1.987400000000000000e-01,1.144719999999999939e-02,1.995145999999999725e-02,1.493435310309757045e-03
-1.623189999999999955e+01,6.355972000000001398e-02,7.511340127077724242e-03,8.339000000000000579e-02,7.362529999999999943e-03,1.983027999999999874e-02,1.487744098878567272e-03
-1.611090000000000089e+01,6.614449999999999497e-02,7.602129841759347126e-03,8.571850000000000303e-02,7.457359999999999683e-03,1.957400000000000112e-02,1.476536474784148492e-03
-1.598990000000000045e+01,8.566991999999999663e-02,8.433241377373709713e-03,1.054910000000000014e-01,8.301040000000000849e-03,1.982108000000000134e-02,1.487378582422108292e-03
-1.586899999999999977e+01,4.972945999999999617e-02,7.002428494047475450e-03,7.145340000000000025e-02,6.826419999999999710e-03,2.172394000000000408e-02,1.560126532640221430e-03
-1.574799999999999933e+01,6.232367999999999242e-02,7.659130955203729586e-03,8.584519999999999651e-02,7.484489999999999893e-03,2.352152000000000062e-02,1.626252264828553524e-03
-1.562700000000000067e+01,1.121864000000000056e-01,9.659646374988683365e-03,1.376570000000000016e-01,9.509760000000000782e-03,2.547059999999999949e-02,1.695061306334375711e-03
-1.550600000000000023e+01,5.438854000000000605e-02,7.485161153811720029e-03,8.178720000000000434e-02,7.275620000000000004e-03,2.739865999999999829e-02,1.758690170021996735e-03
-1.538499999999999979e+01,6.093060000000000143e-02,7.893956270004286874e-03,9.073979999999999546e-02,7.676859999999999760e-03,2.980919999999999750e-02,1.838577203475557243e-03
-1.526399999999999935e+01,4.656828000000000356e-02,7.380975394345926262e-03,7.829629999999999923e-02,7.131939999999999807e-03,3.172801999999999567e-02,1.901112728993207320e-03
-1.514310000000000045e+01,8.734332000000000207e-02,9.168515807392382463e-03,1.215180000000000010e-01,8.952859999999999985e-03,3.417467999999999895e-02,1.976861130885020166e-03
-1.502210000000000001e+01,1.016178200000000115e-01,9.762265014016573497e-03,1.375560000000000116e-01,9.548759999999999887e-03,3.593818000000000012e-02,2.030517339569401589e-03
-1.490109999999999957e+01,8.869682000000000954e-02,9.395508680299964263e-03,1.269710000000000005e-01,9.158269999999999605e-03,3.827417999999999793e-02,2.098016675027155557e-03
-1.478009999999999913e+01,6.229910000000000309e-02,8.523869601735118220e-03,1.031009999999999982e-01,8.243719999999999520e-03,4.080189999999999512e-02,2.167356350253459973e-03
-1.465910000000000046e+01,8.139327999999999841e-02,9.375081670268691630e-03,1.255280000000000007e-01,9.099150000000000293e-03,4.413472000000000228e-02,2.257792196307711625e-03
-1.453810000000000002e+01,1.143973200000000107e-01,1.071142169300172767e-02,1.643370000000000108e-01,1.043750000000000060e-02,4.993968000000000018e-02,2.406896016721120964e-03
-1.441719999999999935e+01,9.724718000000001639e-02,1.041737769226248195e-02,1.536160000000000025e-01,1.009709999999999948e-02,5.636881999999998616e-02,2.563265412174088598e-03
-1.429620000000000068e+01,7.803514000000000284e-02,1.001779974490446708e-02,1.393000000000000071e-01,9.652920000000000597e-03,6.126485999999999738e-02,2.679075811284182575e-03
-1.417520000000000024e+01,9.069425999999999877e-02,1.062424149144662426e-02,1.577999999999999958e-01,1.024689999999999976e-02,6.710573999999999706e-02,2.806340616991458408e-03
-1.405419999999999980e+01,7.548297999999999119e-02,1.038711648378162766e-02,1.489520000000000011e-01,9.962830000000000644e-03,7.346902000000000987e-02,2.938402157422976245e-03
-1.393319999999999936e+01,8.320590000000001318e-02,1.083139377309919570e-02,1.625880000000000103e-01,1.039220000000000074e-02,7.938209999999999711e-02,3.053075535903427250e-03
-1.381220000000000070e+01,1.003529999999999978e-01,1.153004633206146379e-02,1.847509999999999986e-01,1.109160000000000007e-02,8.439800000000000080e-02,3.149345624012073793e-03
-1.369130000000000003e+01,9.810740000000001126e-02,1.181295003498042569e-02,1.914520000000000111e-01,1.133870000000000017e-02,9.334459999999999980e-02,3.313558636714310918e-03
-1.357029999999999959e+01,1.375043400000000027e-01,1.303127806370180976e-02,2.353300000000000114e-01,1.258190000000000003e-02,9.782566000000000872e-02,3.392639144311696518e-03
-1.344929999999999914e+01,1.405953599999999748e-01,1.327484440821752147e-02,2.443799999999999861e-01,1.280659999999999958e-02,1.037846400000000113e-01,3.494637392117242412e-03
-1.332830000000000048e+01,1.389099799999999885e-01,1.323863360635076959e-02,2.429189999999999960e-01,1.276749999999999934e-02,1.040090200000000076e-01,3.500337628458146701e-03
-1.320730000000000004e+01,1.247354799999999958e-01,1.297050682055130716e-02,2.316509999999999958e-01,1.247599999999999924e-02,1.069155200000000000e-01,3.547318872327098836e-03
-1.308629999999999960e+01,1.454188800000000004e-01,1.352448204381668899e-02,2.532780000000000031e-01,1.304680000000000076e-02,1.078591200000000028e-01,3.562670952181803876e-03
-1.296540000000000070e+01,1.564067400000000163e-01,1.392610177246181129e-02,2.690299999999999914e-01,1.344169999999999913e-02,1.126232599999999751e-01,3.641017946531436428e-03
-1.284440000000000026e+01,1.440017399999999892e-01,1.368949935265260237e-02,2.583300000000000041e-01,1.318850000000000057e-02,1.143282600000000010e-01,3.669585845334047934e-03
-1.272339999999999982e+01,1.487633999999999901e-01,1.394812058543587474e-02,2.683969999999999967e-01,1.343270000000000054e-02,1.196336000000000066e-01,3.756679195228147198e-03
-1.260239999999999938e+01,1.652969999999999717e-01,1.441546018397470326e-02,2.877179999999999738e-01,1.390540000000000005e-02,1.224210000000000020e-01,3.800702981786395658e-03
-1.248140000000000072e+01,1.887115999999999794e-01,1.499846114186318899e-02,3.135319999999999774e-01,1.449929999999999969e-02,1.248203999999999841e-01,3.837204208011348906e-03
-1.236040000000000028e+01,1.607684000000000057e-01,1.442056388429717277e-02,2.877190000000000025e-01,1.389149999999999933e-02,1.269505999999999968e-01,3.870257160848100675e-03
-1.223949999999999960e+01,1.527387999999999801e-01,1.434304275681642059e-02,2.830019999999999758e-01,1.379640000000000033e-02,1.302631999999999957e-01,3.922017664909733907e-03
-1.211849999999999916e+01,1.415694000000000119e-01,1.412057536105012882e-02,2.732060000000000044e-01,1.355899999999999987e-02,1.316365999999999925e-01,3.942609228302496396e-03
-1.199750000000000050e+01,1.876994000000000162e-01,1.524785404950322783e-02,3.226220000000000199e-01,1.471579999999999937e-02,1.349226000000000036e-01,3.992778916362888127e-03
-1.187650000000000006e+01,1.587824000000000180e-01,1.476063973652822457e-02,2.991570000000000062e-01,1.418729999999999991e-02,1.403745999999999883e-01,4.073942088637981171e-03
-1.175549999999999962e+01,1.693150000000000210e-01,1.514280258447755004e-02,3.153070000000000039e-01,1.456159999999999920e-02,1.459919999999999829e-01,4.155030150607814075e-03
-1.163449999999999918e+01,1.489468000000000181e-01,1.474505126985158933e-02,2.979390000000000094e-01,1.413569999999999931e-02,1.489921999999999913e-01,4.195059291661084287e-03
-1.151360000000000028e+01,1.577719999999999678e-01,1.496800252709665907e-02,3.077019999999999755e-01,1.436459999999999994e-02,1.499300000000000077e-01,4.207061503136363088e-03
-1.139259999999999984e+01,2.098055999999999810e-01,1.620656629031800786e-02,3.634009999999999740e-01,1.563650000000000109e-02,1.535953999999999930e-01,4.260593699529678993e-03
-1.127159999999999940e+01,1.636788000000000132e-01,1.523198973082203790e-02,3.186080000000000023e-01,1.461870000000000010e-02,1.549291999999999891e-01,4.278682211834386635e-03
-1.115060000000000073e+01,1.860312000000000354e-01,1.570758700321573872e-02,3.404670000000000196e-01,1.511479999999999942e-02,1.544357999999999842e-01,4.274471946754593299e-03
-1.102960000000000029e+01,1.976448000000000094e-01,1.606997210830361095e-02,3.562069999999999959e-01,1.547469999999999922e-02,1.585621999999999865e-01,4.333320144145363928e-03
-1.090859999999999985e+01,2.045177999999999718e-01,1.650487291458253153e-02,3.755299999999999749e-01,1.587840000000000085e-02,1.710122000000000031e-01,4.504136250883181147e-03
-1.078769999999999918e+01,1.840511999999999704e-01,1.624616372566828337e-02,3.607179999999999831e-01,1.558739999999999952e-02,1.766668000000000127e-01,4.579388282425939614e-03
-1.066670000000000051e+01,2.132640000000000091e-01,1.689965178437189200e-02,3.926459999999999950e-01,1.625710000000000002e-02,1.793819999999999859e-01,4.615726380866180291e-03
-1.054570000000000007e+01,2.432495999999999825e-01,1.766727422204115647e-02,4.318339999999999956e-01,1.702129999999999962e-02,1.885844000000000131e-01,4.733700956630023868e-03
-1.042469999999999963e+01,2.299628000000000227e-01,1.754601127580852557e-02,4.235010000000000163e-01,1.687719999999999845e-02,1.935381999999999936e-01,4.798190476710985711e-03
-1.030369999999999919e+01,2.603624000000000493e-01,1.800848532125897544e-02,4.492610000000000214e-01,1.737369999999999887e-02,1.888985999999999721e-01,4.739207937619956124e-03
-1.018280000000000030e+01,2.714855999999999936e-01,1.833761910103925974e-02,4.657060000000000088e-01,1.769679999999999864e-02,1.942203999999999875e-01,4.805366172811391216e-03
-1.006179999999999986e+01,2.901004000000000360e-01,1.882608560746498044e-02,4.908049999999999913e-01,1.818070000000000103e-02,2.007045999999999830e-01,4.887089809856168081e-03
-9.940780000000000172e+00,2.942317999999999878e-01,1.895221728352648738e-02,4.974560000000000093e-01,1.830280000000000101e-02,2.032242000000000215e-01,4.918744974279516506e-03
-9.819800000000000750e+00,3.032781999999999978e-01,1.914432965235398493e-02,5.088249999999999718e-01,1.849430000000000171e-02,2.055467999999999740e-01,4.946334536603847441e-03
-9.698819999999999553e+00,3.270096000000000114e-01,1.976531056037319004e-02,5.416640000000000343e-01,1.910740000000000008e-02,2.146543999999999952e-01,5.057150065797929445e-03
-9.577830000000000510e+00,2.900456000000000145e-01,1.917298627611254552e-02,5.069460000000000077e-01,1.848649999999999946e-02,2.169003999999999655e-01,5.084557059764399992e-03
-9.456849999999999312e+00,3.323802000000000145e-01,1.995319888519131793e-02,5.515780000000000127e-01,1.928710000000000147e-02,2.191978000000000260e-01,5.112525730204201500e-03
-9.335869999999999891e+00,3.188524000000000358e-01,1.974643855138440152e-02,5.384929999999999994e-01,1.907150000000000165e-02,2.196405999999999636e-01,5.118566519407557504e-03
-9.214880000000000848e+00,2.799147999999999636e-01,1.919424804201508641e-02,5.053469999999999906e-01,1.847999999999999990e-02,2.254322000000000270e-01,5.187365217371916679e-03
-9.093899999999999650e+00,3.501826000000000105e-01,2.047894611635081227e-02,5.803430000000000533e-01,1.979670000000000041e-02,2.301604000000000150e-01,5.241936965130351497e-03
-8.972920000000000229e+00,3.154939999999999967e-01,1.994166823679503417e-02,5.471260000000000012e-01,1.923539999999999972e-02,2.316320000000000046e-01,5.260182402388723436e-03
-8.851940000000000808e+00,3.280851999999999657e-01,2.021915940167642173e-02,5.625799999999999690e-01,1.951349999999999960e-02,2.344948000000000032e-01,5.295066067614265064e-03
-8.730949999999999989e+00,3.222019999999999329e-01,2.009399605908192624e-02,5.551469999999999461e-01,1.938830000000000067e-02,2.329450000000000132e-01,5.278494172811029270e-03
-8.609970000000000567e+00,3.561499999999999666e-01,2.055276349918910492e-02,5.848029999999999617e-01,1.987660000000000121e-02,2.286529999999999951e-01,5.228466304146943064e-03
-8.488989999999999370e+00,3.956158000000000174e-01,2.108451984332581144e-02,6.190660000000000052e-01,2.044119999999999965e-02,2.234501999999999877e-01,5.168589709350124121e-03
-8.368000000000000327e+00,3.940584000000000309e-01,2.097000036583690843e-02,6.128010000000000401e-01,2.033700000000000091e-02,2.187425999999999815e-01,5.113447598558138948e-03
-8.247019999999999129e+00,4.033763999999999683e-01,2.090433799460772110e-02,6.110389999999999988e-01,2.030229999999999882e-02,2.076626000000000027e-01,4.980759149246226890e-03
-8.126039999999999708e+00,3.988625999999999561e-01,2.086510770086749331e-02,6.078729999999999967e-01,2.025760000000000061e-02,2.090104000000000128e-01,4.998235849657356802e-03
-8.005050000000000665e+00,4.088439999999999852e-01,2.101265950648798647e-02,6.151630000000000154e-01,2.041719999999999993e-02,2.063190000000000024e-01,4.966870613937915228e-03
-7.884070000000000356e+00,4.691688000000000525e-01,2.194027956904833973e-02,6.760840000000000183e-01,2.136889999999999970e-02,2.069151999999999936e-01,4.974533179907437638e-03
-7.763090000000000046e+00,4.530487999999999738e-01,2.173297433968944883e-02,6.622190000000000021e-01,2.114999999999999866e-02,2.091702000000000283e-01,4.999967364853494765e-03
-7.642100000000000115e+00,4.551832000000000100e-01,2.189833315823832421e-02,6.712200000000000388e-01,2.130080000000000168e-02,2.160368000000000011e-01,5.080641147453734442e-03
-7.521119999999999806e+00,4.316220000000000057e-01,2.153580570235532482e-02,6.485199999999999854e-01,2.092580000000000134e-02,2.168979999999999797e-01,5.089383224871163632e-03
-7.400140000000000384e+00,4.842272000000000243e-01,2.237344666365019552e-02,7.023760000000000003e-01,2.178340000000000137e-02,2.181487999999999761e-01,5.104370681210368063e-03
-7.279149999999999565e+00,5.134000000000000785e-01,2.280913955704598831e-02,7.308860000000000356e-01,2.223260000000000167e-02,2.174859999999999849e-01,5.095914498183815380e-03
-7.158170000000000144e+00,5.336080000000000823e-01,2.308781355125686177e-02,7.497120000000000450e-01,2.252209999999999976e-02,2.161039999999999905e-01,5.079581298453642556e-03
-7.037189999999999834e+00,5.373280000000000278e-01,2.318645834443026910e-02,7.562370000000000481e-01,2.261559999999999959e-02,2.189090000000000202e-01,5.113363589458508156e-03
-6.916199999999999903e+00,5.237903999999999893e-01,2.295662723181260412e-02,7.420600000000000529e-01,2.238139999999999921e-02,2.182696000000000081e-01,5.106825618757702794e-03
-6.795219999999999594e+00,5.017019999999998703e-01,2.272608329727760293e-02,7.243549999999999711e-01,2.213280000000000108e-02,2.226530000000000453e-01,5.158878385346954420e-03
-6.674240000000000173e+00,5.548503999999999658e-01,2.361529462320552733e-02,7.846739999999999826e-01,2.302629999999999955e-02,2.298236000000000168e-01,5.241340329610356084e-03
-6.553259999999999863e+00,5.946388000000000229e-01,2.434879500279223466e-02,8.334650000000000114e-01,2.375470000000000012e-02,2.388262000000000163e-01,5.345843805986104542e-03
-6.432269999999999932e+00,5.642529999999998935e-01,2.397374028482831751e-02,8.068199999999999816e-01,2.336070000000000160e-02,2.425670000000000326e-01,5.386828264795528141e-03
-6.311289999999999623e+00,6.027793999999999652e-01,2.464695876911389069e-02,8.542729999999999491e-01,2.402870000000000006e-02,2.514935999999999838e-01,5.485813784335010108e-03
-6.190310000000000201e+00,6.408432000000000572e-01,2.525091460961364706e-02,8.979260000000000019e-01,2.463409999999999905e-02,2.570827999999999447e-01,5.547053795664866165e-03
-6.069320000000000270e+00,6.675923999999999747e-01,2.568605514423731237e-02,9.275240000000000151e-01,2.507260000000000044e-02,2.599316000000000404e-01,5.580157534765483283e-03
-5.948339999999999961e+00,6.607450000000000268e-01,2.565373424784781614e-02,9.266969999999999930e-01,2.502549999999999913e-02,2.659519999999999662e-01,5.642555326197520003e-03
-5.827359999999999651e+00,7.086946000000000634e-01,2.645713314991630233e-02,9.854629999999999779e-01,2.582370000000000151e-02,2.767683999999999700e-01,5.754686161937938062e-03
-5.706369999999999720e+00,7.590315999999999175e-01,2.710351806780071995e-02,1.038929999999999909e+00,2.648009999999999947e-02,2.798983999999999361e-01,5.779705497825992667e-03
-5.585390000000000299e+00,7.778776000000000579e-01,2.753609301280775593e-02,1.070100000000000051e+00,2.689590000000000036e-02,2.922223999999999933e-01,5.903133201953009515e-03
-5.464409999999999989e+00,7.541747999999999230e-01,2.741237964236596311e-02,1.060349999999999904e+00,2.673959999999999879e-02,3.061752000000000362e-01,6.035921594686266892e-03
-5.343420000000000059e+00,8.091607999999999024e-01,2.823896243889991234e-02,1.126519999999999966e+00,2.756310000000000010e-02,3.173592000000000080e-01,6.141214701962471531e-03
-5.222439999999999749e+00,8.661115999999999815e-01,2.900872867878908148e-02,1.192879999999999940e+00,2.833230000000000123e-02,3.267684000000000144e-01,6.227930335962341725e-03
-5.101460000000000328e+00,8.954189999999999650e-01,2.959015464501664125e-02,1.240879999999999983e+00,2.888980000000000020e-02,3.454609999999999626e-01,6.399742797644292561e-03
-4.980470000000000397e+00,1.001385399999999759e+00,3.093489313434264615e-02,1.363359999999999905e+00,3.023489999999999858e-02,3.619746000000000352e-01,6.543579694876497377e-03
-4.859490000000000087e+00,1.042332000000000036e+00,3.152114144851356908e-02,1.419419999999999904e+00,3.080700000000000105e-02,3.770879999999999788e-01,6.671664651134677319e-03
-4.738509999999999778e+00,1.072707400000000089e+00,3.212611067479535787e-02,1.474890000000000034e+00,3.137970000000000342e-02,4.021826000000000012e-01,6.884868553516471090e-03
-4.617519999999999847e+00,1.223434600000000039e+00,3.401421313533505714e-02,1.661680000000000046e+00,3.324830000000000146e-02,4.382454000000000072e-01,7.177551276445192155e-03
-4.496540000000000425e+00,1.362851199999999929e+00,3.579179096339829558e-02,1.844929999999999959e+00,3.499279999999999752e-02,4.820788000000000295e-01,7.520388854813294180e-03
-4.375560000000000116e+00,1.447434400000000121e+00,3.713786559755958422e-02,1.984499999999999931e+00,3.628259999999999819e-02,5.370655999999999208e-01,7.924266425505897132e-03
-4.254570000000000185e+00,1.638863999999999876e+00,3.948686187896424671e-02,2.251999999999999780e+00,3.857089999999999824e-02,6.131359999999999033e-01,8.455645110717455518e-03
-4.133589999999999876e+00,1.838449400000000011e+00,4.214660577694958471e-02,2.561970000000000081e+00,4.113630000000000064e-02,7.235205999999999582e-01,9.172851292133760853e-03
-4.012609999999999566e+00,2.196428599999999953e+00,4.586923047136937104e-02,3.048750000000000071e+00,4.477740000000000192e-02,8.523213999999998958e-01,9.948404559304974831e-03
-3.891630000000000145e+00,2.499714400000000225e+00,4.927468357724482106e-02,3.515660000000000007e+00,4.806450000000000305e-02,1.015945600000000004e+00,1.085349166801172736e-02
-3.770640000000000214e+00,2.888680999999999610e+00,5.332975912712150518e-02,4.116259999999999586e+00,5.197859999999999980e-02,1.227578999999999976e+00,1.192846807418286928e-02
-3.649659999999999904e+00,3.321331999999999951e+00,5.764844467074198286e-02,4.811020000000000074e+00,5.613089999999999746e-02,1.489687999999999901e+00,1.314021453955756258e-02
-3.528680000000000039e+00,3.952546000000000337e+00,6.311812963100538187e-02,5.757990000000000386e+00,6.143780000000000074e-02,1.805444000000000049e+00,1.446703215163358883e-02
-3.407690000000000108e+00,4.709623999999999810e+00,6.912191643963583321e-02,6.906500000000000306e+00,6.725309999999999622e-02,2.196876000000000495e+00,1.596433126310024819e-02
-3.286709999999999798e+00,5.734074000000000559e+00,7.635178264966706319e-02,8.415850000000000719e+00,7.428410000000000568e-02,2.681776000000000160e+00,1.764843338577110066e-02
-3.165729999999999933e+00,6.853296000000000276e+00,8.353710247765598618e-02,1.006080000000000041e+01,8.127339999999999565e-02,3.207504000000000133e+00,1.931532921806925623e-02
-3.044740000000000002e+00,8.365231999999998891e+00,9.211366763147801895e-02,1.220459999999999923e+01,8.965380000000000571e-02,3.839368000000000336e+00,2.114530468171125707e-02
-2.923760000000000137e+00,1.012499599999999944e+01,1.009327036271673306e-01,1.464499999999999957e+01,9.828589999999999549e-02,4.520004000000000133e+00,2.296285092665107178e-02
-2.802779999999999827e+00,1.261021000000000036e+01,1.115076375480890530e-01,1.788990000000000080e+01,1.087079999999999991e-01,5.279690000000000438e+00,2.482990067551620397e-02
-2.681789999999999896e+00,1.563248600000000188e+01,1.229517833453911274e-01,2.174780000000000157e+01,1.200100000000000056e-01,6.115313999999999695e+00,2.673463910008885835e-02
-2.560810000000000031e+00,1.903431199999999990e+01,1.346745251245000663e-01,2.609339999999999904e+01,1.315729999999999955e-01,7.059088000000000029e+00,2.873627304487483963e-02
-2.439830000000000165e+00,2.329424000000000206e+01,1.476480389798144333e-01,3.140609999999999857e+01,1.443949999999999956e-01,8.111859999999998294e+00,3.082251432937942529e-02
-2.318839999999999790e+00,2.777448199999999545e+01,1.605751646272137456e-01,3.710819999999999652e+01,1.571299999999999919e-01,9.333718000000001069e+00,3.308393258149339156e-02
-2.197859999999999925e+00,3.330026999999999759e+01,1.750131170163551075e-01,4.403340000000000032e+01,1.713719999999999966e-01,1.073312999999999917e+01,3.551378244823268776e-02
-2.076880000000000059e+00,3.990749800000000391e+01,1.909176845329221828e-01,5.229630000000000223e+01,1.870549999999999990e-01,1.238880199999999832e+01,3.820980557935881039e-02
-1.955889999999999906e+00,4.669209999999999638e+01,2.067070405295252655e-01,6.108120000000000260e+01,2.025480000000000058e-01,1.438910000000000267e+01,4.125661523289083504e-02
-1.834910000000000041e+00,5.467905999999999977e+01,2.238856227604961724e-01,7.140240000000000009e+01,2.194039999999999879e-01,1.672334000000000032e+01,4.457192909057448860e-02
-1.713929999999999954e+00,6.280552000000000135e+01,2.407858204930589385e-01,8.219219999999999970e+01,2.359330000000000038e-01,1.938668000000000191e+01,4.809813781754549572e-02
-1.592950000000000088e+00,7.147424000000000888e+01,2.576304539204664623e-01,9.368550000000000466e+01,2.524109999999999965e-01,2.221125999999999934e+01,5.159590939469523713e-02
-1.471959999999999935e+00,7.919769999999999754e+01,2.724167270945747066e-01,1.043169999999999931e+02,2.668119999999999936e-01,2.511930000000000263e+01,5.497481111309069496e-02
-1.350980000000000070e+00,8.864289999999999736e+01,2.882800893993200941e-01,1.163900000000000006e+02,2.824119999999999964e-01,2.774709999999999965e+01,5.786944098641354228e-02
-1.229999999999999982e+00,9.596132000000000062e+01,3.002712801469364368e-01,1.259150000000000063e+02,2.941739999999999911e-01,2.995368000000000208e+01,6.020381553589439910e-02
-1.109010000000000051e+00,1.032322800000000029e+02,3.110539458653434619e-01,1.348050000000000068e+02,3.048390000000000266e-01,3.157272000000000389e+01,6.186874265248971938e-02
-9.880290000000000461e-01,1.113408000000000015e+02,3.218206839075450354e-01,1.439879999999999995e+02,3.156030000000000224e-01,3.264719999999999800e+01,6.295473756374495022e-02
-8.670459999999999834e-01,1.177293200000000013e+02,3.296406624086901105e-01,1.508340000000000032e+02,3.234819999999999918e-01,3.310468000000000188e+01,6.342209385726713111e-02
-7.460630000000000317e-01,1.230318400000000025e+02,3.357720604858599467e-01,1.561500000000000057e+02,3.297229999999999883e-01,3.311816000000000315e+01,6.344777280504020067e-02
-6.250799999999999690e-01,1.259445199999999829e+02,3.386958524544994020e-01,1.586649999999999920e+02,3.327720000000000122e-01,3.272048000000000201e+01,6.306882340649774821e-02
-5.040970000000000173e-01,1.273069999999999879e+02,3.396170172953056898e-01,1.592709999999999866e+02,3.338479999999999781e-01,3.196400000000000574e+01,6.233162385627379065e-02
-3.831129999999999813e-01,1.259550799999999953e+02,3.372627750330000618e-01,1.568729999999999905e+02,3.316470000000000251e-01,3.091791999999999874e+01,6.128985898140082433e-02
-2.621299999999999741e-01,1.224127200000000073e+02,3.320876350239496677e-01,1.520550000000000068e+02,3.266229999999999967e-01,2.964227999999999952e+01,5.999677663674940487e-02
-1.411469999999999947e-01,1.171455199999999905e+02,3.249258135007436210e-01,1.454629999999999939e+02,3.195930000000000160e-01,2.831747999999999976e+01,5.862677400403334266e-02
-2.016389999999999849e-02,1.105632200000000012e+02,3.162452848287227725e-01,1.376200000000000045e+02,3.110109999999999819e-01,2.705677999999999628e+01,5.729954672944630178e-02
1.008190000000000058e-01,1.043006400000000014e+02,3.077041672743481282e-01,1.300999999999999943e+02,3.025740000000000096e-01,2.579935999999999652e+01,5.595381204171884226e-02
2.218019999999999992e-01,9.794826000000000477e+01,2.990360540456618588e-01,1.225969999999999942e+02,2.939890000000000003e-01,2.464873999999999654e+01,5.470858706089931633e-02
3.427859999999999796e-01,9.014968000000000359e+01,2.881206329323882098e-01,1.136320000000000050e+02,2.831239999999999868e-01,2.348232000000000141e+01,5.342564688761382297e-02
4.637689999999999868e-01,8.241724000000000672e+01,2.768441614424259622e-01,1.046640000000000015e+02,2.719099999999999850e-01,2.224675999999999831e+01,5.203500384126055062e-02
5.847520000000000495e-01,7.372893999999999437e+01,2.633555170481149954e-01,9.462139999999999418e+01,2.584759999999999835e-01,2.089245999999999981e+01,5.046073506876410514e-02
7.057350000000000012e-01,6.565138000000000318e+01,2.500892521349927788e-01,8.516710000000000491e+01,2.452820000000000000e-01,1.951571999999999818e+01,4.879932898555060933e-02
8.267179999999999529e-01,5.819993999999999801e+01,2.367159890405791667e-01,7.620980000000000132e+01,2.320230000000000070e-01,1.800985999999999976e+01,4.690188629958927380e-02
9.477010000000000156e-01,5.121722000000000463e+01,2.235029913348436648e-01,6.779850000000000421e+01,2.189210000000000045e-01,1.658127999999999957e+01,4.502424785183201800e-02
1.068680000000000074e+00,4.447171999999999770e+01,2.097524087393506098e-01,5.960869999999999891e+01,2.052900000000000003e-01,1.513697999999999944e+01,4.303590212786993774e-02
1.189670000000000005e+00,3.822293999999999414e+01,1.958515368378966615e-01,5.192669999999999675e+01,1.915209999999999968e-01,1.370375999999999905e+01,4.095767377141919241e-02
1.310650000000000093e+00,3.236886799999999909e+01,1.818068047154220435e-01,4.470589999999999975e+01,1.776030000000000109e-01,1.233703199999999889e+01,3.887015091084159574e-02
1.431629999999999958e+00,2.782228599999999474e+01,1.697487824256138922e-01,3.891449999999999676e+01,1.656980000000000119e-01,1.109221400000000202e+01,3.686220192796952483e-02
1.552619999999999889e+00,2.398776399999999853e+01,1.583556359625220289e-01,3.387180000000000035e+01,1.544850000000000112e-01,9.884036000000000044e+00,3.479787660324692999e-02
1.673599999999999977e+00,2.081021600000000049e+01,1.480963948629742954e-01,2.963950000000000173e+01,1.443979999999999986e-01,8.829284000000001242e+00,3.289011656121029747e-02
1.794580000000000064e+00,1.724251199999999784e+01,1.366148885931910417e-01,2.514310000000000045e+01,1.330250000000000044e-01,7.900588000000000832e+00,3.111233132264440426e-02
1.915569999999999995e+00,1.442860200000000148e+01,1.266238807585456927e-01,2.155870000000000175e+01,1.231259999999999993e-01,7.130097999999999381e+00,2.955664565464762375e-02
2.036550000000000082e+00,1.185582800000000070e+01,1.171586983810147947e-01,1.839049999999999940e+01,1.136899999999999994e-01,6.534671999999998704e+00,2.829742932376720296e-02
2.157529999999999948e+00,9.713193999999999662e+00,1.087323104023730364e-01,1.578040000000000020e+01,1.052580000000000043e-01,6.067206000000000543e+00,2.726662357971738546e-02
2.278519999999999879e+00,7.879064000000000512e+00,1.011304613658812468e-01,1.357910000000000039e+01,9.761620000000000019e-02,5.700035999999999881e+00,2.642816137448839031e-02
2.399500000000000188e+00,6.510831999999998843e+00,9.497787682706536339e-02,1.191159999999999997e+01,9.142609999999999626e-02,5.400768000000001123e+00,2.573063010046975491e-02
2.520480000000000054e+00,5.339249999999999829e+00,8.942861851894615133e-02,1.050070000000000014e+01,8.581619999999999526e-02,5.161450000000000315e+00,2.516063647380964441e-02
2.641469999999999985e+00,4.595495999999999803e+00,8.523058490597844317e-02,9.497279999999999944e+00,8.162439999999999973e-02,4.901784000000000141e+00,2.452977635558873520e-02
2.762449999999999850e+00,4.042192000000000007e+00,8.163514622654387265e-02,8.689719999999999445e+00,7.805860000000000576e-02,4.647527999999999437e+00,2.389878794979360260e-02
2.883430000000000160e+00,3.651058000000000803e+00,7.879296302030530663e-02,8.072430000000000661e+00,7.526099999999999457e-02,4.421371999999999858e+00,2.332622773873221228e-02
3.004420000000000091e+00,3.005348000000000575e+00,7.484578026461612132e-02,7.234270000000000422e+00,7.127970000000000139e-02,4.228921999999999848e+00,2.282750952971436195e-02
3.125399999999999956e+00,2.545784000000000269e+00,7.167342795709998049e-02,6.589080000000000048e+00,6.810410000000000075e-02,4.043295999999999779e+00,2.233633448692063511e-02
3.246379999999999821e+00,2.074994000000001115e+00,6.859764754793272468e-02,5.987510000000000332e+00,6.497970000000000135e-02,3.912515999999999217e+00,2.198353558962707135e-02
3.367360000000000131e+00,1.797017999999999560e+00,6.669699580290254504e-02,5.625989999999999824e+00,6.304740000000000344e-02,3.828972000000000264e+00,2.176039067600579746e-02
3.488350000000000062e+00,1.582963999999999150e+00,6.501902835903347611e-02,5.320389999999999731e+00,6.135779999999999706e-02,3.737426000000000581e+00,2.151033304978795455e-02
3.609329999999999927e+00,1.374341999999999953e+00,6.348997237011211325e-02,5.044740000000000002e+00,5.980080000000000118e-02,3.670398000000000049e+00,2.132699957606789057e-02
3.730309999999999793e+00,1.226639999999999286e+00,6.218612575106122198e-02,4.821659999999999613e+00,5.849139999999999895e-02,3.595020000000000326e+00,2.111564258948327860e-02
3.851300000000000168e+00,1.107995999999999981e+00,6.100347935253201681e-02,4.626389999999999780e+00,5.731130000000000252e-02,3.518393999999999799e+00,2.090070298877049620e-02
3.972280000000000033e+00,1.086710000000000065e+00,6.033765096624826157e-02,4.521110000000000184e+00,5.669069999999999665e-02,3.434400000000000119e+00,2.065905752048723121e-02
4.093259999999999899e+00,1.072089999999999321e+00,5.972822550925818708e-02,4.426529999999999632e+00,5.612720000000000209e-02,3.354440000000000310e+00,2.042543371986994122e-02
4.214249999999999829e+00,9.386339999999995243e-01,5.808740034786201434e-02,4.167889999999999873e+00,5.451679999999999721e-02,3.229256000000000348e+00,2.005154849214394255e-02
4.335230000000000139e+00,8.499900000000000233e-01,5.662994787641606464e-02,3.954380000000000006e+00,5.310390000000000249e-02,3.104389999999999983e+00,1.967045503478757895e-02
4.456209999999999560e+00,8.164480000000002846e-01,5.530559588623559786e-02,3.769000000000000128e+00,5.186840000000000200e-02,2.952551999999999843e+00,1.919317633357230102e-02
4.577200000000000379e+00,8.757299999999998974e-01,5.457394015862882669e-02,3.674640000000000128e+00,5.127110000000000001e-02,2.798910000000000231e+00,1.869730593501641239e-02
4.698179999999999801e+00,9.030879999999994467e-01,5.362317477980951819e-02,3.554339999999999833e+00,5.043620000000000048e-02,2.651252000000000386e+00,1.821083751577614457e-02
4.819160000000000110e+00,7.434959999999999347e-01,5.152017099530629279e-02,3.262509999999999799e+00,4.836220000000000102e-02,2.519013999999999864e+00,1.776022608374116379e-02
4.940150000000000041e+00,7.446759999999996715e-01,5.053921164116828568e-02,3.141529999999999934e+00,4.747309999999999724e-02,2.396854000000000262e+00,1.733541720584768492e-02
5.061130000000000351e+00,6.849739999999999718e-01,4.924704293786988374e-02,2.974000000000000199e+00,4.623680000000000151e-02,2.289026000000000227e+00,1.695374778284730599e-02
5.182109999999999772e+00,6.626759999999998207e-01,4.810912759582738896e-02,2.836669999999999803e+00,4.517850000000000338e-02,2.173993999999999982e+00,1.653454855088581227e-02
5.303099999999999703e+00,6.668179999999996888e-01,4.702007756506575847e-02,2.708969999999999878e+00,4.420140000000000180e-02,2.042152000000000189e+00,1.603508441713981034e-02
5.424080000000000013e+00,5.846320000000002626e-01,4.548743032629123939e-02,2.527730000000000032e+00,4.270840000000000053e-02,1.943097999999999770e+00,1.565563435729130579e-02
5.545060000000000322e+00,6.135880000000000223e-01,4.496942671638143318e-02,2.471410000000000107e+00,4.227910000000000001e-02,1.857822000000000084e+00,1.532080423443886973e-02
5.666050000000000253e+00,5.497599999999998044e-01,4.374521750545995458e-02,2.332580000000000098e+00,4.108559999999999990e-02,1.782820000000000293e+00,1.502057013698215003e-02
5.787029999999999674e+00,4.268759999999998112e-01,4.210091714043768391e-02,2.145750000000000046e+00,3.942919999999999758e-02,1.718874000000000235e+00,1.475890956087203519e-02
5.908009999999999984e+00,4.728379999999998695e-01,4.218638250522080413e-02,2.157669999999999977e+00,3.957059999999999744e-02,1.684832000000000107e+00,1.462390113877962486e-02
6.028990000000000293e+00,4.593619999999996040e-01,4.174327198061981992e-02,2.109449999999999825e+00,3.915029999999999899e-02,1.650088000000000221e+00,1.448291288235899199e-02
6.149980000000000224e+00,5.026520000000000987e-01,4.175258814614968977e-02,2.114619999999999944e+00,3.921829999999999761e-02,1.611967999999999845e+00,1.432492799325706979e-02
6.270959999999999646e+00,5.397059999999997970e-01,4.165222249743223693e-02,2.107479999999999798e+00,3.917930000000000024e-02,1.567774000000000001e+00,1.413824920156664909e-02
6.391939999999999955e+00,4.159279999999998534e-01,4.032867881131242671e-02,1.960469999999999935e+00,3.780399999999999733e-02,1.544542000000000082e+00,1.404492501460936904e-02
6.512929999999999886e+00,3.425580000000001402e-01,3.936376694542329663e-02,1.857830000000000092e+00,3.681969999999999688e-02,1.515271999999999952e+00,1.392177575037035174e-02
6.633910000000000196e+00,4.060880000000000045e-01,3.956567888111613834e-02,1.881879999999999997e+00,3.709939999999999766e-02,1.475791999999999993e+00,1.375054416972651926e-02
6.754889999999999617e+00,4.129280000000001838e-01,3.943622792599211363e-02,1.867839999999999945e+00,3.699380000000000029e-02,1.454911999999999761e+00,1.366289993342555478e-02
6.875880000000000436e+00,3.805279999999999774e-01,3.920640522674324197e-02,1.839339999999999975e+00,3.673819999999999864e-02,1.458811999999999998e+00,1.369112382398172609e-02
6.996859999999999857e+00,3.356559999999999544e-01,3.871799554126736931e-02,1.786680000000000046e+00,3.622650000000000176e-02,1.451024000000000092e+00,1.366469452580627506e-02
7.117840000000000167e+00,3.557060000000000777e-01,3.899553442285410426e-02,1.813749999999999973e+00,3.650719999999999660e-02,1.458043999999999896e+00,1.370678857661414285e-02
7.238830000000000098e+00,4.068220000000000169e-01,3.966970279218134249e-02,1.879250000000000087e+00,3.719900000000000290e-02,1.472428000000000070e+00,1.378113633268316339e-02
7.359810000000000407e+00,2.993919999999998804e-01,3.873105785889148500e-02,1.775789999999999980e+00,3.618590000000000001e-02,1.476398000000000099e+00,1.380852939522525871e-02
7.480789999999999829e+00,3.385579999999999146e-01,3.891987355327352488e-02,1.798389999999999933e+00,3.641470000000000123e-02,1.459832000000000019e+00,1.373776478590312856e-02
7.601779999999999760e+00,3.003780000000002559e-01,3.853685802565123830e-02,1.757260000000000044e+00,3.600779999999999953e-02,1.456881999999999788e+00,1.373054134581735974e-02
7.722760000000000069e+00,3.264300000000002200e-01,3.867096829587281237e-02,1.771200000000000108e+00,3.617070000000000007e-02,1.444769999999999888e+00,1.367933662318462050e-02
7.843740000000000379e+00,3.020100000000001117e-01,3.838278916322782758e-02,1.737910000000000066e+00,3.587529999999999886e-02,1.435899999999999954e+00,1.364556169085025250e-02
7.964730000000000310e+00,2.840139999999999887e-01,3.817292491559953760e-02,1.714839999999999920e+00,3.565759999999999763e-02,1.430825999999999931e+00,1.362746340490408360e-02
8.085710000000000619e+00,2.177439999999999376e-01,3.741082527298749544e-02,1.638719999999999954e+00,3.485509999999999997e-02,1.420976000000000017e+00,1.359013802711363239e-02
8.206690000000000040e+00,3.411179999999998103e-01,3.817789087023535505e-02,1.719889999999999919e+00,3.575040000000000162e-02,1.378772000000000109e+00,1.339627751054747219e-02
8.327669999999999462e+00,2.812980000000000480e-01,3.694753897333894616e-02,1.601639999999999953e+00,3.453910000000000313e-02,1.320341999999999905e+00,1.312140264515954981e-02
8.448660000000000281e+00,2.771760000000000890e-01,3.596521468584332193e-02,1.515740000000000087e+00,3.364110000000000017e-02,1.238563999999999998e+00,1.271900382061425319e-02
8.569639999999999702e+00,3.217819999999997904e-01,3.533364415564293343e-02,1.469700000000000006e+00,3.313850000000000129e-02,1.147918000000000216e+00,1.225994400752303606e-02
8.690619999999999123e+00,3.105441999999998259e-01,3.413863885179373170e-02,1.371499999999999941e+00,3.203460000000000335e-02,1.060955800000000115e+00,1.179962141313016868e-02
8.811609999999999943e+00,3.513260000000000272e-01,3.377509075065231875e-02,1.344540000000000068e+00,3.178179999999999894e-02,9.932140000000000413e-01,1.143127044447816466e-02
8.932589999999999364e+00,2.909161999999999582e-01,3.241018319381117063e-02,1.229749999999999899e+00,3.044020000000000059e-02,9.388337999999999406e-01,1.112718286972942845e-02
9.053570000000000562e+00,2.569791999999999632e-01,3.159505239284150779e-02,1.163540000000000019e+00,2.963740000000000124e-02,9.065608000000000555e-01,1.094860068439798377e-02
9.174559999999999604e+00,1.659084000000001780e-01,3.008380738961742573e-02,1.043800000000000061e+00,2.808470000000000064e-02,8.778915999999998832e-01,1.078355660093644613e-02
9.295540000000000802e+00,2.050878000000000423e-01,3.034297973775153257e-02,1.064480000000000093e+00,2.840140000000000026e-02,8.593922000000000505e-01,1.067974238479561799e-02
9.416520000000000223e+00,1.603815999999999020e-01,2.928470047406324384e-02,9.856719999999999926e-01,2.734740000000000087e-02,8.252904000000000906e-01,1.047441621741278597e-02
9.537509999999999266e+00,1.584478000000000275e-01,2.864231733186405407e-02,9.413529999999999953e-01,2.676009999999999847e-02,7.829051999999999678e-01,1.021172806772683260e-02
9.658490000000000464e+00,2.165816000000000408e-01,2.866980446503254384e-02,9.507590000000000208e-01,2.690680000000000155e-02,7.341773999999999800e-01,9.898575747207271486e-03
9.779469999999999885e+00,1.967227999999999755e-01,2.766627184145344781e-02,8.830519999999999481e-01,2.595379999999999909e-02,6.863291999999999726e-01,9.582424701775641915e-03
9.900460000000000704e+00,2.216253999999999724e-01,2.691338148694065804e-02,8.381260000000000376e-01,2.533060000000000173e-02,6.165006000000000652e-01,9.093448559353047023e-03
1.002139999999999986e+01,1.901591999999999727e-01,2.577721053391153830e-02,7.661679999999999602e-01,2.422759999999999844e-02,5.760087999999999875e-01,8.802725779529884179e-03
1.014240000000000030e+01,1.479498000000001312e-01,2.457579706047395215e-02,6.910030000000000339e-01,2.303840000000000054e-02,5.430531999999999027e-01,8.555812445209396572e-03
1.026340000000000074e+01,1.730749999999999789e-01,2.429022131606873441e-02,6.777800000000000491e-01,2.284419999999999853e-02,5.047050000000000702e-01,8.255748175883273476e-03
1.038439999999999941e+01,1.891728000000000298e-01,2.381206102713496683e-02,6.538329999999999975e-01,2.245379999999999945e-02,4.646601999999999677e-01,7.927238858518141640e-03
1.050539999999999985e+01,2.282236000000000264e-01,2.418666962178133220e-02,6.788330000000000197e-01,2.289079999999999934e-02,4.506093999999999933e-01,7.810650597306218954e-03
1.062640000000000029e+01,1.960165999999999853e-01,2.318056335586346148e-02,6.211600000000000454e-01,2.190239999999999895e-02,4.251434000000000601e-01,7.591007293844473369e-03
1.074729999999999919e+01,1.812384000000000217e-01,2.263879769972778136e-02,5.912110000000000420e-01,2.137489999999999876e-02,4.099726000000000203e-01,7.458472449449686514e-03
1.086829999999999963e+01,1.561520000000000685e-01,2.207009390657865139e-02,5.582240000000000535e-01,2.079560000000000089e-02,4.020719999999999850e-01,7.391350734825130955e-03
1.098930000000000007e+01,1.883246000000000642e-01,2.257905816909996574e-02,5.877750000000000474e-01,2.134109999999999827e-02,3.994503999999999833e-01,7.373690974918870045e-03
1.111030000000000051e+01,1.460433999999999899e-01,2.152697415587244076e-02,5.290709999999999580e-01,2.027810000000000029e-02,3.830275999999999681e-01,7.225598708591558436e-03
1.123129999999999917e+01,2.050365999999999578e-01,2.232032262778474788e-02,5.750619999999999621e-01,2.115879999999999844e-02,3.700254000000000043e-01,7.106474848221163224e-03
1.135229999999999961e+01,1.884512000000000409e-01,2.170496379847706644e-02,5.421650000000000080e-01,2.056099999999999942e-02,3.537137999999999671e-01,6.953469097738191988e-03
1.147320000000000029e+01,1.895035999999999943e-01,2.162213995294637661e-02,5.371160000000000379e-01,2.049199999999999980e-02,3.476124000000000436e-01,6.898903691515051451e-03
1.159420000000000073e+01,1.728295999999999721e-01,2.106449574945481323e-02,5.086650000000000338e-01,1.994169999999999970e-02,3.358354000000000616e-01,6.785394777667692542e-03
1.171519999999999939e+01,2.085329999999999684e-01,2.161868424383870876e-02,5.390719999999999956e-01,2.054220000000000004e-02,3.305390000000000272e-01,6.736878178711561138e-03
1.183619999999999983e+01,1.927578000000000347e-01,2.115217428055092205e-02,5.147350000000000536e-01,2.007830000000000031e-02,3.219772000000000189e-01,6.654047332623956763e-03
1.195720000000000027e+01,1.621618000000000226e-01,2.046338811895039023e-02,4.780110000000000192e-01,1.937109999999999874e-02,3.158491999999999966e-01,6.596266981922426116e-03
1.207820000000000071e+01,1.823685999999999363e-01,2.061577153653968916e-02,4.876449999999999951e-01,1.956739999999999868e-02,3.052764000000000588e-01,6.490523344600186706e-03
1.219909999999999961e+01,1.743063999999999725e-01,2.057920769166781891e-02,4.830579999999999874e-01,1.951479999999999881e-02,3.087516000000000149e-01,6.532715375462181881e-03
1.232010000000000005e+01,2.066575999999999413e-01,2.116084794797221461e-02,5.136579999999999480e-01,2.013119999999999840e-02,3.070004000000000066e-01,6.520450324724512588e-03
1.244110000000000049e+01,1.463921999999999168e-01,2.008495915182303623e-02,4.560949999999999727e-01,1.898599999999999940e-02,3.097028000000000558e-01,6.552662674852109854e-03
1.256209999999999916e+01,1.639707999999999721e-01,2.042416606998679815e-02,4.725019999999999776e-01,1.934690000000000021e-02,3.085312000000000054e-01,6.545534358965659702e-03
1.268309999999999960e+01,1.582264000000000448e-01,2.035607407548911327e-02,4.687169999999999948e-01,1.926570000000000019e-02,3.104905999999999500e-01,6.572865073679818107e-03
1.280410000000000004e+01,1.750030000000000197e-01,2.064619933505438057e-02,4.831420000000000159e-01,1.957829999999999987e-02,3.081389999999999962e-01,6.554061038226604088e-03
1.292500000000000071e+01,1.986236000000000113e-01,2.113336742081583369e-02,5.073630000000000084e-01,2.008810000000000109e-02,3.087393999999999972e-01,6.564103665634783355e-03
1.304599999999999937e+01,1.886644000000000099e-01,2.093326627241912097e-02,4.966059999999999919e-01,1.987900000000000084e-02,3.079415999999999820e-01,6.559496614222770465e-03
1.316699999999999982e+01,1.566075999999999580e-01,2.035705522004594911e-02,4.655070000000000041e-01,1.926539999999999850e-02,3.088994000000000462e-01,6.576781893297055544e-03
1.328800000000000026e+01,1.646531999999999440e-01,2.039814992402987429e-02,4.675699999999999856e-01,1.932909999999999837e-02,3.029168000000000416e-01,6.516932830189367358e-03
1.340900000000000070e+01,1.550614000000000159e-01,2.009485951464204737e-02,4.528099999999999903e-01,1.902670000000000056e-02,2.977485999999999744e-01,6.464368957848863444e-03
1.352999999999999936e+01,1.280752000000000557e-01,1.939618260896715934e-02,4.186860000000000026e-01,1.831280000000000061e-02,2.906107999999999469e-01,6.391655181594201041e-03
1.365090000000000003e+01,1.436033999999999922e-01,1.956368641630712446e-02,4.272349999999999759e-01,1.851459999999999911e-02,2.836315999999999837e-01,6.320396588474492920e-03
1.377190000000000047e+01,1.792730000000000157e-01,2.004182772236105109e-02,4.522410000000000041e-01,1.905739999999999865e-02,2.729679999999999884e-01,6.204060258637080459e-03
1.389289999999999914e+01,1.404353999999999880e-01,1.892140624132360865e-02,3.994130000000000180e-01,1.792909999999999990e-02,2.589776000000000300e-01,6.047064357124041709e-03
1.401389999999999958e+01,1.574442000000000064e-01,1.900052916186283428e-02,4.050549999999999984e-01,1.805510000000000101e-02,2.476107999999999920e-01,5.918908042941704514e-03
1.413490000000000002e+01,1.975764000000000131e-01,1.968752256041374216e-02,4.392960000000000198e-01,1.879760000000000111e-02,2.417196000000000067e-01,5.852245620853588001e-03
1.425590000000000046e+01,1.711137999999999826e-01,1.910868819759221210e-02,4.107230000000000047e-01,1.819739999999999899e-02,2.396092000000000222e-01,5.830660157546485069e-03
1.437679999999999936e+01,1.923727999999999827e-01,1.934847842686344271e-02,4.230689999999999729e-01,1.848220000000000071e-02,2.306961999999999902e-01,5.724674715195615313e-03
1.449779999999999980e+01,2.082207999999999837e-01,1.962979603676003396e-02,4.361979999999999746e-01,1.878559999999999952e-02,2.279771999999999910e-01,5.694745392447322224e-03
1.461880000000000024e+01,1.701329999999999787e-01,1.861355173026362289e-02,3.888889999999999847e-01,1.775749999999999898e-02,2.187560000000000060e-01,5.579919512430264045e-03
1.473980000000000068e+01,1.919607999999999870e-01,1.900016090935021523e-02,4.074710000000000276e-01,1.817430000000000087e-02,2.155102000000000406e-01,5.540842362962513160e-03
1.486079999999999934e+01,1.900915999999999717e-01,1.859867253611396931e-02,3.908749999999999725e-01,1.781260000000000135e-02,2.007834000000000008e-01,5.349944050698099939e-03
1.498170000000000002e+01,1.589380000000000237e-01,1.779362804600568074e-02,3.554450000000000109e-01,1.698759999999999853e-02,1.965069999999999872e-01,5.294775281312702128e-03
1.510270000000000046e+01,1.763699999999999990e-01,1.803679864075662456e-02,3.668299999999999894e-01,1.726700000000000110e-02,1.904599999999999904e-01,5.213138805671684722e-03
1.522369999999999912e+01,1.925860000000000349e-01,1.833355276023717131e-02,3.793250000000000233e-01,1.759130000000000069e-02,1.867389999999999883e-01,5.163847511536335047e-03
1.534469999999999956e+01,1.921377999999999975e-01,1.819687132922580275e-02,3.742719999999999936e-01,1.746670000000000167e-02,1.821341999999999961e-01,5.102991013356774318e-03
1.546570000000000000e+01,1.721732000000000540e-01,1.775626029773161307e-02,3.549010000000000220e-01,1.700389999999999888e-02,1.827277999999999680e-01,5.113918707879507031e-03
1.558670000000000044e+01,1.921810000000000185e-01,1.813696707692882132e-02,3.712489999999999957e-01,1.741619999999999974e-02,1.790679999999999772e-01,5.062168735789039642e-03
1.570759999999999934e+01,2.052152000000000420e-01,1.850413447177684176e-02,3.868750000000000244e-01,1.778700000000000073e-02,1.816597999999999824e-01,5.101531490601621255e-03
1.582859999999999978e+01,1.818413999999999586e-01,1.787802533764844964e-02,3.596309999999999785e-01,1.714989999999999917e-02,1.777896000000000198e-01,5.050219793593145948e-03
1.594960000000000022e+01,2.289798000000000111e-01,1.873724952143190209e-02,3.973249999999999837e-01,1.808070000000000163e-02,1.683451999999999726e-01,4.916584906050134110e-03
1.607059999999999889e+01,2.312956000000000178e-01,1.865837148259193515e-02,3.947599999999999998e-01,1.801689999999999889e-02,1.634643999999999819e-01,4.850375322838430120e-03
1.619160000000000110e+01,2.036408000000000107e-01,1.802752052234582805e-02,3.660990000000000077e-01,1.736549999999999899e-02,1.624581999999999971e-01,4.840548102601605236e-03
1.631259999999999977e+01,1.854228000000000265e-01,1.745384442097499406e-02,3.421330000000000204e-01,1.679270000000000068e-02,1.567101999999999939e-01,4.758351792543296689e-03
1.643349999999999866e+01,2.029806000000000388e-01,1.790870266581027354e-02,3.607600000000000251e-01,1.725969999999999935e-02,1.577793999999999863e-01,4.777487528230712176e-03
1.655450000000000088e+01,2.008609999999999840e-01,1.793573968448472153e-02,3.618049999999999877e-01,1.727350000000000066e-02,1.609440000000000037e-01,4.828763379955576356e-03
1.667549999999999955e+01,1.852586000000000510e-01,1.758787763764576434e-02,3.455250000000000266e-01,1.691459999999999839e-02,1.602663999999999755e-01,4.819724746995412631e-03
1.679650000000000176e+01,1.969406000000000212e-01,1.777944640723101710e-02,3.540170000000000261e-01,1.712599999999999886e-02,1.570764000000000049e-01,4.775859979898908030e-03
1.691750000000000043e+01,1.840386000000000521e-01,1.748061382430262517e-02,3.404440000000000244e-01,1.681799999999999962e-02,1.564053999999999722e-01,4.767256619314718530e-03
1.703849999999999909e+01,1.901456000000000257e-01,1.755223040175806284e-02,3.437729999999999952e-01,1.690310000000000076e-02,1.536273999999999695e-01,4.729270817620831110e-03
1.715940000000000154e+01,2.333165999999999574e-01,1.841923628163133139e-02,3.810339999999999838e-01,1.782479999999999828e-02,1.477174000000000265e-01,4.641634427501158122e-03
1.728040000000000020e+01,2.313464000000000076e-01,1.824092184088742935e-02,3.737929999999999864e-01,1.766080000000000080e-02,1.424465999999999788e-01,4.563701673572014006e-03
1.740139999999999887e+01,2.430709999999999815e-01,1.840824895852258974e-02,3.813849999999999740e-01,1.784960000000000019e-02,1.383139999999999925e-01,4.500601021968955208e-03
1.752240000000000109e+01,2.491671999999999776e-01,1.831486269332773323e-02,3.784429999999999739e-01,1.778899999999999926e-02,1.292757999999999963e-01,4.357255383317346596e-03
1.764339999999999975e+01,2.335119999999999973e-01,1.792560494810560220e-02,3.607819999999999916e-01,1.739519999999999955e-02,1.272699999999999942e-01,4.328317192113812634e-03
1.776439999999999841e+01,2.587864000000000275e-01,1.833428784126124589e-02,3.792820000000000080e-01,1.784310000000000063e-02,1.204955999999999944e-01,4.215435094532947458e-03
1.788530000000000086e+01,2.511180000000000079e-01,1.806196837557401749e-02,3.682840000000000003e-01,1.757639999999999897e-02,1.171659999999999924e-01,4.159911614474038136e-03
1.800629999999999953e+01,2.557661999999999991e-01,1.811368513063689109e-02,3.691769999999999774e-01,1.764459999999999987e-02,1.134107999999999922e-01,4.095568318543349635e-03
1.812730000000000175e+01,2.401010000000000089e-01,1.776552034353500245e-02,3.542089999999999961e-01,1.728309999999999916e-02,1.141079999999999872e-01,4.111954215036446245e-03
1.824830000000000041e+01,2.796528000000000347e-01,1.858656366066175486e-02,3.893710000000000226e-01,1.814340000000000050e-02,1.097181999999999880e-01,4.034524154325017445e-03
1.836929999999999907e+01,2.556458600000000025e-01,1.799905394694654645e-02,3.641530000000000045e-01,1.754570000000000088e-02,1.085071399999999880e-01,4.014268861834244251e-03
1.849030000000000129e+01,2.238713200000000125e-01,1.717866251086271404e-02,3.296370000000000133e-01,1.671490000000000128e-02,1.057656800000000008e-01,3.964664380766674823e-03
1.861120000000000019e+01,2.565747199999999784e-01,1.794193716267605473e-02,3.609569999999999723e-01,1.750350000000000170e-02,1.043822800000000078e-01,3.942156376834383621e-03
1.873219999999999885e+01,3.291843200000000302e-01,1.951433638595532691e-02,4.308600000000000207e-01,1.912209999999999951e-02,1.016756800000000044e-01,3.892893034006970985e-03
1.885320000000000107e+01,2.731740000000000279e-01,1.824543939617920274e-02,3.721140000000000003e-01,1.783650000000000166e-02,9.894000000000000017e-02,3.841266263831238405e-03
1.897419999999999973e+01,2.770415400000000306e-01,1.835600566297897196e-02,3.780290000000000039e-01,1.794060000000000099e-02,1.009874599999999872e-01,3.883016293980235539e-03
1.909519999999999840e+01,2.777171400000000290e-01,1.828564297069894956e-02,3.764190000000000036e-01,1.787729999999999875e-02,9.870186000000000237e-02,3.842770297828377972e-03
1.921620000000000061e+01,2.735745599999999667e-01,1.816134989719068310e-02,3.700379999999999781e-01,1.775900000000000048e-02,9.646343999999999752e-02,3.801650837226901690e-03
1.933709999999999951e+01,3.131238599999999761e-01,1.901932991094975461e-02,4.064749999999999752e-01,1.864729999999999860e-02,9.335114000000001300e-02,3.743409271178881059e-03
1.945810000000000173e+01,3.273997200000000052e-01,1.931175565366152758e-02,4.200780000000000070e-01,1.894730000000000025e-02,9.267828000000000177e-02,3.734130305268952479e-03
1.957910000000000039e+01,3.333493199999999490e-01,1.948617988469828269e-02,4.274749999999999939e-01,1.911859999999999948e-02,9.412568000000001711e-02,3.767006840824688348e-03
1.970009999999999906e+01,3.101732200000000272e-01,1.897332938019113263e-02,4.041569999999999885e-01,1.859620000000000023e-02,9.398377999999998900e-02,3.764116540335062794e-03
1.982110000000000127e+01,3.158084199999999786e-01,1.914259532979277131e-02,4.110849999999999782e-01,1.876330000000000012e-02,9.527657999999999960e-02,3.791771231259080666e-03
1.994209999999999994e+01,3.231591200000000219e-01,1.942772099418344292e-02,4.212640000000000273e-01,1.904240000000000099e-02,9.810488000000000541e-02,3.850109773478673468e-03
2.006299999999999883e+01,3.027621200000000234e-01,1.886632621688578634e-02,3.974989999999999912e-01,1.848280000000000062e-02,9.473687999999999554e-02,3.784754824549670278e-03
2.018400000000000105e+01,2.950595599999999985e-01,1.853796536742832735e-02,3.837139999999999995e-01,1.817250000000000115e-02,8.865444000000000102e-02,3.662840934844428104e-03
2.030499999999999972e+01,3.164162999999999837e-01,1.905437642658682970e-02,4.058160000000000101e-01,1.869519999999999862e-02,8.939969999999999861e-02,3.682221878983937997e-03
2.042599999999999838e+01,3.078428000000000275e-01,1.884729614889021562e-02,3.962820000000000231e-01,1.848750000000000046e-02,8.843920000000000947e-02,3.665094251717409320e-03
2.054700000000000060e+01,3.168850400000000067e-01,1.900182955686036124e-02,4.033390000000000031e-01,1.865270000000000122e-02,8.645396000000001024e-02,3.625783945296796179e-03
2.066799999999999926e+01,3.287997000000000281e-01,1.942020697701741724e-02,4.199950000000000072e-01,1.905940000000000065e-02,9.119529999999999303e-02,3.726085166793158786e-03
2.078890000000000171e+01,3.175736000000000114e-01,1.923010714905780405e-02,4.099050000000000193e-01,1.886039999999999939e-02,9.233139999999999403e-02,3.752643442194314970e-03
2.090990000000000038e+01,3.205843999999999916e-01,1.929137815593121377e-02,4.129590000000000205e-01,1.892229999999999954e-02,9.237460000000000115e-02,3.755507138209165843e-03
2.103089999999999904e+01,3.309468600000000094e-01,1.951293188150556024e-02,4.231380000000000141e-01,1.914860000000000173e-02,9.219114000000000475e-02,3.753082553352110693e-03
2.115190000000000126e+01,3.337340799999999885e-01,1.959315607022248107e-02,4.255720000000000058e-01,1.923129999999999978e-02,9.183792000000000344e-02,3.748181572722430847e-03
2.127289999999999992e+01,3.497262199999999766e-01,1.993045801872169592e-02,4.408739999999999881e-01,1.957669999999999896e-02,9.114777999999999769e-02,3.738445391607051003e-03
2.139389999999999858e+01,3.510934799999999578e-01,1.989756609765797740e-02,4.390569999999999751e-01,1.955580000000000165e-02,8.796351999999998950e-02,3.672032539434801936e-03
2.151480000000000103e+01,3.786782800000000337e-01,2.050067349421740362e-02,4.666250000000000120e-01,2.016890000000000002e-02,8.794672000000000600e-02,3.673293686394813601e-03
2.163579999999999970e+01,3.506406399999999479e-01,1.985389344210621021e-02,4.363949999999999774e-01,1.951939999999999925e-02,8.575436000000000170e-02,3.629064404293205672e-03
2.175679999999999836e+01,3.723415199999999814e-01,2.025791866966821300e-02,4.547220000000000151e-01,1.994299999999999892e-02,8.238048000000000592e-02,3.558092161101508114e-03
2.187780000000000058e+01,3.549176800000000132e-01,1.985018617231616711e-02,4.359689999999999954e-01,1.953389999999999987e-02,8.105131999999999615e-02,3.529396813282972833e-03
2.199879999999999924e+01,4.106038399999999977e-01,2.105942188512894761e-02,4.922570000000000001e-01,2.075870000000000146e-02,8.165316000000000241e-02,3.546212690441451817e-03
2.211980000000000146e+01,3.912487600000000287e-01,2.062044536722502583e-02,4.713800000000000212e-01,2.031880000000000144e-02,8.013124000000000635e-02,3.514133421302042311e-03
2.224070000000000036e+01,3.714937600000000062e-01,2.023737147462436464e-02,4.521680000000000144e-01,1.992729999999999849e-02,8.067423999999999429e-02,3.529011038795429843e-03
2.236169999999999902e+01,3.617555000000000076e-01,2.004599769717845675e-02,4.429779999999999829e-01,1.973029999999999923e-02,8.122250000000000303e-02,3.543626050429700587e-03
2.248270000000000124e+01,3.814652000000000043e-01,2.051052503682701880e-02,4.631170000000000009e-01,2.019989999999999980e-02,8.165180000000001048e-02,3.556076106652949955e-03
2.260369999999999990e+01,3.835761999999999783e-01,2.055630048032738855e-02,4.650929999999999787e-01,2.024660000000000001e-02,8.151680000000000037e-02,3.554810526245808042e-03
2.272469999999999857e+01,3.850444000000000089e-01,2.058912981347545829e-02,4.661190000000000055e-01,2.028129999999999863e-02,8.107459999999999667e-02,3.546989820417307399e-03
2.284570000000000078e+01,3.796924999999999883e-01,2.055755366955358196e-02,4.637350000000000083e-01,2.023739999999999914e-02,8.404250000000000609e-02,3.613952699825497168e-03
2.296659999999999968e+01,3.824560000000000182e-01,2.067259067757150001e-02,4.682439999999999936e-01,2.034690000000000110e-02,8.578800000000000314e-02,3.655087647706412816e-03
2.308759999999999835e+01,3.885119599999999895e-01,2.070512425767147974e-02,4.699849999999999861e-01,2.039569999999999925e-02,8.147303999999999657e-02,3.566173304203821594e-03
2.320860000000000056e+01,4.269564800000000271e-01,2.151656017963875234e-02,5.088310000000000333e-01,2.121740000000000084e-02,8.187451999999999230e-02,3.575513837760385585e-03
2.332959999999999923e+01,4.252735599999999949e-01,2.156837165409285217e-02,5.084009999999999918e-01,2.126439999999999927e-02,8.312743999999999689e-02,3.608316567192518080e-03
2.345060000000000144e+01,3.930658599999999891e-01,2.084702724037842264e-02,4.747250000000000081e-01,2.053769999999999901e-02,8.165913999999999118e-02,3.577907694600295646e-03
2.357160000000000011e+01,3.917853399999999819e-01,2.083377337311453220e-02,4.740690000000000182e-01,2.052150000000000155e-02,8.228366000000000846e-02,3.593626401324433693e-03
2.369249999999999901e+01,3.577790200000000587e-01,2.016445356111292928e-02,4.416530000000000178e-01,1.983499999999999847e-02,8.387397999999998688e-02,3.630146335656456950e-03
2.381350000000000122e+01,3.823522799999999888e-01,2.073666258695366568e-02,4.670940000000000092e-01,2.041209999999999899e-02,8.474171999999999261e-02,3.654497070071886268e-03
2.393449999999999989e+01,4.062776799999999744e-01,2.128409002961846250e-02,4.907340000000000035e-01,2.093760000000000066e-02,8.445632000000000139e-02,3.824839163795517964e-03
2.405549999999999855e+01,3.988545600000000246e-01,2.108339364315204439e-02,4.829350000000000032e-01,2.078299999999999939e-02,8.408043999999999241e-02,3.546321828613979796e-03
2.415630000000000166e+01,3.995954200000000345e-01,2.569392202484898843e-02,4.827960000000000029e-01,2.548879999999999896e-02,8.320057999999999621e-02,3.240170300928641063e-03
2.425710000000000122e+01,4.234695600000000226e-01,1.141876935282747606e-02,5.070230000000000015e-01,1.103290000000000000e-02,8.355344000000000659e-02,2.943367310254022678e-03
2.437839999999999918e+01,4.281695200000000257e-01,1.134038876298974242e-02,5.110080000000000178e-01,1.103980000000000065e-02,8.283848000000000600e-02,2.593691048630117693e-03
2.450029999999999930e+01,4.357972399999999746e-01,1.124119298002414051e-02,5.180719999999999770e-01,1.108720000000000018e-02,8.227476000000000234e-02,1.854296571248515140e-03
2.462280000000000157e+01,4.580455800000000632e-01,1.142768321986079548e-02,5.393320000000000336e-01,1.127889999999999969e-02,8.128641999999999812e-02,1.838031164993673191e-03
2.474589999999999890e+01,4.636134600000000328e-01,1.143579518777282193e-02,5.444630000000000303e-01,1.128870000000000047e-02,8.084953999999999752e-02,1.828295349960722040e-03
2.486959999999999837e+01,4.402992600000000256e-01,1.119165606812575278e-02,5.214830000000000298e-01,1.104149999999999923e-02,8.118373999999999036e-02,1.827140743680135803e-03
2.499399999999999977e+01,4.336304199999999609e-01,1.108744932600027634e-02,5.156359999999999832e-01,1.093489999999999913e-02,8.200558000000000847e-02,1.832892399085117845e-03
2.511899999999999977e+01,4.563197399999999737e-01,1.127884958534122913e-02,5.368469999999999631e-01,1.113220000000000008e-02,8.052725999999998940e-02,1.812890269363261891e-03
2.524459999999999837e+01,4.685268400000000000e-01,1.136946162200972409e-02,5.487950000000000328e-01,1.122539999999999996e-02,8.026816000000000506e-02,1.804176381164546757e-03
2.537079999999999913e+01,4.463467200000000301e-01,1.109254172273965548e-02,5.260000000000000231e-01,1.094690000000000073e-02,7.965328000000000686e-02,1.791608847019906994e-03
2.549759999999999849e+01,4.732821999999999862e-01,1.134344199556995038e-02,5.528579999999999606e-01,1.120209999999999956e-02,7.957580000000000209e-02,1.785113973072868006e-03
2.562509999999999977e+01,4.531363400000000263e-01,1.111516771266326739e-02,5.328190000000000426e-01,1.097150000000000035e-02,7.968266000000000238e-02,1.781331252359313498e-03
2.575329999999999941e+01,4.719186799999999793e-01,1.130630778420665603e-02,5.540629999999999722e-01,1.116160000000000069e-02,8.214432000000000678e-02,1.803130930135690268e-03
2.588200000000000145e+01,4.655597200000000102e-01,1.119766280289561169e-02,5.469060000000000032e-01,1.105350000000000082e-02,8.134628000000000692e-02,1.791030428929670740e-03
2.601139999999999830e+01,4.665551400000000348e-01,1.118491643930753614e-02,5.486020000000000341e-01,1.103999999999999947e-02,8.204686000000001311e-02,1.794646414838310406e-03
2.614150000000000063e+01,4.781135200000000141e-01,1.127487397705499890e-02,5.613620000000000276e-01,1.112980000000000046e-02,8.324847999999999970e-02,1.802868591570666590e-03
2.627220000000000155e+01,4.502518199999999693e-01,1.099530687339539403e-02,5.339990000000000014e-01,1.084640000000000083e-02,8.374718000000000440e-02,1.803435687829205419e-03
2.640360000000000085e+01,4.833556600000000758e-01,1.128580516988202977e-02,5.669110000000000538e-01,1.114169999999999917e-02,8.355534000000000572e-02,1.797753999449312832e-03
2.653559999999999874e+01,4.835396599999999823e-01,1.125510989120479324e-02,5.672329999999999872e-01,1.111099999999999935e-02,8.369334000000000495e-02,1.795321047360610555e-03
2.666819999999999879e+01,4.786250400000000571e-01,1.117330579326333492e-02,5.615630000000000344e-01,1.103020000000000042e-02,8.293796000000000501e-02,1.782540409015178490e-03
2.680160000000000053e+01,4.937196200000000257e-01,1.127854707663464989e-02,5.750720000000000276e-01,1.114030000000000055e-02,8.135238000000000191e-02,1.760494268625717408e-03
2.693560000000000088e+01,4.891550400000000409e-01,1.120721546775558207e-02,5.698910000000000364e-01,1.106999999999999998e-02,8.073595999999999551e-02,1.748364533128031386e-03
2.707029999999999959e+01,4.948235599999999401e-01,1.121288381792623183e-02,5.743669999999999609e-01,1.107859999999999921e-02,7.954343999999999304e-02,1.730140327924876726e-03
2.720560000000000045e+01,4.823133199999999898e-01,1.108022098662495188e-02,5.625879999999999770e-01,1.094380000000000006e-02,8.027468000000000103e-02,1.733360514273934614e-03
2.734169999999999945e+01,4.826688400000000434e-01,1.104683055316446963e-02,5.625440000000000440e-01,1.091130000000000051e-02,7.987516000000000060e-02,1.725107990917670213e-03
2.747840000000000060e+01,4.819658999999999471e-01,1.103100441561003127e-02,5.626809999999999867e-01,1.089440000000000026e-02,8.071510000000001184e-02,1.730637760251404946e-03
2.761580000000000013e+01,5.074003599999999947e-01,1.124758006687980906e-02,5.878280000000000172e-01,1.111469999999999993e-02,8.042763999999999469e-02,1.723804301790664295e-03
2.775379999999999825e+01,5.216884000000000521e-01,1.135453448506542652e-02,6.031549999999999967e-01,1.122169999999999938e-02,8.146659999999998625e-02,1.731733952586251039e-03
2.789260000000000161e+01,4.855491200000000007e-01,1.098417058132783973e-02,5.662909999999999888e-01,1.084869999999999932e-02,8.074188000000000198e-02,1.719799892344455209e-03
2.803209999999999980e+01,5.106027999999999123e-01,1.120627775134759065e-02,5.924509999999999499e-01,1.107230000000000020e-02,8.184819999999999596e-02,1.727667141074344702e-03
2.817220000000000013e+01,5.054443600000000369e-01,1.112244669613012688e-02,5.866580000000000128e-01,1.098919999999999932e-02,8.121363999999998973e-02,1.716480080937731172e-03
2.831309999999999860e+01,5.295939800000000197e-01,1.133193655945249380e-02,6.111320000000000086e-01,1.120119999999999970e-02,8.153801999999998884e-02,1.716363815586893424e-03
2.845469999999999899e+01,5.164652600000000371e-01,1.116528642908528289e-02,5.971300000000000496e-01,1.103449999999999917e-02,8.066473999999998479e-02,1.703945654507795730e-03
2.859690000000000154e+01,5.082578999999999292e-01,1.109308891812537529e-02,5.902619999999999534e-01,1.095989999999999985e-02,8.200409999999999644e-02,1.713830136109176835e-03
2.873989999999999867e+01,5.077490399999999848e-01,1.105523354557523541e-02,5.899560000000000359e-01,1.092180000000000061e-02,8.220696000000000947e-02,1.712446643610246759e-03
2.888360000000000127e+01,5.288324600000000597e-01,1.121553014915353808e-02,6.103110000000000479e-01,1.108579999999999982e-02,8.147854000000000207e-02,1.700927654714332743e-03
2.902799999999999869e+01,5.205564200000000197e-01,1.110339413547893443e-02,6.007510000000000350e-01,1.097500000000000038e-02,8.019458000000000142e-02,1.683667522935570300e-03
2.917320000000000135e+01,5.299916799999999650e-01,1.115912886768353346e-02,6.094589999999999730e-01,1.103319999999999995e-02,7.946732000000000795e-02,1.671722119722054587e-03
2.931899999999999906e+01,5.308369400000000349e-01,1.112037969207077016e-02,6.079520000000000479e-01,1.099819999999999964e-02,7.711505999999999916e-02,1.643910355165390316e-03
2.946559999999999846e+01,5.482377400000000289e-01,1.120561153029391889e-02,6.216000000000000414e-01,1.109090000000000076e-02,7.336225999999999858e-02,1.599270758144473708e-03
2.961299999999999955e+01,5.569998999999999922e-01,1.125977222900925376e-02,6.300259999999999749e-01,1.114670000000000070e-02,7.302610000000001045e-02,1.591712838161456591e-03
2.976099999999999923e+01,5.545909199999999872e-01,1.120635072136563076e-02,6.265290000000000026e-01,1.109500000000000069e-02,7.193808000000000147e-02,1.575839931671995948e-03
2.990980000000000061e+01,5.482498000000000093e-01,1.111769621732236306e-02,6.195420000000000371e-01,1.100699999999999942e-02,7.129220000000000002e-02,1.564966511035938927e-03
3.005940000000000012e+01,5.807029599999999903e-01,1.137573667482822889e-02,6.520599999999999730e-01,1.126800000000000024e-02,7.135704000000001046e-02,1.561909374782032445e-03
3.020970000000000155e+01,5.556166399999999950e-01,1.115766794367945014e-02,6.286490000000000133e-01,1.104570000000000031e-02,7.303235999999999062e-02,1.576726181495062117e-03
3.036070000000000135e+01,5.492339599999999100e-01,1.104883264173369718e-02,6.207709999999999617e-01,1.093870000000000085e-02,7.153704000000001006e-02,1.556131438870123279e-03
3.051249999999999929e+01,5.800597400000000459e-01,1.130317473341290943e-02,6.528519999999999879e-01,1.119419999999999964e-02,7.279225999999999752e-02,1.565773104272774347e-03
3.066509999999999891e+01,5.754432000000000436e-01,1.123454866338438954e-02,6.470780000000000420e-01,1.112709999999999914e-02,7.163479999999999848e-02,1.550073953059014423e-03
3.081840000000000046e+01,5.785752800000000251e-01,1.122894417691013350e-02,6.494990000000000485e-01,1.112299999999999921e-02,7.092371999999999566e-02,1.538849676922343169e-03
3.097250000000000014e+01,5.915923800000000288e-01,1.130470375177306322e-02,6.620270000000000321e-01,1.120069999999999920e-02,7.043462000000000334e-02,1.529917130223725462e-03
3.112740000000000151e+01,5.950490400000000291e-01,1.132577047263505152e-02,6.661150000000000126e-01,1.122139999999999943e-02,7.106596000000001134e-02,1.534033519455164831e-03
3.128300000000000125e+01,5.901222600000000096e-01,1.123997301119037187e-02,6.595940000000000136e-01,1.113759999999999924e-02,6.947174000000000404e-02,1.513558565859940636e-03
3.143939999999999912e+01,5.929087600000000347e-01,1.126196236657395384e-02,6.638910000000000089e-01,1.115810000000000066e-02,7.098224000000000200e-02,1.525975339292217963e-03
3.159659999999999869e+01,6.055496000000000212e-01,1.133354557068740054e-02,6.755870000000000486e-01,1.123219999999999948e-02,7.003739999999999966e-02,1.512262663312163987e-03
3.175459999999999994e+01,5.837814199999999953e-01,1.112037431317705258e-02,6.530209999999999626e-01,1.101869999999999933e-02,6.923957999999999502e-02,1.500325023175978333e-03
3.191339999999999932e+01,6.087145600000000156e-01,1.130291098023425075e-02,6.782780000000000475e-01,1.120299999999999942e-02,6.956344000000000416e-02,1.499529135128757672e-03
3.207289999999999708e+01,6.117577400000000498e-01,1.131669002689231554e-02,6.825200000000000156e-01,1.121559999999999918e-02,7.076225999999999350e-02,1.509234840826304122e-03
3.223329999999999984e+01,6.310884800000000627e-01,1.144842390227475762e-02,7.024510000000000476e-01,1.134809999999999985e-02,7.136252000000001261e-02,1.512295022862933207e-03
3.239450000000000074e+01,6.235384000000000482e-01,1.137421430036976260e-02,6.961800000000000210e-01,1.127180000000000022e-02,7.264160000000000061e-02,1.522916843014089118e-03
3.255639999999999645e+01,6.181255199999999839e-01,1.131696389048299570e-02,6.912709999999999688e-01,1.121370000000000006e-02,7.314547999999999883e-02,1.525320952618169391e-03
3.271920000000000073e+01,6.357449400000000361e-01,1.142376731264866004e-02,7.078360000000000207e-01,1.132329999999999968e-02,7.209106000000001235e-02,1.511733019927791319e-03
3.288280000000000314e+01,6.461924399999999791e-01,1.147735848213237743e-02,7.176529999999999854e-01,1.137870000000000027e-02,7.146055999999999242e-02,1.501647108136928499e-03
3.304719999999999658e+01,6.341786799999999946e-01,1.134562729619460059e-02,7.047679999999999501e-01,1.124750000000000055e-02,7.058931999999999707e-02,1.488960205699265890e-03
3.321249999999999858e+01,6.520235600000000575e-01,1.147180401912898697e-02,7.229910000000000503e-01,1.137469999999999974e-02,7.096743999999999275e-02,1.489458748439848653e-03
3.337850000000000250e+01,6.425238199999999678e-01,1.137673821856616252e-02,7.143509999999999582e-01,1.127809999999999924e-02,7.182717999999999048e-02,1.494868851700375699e-03
3.354540000000000077e+01,6.485257199999999722e-01,1.141119435001788050e-02,7.215139999999999887e-01,1.131169999999999919e-02,7.298827999999998872e-02,1.503595558612754292e-03
3.371320000000000050e+01,6.481598000000000637e-01,1.137243516501879048e-02,7.200320000000000054e-01,1.127459999999999921e-02,7.187219999999998332e-02,1.488514837868941138e-03
3.388170000000000215e+01,6.427690799999999927e-01,1.130100279195718135e-02,7.139529999999999488e-01,1.120400000000000042e-02,7.118391999999999775e-02,1.477514163662737960e-03
3.405109999999999815e+01,6.449368199999999662e-01,1.129688908100703708e-02,7.164679999999999938e-01,1.119979999999999934e-02,7.153117999999999976e-02,1.477898125235971609e-03
3.422140000000000271e+01,6.278937799999999569e-01,1.113434903542492686e-02,6.992589999999999639e-01,1.103640000000000003e-02,7.136522000000000698e-02,1.473636143241607768e-03
3.439249999999999829e+01,6.492901999999999285e-01,1.128316151213426544e-02,7.207759999999999723e-01,1.118680000000000022e-02,7.148580000000000212e-02,1.471475269553654220e-03
3.456450000000000244e+01,6.564832600000000129e-01,1.131922589634944826e-02,7.281830000000000247e-01,1.122319999999999915e-02,7.169974000000001180e-02,1.471277218129880696e-03
3.473729999999999762e+01,6.538456400000000057e-01,1.127643087059287605e-02,7.261980000000000102e-01,1.117950000000000020e-02,7.235236000000000445e-02,1.475355187492150954e-03
3.491100000000000136e+01,6.564462800000000486e-01,1.127526229292693735e-02,7.282790000000000097e-01,1.117940000000000079e-02,7.183272000000000268e-02,1.467158960133495369e-03
3.508550000000000324e+01,6.560661799999999433e-01,1.124598313159609793e-02,7.282819999999999849e-01,1.114979999999999964e-02,7.221582000000001389e-02,1.467684079134198242e-03
3.526089999999999947e+01,6.389057600000001003e-01,1.109683945205156355e-02,7.113350000000000506e-01,1.099950000000000060e-02,7.242923999999999196e-02,1.466576140065015393e-03
3.543730000000000047e+01,6.494375599999999693e-01,1.117211530885051270e-02,7.242929999999999646e-01,1.107260000000000015e-02,7.485543999999999532e-02,1.487847342388324331e-03
3.561440000000000339e+01,6.155422600000000077e-01,1.090202303273718129e-02,6.920870000000000077e-01,1.079830000000000026e-02,7.654474000000000000e-02,1.500274413676378100e-03
3.579249999999999687e+01,6.361318599999999934e-01,1.105160586095595490e-02,7.132509999999999684e-01,1.094909999999999980e-02,7.711914000000000269e-02,1.501732764481084319e-03
3.597149999999999892e+01,6.372111400000000092e-01,1.102079698181542521e-02,7.141560000000000130e-01,1.091869999999999993e-02,7.694486000000000381e-02,1.496648397049888356e-03
3.615129999999999910e+01,6.303283000000000635e-01,1.095007646406215805e-02,7.079600000000000337e-01,1.084680000000000019e-02,7.763169999999999793e-02,1.500368064445521373e-03
3.633209999999999695e+01,6.415665200000000290e-01,1.100756040819635823e-02,7.178430000000000089e-01,1.090709999999999943e-02,7.627648000000000761e-02,1.483764041245102866e-03
3.651370000000000005e+01,6.320217999999999670e-01,1.090196139397860836e-02,7.077449999999999575e-01,1.080150000000000034e-02,7.572320000000000439e-02,1.476604207565453174e-03
3.669630000000000081e+01,6.510186399999999818e-01,1.102181433898049255e-02,7.265570000000000084e-01,1.092300000000000042e-02,7.553835999999999884e-02,1.472569972176534549e-03
3.687980000000000302e+01,6.427455400000000596e-01,1.093193217547401563e-02,7.189630000000000187e-01,1.083180000000000080e-02,7.621746000000000076e-02,1.476228251038436134e-03
3.706419999999999959e+01,6.383593200000000634e-01,1.086873461393956554e-02,7.132730000000000459e-01,1.077020000000000061e-02,7.491368000000001026e-02,1.460200009672647488e-03
3.724949999999999761e+01,6.254475800000000030e-01,1.075534822490187975e-02,7.013770000000000282e-01,1.065490000000000013e-02,7.592941999999999747e-02,1.466499720047705936e-03
3.743580000000000041e+01,6.437281599999999937e-01,1.087661067343940503e-02,7.194989999999999997e-01,1.077799999999999939e-02,7.577084000000000596e-02,1.461292490084035089e-03
3.762290000000000134e+01,6.417140000000000066e-01,1.083152417892772890e-02,7.179149999999999698e-01,1.073239999999999958e-02,7.620100000000000484e-02,1.462021298988493015e-03
3.781110000000000326e+01,6.284058799999999723e-01,1.071059193356688373e-02,7.042410000000000059e-01,1.061130000000000059e-02,7.583512000000000586e-02,1.455022981738776687e-03
3.800010000000000332e+01,6.072740799999999384e-01,1.052429504005489118e-02,6.834679999999999644e-01,1.042320000000000052e-02,7.619391999999999832e-02,1.455227765720541787e-03
3.819010000000000105e+01,6.416138599999999803e-01,1.075278650328667131e-02,7.165489999999999915e-01,1.065589999999999940e-02,7.493513999999999731e-02,1.440212753472208413e-03
3.838110000000000355e+01,6.420743399999999657e-01,1.072904582960106622e-02,7.166479999999999517e-01,1.063290000000000068e-02,7.457365999999999995e-02,1.433130141920125732e-03
3.857300000000000040e+01,6.289373400000000114e-01,1.060388560094383502e-02,7.025280000000000413e-01,1.050829999999999993e-02,7.359066000000000218e-02,1.420570641645110214e-03
3.876579999999999870e+01,6.388753999999999822e-01,1.064615358034778567e-02,7.118120000000000003e-01,1.055219999999999943e-02,7.293660000000000421e-02,1.411262277662093337e-03
3.895969999999999800e+01,6.489122199999999285e-01,1.070178429494913694e-02,7.224429999999999463e-01,1.060789999999999997e-02,7.353077999999999004e-02,1.414441474794909991e-03
3.915449999999999875e+01,6.473861999999999117e-01,1.067474161942292589e-02,7.214399999999999702e-01,1.058019999999999967e-02,7.405380000000000296e-02,1.417560087417813874e-03
3.935020000000000095e+01,6.509270400000000123e-01,1.067180209830129872e-02,7.245230000000000281e-01,1.057830000000000055e-02,7.359595999999998805e-02,1.409584738604955376e-03
3.954699999999999704e+01,6.545840999999998910e-01,1.067980758971302790e-02,7.287979999999999459e-01,1.058599999999999992e-02,7.421389999999999931e-02,1.412407219357080532e-03
3.974470000000000169e+01,6.371065399999999990e-01,1.053332905922206575e-02,7.118409999999999460e-01,1.043789999999999996e-02,7.473445999999998868e-02,1.414660616491460838e-03
3.994339999999999691e+01,6.595804200000000561e-01,1.066641547646930872e-02,7.334220000000000184e-01,1.057379999999999952e-02,7.384157999999999000e-02,1.402559330889071622e-03
4.014320000000000022e+01,6.563659200000000471e-01,1.063167162359391141e-02,7.310980000000000256e-01,1.053809999999999990e-02,7.473208000000000628e-02,1.407440905307217466e-03
4.034389999999999787e+01,6.601251200000000097e-01,1.062880418234826534e-02,7.350809999999999844e-01,1.053529999999999918e-02,7.495588000000000251e-02,1.406745270723879122e-03
4.054560000000000031e+01,6.686004399999999626e-01,1.067332053533688249e-02,7.436989999999999990e-01,1.058040000000000022e-02,7.509855999999999476e-02,1.405313875987851966e-03
4.074830000000000041e+01,6.548887599999999587e-01,1.055557477627930979e-02,7.302319999999999922e-01,1.046170000000000086e-02,7.534324000000000576e-02,1.404632324711345978e-03
4.095210000000000150e+01,6.920237799999999773e-01,1.078581986199992140e-02,7.668490000000000029e-01,1.069490000000000024e-02,7.482521999999999784e-02,1.397506381206182471e-03
4.115679999999999694e+01,6.682760199999999706e-01,1.059925951960079271e-02,7.431919999999999638e-01,1.050700000000000071e-02,7.491598000000000701e-02,1.395440204325502443e-03
4.136260000000000048e+01,6.669615399999999639e-01,1.057279208359911127e-02,7.420930000000000026e-01,1.048040000000000083e-02,7.513145999999999713e-02,1.394685729121797552e-03
4.156940000000000168e+01,6.761298399999999820e-01,1.060644831550354612e-02,7.513480000000000159e-01,1.051460000000000068e-02,7.521816000000000613e-02,1.392814671608538345e-03
4.177729999999999677e+01,6.743152999999999508e-01,1.058828842453585564e-02,7.503049999999999997e-01,1.049570000000000017e-02,7.598970000000000724e-02,1.397187629189437135e-03
4.198619999999999663e+01,6.954178200000000754e-01,1.070950054910778729e-02,7.720970000000000333e-01,1.061759999999999961e-02,7.667917999999998568e-02,1.399990089729209568e-03
4.219610000000000127e+01,7.005029600000000078e-01,1.071564519471207566e-02,7.753750000000000364e-01,1.062639999999999939e-02,7.487204000000000081e-02,1.380099626460350908e-03
4.240709999999999980e+01,6.886277800000000227e-01,1.060740562659635497e-02,7.628679999999999906e-01,1.051840000000000067e-02,7.424021999999999566e-02,1.371245990750018370e-03
4.261910000000000309e+01,7.034820800000000096e-01,1.068019608573157232e-02,7.768530000000000157e-01,1.059320000000000053e-02,7.337092000000000613e-02,1.360405156442741435e-03
4.283220000000000027e+01,7.026850999999999514e-01,1.063668008359676224e-02,7.753259999999999597e-01,1.055060000000000026e-02,7.264089999999999436e-02,1.350482447417958873e-03
4.304639999999999844e+01,6.913969200000000814e-01,1.053505859795302729e-02,7.636770000000000502e-01,1.044890000000000055e-02,7.228007999999999655e-02,1.344599736837695601e-03
4.326160000000000139e+01,7.009922199999999437e-01,1.059655741568854906e-02,7.745419999999999527e-01,1.050979999999999970e-02,7.354977999999999516e-02,1.353193638761282297e-03
4.347789999999999822e+01,7.114717600000000086e-01,1.064008358438823382e-02,7.850329999999999808e-01,1.055399999999999915e-02,7.356123999999999996e-02,1.350726723940856924e-03
4.369530000000000314e+01,7.124219199999999308e-01,1.061580215351906435e-02,7.854529999999999568e-01,1.053049999999999993e-02,7.303107999999999822e-02,1.343065565287115785e-03
4.391380000000000194e+01,7.327999000000000596e-01,1.073271896054769567e-02,8.058180000000000343e-01,1.064879999999999993e-02,7.301810000000000245e-02,1.339520379128290905e-03
4.413329999999999842e+01,7.448783600000000726e-01,1.078277191082589737e-02,8.180530000000000301e-01,1.069939999999999954e-02,7.317463999999999913e-02,1.338286113241858328e-03
4.435399999999999920e+01,7.350286799999999898e-01,1.069234573174492921e-02,8.067339999999999511e-01,1.061029999999999959e-02,7.170532000000000294e-02,1.322040527806920152e-03
4.457580000000000098e+01,7.542311599999999006e-01,1.079771932015775350e-02,8.259649999999999492e-01,1.071680000000000028e-02,7.173384000000000704e-02,1.319446958732331966e-03
4.479869999999999663e+01,7.670853999999999173e-01,1.085093516284048321e-02,8.390879999999999450e-01,1.077050000000000056e-02,7.200259999999999994e-02,1.318758377477845592e-03
4.502259999999999707e+01,7.604570800000000075e-01,1.078092106563460599e-02,8.314550000000000551e-01,1.070139999999999980e-02,7.099792000000000602e-02,1.307018386804103139e-03
4.524779999999999802e+01,7.640750599999999171e-01,1.078270722350375271e-02,8.352589999999999737e-01,1.070330000000000066e-02,7.118394000000001498e-02,1.306194540564306530e-03
4.547399999999999665e+01,7.660047999999999302e-01,1.078055587942180343e-02,8.374639999999999862e-01,1.070109999999999985e-02,7.145920000000001437e-02,1.306462345165753389e-03
4.570139999999999958e+01,7.783149799999999896e-01,1.083071657445101865e-02,8.494350000000000511e-01,1.075229999999999936e-02,7.112002000000001989e-02,1.300948202692174798e-03
4.592990000000000350e+01,7.805112199999999500e-01,1.082459856974419231e-02,8.522399999999999975e-01,1.074570000000000039e-02,7.172878000000000587e-02,1.304555750479066255e-03
4.615950000000000131e+01,7.813373200000000018e-01,1.081477550984078460e-02,8.533439999999999914e-01,1.073580000000000020e-02,7.200668000000000346e-02,1.304594836817929470e-03
4.639030000000000342e+01,7.951339800000000180e-01,1.087342710031294520e-02,8.666639999999999899e-01,1.079579999999999949e-02,7.153001999999999971e-02,1.296965406562565048e-03
4.662230000000000274e+01,7.789662600000000214e-01,1.075232732469096758e-02,8.513910000000000089e-01,1.067320000000000074e-02,7.242474000000000134e-02,1.302054014738252040e-03
4.685540000000000305e+01,8.067710399999999948e-01,1.089803432417057495e-02,8.787169999999999703e-01,1.082080000000000021e-02,7.194596000000000324e-02,1.295160025170635169e-03
4.708970000000000056e+01,8.177759399999999790e-01,1.094642054576873934e-02,8.898340000000000138e-01,1.086969999999999950e-02,7.205806000000000711e-02,1.293732845230420722e-03
4.732509999999999906e+01,8.128747600000000295e-01,1.089547239754477120e-02,8.852740000000000054e-01,1.081829999999999944e-02,7.239924000000000359e-02,1.294489812883824935e-03
4.756170000000000186e+01,8.246290199999999349e-01,1.095340578211726791e-02,8.971909999999999608e-01,1.087669999999999956e-02,7.256197999999999815e-02,1.294022927818514433e-03
4.779950000000000188e+01,8.292042399999999258e-01,1.095312299689727743e-02,9.011179999999999746e-01,1.087729999999999947e-02,7.191376000000000712e-02,1.286564454335654192e-03
4.803849999999999909e+01,8.422713600000000245e-01,1.101497409797662537e-02,9.148380000000000400e-01,1.093919999999999962e-02,7.256664000000000170e-02,1.289789804230131228e-03
4.827870000000000061e+01,8.334013999999999589e-01,1.093544722160863514e-02,9.061179999999999790e-01,1.085930000000000055e-02,7.271659999999999235e-02,1.288258299638702113e-03
4.852009999999999934e+01,8.310568999999999873e-01,1.090097180597987027e-02,9.029789999999999761e-01,1.082570000000000060e-02,7.192210000000001657e-02,1.278829865450443722e-03
4.876270000000000238e+01,8.277400200000000208e-01,1.085918177061163253e-02,8.995020000000000238e-01,1.078409999999999959e-02,7.176198000000000299e-02,1.274761121616124629e-03
4.900650000000000261e+01,8.528644200000000675e-01,1.098574414692841776e-02,9.247570000000000512e-01,1.091169999999999987e-02,7.189258000000001148e-02,1.273333252441009693e-03
4.925160000000000338e+01,8.746205200000000124e-01,1.109412260184607785e-02,9.463179999999999925e-01,1.102129999999999950e-02,7.169748000000000787e-02,1.269055796563728659e-03
4.949779999999999802e+01,8.735542399999999263e-01,1.106247970438056782e-02,9.451969999999999539e-01,1.098979999999999922e-02,7.164275999999999978e-02,1.265998882239633078e-03
4.974530000000000030e+01,8.614555800000001096e-01,1.097136184842155415e-02,9.333050000000000512e-01,1.089820000000000025e-02,7.184941999999999718e-02,1.264918008805313975e-03
4.999399999999999977e+01,8.887045599999999768e-01,1.111731700336353670e-02,9.611629999999999896e-01,1.104480000000000045e-02,7.245843999999999896e-02,1.267726434715313495e-03
5.024399999999999977e+01,8.787608000000000086e-01,1.103686867196814955e-02,9.513409999999999922e-01,1.096399999999999979e-02,7.258020000000001137e-02,1.266165108614196715e-03
5.049519999999999698e+01,8.900449799999999856e-01,1.108609482067062293e-02,9.631440000000000001e-01,1.101330000000000017e-02,7.309902000000000066e-02,1.268353847670278430e-03
5.074770000000000181e+01,8.735927399999999787e-01,1.096200686038756311e-02,9.455069999999999864e-01,1.088979999999999983e-02,7.191425999999999374e-02,1.256125139937896420e-03
5.100150000000000006e+01,8.669763799999999909e-01,1.090356181740095506e-02,9.386189999999999811e-01,1.083150000000000085e-02,7.164262000000000408e-02,1.251506314759937618e-03
5.125650000000000261e+01,8.870449799999999829e-01,1.099592767410317341e-02,9.575409999999999755e-01,1.092590000000000054e-02,7.049602000000000646e-02,1.239005489942639465e-03
5.151270000000000238e+01,8.717409999999999881e-01,1.089055020709936428e-02,9.431530000000000191e-01,1.081919999999999930e-02,7.141200000000000325e-02,1.244586346282169388e-03
5.177029999999999887e+01,9.056566400000000128e-01,1.105765604059775510e-02,9.763169999999999904e-01,1.098840000000000060e-02,7.066036000000000539e-02,1.235646612979617335e-03
5.202920000000000300e+01,8.865990999999999733e-01,1.094142183316994602e-02,9.588470000000000049e-01,1.087020000000000000e-02,7.224790000000000378e-02,1.246380235469096319e-03
5.228929999999999723e+01,8.940502799999999750e-01,1.096616545119943019e-02,9.664099999999999913e-01,1.089520000000000072e-02,7.235971999999998849e-02,1.245552754033324742e-03
5.255069999999999908e+01,8.620381799999999872e-01,1.077123272214448174e-02,9.347539999999999738e-01,1.069890000000000077e-02,7.271582000000001433e-02,1.246191455834937080e-03
5.281349999999999767e+01,8.703105800000000558e-01,1.078484133651191022e-02,9.415740000000000220e-01,1.071429999999999952e-02,7.126342000000000787e-02,1.231494280837714707e-03
5.307759999999999678e+01,8.872009600000000384e-01,1.086392887682131360e-02,9.590359999999999996e-01,1.079360000000000042e-02,7.183504000000000278e-02,1.234159503723890588e-03
5.334300000000000352e+01,8.823822399999999844e-01,1.081545175513385672e-02,9.534989999999999855e-01,1.074570000000000039e-02,7.111676000000000109e-02,1.226347494647418322e-03
5.360969999999999658e+01,8.817741399999999841e-01,1.080402324090410336e-02,9.536240000000000272e-01,1.073370000000000053e-02,7.184986000000000150e-02,1.230691878577249484e-03
5.387769999999999726e+01,8.748319599999999641e-01,1.074507281731883028e-02,9.468320000000000070e-01,1.067440000000000055e-02,7.200004000000000126e-02,1.230355432175596992e-03
5.414710000000000178e+01,8.738028400000000806e-01,1.072264309391280680e-02,9.456290000000000529e-01,1.065220000000000056e-02,7.182616000000000001e-02,1.227073787282574168e-03
5.441779999999999973e+01,8.652980799999999695e-01,1.065232504728146068e-02,9.361059999999999937e-01,1.058259999999999930e-02,7.080791999999999642e-02,1.216801607880265649e-03
5.468990000000000151e+01,8.478082200000000013e-01,1.053735614022322138e-02,9.195349999999999913e-01,1.046620000000000016e-02,7.172678000000000387e-02,1.222510525885155738e-03
5.496340000000000003e+01,8.616910599999999532e-01,1.059493290016015263e-02,9.330349999999999477e-01,1.052480000000000082e-02,7.134394000000000846e-02,1.217040721954692822e-03
5.523819999999999908e+01,8.534427199999999880e-01,1.054362381101924678e-02,9.258979999999999988e-01,1.047230000000000036e-02,7.245527999999999691e-02,1.224310327609793615e-03
5.551440000000000197e+01,8.465895199999999843e-01,1.048718512183417079e-02,9.196400000000000130e-01,1.041510000000000005e-02,7.305048000000000097e-02,1.227494916331631864e-03
5.579200000000000159e+01,8.496383400000000474e-01,1.049056630065774848e-02,9.236140000000000461e-01,1.041779999999999963e-02,7.397565999999999864e-02,1.233460363569093259e-03
5.607090000000000174e+01,8.546187800000000223e-01,1.049985726642700679e-02,9.275660000000000016e-01,1.042840000000000086e-02,7.294722000000000706e-02,1.222896584074058225e-03
5.635130000000000194e+01,8.402594799999999475e-01,1.040210295585868548e-02,9.130779999999999452e-01,1.033030000000000059e-02,7.281851999999999769e-02,1.220101559004003588e-03
5.663300000000000267e+01,8.406243200000000915e-01,1.038486556167098410e-02,9.129540000000000433e-01,1.031370000000000030e-02,7.232967999999999342e-02,1.213682431272695072e-03
5.691620000000000346e+01,8.334485799999999944e-01,1.032691784899211762e-02,9.056600000000000206e-01,1.025569999999999954e-02,7.221141999999999839e-02,1.210722829483280253e-03
5.720080000000000098e+01,8.205402599999999103e-01,1.024343348562658552e-02,8.934149999999999592e-01,1.017120000000000003e-02,7.287474000000000729e-02,1.214339381909357264e-03
5.748680000000000234e+01,8.254170999999999037e-01,1.025220184421649083e-02,8.979629999999999557e-01,1.018059999999999972e-02,7.254590000000001038e-02,1.209556238690868155e-03
5.777420000000000044e+01,8.120093200000000344e-01,1.016532220041096481e-02,8.855640000000000178e-01,1.009230000000000023e-02,7.355468000000001116e-02,1.216246746416203188e-03
5.806309999999999860e+01,8.124160799999999849e-01,1.014675914821929793e-02,8.847359999999999669e-01,1.007500000000000062e-02,7.231992000000000975e-02,1.204614549128475449e-03
5.835340000000000060e+01,8.079196199999999495e-01,1.011351417419069192e-02,8.811729999999999841e-01,1.004080000000000077e-02,7.325338000000000682e-02,1.210580154948857510e-03
5.864520000000000266e+01,8.295559000000000127e-01,1.021204015134860241e-02,9.021919999999999940e-01,1.014089999999999957e-02,7.263609999999999511e-02,1.203291836071366432e-03
5.893840000000000146e+01,8.110553200000000240e-01,1.009985237107018270e-02,8.844760000000000399e-01,1.002740000000000055e-02,7.342067999999998817e-02,1.207587329103779585e-03
5.923310000000000031e+01,8.192376800000000792e-01,1.012519042923203452e-02,8.921430000000000193e-01,1.005370000000000048e-02,7.290531999999999568e-02,1.201081819948999216e-03
5.952929999999999922e+01,8.032424000000000230e-01,1.002335681093454757e-02,8.777150000000000230e-01,9.949829999999999786e-03,7.447259999999999991e-02,1.211843525546099469e-03
5.982690000000000197e+01,8.127269799999999877e-01,1.005268172113053630e-02,8.858500000000000263e-01,9.980990000000000348e-03,7.312302000000001079e-02,1.198435816492481130e-03
6.012599999999999767e+01,8.164376400000000755e-01,1.004924636437021582e-02,8.886880000000000335e-01,9.978600000000000664e-03,7.225035999999999958e-02,1.189493392923222622e-03
6.042669999999999675e+01,8.130599399999999255e-01,1.001483657579932754e-02,8.853879999999999528e-01,9.944079999999999239e-03,7.232805999999999957e-02,1.188370562395417137e-03
6.072879999999999967e+01,8.191871399999999248e-01,1.003650726297589980e-02,8.918279999999999541e-01,9.965830000000000174e-03,7.264086000000000154e-02,1.188995563855475531e-03
6.103240000000000265e+01,8.093798800000000515e-01,9.960378308061195243e-03,8.812940000000000218e-01,9.890100000000000627e-03,7.191411999999999805e-02,1.181125746775507418e-03
6.133760000000000190e+01,8.045851200000000425e-01,9.926787272831427006e-03,8.777080000000000437e-01,9.855269999999999309e-03,7.312288000000000121e-02,1.189436331691612640e-03
6.164430000000000121e+01,8.045210000000000417e-01,9.922949500748051016e-03,8.791539999999999910e-01,9.850130000000000344e-03,7.463299999999999101e-02,1.199944072653388394e-03
6.195250000000000057e+01,8.029224600000000045e-01,9.897853103369437869e-03,8.780120000000000147e-01,9.824630000000000862e-03,7.508953999999998241e-02,1.201724352328769393e-03
6.226230000000000331e+01,8.025834600000000263e-01,9.886687839407493072e-03,8.778960000000000097e-01,9.813380000000000020e-03,7.531254000000001114e-02,1.201735998249199447e-03
6.257359999999999900e+01,8.016094799999999854e-01,9.868217321389918459e-03,8.775209999999999955e-01,9.794409999999999922e-03,7.591151999999999622e-02,1.204676659556414052e-03
6.288649999999999807e+01,7.969490599999999869e-01,9.821113822144615646e-03,8.722189999999999666e-01,9.747880000000000433e-03,7.526994000000000740e-02,1.197126648738553508e-03
6.320089999999999719e+01,8.240153400000000961e-01,9.955661892831233623e-03,8.996690000000000520e-01,9.883289999999999437e-03,7.565365999999998370e-02,1.198241419861623613e-03
6.351689999999999969e+01,8.048415799999999454e-01,9.830771213160645686e-03,8.801189999999999847e-01,9.758070000000000632e-03,7.527741999999999767e-02,1.193370236183222523e-03
6.383449999999999847e+01,7.997384199999999499e-01,9.801001355206926530e-03,8.758759999999999879e-01,9.727500000000000036e-03,7.613757999999999637e-02,1.198069828836366250e-03
6.415370000000000061e+01,8.095559599999999634e-01,9.841102374692989319e-03,8.861999999999999877e-01,9.767659999999999190e-03,7.664403999999999662e-02,1.200047529720385704e-03
6.447440000000000282e+01,7.695349200000000112e-01,9.615006151685603908e-03,8.478290000000000548e-01,9.538380000000000816e-03,7.829408000000000201e-02,1.211466166490835243e-03
6.479680000000000462e+01,7.960674000000000916e-01,9.753834552805987906e-03,8.753030000000000532e-01,9.677639999999999507e-03,7.923560000000000325e-02,1.216787785076757066e-03
6.512080000000000268e+01,7.937389000000000250e-01,9.738240040599328157e-03,8.742490000000000538e-01,9.660860000000000281e-03,8.051010000000000111e-02,1.225195147203905635e-03
6.544639999999999702e+01,8.217803200000000086e-01,9.877807415213359088e-03,9.030599999999999739e-01,9.801020000000000565e-03,8.127968000000000692e-02,1.229262499079834380e-03
6.577360000000000184e+01,8.106200399999999862e-01,9.816920284335815122e-03,8.941080000000000139e-01,9.737739999999999937e-03,8.348795999999999995e-02,1.244324540224133000e-03
6.610250000000000625e+01,8.071165200000000040e-01,9.794369357171700888e-03,8.917199999999999571e-01,9.714109999999999759e-03,8.460347999999999480e-02,1.251294534713549931e-03
6.643300000000000693e+01,7.940091599999999916e-01,9.715434398261561105e-03,8.795749999999999957e-01,9.633799999999999655e-03,8.556584000000000412e-02,1.256806710247840644e-03
6.676519999999999300e+01,8.315140999999999227e-01,9.919358851769201693e-03,9.189739999999999576e-01,9.837850000000000414e-03,8.745990000000000708e-02,1.269010404871449404e-03
6.709900000000000375e+01,7.996804000000000689e-01,9.747924293059113260e-03,8.893140000000000489e-01,9.663130000000000677e-03,8.963359999999999383e-02,1.282944514120544369e-03
6.743449999999999989e+01,8.199635800000000252e-01,9.851093001925218667e-03,9.111839999999999939e-01,9.765920000000000850e-03,9.122041999999999651e-02,1.292609719203750927e-03
6.777160000000000650e+01,8.006949199999999767e-01,9.756524850610487354e-03,8.944830000000000281e-01,9.668309999999999405e-03,9.378807999999999589e-02,1.309029756911583723e-03
6.811050000000000182e+01,7.934392799999999690e-01,9.714918395989952105e-03,8.893419999999999659e-01,9.624509999999999316e-03,9.590271999999999686e-02,1.322288433226276056e-03
6.845109999999999673e+01,8.143947999999999743e-01,9.829679161796889275e-03,9.123989999999999601e-01,9.738550000000000331e-03,9.800419999999999965e-02,1.335378718328250093e-03
6.879330000000000211e+01,7.978095599999999177e-01,9.741711080838520026e-03,8.972029999999999728e-01,9.648560000000000469e-03,9.939343999999999957e-02,1.343958596435173083e-03
6.913729999999999620e+01,7.835775400000000168e-01,9.662384930108713563e-03,8.841010000000000257e-01,9.567539999999999378e-03,1.005234599999999812e-01,1.350503937792111838e-03
6.948300000000000409e+01,7.960400400000000598e-01,9.724601578604030391e-03,8.984640000000000404e-01,9.628740000000000215e-03,1.024239600000000083e-01,1.362072639394830680e-03
6.983039999999999736e+01,7.917049999999999921e-01,9.707601158743183259e-03,8.968059999999999921e-01,9.609229999999999855e-03,1.051010000000000000e-01,1.378484335903748959e-03
7.017950000000000443e+01,7.948003999999999625e-01,9.738763073014354218e-03,9.037119999999999598e-01,9.637309999999999627e-03,1.089115999999999973e-01,1.402056402648623693e-03
7.053040000000000020e+01,7.966784000000000088e-01,9.755182509890216250e-03,9.084280000000000133e-01,9.651409999999999156e-03,1.117496000000000045e-01,1.419109161822303383e-03
7.088309999999999889e+01,7.873149999999999871e-01,9.728530971802885549e-03,9.046330000000000204e-01,9.619390000000000232e-03,1.173180000000000056e-01,1.453152055783564489e-03
7.123749999999999716e+01,7.804107999999999601e-01,9.721889032520789065e-03,9.038019999999999943e-01,9.607080000000000480e-03,1.233912000000000064e-01,1.489677896139967586e-03
7.159369999999999834e+01,7.639142000000000987e-01,9.675848878987310803e-03,8.960160000000000347e-01,9.552359999999999324e-03,1.321017999999999915e-01,1.540931523267662865e-03
7.195170000000000243e+01,7.833358000000000265e-01,9.812407620617073778e-03,9.223580000000000112e-01,9.684260000000000090e-03,1.390221999999999847e-01,1.580649096271528452e-03
7.231140000000000612e+01,7.664638000000000284e-01,9.768905591727048907e-03,9.144970000000000043e-01,9.631799999999999390e-03,1.480332000000000037e-01,1.630933849080335981e-03
7.267300000000000182e+01,7.516089999999999716e-01,9.732602360253705259e-03,9.079099999999999948e-01,9.587270000000000167e-03,1.563009999999999955e-01,1.675649918663203427e-03
7.303629999999999711e+01,7.441261999999999599e-01,9.732170164271481891e-03,9.078869999999999996e-01,9.579910000000000508e-03,1.637607999999999842e-01,1.714777098702918679e-03
7.340149999999999864e+01,7.619223999999999997e-01,9.836361576313469232e-03,9.293660000000000254e-01,9.682460000000000372e-03,1.674435999999999980e-01,1.733198606154528294e-03
7.376850000000000307e+01,7.596410000000000107e-01,9.814120121490056692e-03,9.274790000000000534e-01,9.659789999999999696e-03,1.678379999999999872e-01,1.733612100481534812e-03
7.413739999999999952e+01,7.418200000000000349e-01,9.685334620976395609e-03,9.056680000000000286e-01,9.533049999999999510e-03,1.638479999999999936e-01,1.710749665434426001e-03
7.450809999999999889e+01,7.346785999999999595e-01,9.574130222982974239e-03,8.884969999999999812e-01,9.430030000000000703e-03,1.538183999999999940e-01,1.654842507834506770e-03
7.488060000000000116e+01,7.578667999999999516e-01,9.591289610044939282e-03,8.977279999999999704e-01,9.461159999999999709e-03,1.398611999999999911e-01,1.574575446955781780e-03
7.525499999999999545e+01,7.455616000000000465e-01,9.433822019649299243e-03,8.723049999999999971e-01,9.314569999999999447e-03,1.267434000000000061e-01,1.495253695370788935e-03
7.563129999999999598e+01,7.413971999999999785e-01,9.332811370215085903e-03,8.574370000000000047e-01,9.223049999999999998e-03,1.160397999999999985e-01,1.427135862318651112e-03
7.600939999999999941e+01,7.298260600000000542e-01,9.204137876733268706e-03,8.374190000000000245e-01,9.101450000000000512e-03,1.075929400000000119e-01,1.371044109945409196e-03
7.638949999999999818e+01,7.414080600000000354e-01,9.224061073835970737e-03,8.448830000000000506e-01,9.125990000000000490e-03,1.034749400000000152e-01,1.341495141160041612e-03
7.677139999999999986e+01,7.256993800000000050e-01,9.119816099654421207e-03,8.271180000000000199e-01,9.022969999999999949e-03,1.014186199999999871e-01,1.325540671053136721e-03
7.715529999999999688e+01,7.195224599999999748e-01,9.055028754223369211e-03,8.186839999999999673e-01,8.960040000000000712e-03,9.916154000000002022e-02,1.308139494936224213e-03
7.754110000000000014e+01,7.331604800000000033e-01,9.105774591410441959e-03,8.309419999999999584e-01,9.012960000000000416e-03,9.778152000000001065e-02,1.296797188451609710e-03
7.792879999999999541e+01,7.277138599999999347e-01,9.057280356359076814e-03,8.246419999999999861e-01,8.965120000000000033e-03,9.692814000000000985e-02,1.288778817054346245e-03
7.831839999999999691e+01,7.263796599999999826e-01,9.033084883452386152e-03,8.231789999999999941e-01,8.941130000000000258e-03,9.679933999999999761e-02,1.285619241749282483e-03
7.870999999999999375e+01,7.092022599999999732e-01,8.926037599855829452e-03,8.056130000000000235e-01,8.833620000000000361e-03,9.641074000000000865e-02,1.281134235605309313e-03
7.910349999999999682e+01,7.066836600000000468e-01,8.899894927382008200e-03,8.029650000000000398e-01,8.807620000000000379e-03,9.628134000000000692e-02,1.278264313058922845e-03
7.949909999999999854e+01,7.068006800000000700e-01,8.888629301000913752e-03,8.030580000000000496e-01,8.796599999999999905e-03,9.625732000000000732e-02,1.275758319828642186e-03
7.989660000000000650e+01,6.988058799999999904e-01,8.839004059519374804e-03,7.960599999999999898e-01,8.745819999999999636e-03,9.725411999999999946e-02,1.280088001584265894e-03
8.029600000000000648e+01,6.998704800000000725e-01,8.834902785436861763e-03,7.971390000000000420e-01,8.741979999999999890e-03,9.726851999999999721e-02,1.278003485018722445e-03
8.069750000000000512e+01,6.947635000000000893e-01,8.794049044023805398e-03,7.927840000000000442e-01,8.700249999999999651e-03,9.802049999999999652e-02,1.280995131214791253e-03
8.110099999999999909e+01,6.924066600000000626e-01,8.765505371680290536e-03,7.897880000000000456e-01,8.672310000000000782e-03,9.738133999999999679e-02,1.274803390666968744e-03
8.150650000000000261e+01,6.886228400000000693e-01,8.730848562960876955e-03,7.853470000000000173e-01,8.638170000000000570e-03,9.672415999999998959e-02,1.268753593278064331e-03
8.191410000000000480e+01,6.749325800000000042e-01,8.632422519548496945e-03,7.698559999999999848e-01,8.540680000000000147e-03,9.492342000000000835e-02,1.255190700096204528e-03
8.232359999999999900e+01,6.699621599999999733e-01,8.586182627576937829e-03,7.636169999999999902e-01,8.495400000000000174e-03,9.365483999999998921e-02,1.245275453104251933e-03
8.273520000000000607e+01,6.644287799999999411e-01,8.525535803690698078e-03,7.556439999999999824e-01,8.436749999999999805e-03,9.121521999999999963e-02,1.227196063191208402e-03
8.314889999999999759e+01,6.694245400000000679e-01,8.539100739596176826e-03,7.595380000000000464e-01,8.451749999999999194e-03,9.011346000000000633e-02,1.218262442362892531e-03
8.356470000000000198e+01,6.745137599999999622e-01,8.547850320913204930e-03,7.628829999999999778e-01,8.462529999999999358e-03,8.836923999999998780e-02,1.204712043534055411e-03
8.398250000000000171e+01,6.584077999999999875e-01,8.442191418327114200e-03,7.462969999999999882e-01,8.356509999999999286e-03,8.788920000000000066e-02,1.199723536309928304e-03
8.440240000000000009e+01,6.542119799999999152e-01,8.401281251328275926e-03,7.405119999999999481e-01,8.317009999999999681e-03,8.630002000000000506e-02,1.186958855150421722e-03
8.482439999999999714e+01,6.438260599999999778e-01,8.331721841185048966e-03,7.301239999999999952e-01,8.246949999999999420e-03,8.629793999999998966e-02,1.185497590204214694e-03
8.524850000000000705e+01,6.647476199999999835e-01,8.435142069619693331e-03,7.504459999999999464e-01,8.352210000000000537e-03,8.569837999999999067e-02,1.179919425455823326e-03
8.567480000000000473e+01,6.304964199999999463e-01,8.239132889095064638e-03,7.165289999999999715e-01,8.154079999999999315e-03,8.603257999999999739e-02,1.180800625748479153e-03
8.610309999999999775e+01,6.295466800000000251e-01,8.217053299892609214e-03,7.147010000000000307e-01,8.132860000000000436e-03,8.515432000000000556e-02,1.173266019995465419e-03
8.653369999999999607e+01,6.302826799999999841e-01,8.209988705190525426e-03,7.152309999999999501e-01,8.126140000000000446e-03,8.494831999999999383e-02,1.170368847738181926e-03
8.696630000000000393e+01,6.265928600000000293e-01,8.179857397559690477e-03,7.115010000000000501e-01,8.095959999999999268e-03,8.490813999999999306e-02,1.168545558723321515e-03
8.740120000000000289e+01,6.106070800000000798e-01,8.081205715999809081e-03,6.959680000000000311e-01,7.996029999999999457e-03,8.536092000000000679e-02,1.170209410066420670e-03
8.783820000000000050e+01,6.003272800000000187e-01,8.012401246156361512e-03,6.855160000000000142e-01,7.926860000000000850e-03,8.518871999999999556e-02,1.167674727742276652e-03
8.827740000000000009e+01,6.109448399999999335e-01,8.065758486021508758e-03,6.963319999999999510e-01,7.980819999999999581e-03,8.538715999999998973e-02,1.167463953374150336e-03
8.871869999999999834e+01,6.060124199999999961e-01,8.026511665358743858e-03,6.907349999999999879e-01,7.942039999999999170e-03,8.472258000000000566e-02,1.161417303358271754e-03
8.916230000000000189e+01,5.802372199999999980e-01,7.864255302051172819e-03,6.654269999999999907e-01,7.777789999999999704e-03,8.518977999999999273e-02,1.162967829193911878e-03
8.960819999999999652e+01,5.899531000000000081e-01,7.907514927867287380e-03,6.750779999999999559e-01,7.821899999999999686e-03,8.512490000000000334e-02,1.160462289108956735e-03
9.005620000000000402e+01,5.853642799999999591e-01,7.870216600408402874e-03,6.704999999999999849e-01,7.784450000000000050e-03,8.513571999999999806e-02,1.158726686861055993e-03
9.050650000000000261e+01,5.587508199999999814e-01,7.706490671760784887e-03,6.439209999999999656e-01,7.619049999999999608e-03,8.517017999999999811e-02,1.157616331707531001e-03
9.095900000000000318e+01,5.662272999999999890e-01,7.742286664409681919e-03,6.523120000000000029e-01,7.654620000000000000e-03,8.608469999999998623e-02,1.161806976005911327e-03
9.141379999999999484e+01,5.721700600000000358e-01,7.762569855461527550e-03,6.577140000000000208e-01,7.675959999999999901e-03,8.554393999999999887e-02,1.156342872732824033e-03
9.187090000000000600e+01,5.509010599999999425e-01,7.624906179419652617e-03,6.353499999999999703e-01,7.538109999999999776e-03,8.444894000000000012e-02,1.147210474521567509e-03
9.233020000000000493e+01,5.494767600000000085e-01,7.605442370347434596e-03,6.347439999999999749e-01,7.517870000000000281e-03,8.526723999999999415e-02,1.150818974372598731e-03
9.279189999999999827e+01,5.432790599999999248e-01,7.562731469913235548e-03,6.290019999999999500e-01,7.474500000000000241e-03,8.572293999999999747e-02,1.151849398148907435e-03
9.325579999999999359e+01,5.323845999999999856e-01,7.489418110205625298e-03,6.182020000000000293e-01,7.400509999999999901e-03,8.581740000000000201e-02,1.150580448893513946e-03
9.372209999999999752e+01,5.182087200000000671e-01,7.395499148462936212e-03,6.048040000000000083e-01,7.304950000000000158e-03,8.659527999999999670e-02,1.153738771306572720e-03
9.419070000000000675e+01,5.096577599999999597e-01,7.347527746192183962e-03,5.976249999999999618e-01,7.255209999999999784e-03,8.796724000000000210e-02,1.161073570866204881e-03
9.466169999999999618e+01,5.083928600000000575e-01,7.323943646967526720e-03,5.960290000000000310e-01,7.231959999999999951e-03,8.763614000000000126e-02,1.157110669882531213e-03
9.513500000000000512e+01,5.065658799999999129e-01,7.313372775932865978e-03,5.950459999999999638e-01,7.220729999999999857e-03,8.848012000000000932e-02,1.160379087564059747e-03
9.561069999999999425e+01,5.042718999999999951e-01,7.296046180549846383e-03,5.939889999999999892e-01,7.202159999999999986e-03,8.971710000000000795e-02,1.166696705710614564e-03
9.608870000000000289e+01,4.937920000000000087e-01,7.222148835869833701e-03,5.833580000000000432e-01,7.127739999999999597e-03,8.956600000000000672e-02,1.163939989800161657e-03
9.656919999999999504e+01,4.783414999999999750e-01,7.124962788323599416e-03,5.691279999999999673e-01,7.028229999999999894e-03,9.078650000000001996e-02,1.170075981334545764e-03
9.705200000000000671e+01,4.800077599999999500e-01,7.128570975787222597e-03,5.719459999999999544e-01,7.031059999999999567e-03,9.193824000000001828e-02,1.175040183668626774e-03
9.753730000000000189e+01,4.650287400000000515e-01,7.036042215265624934e-03,5.578100000000000280e-01,6.936630000000000053e-03,9.278126000000000428e-02,1.178581477073180599e-03
9.802490000000000236e+01,4.544036599999999870e-01,6.970285739120312372e-03,5.484430000000000138e-01,6.868889999999999892e-03,9.403933999999999904e-02,1.184581551808063741e-03
9.851510000000000389e+01,4.578903199999999618e-01,6.995046673929774389e-03,5.541289999999999827e-01,6.891949999999999986e-03,9.623868000000000700e-02,1.196537992692250354e-03
9.900759999999999650e+01,4.537409199999999920e-01,6.972257769943104866e-03,5.515809999999999880e-01,6.867459999999999710e-03,9.784008000000000982e-02,1.204313729445944661e-03
9.950270000000000437e+01,4.604961399999999427e-01,7.005150020560587006e-03,5.585259999999999669e-01,6.900919999999999624e-03,9.802985999999999644e-02,1.203922740112504117e-03
1.000000000000000000e+02,4.379564599999999919e-01,6.867540001086560632e-03,5.376630000000000020e-01,6.759659999999999801e-03,9.970654000000001016e-02,1.212477773373186237e-03
1.005000000000000000e+02,4.306241600000000336e-01,6.823600113878890670e-03,5.316300000000000470e-01,6.713870000000000254e-03,1.010058400000000134e-01,1.218797824591100892e-03
1.010030000000000001e+02,4.231771000000000282e-01,6.775780681257917611e-03,5.255640000000000311e-01,6.664050000000000355e-03,1.023869000000000168e-01,1.225414802427324864e-03
1.015079999999999956e+02,4.376625000000000099e-01,6.861280350807128989e-03,5.409380000000000299e-01,6.750240000000000233e-03,1.032755000000000062e-01,1.229401478269812401e-03
1.020150000000000006e+02,4.032409999999999606e-01,6.653089809472287862e-03,5.085929999999999618e-01,6.536410000000000310e-03,1.053520000000000012e-01,1.240543560220277054e-03
1.025250000000000057e+02,4.042914000000000230e-01,6.655545314340515980e-03,5.097260000000000124e-01,6.539009999999999614e-03,1.054346000000000033e-01,1.240012762490773617e-03
1.030379999999999967e+02,3.982274000000000092e-01,6.605147464867078440e-03,5.036709999999999798e-01,6.487899999999999570e-03,1.054435999999999984e-01,1.239002269021328333e-03
1.035529999999999973e+02,4.013264000000000276e-01,6.613555312055686974e-03,5.061750000000000416e-01,6.497300000000000124e-03,1.048486000000000001e-01,1.234587613586010223e-03
1.040709999999999980e+02,3.939401999999999626e-01,6.570540975422039728e-03,4.997889999999999833e-01,6.452600000000000176e-03,1.058487999999999929e-01,1.239339319839405287e-03
1.045909999999999940e+02,3.685597999999999930e-01,6.404581285924006162e-03,4.755460000000000242e-01,6.282399999999999617e-03,1.069862000000000035e-01,1.245034813974291946e-03
1.051140000000000043e+02,3.750805999999999862e-01,6.444112825036818482e-03,4.826369999999999827e-01,6.322300000000000315e-03,1.075563999999999965e-01,1.247041623926001958e-03
1.056400000000000006e+02,3.534128000000000269e-01,6.303780103999821922e-03,4.616450000000000276e-01,6.178669999999999822e-03,1.082322000000000006e-01,1.249672209294901571e-03
1.061680000000000064e+02,3.652708000000000066e-01,6.393413045745754107e-03,4.757950000000000235e-01,6.267700000000000181e-03,1.105242000000000030e-01,1.261612889721724310e-03
1.066989999999999981e+02,3.539759999999999573e-01,6.313309168983252326e-03,4.648979999999999779e-01,6.185750000000000276e-03,1.109220000000000067e-01,1.262683491880684959e-03
1.072319999999999993e+02,3.495663999999999993e-01,6.279304103846858505e-03,4.609079999999999844e-01,6.150860000000000181e-03,1.113415999999999989e-01,1.263558977249578264e-03
1.077680000000000007e+02,3.412912000000000168e-01,6.225623507062727317e-03,4.532780000000000142e-01,6.095620000000000378e-03,1.119867999999999836e-01,1.265624299423806194e-03
1.083070000000000022e+02,3.325162000000000395e-01,6.167553612474884275e-03,4.457380000000000231e-01,6.035180000000000232e-03,1.132217999999999974e-01,1.270952371393987285e-03
1.088490000000000038e+02,3.387921999999999878e-01,6.210390022070433683e-03,4.529179999999999873e-01,6.078290000000000082e-03,1.141258000000000133e-01,1.274101605890205335e-03
1.093930000000000007e+02,3.314008000000000509e-01,6.162400450677965602e-03,4.466220000000000190e-01,6.028359999999999969e-03,1.152211999999999958e-01,1.278301617348581677e-03
1.099399999999999977e+02,3.156575999999999826e-01,6.063186287726281092e-03,4.329339999999999855e-01,5.924969999999999890e-03,1.172763999999999890e-01,1.287228984591319569e-03
1.104899999999999949e+02,3.371625999999999790e-01,6.219427650868526204e-03,4.572419999999999818e-01,6.081950000000000030e-03,1.200793999999999889e-01,1.300447808213770580e-03
1.110420000000000016e+02,3.195409999999999640e-01,6.110591905527647076e-03,4.417269999999999808e-01,5.968620000000000002e-03,1.221859999999999891e-01,1.309545238432028962e-03
1.115969999999999942e+02,3.167021999999999893e-01,6.089832907453208814e-03,4.395540000000000003e-01,5.946929999999999578e-03,1.228517999999999971e-01,1.311521412634959576e-03
1.121550000000000011e+02,3.109545999999999699e-01,6.052520891409793671e-03,4.346740000000000048e-01,5.908000000000000057e-03,1.237194000000000071e-01,1.314741473047838444e-03
1.127159999999999940e+02,3.105246000000000395e-01,6.050722900824000161e-03,4.345600000000000018e-01,5.905950000000000089e-03,1.240353999999999901e-01,1.315675575533725803e-03
1.132800000000000011e+02,3.011902000000000190e-01,5.983605182502936722e-03,4.252090000000000036e-01,5.837359999999999771e-03,1.240187999999999846e-01,1.314822881789026341e-03
1.138460000000000036e+02,3.082656000000000285e-01,6.020785248775777608e-03,4.316559999999999842e-01,5.876329999999999922e-03,1.233903999999999834e-01,1.310954134581374282e-03
1.144150000000000063e+02,2.994078000000000017e-01,5.963939673991345940e-03,4.237799999999999900e-01,5.817100000000000395e-03,1.243722000000000022e-01,1.315265762121100527e-03
1.149869999999999948e+02,3.002094000000000151e-01,5.973010719718490485e-03,4.254100000000000104e-01,5.825639999999999985e-03,1.252005999999999952e-01,1.318626424834570127e-03
1.155619999999999976e+02,2.915128000000000164e-01,5.919085120520569364e-03,4.177130000000000010e-01,5.769329999999999598e-03,1.262002000000000124e-01,1.323026838377816105e-03
1.161400000000000006e+02,2.842328000000000632e-01,5.874473609263046112e-03,4.115920000000000134e-01,5.722360000000000120e-03,1.273591999999999780e-01,1.328170251258474575e-03
1.167210000000000036e+02,2.792031999999999847e-01,5.858093916708061871e-03,4.091929999999999734e-01,5.702510000000000044e-03,1.299897999999999887e-01,1.341135353673148086e-03
1.173050000000000068e+02,2.870121999999999951e-01,5.923275540343535088e-03,4.191150000000000153e-01,5.767070000000000009e-03,1.321028000000000202e-01,1.351331470044267067e-03
1.178910000000000053e+02,2.792936000000000307e-01,5.877444418855188278e-03,4.126040000000000263e-01,5.718649999999999602e-03,1.333103999999999956e-01,1.356980130374796497e-03
1.184809999999999945e+02,2.842839999999999812e-01,5.920517163734600671e-03,4.192170000000000063e-01,5.761060000000000139e-03,1.349330000000000251e-01,1.364811768148267278e-03
1.190729999999999933e+02,2.791917999999999900e-01,5.900193008642684415e-03,4.161290000000000266e-01,5.737810000000000306e-03,1.369372000000000089e-01,1.374705038594097907e-03
1.196680000000000064e+02,2.721837999999999758e-01,5.851018435840037168e-03,4.089050000000000185e-01,5.687659999999999764e-03,1.367212000000000149e-01,1.372931338756603692e-03
1.202669999999999959e+02,2.811560000000000170e-01,5.912916700318379508e-03,4.186170000000000169e-01,5.750579999999999928e-03,1.374609999999999999e-01,1.376013651278213150e-03
1.208679999999999950e+02,2.719426000000000343e-01,5.859596897939993963e-03,4.110770000000000257e-01,5.693850000000000300e-03,1.391344000000000192e-01,1.383816455982512118e-03
1.214719999999999942e+02,2.749920000000000142e-01,5.878683672516153008e-03,4.145510000000000028e-01,5.713199999999999876e-03,1.395590000000000164e-01,1.385015336199566958e-03
1.220799999999999983e+02,2.694083999999999923e-01,5.840412066014520794e-03,4.087149999999999950e-01,5.674379999999999702e-03,1.393066000000000026e-01,1.382687497755006115e-03
1.226899999999999977e+02,2.697595999999999883e-01,5.839949185254954267e-03,4.093809999999999949e-01,5.673710000000000211e-03,1.396214000000000066e-01,1.383481594478220764e-03
1.233040000000000020e+02,2.843774000000000024e-01,5.926881019981419460e-03,4.232489999999999863e-01,5.764219999999999587e-03,1.388716000000000117e-01,1.379016467130106350e-03
1.239200000000000017e+02,2.757720000000000171e-01,5.859937668172931005e-03,4.139320000000000221e-01,5.696520000000000056e-03,1.381600000000000050e-01,1.374237739429389838e-03
1.245400000000000063e+02,2.725134000000000167e-01,5.839328050001300376e-03,4.115469999999999962e-01,5.674539999999999619e-03,1.390336000000000072e-01,1.377442508394452177e-03
1.251620000000000061e+02,2.661329999999999529e-01,5.793935877837447755e-03,4.052319999999999811e-01,5.628039999999999952e-03,1.390990000000000004e-01,1.376538671774970570e-03
1.257879999999999967e+02,2.745792000000000233e-01,5.851727092696651714e-03,4.141710000000000114e-01,5.687260000000000405e-03,1.395917999999999881e-01,1.377600689532347761e-03
1.264170000000000016e+02,2.730774000000000257e-01,5.849148255358211333e-03,4.141549999999999954e-01,5.683180000000000349e-03,1.410775999999999974e-01,1.383474033279988996e-03
1.270490000000000066e+02,2.707314000000000109e-01,5.843277153544575511e-03,4.136540000000000217e-01,5.675209999999999977e-03,1.429226000000000107e-01,1.391358813906750681e-03
1.276839999999999975e+02,2.762951999999999630e-01,5.888441127642187085e-03,4.208779999999999744e-01,5.719949999999999687e-03,1.445828000000000113e-01,1.398538848658842154e-03
1.283230000000000075e+02,2.679615999999999665e-01,5.851785126672714825e-03,4.153769999999999962e-01,5.679069999999999604e-03,1.474154000000000297e-01,1.411223973665413781e-03
1.289639999999999986e+02,2.813434000000000212e-01,5.958751982383559895e-03,4.316590000000000149e-01,5.786099999999999750e-03,1.503155999999999937e-01,1.423998587625704059e-03
1.296090000000000089e+02,2.882412000000000307e-01,6.009632609331788146e-03,4.402050000000000129e-01,5.836899999999999901e-03,1.519637999999999822e-01,1.430483306139571781e-03
1.302570000000000050e+02,2.847378000000000409e-01,5.996770357156590986e-03,4.382889999999999842e-01,5.822049999999999621e-03,1.535511999999999710e-01,1.437006789814160908e-03
1.309089999999999918e+02,2.948612000000000455e-01,6.081015065389988074e-03,4.513110000000000177e-01,5.905849999999999815e-03,1.564498000000000000e-01,1.449027260958191772e-03
1.315629999999999882e+02,2.939121999999999568e-01,6.084397160309310167e-03,4.521259999999999724e-01,5.907670000000000282e-03,1.582138000000000155e-01,1.455789811573085729e-03
1.322210000000000036e+02,2.926929999999999810e-01,6.092504724425251011e-03,4.542399999999999771e-01,5.912480000000000339e-03,1.615469999999999962e-01,1.470100019299367452e-03
1.328820000000000050e+02,2.991873999999999922e-01,6.162562462713055272e-03,4.652459999999999929e-01,5.979789999999999585e-03,1.660586000000000007e-01,1.489727378663626648e-03
1.335459999999999923e+02,3.071304000000000256e-01,6.238616833900924655e-03,4.774030000000000218e-01,6.053779999999999925e-03,1.702726000000000239e-01,1.507344589611811503e-03
1.342139999999999986e+02,3.239809999999999635e-01,6.362927192335930161e-03,4.978750000000000120e-01,6.178160000000000249e-03,1.738940000000000208e-01,1.522229111982818361e-03
1.348849999999999909e+02,3.202672000000000296e-01,6.378654538802677916e-03,5.003680000000000350e-01,6.187920000000000399e-03,1.801008000000000053e-01,1.548185970414407350e-03
1.355600000000000023e+02,3.265272000000000174e-01,6.450334863663435316e-03,5.121999999999999886e-01,6.256109999999999623e-03,1.856727999999999990e-01,1.570957517341573222e-03
1.362379999999999995e+02,3.240962000000000565e-01,6.469175461418557628e-03,5.149890000000000301e-01,6.270300000000000352e-03,1.908928000000000014e-01,1.591718901257379703e-03
1.369190000000000111e+02,3.278149999999999675e-01,6.543973316550427168e-03,5.272069999999999812e-01,6.338869999999999921e-03,1.993919999999999859e-01,1.625519575650813441e-03
1.376030000000000086e+02,3.317959999999999798e-01,6.613832100592211688e-03,5.386109999999999509e-01,6.403599999999999744e-03,2.068149999999999711e-01,1.654292022233075973e-03
1.382909999999999968e+02,3.397137999999999547e-01,6.694793540983321606e-03,5.522129999999999539e-01,6.481690000000000021e-03,2.124991999999999714e-01,1.675695467646791783e-03
1.389830000000000041e+02,3.319946000000000286e-01,6.687582563384769467e-03,5.510190000000000365e-01,6.467960000000000029e-03,2.190243999999999802e-01,1.699780568334630353e-03
1.396779999999999973e+02,3.361692000000000569e-01,6.760168165606533254e-03,5.628980000000000095e-01,6.535509999999999584e-03,2.267287999999999804e-01,1.728288942040653083e-03
1.403760000000000048e+02,3.247642000000000584e-01,6.717705083983666406e-03,5.557910000000000350e-01,6.487510000000000152e-03,2.310267999999999766e-01,1.743495223761739894e-03
1.410780000000000030e+02,3.357464000000000004e-01,6.813464526579998334e-03,5.724700000000000344e-01,6.581230000000000413e-03,2.367236000000000062e-01,1.763720653069527147e-03
1.417829999999999870e+02,3.338856000000000046e-01,6.850734632526354027e-03,5.783730000000000260e-01,6.612319999999999656e-03,2.444873999999999936e-01,1.791588463597597585e-03
1.424919999999999902e+02,3.329397999999999525e-01,6.879242359773058389e-03,5.833159999999999457e-01,6.636249999999999788e-03,2.503761999999999932e-01,1.812225532872771506e-03
1.432050000000000125e+02,3.220008000000000314e-01,6.850653322631061574e-03,5.775649999999999951e-01,6.601740000000000039e-03,2.555641999999999636e-01,1.829885220246340758e-03
1.439209999999999923e+02,3.252592000000000816e-01,6.903030241850314185e-03,5.875430000000000375e-01,6.649620000000000183e-03,2.622837999999999559e-01,1.853208130648039114e-03
1.446399999999999864e+02,3.349291999999999825e-01,6.991904740448914163e-03,6.032039999999999624e-01,6.736159999999999717e-03,2.682747999999999799e-01,1.873734333866997146e-03
1.453640000000000043e+02,3.236461999999999395e-01,6.954677107655825481e-03,5.959769999999999790e-01,6.693740000000000107e-03,2.723308000000000395e-01,1.887161488625708301e-03
1.460900000000000034e+02,3.227406000000000441e-01,6.981965063924052382e-03,6.008050000000000335e-01,6.716729999999999749e-03,2.780643999999999894e-01,1.906141196489913618e-03
1.468209999999999980e+02,3.034006000000000203e-01,6.909577580523718586e-03,5.866500000000000048e-01,6.636600000000000311e-03,2.832493999999999845e-01,1.922967181538988088e-03
1.475550000000000068e+02,2.952937999999999397e-01,6.883640087711733607e-03,5.818799999999999528e-01,6.606589999999999858e-03,2.865862000000000132e-01,1.933253586328498351e-03
1.482930000000000064e+02,2.868431999999999649e-01,6.844441288898020677e-03,5.749279999999999946e-01,6.564529999999999844e-03,2.880848000000000297e-01,1.937349332534532564e-03
1.490339999999999918e+02,2.775948000000000304e-01,6.798844601551943742e-03,5.670920000000000405e-01,6.515840000000000173e-03,2.894972000000000101e-01,1.941163828854226229e-03
1.497789999999999964e+02,2.670741999999999283e-01,6.740726025499923189e-03,5.573949999999999738e-01,6.454579999999999693e-03,2.903208000000000455e-01,1.943137765175696405e-03
1.505279999999999916e+02,2.657365999999999895e-01,6.733761379989640881e-03,5.562730000000000175e-01,6.447279999999999678e-03,2.905364000000000280e-01,1.943224877424123715e-03
1.512810000000000059e+02,2.684105999999999437e-01,6.750646589147145903e-03,5.596259999999999568e-01,6.464519999999999642e-03,2.912154000000000131e-01,1.944533502196349418e-03
1.520370000000000061e+02,2.670451999999999271e-01,6.745849492409981656e-03,5.595949999999999536e-01,6.458440000000000188e-03,2.925498000000000265e-01,1.948085763165472231e-03
1.527969999999999970e+02,2.591432000000000735e-01,6.719502764005384592e-03,5.545590000000000241e-01,6.428279999999999758e-03,2.954157999999999507e-01,1.956766117111597737e-03
1.535610000000000070e+02,2.384210000000000496e-01,6.605928957443305688e-03,5.350580000000000336e-01,6.308460000000000109e-03,2.966369999999999840e-01,1.960007606920952886e-03
1.543290000000000077e+02,2.417784000000000044e-01,6.623750676540293703e-03,5.385969999999999924e-01,6.327150000000000135e-03,2.968185999999999880e-01,1.959909666915289183e-03
1.551009999999999991e+02,2.417546000000000417e-01,6.633789208784071807e-03,5.404020000000000490e-01,6.335979999999999737e-03,2.986474000000000073e-01,1.965328650933476952e-03
1.558760000000000048e+02,2.318916000000000310e-01,6.573621151776546170e-03,5.303849999999999953e-01,6.273289999999999943e-03,2.984933999999999643e-01,1.964262615584789779e-03
1.566560000000000059e+02,2.254740000000000633e-01,6.522418324050980806e-03,5.224370000000000402e-01,6.221400000000000194e-03,2.969629999999999770e-01,1.958602265370894789e-03
1.574389999999999930e+02,2.406235999999999930e-01,6.603255075435447534e-03,5.368319999999999759e-01,6.307069999999999690e-03,2.962083999999999828e-01,1.955465572789252642e-03
1.582259999999999991e+02,2.443317999999999879e-01,6.617010765735235195e-03,5.397870000000000168e-01,6.322460000000000233e-03,2.954552000000000289e-01,1.952263051501001035e-03
1.590169999999999959e+02,2.310766000000000209e-01,6.517047452222516149e-03,5.232940000000000369e-01,6.221309999999999861e-03,2.922174000000000160e-01,1.940930029243712702e-03
1.598120000000000118e+02,2.346578000000000275e-01,6.534894930090001837e-03,5.266100000000000225e-01,6.240510000000000328e-03,2.919521999999999951e-01,1.939300566497106958e-03
1.606119999999999948e+02,2.323586000000000262e-01,6.504194352324967413e-03,5.220010000000000483e-01,6.211000000000000375e-03,2.896424000000000221e-01,1.930808942597894706e-03
1.614149999999999920e+02,2.294593999999999245e-01,6.479652873217514597e-03,5.180169999999999497e-01,6.186569999999999743e-03,2.885576000000000252e-01,1.926720787373199014e-03
1.622220000000000084e+02,2.292663999999999813e-01,6.465476271167964334e-03,5.159749999999999615e-01,6.173780000000000240e-03,2.867085999999999801e-01,1.920110393866977490e-03
1.630329999999999870e+02,2.320261999999999603e-01,6.481471910945846467e-03,5.190019999999999634e-01,6.190320000000000024e-03,2.869758000000000031e-01,1.920785368014865050e-03
1.638480000000000132e+02,2.245312000000000419e-01,6.429851822455630826e-03,5.104480000000000128e-01,6.137379999999999572e-03,2.859167999999999710e-01,1.917175316536283858e-03
1.646670000000000016e+02,2.202189999999999981e-01,6.416604083268969208e-03,5.077199999999999491e-01,6.121790000000000218e-03,2.875009999999999510e-01,1.922627149845752229e-03
1.654910000000000139e+02,2.271959999999999535e-01,6.458317309132154647e-03,5.150139999999999718e-01,6.165209999999999961e-03,2.878180000000000183e-01,1.923550914672133173e-03
1.663180000000000121e+02,2.149392000000000524e-01,6.386435254517500160e-03,5.025730000000000475e-01,6.089970000000000105e-03,2.876337999999999950e-01,1.923231826703166933e-03
1.671500000000000057e+02,2.037203999999999682e-01,6.311288273722252297e-03,4.895809999999999884e-01,6.012960000000000353e-03,2.858606000000000202e-01,1.917464918172950882e-03
1.679850000000000136e+02,2.173780000000000712e-01,6.383926557275232741e-03,5.022590000000000110e-01,6.090070000000000379e-03,2.848809999999999398e-01,1.914566709149618292e-03
1.688249999999999886e+02,2.127658000000000049e-01,6.344683173840597566e-03,4.959500000000000020e-01,6.050609999999999669e-03,2.831841999999999970e-01,1.909220575081884124e-03
1.696690000000000111e+02,2.155521999999999716e-01,6.351134947222897807e-03,4.966360000000000219e-01,6.059519999999999663e-03,2.810838000000000503e-01,1.902401768143627660e-03
1.705180000000000007e+02,2.215317999999999454e-01,6.379731740144565025e-03,5.018059999999999743e-01,6.090329999999999702e-03,2.802742000000000289e-01,1.899699336028730801e-03
1.713700000000000045e+02,2.103787999999999769e-01,6.296066919999183074e-03,4.880459999999999798e-01,6.005309999999999815e-03,2.776672000000000029e-01,1.891219306428527274e-03
1.722270000000000039e+02,2.022341999999999751e-01,6.228873213167530724e-03,4.768760000000000221e-01,5.938129999999999797e-03,2.746418000000000470e-01,1.880817271511509795e-03
1.730879999999999939e+02,2.053336000000000050e-01,6.218115091305403963e-03,4.758499999999999952e-01,5.931320000000000342e-03,2.705163999999999902e-01,1.866654318913922540e-03
1.739540000000000077e+02,1.922998000000000207e-01,6.107373993973187754e-03,4.582950000000000079e-01,5.820080000000000045e-03,2.659951999999999872e-01,1.851130977499971684e-03
1.748230000000000075e+02,1.905310000000000059e-01,6.070145144973717807e-03,4.527769999999999850e-01,5.785150000000000188e-03,2.622459999999999791e-01,1.838124467643037583e-03
1.756980000000000075e+02,1.889783999999999908e-01,6.042951664561284873e-03,4.490270000000000095e-01,5.759180000000000028e-03,2.600486000000000186e-01,1.830057525823710046e-03
1.765759999999999934e+02,1.952520000000000366e-01,6.066034962345667227e-03,4.532459999999999822e-01,5.785689999999999583e-03,2.579939999999999456e-01,1.822792195588954266e-03
1.774590000000000032e+02,1.902280000000000082e-01,6.025603160696860368e-03,4.468820000000000014e-01,5.744919999999999714e-03,2.566539999999999933e-01,1.817632428132816974e-03
1.783460000000000036e+02,1.991648000000000307e-01,6.070770295919620911e-03,4.545150000000000023e-01,5.793809999999999932e-03,2.553501999999999716e-01,1.812737617450468170e-03
1.792379999999999995e+02,1.857490000000000530e-01,5.980656036392663182e-03,4.400749999999999940e-01,5.700580000000000230e-03,2.543259999999999410e-01,1.808765957563332385e-03
1.801339999999999861e+02,1.713881999999999906e-01,5.897962759041464748e-03,4.268750000000000044e-01,5.612490000000000361e-03,2.554868000000000139e-01,1.812710872406297523e-03
1.810349999999999966e+02,1.795166000000000261e-01,5.944284993777131966e-03,4.345749999999999891e-01,5.661779999999999938e-03,2.550583999999999629e-01,1.810737783016635669e-03
1.819399999999999977e+02,1.800046000000000146e-01,5.943922666266781250e-03,4.346530000000000116e-01,5.661979999999999617e-03,2.546483999999999970e-01,1.808922093999628528e-03
1.828499999999999943e+02,1.680570000000000119e-01,5.875529880914912191e-03,4.238239999999999785e-01,5.588990000000000277e-03,2.557669999999999666e-01,1.812468527016124556e-03
1.837640000000000100e+02,1.745672000000000335e-01,5.925117550839307905e-03,4.315430000000000099e-01,5.639899999999999775e-03,2.569757999999999765e-01,1.816189962879434126e-03
1.846829999999999927e+02,1.823834000000000288e-01,5.971074162488688997e-03,4.388130000000000086e-01,5.689010000000000421e-03,2.564295999999999798e-01,1.813530224131927908e-03
1.856059999999999945e+02,1.836443999999999854e-01,5.978817912475006997e-03,4.405839999999999756e-01,5.696670000000000032e-03,2.569395999999999902e-01,1.814997118904600627e-03
1.865339999999999918e+02,1.912711999999999746e-01,6.045979045492301703e-03,4.507619999999999960e-01,5.764430000000000075e-03,2.594908000000000214e-01,1.823515668600629667e-03
1.874670000000000130e+02,2.009666000000000508e-01,6.119959833568844494e-03,4.629130000000000189e-01,5.839340000000000155e-03,2.619463999999999682e-01,1.831943429502122826e-03
1.884039999999999964e+02,2.072073999999999860e-01,6.180741154031286003e-03,4.723820000000000241e-01,5.899589999999999695e-03,2.651746000000000381e-01,1.842932186770853591e-03
1.893460000000000036e+02,2.138152000000000386e-01,6.235248384267943512e-03,4.813990000000000213e-01,5.954079999999999616e-03,2.675837999999999828e-01,1.851284356093358275e-03
1.902930000000000064e+02,2.228240000000000220e-01,6.305113680301094314e-03,4.928640000000000243e-01,6.024660000000000258e-03,2.700400000000000023e-01,1.859551130224710875e-03
1.912439999999999998e+02,2.264166000000000234e-01,6.327685439467419480e-03,4.966650000000000231e-01,6.047969999999999735e-03,2.702483999999999997e-01,1.860554191618185235e-03
1.922009999999999934e+02,2.186915999999999860e-01,6.266254884023471361e-03,4.867810000000000192e-01,5.985980000000000120e-03,2.680894000000000332e-01,1.853103804741655300e-03
1.931620000000000061e+02,2.240156000000000369e-01,6.268664653334392843e-03,4.874220000000000219e-01,5.993359999999999660e-03,2.634063999999999850e-01,1.837332971010970529e-03
1.941279999999999859e+02,2.284010000000000207e-01,6.247251445765889151e-03,4.851239999999999997e-01,5.978009999999999748e-03,2.567229999999999790e-01,1.814262127291423141e-03
1.950980000000000132e+02,2.177594000000000196e-01,6.125427058225409865e-03,4.661730000000000040e-01,5.859640000000000161e-03,2.484135999999999844e-01,1.784790104197129298e-03
1.960740000000000123e+02,2.204329999999999901e-01,6.086402648675160766e-03,4.607809999999999961e-01,5.827780000000000286e-03,2.403480000000000061e-01,1.755356793760174576e-03
1.970540000000000020e+02,2.216594000000000064e-01,6.030385455670308863e-03,4.533650000000000180e-01,5.778969999999999593e-03,2.317056000000000116e-01,1.723094449837268881e-03
1.980389999999999873e+02,2.282393999999999812e-01,6.014712829653299370e-03,4.523170000000000246e-01,5.771250000000000338e-03,2.240776000000000434e-01,1.693943287331662424e-03
1.990289999999999964e+02,2.259163999999999617e-01,5.969470844300691151e-03,4.454489999999999839e-01,5.729230000000000086e-03,2.195326000000000222e-01,1.676456312599883909e-03
2.000250000000000057e+02,2.303129999999999900e-01,5.973361724027434309e-03,4.467869999999999897e-01,5.736670000000000137e-03,2.164739999999999998e-01,1.664832603349658199e-03
2.010250000000000057e+02,2.336585999999999941e-01,5.972994648696413993e-03,4.469110000000000027e-01,5.739870000000000215e-03,2.132524000000000086e-01,1.652439849572746259e-03
2.020300000000000011e+02,2.304708000000000034e-01,5.930815671366628829e-03,4.415990000000000193e-01,5.698289999999999952e-03,2.111282000000000159e-01,1.644404330944187337e-03
2.030399999999999920e+02,2.222182000000000046e-01,5.874614489819395338e-03,4.325120000000000076e-01,5.640619999999999835e-03,2.102938000000000029e-01,1.641493655058099939e-03
2.040550000000000068e+02,2.227661999999999698e-01,5.868009405512571858e-03,4.314470000000000249e-01,5.635629999999999980e-03,2.086808000000000551e-01,1.634995072250678295e-03
2.050749999999999886e+02,2.236749999999999849e-01,5.858329916043650450e-03,4.302429999999999866e-01,5.628020000000000071e-03,2.065680000000000016e-01,1.626474803005567571e-03
2.061009999999999991e+02,2.304928000000000532e-01,5.885169675717429917e-03,4.347880000000000078e-01,5.658550000000000038e-03,2.042951999999999546e-01,1.617415843091689429e-03
2.071310000000000002e+02,2.286943999999999644e-01,5.849863015540792029e-03,4.300189999999999846e-01,5.625210000000000279e-03,2.013246000000000202e-01,1.605587044196607862e-03
2.081670000000000016e+02,2.527220000000000022e-01,5.973410764067041585e-03,4.509699999999999820e-01,5.757049999999999668e-03,1.982480000000000075e-01,1.593113760461568450e-03
2.092079999999999984e+02,2.664660000000000362e-01,6.040573614869038099e-03,4.619380000000000153e-01,5.829749999999999863e-03,1.954719999999999791e-01,1.581943277792222102e-03
2.102539999999999907e+02,3.019361999999999879e-01,6.234788600399536300e-03,4.947190000000000198e-01,6.033540000000000431e-03,1.927828000000000042e-01,1.571300085939028980e-03
2.113050000000000068e+02,3.235489999999999755e-01,6.354936491354732341e-03,5.153919999999999613e-01,6.158489999999999971e-03,1.918430000000000135e-01,1.567870762866633433e-03
2.123619999999999948e+02,3.588464000000000653e-01,6.559461158391594916e-03,5.508880000000000443e-01,6.369050000000000232e-03,1.920415999999999790e-01,1.568991008880547822e-03
2.134240000000000066e+02,4.202533999999999992e-01,6.899303225530822176e-03,6.122819999999999929e-01,6.718400000000000240e-03,1.920285999999999937e-01,1.569549756401497588e-03
2.144910000000000139e+02,4.804544000000000037e-01,7.217121422151355492e-03,6.729910000000000059e-01,7.043800000000000235e-03,1.925366000000000022e-01,1.572171486217709135e-03
2.155629999999999882e+02,5.532871999999999790e-01,7.584281386389615624e-03,7.463689999999999491e-01,7.418939999999999736e-03,1.930818000000000256e-01,1.575009023572880888e-03
2.166409999999999911e+02,6.263621999999999801e-01,7.936329985382160196e-03,8.192979999999999707e-01,7.778460000000000062e-03,1.929357999999999906e-01,1.575085288254575748e-03
2.177239999999999895e+02,6.795630000000000281e-01,8.195517380826668197e-03,8.746570000000000178e-01,8.040780000000000843e-03,1.950939999999999896e-01,1.585043258410318706e-03
2.188129999999999882e+02,7.171089999999999964e-01,8.375697036449681471e-03,9.143160000000000176e-01,8.222590000000000107e-03,1.972069999999999657e-01,1.594150099047138020e-03
2.199070000000000107e+02,7.118508000000000058e-01,8.368329264495750694e-03,9.116900000000000004e-01,8.212789999999999327e-03,1.998391999999999946e-01,1.605931223594584583e-03
2.210060000000000002e+02,7.139397999999999023e-01,8.397216293943366924e-03,9.168589999999999796e-01,8.239649999999999405e-03,2.029192000000000218e-01,1.619076701323318972e-03
2.221109999999999900e+02,7.139081999999999928e-01,8.411489453110666467e-03,9.195109999999999673e-01,8.251959999999999157e-03,2.056028000000000022e-01,1.630432757948637682e-03
2.232220000000000084e+02,7.451605999999999508e-01,8.567712494363475401e-03,9.538280000000000092e-01,8.408729999999999677e-03,2.086674000000000029e-01,1.642850319771098442e-03
2.243379999999999939e+02,7.511419999999999764e-01,8.600540022001874549e-03,9.609290000000000331e-01,8.441219999999999279e-03,2.097870000000000290e-01,1.647754102302889222e-03
2.254600000000000080e+02,7.511651999999999774e-01,8.602446179663549367e-03,9.614890000000000381e-01,8.442740000000000661e-03,2.103238000000000052e-01,1.649915624026877109e-03
2.265869999999999891e+02,7.366329999999999822e-01,8.548363189422172187e-03,9.480429999999999691e-01,8.386819999999999692e-03,2.114100000000000146e-01,1.654014360840920820e-03
2.277199999999999989e+02,6.900542000000000620e-01,8.340652348730524107e-03,9.010860000000000536e-01,8.175359999999999572e-03,2.110317999999999916e-01,1.652262228819626703e-03
2.288590000000000089e+02,6.076760000000001050e-01,7.945967194690145910e-03,8.153890000000000304e-01,7.775129999999999889e-03,2.077129999999999810e-01,1.638825232351515853e-03
2.300029999999999859e+02,5.380502000000000340e-01,7.605020013865314808e-03,7.444720000000000226e-01,7.427579999999999599e-03,2.064218000000000441e-01,1.633213015773508914e-03
2.311529999999999916e+02,4.639961999999999698e-01,7.232997259207277728e-03,6.706590000000000051e-01,7.046089999999999645e-03,2.066628000000000076e-01,1.633666142025352614e-03
2.323089999999999975e+02,4.353854000000000335e-01,7.086693493474936073e-03,6.422809999999999908e-01,6.895740000000000029e-03,2.068955999999999573e-01,1.634011787858337048e-03
2.334699999999999989e+02,3.982171999999999934e-01,6.900855320584543297e-03,6.070029999999999593e-01,6.702900000000000351e-03,2.087857999999999659e-01,1.641016680488044301e-03
2.346380000000000052e+02,3.704199999999999715e-01,6.777263319799519715e-03,5.832279999999999687e-01,6.571630000000000180e-03,2.128080000000000249e-01,1.656797286634668475e-03
2.358110000000000070e+02,3.539149999999999796e-01,6.716814868872001895e-03,5.713139999999999885e-01,6.504720000000000293e-03,2.173989999999999811e-01,1.674580456203881478e-03
2.369900000000000091e+02,3.283344000000000262e-01,6.594701490884329401e-03,5.485900000000000221e-01,6.375569999999999675e-03,2.202555999999999958e-01,1.685881054218238808e-03
2.381750000000000114e+02,3.255416000000000420e-01,6.594942366189108021e-03,5.485710000000000308e-01,6.372899999999999919e-03,2.230293999999999888e-01,1.696882554379058970e-03
2.393660000000000139e+02,2.941134000000000248e-01,6.445080699734953740e-03,5.214830000000000298e-01,6.212940000000000129e-03,2.273696000000000050e-01,1.714188374273959651e-03
2.405620000000000118e+02,2.918103999999999698e-01,6.450853388792214885e-03,5.213969999999999994e-01,6.216580000000000196e-03,2.295866000000000295e-01,1.722684691779665170e-03
2.417649999999999864e+02,2.846736000000000821e-01,6.422738472503454650e-03,5.157040000000000513e-01,6.185750000000000276e-03,2.310303999999999969e-01,1.728602448128545212e-03
2.429739999999999895e+02,2.677894000000000108e-01,6.324744155105722736e-03,4.988409999999999789e-01,6.083859999999999962e-03,2.310515999999999681e-01,1.728882913312523861e-03
2.441889999999999930e+02,2.614223999999999437e-01,6.279743733327658971e-03,4.913179999999999770e-01,6.038220000000000393e-03,2.298956000000000055e-01,1.724842192163677417e-03
2.454099999999999966e+02,2.517376000000000058e-01,6.200865885148299124e-03,4.784419999999999784e-01,5.959599999999999793e-03,2.267043999999999726e-01,1.712864724838479525e-03
2.466370000000000005e+02,2.475090000000000068e-01,6.145042363702304250e-03,4.699800000000000089e-01,5.906060000000000303e-03,2.224710000000000021e-01,1.697056548290598208e-03
2.478700000000000045e+02,2.365915999999999852e-01,6.044251093212128605e-03,4.545230000000000103e-01,5.806190000000000136e-03,2.179314000000000251e-01,1.679621672191687360e-03
2.491090000000000089e+02,2.478241999999999667e-01,6.096005793298428510e-03,4.630409999999999804e-01,5.863110000000000370e-03,2.152168000000000136e-01,1.668900164727656716e-03
2.503549999999999898e+02,2.364769999999999928e-01,5.986346244683814037e-03,4.457720000000000016e-01,5.755670000000000057e-03,2.092950000000000088e-01,1.645783768403370718e-03
2.516069999999999993e+02,2.358933999999999753e-01,5.942385127319836646e-03,4.398549999999999960e-01,5.715999999999999727e-03,2.039616000000000207e-01,1.624587640415868809e-03
2.528650000000000091e+02,2.400909999999999711e-01,5.933321228906454636e-03,4.389469999999999761e-01,5.712329999999999838e-03,1.988560000000000050e-01,1.604240248993896948e-03
2.541289999999999907e+02,2.285553999999999919e-01,5.821714820369682311e-03,4.225340000000000207e-01,5.601970000000000387e-03,1.939786000000000288e-01,1.584391229719478130e-03
2.554000000000000057e+02,2.385751999999999873e-01,5.838824386473017054e-03,4.265240000000000142e-01,5.626660000000000342e-03,1.879488000000000270e-01,1.559669022732707716e-03
2.566770000000000209e+02,2.433633999999999520e-01,5.854168449962812541e-03,4.291499999999999759e-01,5.645090000000000177e-03,1.857866000000000239e-01,1.550563488684033155e-03
2.579599999999999795e+02,2.350975999999999622e-01,5.778068289058549585e-03,4.174459999999999837e-01,5.570150000000000275e-03,1.823484000000000216e-01,1.536067098314393203e-03
2.592500000000000000e+02,2.358190000000000008e-01,5.769880067839192397e-03,4.165289999999999826e-01,5.563600000000000143e-03,1.807099999999999818e-01,1.529009822482511145e-03
2.605459999999999923e+02,2.331663999999999959e-01,5.736383038212145534e-03,4.117129999999999956e-01,5.531320000000000160e-03,1.785465999999999998e-01,1.520062307501899787e-03
2.618489999999999895e+02,2.259324000000000332e-01,5.693384198236405708e-03,4.049920000000000186e-01,5.485989999999999617e-03,1.790595999999999854e-01,1.522674406637216857e-03
2.631580000000000155e+02,2.286786000000000096e-01,5.704192377350539994e-03,4.064139999999999975e-01,5.498639999999999951e-03,1.777353999999999878e-01,1.517487669875442532e-03
2.644739999999999895e+02,2.258251999999999760e-01,5.695554892826510014e-03,4.048709999999999809e-01,5.488019999999999704e-03,1.790458000000000049e-01,1.523476949874857760e-03
2.657959999999999923e+02,2.317686000000000190e-01,5.753751812737147205e-03,4.133740000000000192e-01,5.545330000000000224e-03,1.816054000000000002e-01,1.534592816898345830e-03
2.671250000000000000e+02,2.344517999999999880e-01,5.811168441173943100e-03,4.211280000000000023e-01,5.598849999999999834e-03,1.866762000000000143e-01,1.556456658309507933e-03
2.684610000000000127e+02,2.333175999999999861e-01,5.830272390794789816e-03,4.232219999999999871e-01,5.614889999999999985e-03,1.899044000000000010e-01,1.570059374279839061e-03
2.698029999999999973e+02,2.400967999999999991e-01,5.918051330425244151e-03,4.354509999999999770e-01,5.699619999999999860e-03,1.953541999999999779e-01,1.593004521383414168e-03
2.711519999999999868e+02,2.482484000000000357e-01,6.013683116042281389e-03,4.493730000000000224e-01,5.792290000000000286e-03,2.011245999999999867e-01,1.616713077844055945e-03
2.725079999999999814e+02,2.535780000000000256e-01,6.095470889659632824e-03,4.613050000000000206e-01,5.869669999999999575e-03,2.077269999999999950e-01,1.643696887442450518e-03
2.738709999999999809e+02,2.551451999999999609e-01,6.156542700922978603e-03,4.692529999999999757e-01,5.925869999999999749e-03,2.141078000000000148e-01,1.669455830918566185e-03
2.752400000000000091e+02,2.571823999999999777e-01,6.226631400927791667e-03,4.795019999999999838e-01,5.989539999999999795e-03,2.223196000000000061e-01,1.701866384714146837e-03
2.766159999999999854e+02,2.559515999999999458e-01,6.286715536471488772e-03,4.872139999999999804e-01,6.042149999999999604e-03,2.312624000000000068e-01,1.736437621687574430e-03
2.779990000000000236e+02,2.578887999999999736e-01,6.355835122333492078e-03,4.974339999999999873e-01,6.104889999999999969e-03,2.395452000000000137e-01,1.768320726052827977e-03
2.793890000000000100e+02,2.625689999999999968e-01,6.442404033054431253e-03,5.100029999999999841e-01,6.186340000000000242e-03,2.474339999999999873e-01,1.798267813623988156e-03
2.807860000000000014e+02,2.557403999999999233e-01,6.466078705814521516e-03,5.118589999999999529e-01,6.201619999999999702e-03,2.561186000000000296e-01,1.830323251611036929e-03
2.821899999999999977e+02,2.606452000000000213e-01,6.548603047654972913e-03,5.242620000000000058e-01,6.279469999999999670e-03,2.636167999999999845e-01,1.858079221899862962e-03
2.836009999999999991e+02,2.722375999999999685e-01,6.663024481514682323e-03,5.423679999999999612e-01,6.391710000000000100e-03,2.701303999999999927e-01,1.882003856840893958e-03
2.850190000000000055e+02,2.645107999999999349e-01,6.670836283013696980e-03,5.415219999999999478e-01,6.392469999999999923e-03,2.770112000000000130e-01,1.906930521511468165e-03
2.864440000000000168e+02,2.618432000000000537e-01,6.696529468068067488e-03,5.447840000000000460e-01,6.412809999999999691e-03,2.829407999999999923e-01,1.928568075180132164e-03
2.878759999999999764e+02,2.773571999999999704e-01,6.798468180289733882e-03,5.616609999999999658e-01,6.517369999999999761e-03,2.843037999999999954e-01,1.934698395490108431e-03
2.893159999999999741e+02,2.714631999999999601e-01,6.774160120052079813e-03,5.562559999999999727e-01,6.491140000000000278e-03,2.847928000000000126e-01,1.937613695374803017e-03
2.907620000000000005e+02,2.809865999999999753e-01,6.825906816491124351e-03,5.645769999999999955e-01,6.545950000000000032e-03,2.835904000000000202e-01,1.934823626308093290e-03
2.922160000000000082e+02,2.661421999999999954e-01,6.729375129179529166e-03,5.470559999999999867e-01,6.447480000000000225e-03,2.809137999999999913e-01,1.927301553680689592e-03
2.936770000000000209e+02,2.718827999999999800e-01,6.734699341926705073e-03,5.478939999999999921e-01,6.457639999999999735e-03,2.760112000000000121e-01,1.911821345353168552e-03
2.951460000000000150e+02,2.874210000000000376e-01,6.787273992281436623e-03,5.573449999999999793e-01,6.518229999999999857e-03,2.699239999999999418e-01,1.892026932525010547e-03
2.966209999999999809e+02,2.948938000000000392e-01,6.791452838904795362e-03,5.584200000000000275e-01,6.528550000000000152e-03,2.635261999999999882e-01,1.871327486189416304e-03
2.981039999999999850e+02,2.834516000000000258e-01,6.684157558216891580e-03,5.395969999999999933e-01,6.424009999999999963e-03,2.561453999999999676e-01,1.846634176811422483e-03
2.995950000000000273e+02,2.873468000000000133e-01,6.655542361301895055e-03,5.350369999999999848e-01,6.402630000000000300e-03,2.476901999999999993e-01,1.817298326138006319e-03
3.010930000000000177e+02,2.895382000000000233e-01,6.629834023744183950e-03,5.303440000000000376e-01,6.382569999999999737e-03,2.408058000000000143e-01,1.793738937943869290e-03
3.025980000000000132e+02,2.663594000000000239e-01,6.462209781418737017e-03,5.019200000000000328e-01,6.213390000000000059e-03,2.355605999999999811e-01,1.775933548014677413e-03
3.041109999999999900e+02,2.559995999999999938e-01,6.372200932297725738e-03,4.866170000000000218e-01,6.124680000000000402e-03,2.306174000000000002e-01,1.758760819206522984e-03
3.056320000000000050e+02,2.588329999999999798e-01,6.375314421283079583e-03,4.865659999999999985e-01,6.130530000000000354e-03,2.277330000000000187e-01,1.749638788241733144e-03
3.071600000000000250e+02,2.459089999999999610e-01,6.261733107552253791e-03,4.680449999999999888e-01,6.018019999999999793e-03,2.221360000000000279e-01,1.729952828783490283e-03
3.086960000000000264e+02,2.465343999999999869e-01,6.233249149127604097e-03,4.633019999999999916e-01,5.993909999999999863e-03,2.167676000000000047e-01,1.710683450261912125e-03
3.102389999999999759e+02,2.486110000000000264e-01,6.210168957792693532e-03,4.597490000000000188e-01,5.975699999999999588e-03,2.111379999999999924e-01,1.690327777187608255e-03
3.117909999999999968e+02,2.284513999999999989e-01,6.027164082598050580e-03,4.310530000000000195e-01,5.794650000000000148e-03,2.026016000000000206e-01,1.657931921418970712e-03
3.133500000000000227e+02,2.312597999999999876e-01,5.990255704798585698e-03,4.256820000000000048e-01,5.765339999999999875e-03,1.944222000000000172e-01,1.626043693531019699e-03
3.149159999999999968e+02,2.222366000000000064e-01,5.891248718113333525e-03,4.105550000000000033e-01,5.669089999999999893e-03,1.883183999999999969e-01,1.602569820810313250e-03
3.164909999999999854e+02,2.322211999999999887e-01,5.896925905848911416e-03,4.117259999999999809e-01,5.684940000000000306e-03,1.795047999999999921e-01,1.566905337112615548e-03
3.180729999999999791e+02,2.397466000000000041e-01,5.887805520724678082e-03,4.106219999999999870e-01,5.685309999999999843e-03,1.708753999999999829e-01,1.530850761431694872e-03
3.196639999999999873e+02,2.256524000000000307e-01,5.739116736958397788e-03,3.890850000000000142e-01,5.539770000000000284e-03,1.634325999999999834e-01,1.499469662092567856e-03
3.212620000000000005e+02,2.363061999999999940e-01,5.752164985983625189e-03,3.911499999999999977e-01,5.563310000000000130e-03,1.548438000000000037e-01,1.461842628286643070e-03
3.228679999999999950e+02,2.309104000000000156e-01,5.652756471959498492e-03,3.769020000000000148e-01,5.471079999999999693e-03,1.459915999999999991e-01,1.421597469356216791e-03
3.244830000000000041e+02,2.296937999999999758e-01,5.589820792125629531e-03,3.685129999999999795e-01,5.414640000000000078e-03,1.388192000000000037e-01,1.388441629482492848e-03
3.261050000000000182e+02,2.255775999999999892e-01,5.517590106618648974e-03,3.583790000000000031e-01,5.347249999999999573e-03,1.328014000000000139e-01,1.360410975461459702e-03
3.277359999999999900e+02,2.203789999999999916e-01,5.438693115182727592e-03,3.477230000000000043e-01,5.272549999999999980e-03,1.273440000000000127e-01,1.334016228775347559e-03
3.293740000000000236e+02,2.096936000000000078e-01,5.328153719980309282e-03,3.325560000000000183e-01,5.163970000000000365e-03,1.228624000000000105e-01,1.312492248678063557e-03
3.310210000000000150e+02,2.065208000000000044e-01,5.284164487457217868e-03,3.261870000000000047e-01,5.122459999999999687e-03,1.196662000000000142e-01,1.297226995904725939e-03
3.326759999999999877e+02,2.037759999999999849e-01,5.245304480695853894e-03,3.204239999999999866e-01,5.086059999999999887e-03,1.166480000000000017e-01,1.282658478164784132e-03
3.343399999999999750e+02,1.942394000000000065e-01,5.148161279766591894e-03,3.077460000000000195e-01,4.989859999999999608e-03,1.135066000000000130e-01,1.266831379027216677e-03
3.360110000000000241e+02,1.893453999999999693e-01,5.099475950609042886e-03,3.010479999999999823e-01,4.941730000000000081e-03,1.117026000000000130e-01,1.258554558984234170e-03
3.376909999999999741e+02,1.990004000000000217e-01,5.164264601588884618e-03,3.085300000000000264e-01,5.011220000000000258e-03,1.095296000000000047e-01,1.247919463276376574e-03
3.393799999999999955e+02,1.895498000000000183e-01,5.069574274360717607e-03,2.964510000000000201e-01,4.916900000000000090e-03,1.069012000000000018e-01,1.234778406541027799e-03
3.410769999999999982e+02,1.762552000000000008e-01,4.953978605407172685e-03,2.814090000000000202e-01,4.799829999999999722e-03,1.051538000000000056e-01,1.226187585132062921e-03
3.427819999999999823e+02,1.746697999999999862e-01,4.939620351957830537e-03,2.792649999999999855e-01,4.785430000000000239e-03,1.045951999999999993e-01,1.224544379177822974e-03
3.444959999999999809e+02,1.656520000000000215e-01,4.855382276669469553e-03,2.689650000000000096e-01,4.699970000000000363e-03,1.033129999999999882e-01,1.218613577675876653e-03
3.462180000000000177e+02,1.659691999999999834e-01,4.861618633296115911e-03,2.687140000000000084e-01,4.706939999999999735e-03,1.027448000000000111e-01,1.216573701841363979e-03
3.479499999999999886e+02,1.702561200000000108e-01,4.899021832510648891e-03,2.727640000000000065e-01,4.745560000000000229e-03,1.025078799999999957e-01,1.216583413423017205e-03
3.496890000000000214e+02,1.585650000000000115e-01,4.790604007594032564e-03,2.598920000000000119e-01,4.635020000000000112e-03,1.013269999999999865e-01,1.210981567645024164e-03
3.514379999999999882e+02,1.628907400000000338e-01,4.807554474322262364e-03,2.615120000000000222e-01,4.656320000000000250e-03,9.862126000000000225e-02,1.196354496449944472e-03
3.531949999999999932e+02,1.641263000000000027e-01,4.817255698320777393e-03,2.616979999999999862e-01,4.667560000000000285e-03,9.757169999999999732e-02,1.191568759830501740e-03
3.549610000000000127e+02,1.643687000000000065e-01,4.825570007839488987e-03,2.619940000000000047e-01,4.675610000000000183e-03,9.762529999999999819e-02,1.193648620180997764e-03
3.567359999999999900e+02,1.568001800000000112e-01,4.771725092544623972e-03,2.550600000000000089e-01,4.618630000000000305e-03,9.825981999999999772e-02,1.199006789772268057e-03
3.585190000000000055e+02,1.536505799999999811e-01,4.754012412138613336e-03,2.521999999999999797e-01,4.599419999999999897e-03,9.854941999999998481e-02,1.202484793404057922e-03
3.603120000000000118e+02,1.534944599999999992e-01,4.771596330077807445e-03,2.534049999999999914e-01,4.614919999999999786e-03,9.991053999999999213e-02,1.212701501117236956e-03
3.621139999999999759e+02,1.501854800000000378e-01,4.756127168307424172e-03,2.503600000000000270e-01,4.598099999999999930e-03,1.001745200000000030e-01,1.215821545750855708e-03
3.639239999999999782e+02,1.551832200000000106e-01,4.784672742028654030e-03,2.536200000000000121e-01,4.629999999999999567e-03,9.843678000000000150e-02,1.206728324152540974e-03
3.657440000000000282e+02,1.613703199999999560e-01,4.830037358135442008e-03,2.582709999999999728e-01,4.678909999999999667e-03,9.690068000000000292e-02,1.198775247026731116e-03
3.675720000000000027e+02,1.559507000000000254e-01,4.780756187773646179e-03,2.520990000000000175e-01,4.628750000000000052e-03,9.614829999999999210e-02,1.195952827011165839e-03
3.694100000000000250e+02,1.546159000000000006e-01,4.770827800414515103e-03,2.499629999999999908e-01,4.619400000000000069e-03,9.534709999999999019e-02,1.192451903100498218e-03
3.712570000000000050e+02,1.526161799999999902e-01,4.757535996036183455e-03,2.478660000000000030e-01,4.605289999999999731e-03,9.524982000000001281e-02,1.193923267835919188e-03
3.731139999999999759e+02,1.587024200000000107e-01,4.820886916309902008e-03,2.542130000000000223e-01,4.669799999999999993e-03,9.551058000000001158e-02,1.197463410651031148e-03
3.749789999999999850e+02,1.461698600000000126e-01,4.724643618760677836e-03,2.422350000000000059e-01,4.568919999999999752e-03,9.606513999999999331e-02,1.203007630024016108e-03
3.768539999999999850e+02,1.512961999999999918e-01,4.798726486452838634e-03,2.492949999999999888e-01,4.641890000000000079e-03,9.799879999999999702e-02,1.216812688824372816e-03
3.787379999999999995e+02,1.456937400000000160e-01,4.763951396925875624e-03,2.445110000000000061e-01,4.604099999999999859e-03,9.881726000000000398e-02,1.223722232482518917e-03
3.806320000000000050e+02,1.413748800000000083e-01,4.734561551531038699e-03,2.406510000000000038e-01,4.572409999999999843e-03,9.927611999999999548e-02,1.228470543861756581e-03
3.825350000000000250e+02,1.508182999999999885e-01,4.846366489424009522e-03,2.516619999999999968e-01,4.684999999999999928e-03,1.008437000000000083e-01,1.240178676567211310e-03
3.844479999999999791e+02,1.473042800000000097e-01,4.823722233243120903e-03,2.482159999999999922e-01,4.660970000000000391e-03,1.009117199999999964e-01,1.242439069968422896e-03
3.863700000000000045e+02,1.466356799999999905e-01,4.825237364874809635e-03,2.474099999999999910e-01,4.662259999999999668e-03,1.007743200000000144e-01,1.243481933839008348e-03
3.883020000000000209e+02,1.469568400000000052e-01,4.835191744505693175e-03,2.475410000000000110e-01,4.672380000000000283e-03,1.005841600000000058e-01,1.244164113666681830e-03
3.902440000000000282e+02,1.429041199999999678e-01,4.803062409612850886e-03,2.432719999999999883e-01,4.638940000000000251e-03,1.003678800000000065e-01,1.244847053672056480e-03
3.921949999999999932e+02,1.365837200000000196e-01,4.754129771894326402e-03,2.372470000000000134e-01,4.587260000000000122e-03,1.006632799999999939e-01,1.248517352867792697e-03
3.941560000000000059e+02,1.328750000000000209e-01,4.736273332004392773e-03,2.342770000000000130e-01,4.566889999999999665e-03,1.014019999999999921e-01,1.255309046950590793e-03
3.961270000000000095e+02,1.432395999999999947e-01,4.836338803509944266e-03,2.443720000000000059e-01,4.670419999999999780e-03,1.011324000000000112e-01,1.255925971519022532e-03
3.981070000000000277e+02,1.349274799999999885e-01,4.780818746235418124e-03,2.371759999999999979e-01,4.610350000000000038e-03,1.022485199999999955e-01,1.265267071355293026e-03
4.000980000000000132e+02,1.425607999999999875e-01,4.875828622159724367e-03,2.460630000000000039e-01,4.706169999999999971e-03,1.035022000000000164e-01,1.275017130775896656e-03
4.020980000000000132e+02,1.388998000000000177e-01,4.857141874651799487e-03,2.434389999999999887e-01,4.684370000000000200e-03,1.045391999999999849e-01,1.283941156594024021e-03
4.041089999999999804e+02,1.330738000000000198e-01,4.826373312444862639e-03,2.389489999999999947e-01,4.649559999999999631e-03,1.058751999999999888e-01,1.294399921770702198e-03
4.061290000000000191e+02,1.350596000000000019e-01,4.872266852049054672e-03,2.424860000000000071e-01,4.693840000000000338e-03,1.074263999999999913e-01,1.306464822326265261e-03
4.081600000000000250e+02,1.191114000000000200e-01,4.753300532360225580e-03,2.284460000000000102e-01,4.566220000000000175e-03,1.093345999999999901e-01,1.320416927540691643e-03
4.102010000000000218e+02,1.230122000000000021e-01,4.822111864755939184e-03,2.344239999999999935e-01,4.633540000000000228e-03,1.114117999999999914e-01,1.335316406182444904e-03
4.122520000000000095e+02,1.282220000000000026e-01,4.891532561165672609e-03,2.408250000000000113e-01,4.703030000000000405e-03,1.126030000000000086e-01,1.344841855403080448e-03
4.143129999999999882e+02,1.302278000000000047e-01,4.933433684834529452e-03,2.442910000000000081e-01,4.743429999999999869e-03,1.140631999999999896e-01,1.355964511983997383e-03
4.163840000000000146e+02,1.356088000000000016e-01,5.005179360932433472e-03,2.504339999999999899e-01,4.816070000000000420e-03,1.148251999999999884e-01,1.362824343121298845e-03
4.184660000000000082e+02,1.447955999999999688e-01,5.096441417113317142e-03,2.594319999999999959e-01,4.910509999999999875e-03,1.146364000000000133e-01,1.364040563168119301e-03
4.205590000000000259e+02,1.406480000000000230e-01,5.076641625734871696e-03,2.560950000000000171e-01,4.887840000000000067e-03,1.154469999999999941e-01,1.371608665233637345e-03
4.226619999999999777e+02,1.509419999999999928e-01,5.182028600632768330e-03,2.665569999999999884e-01,4.996170000000000298e-03,1.156149999999999956e-01,1.375392943444163525e-03
4.247749999999999773e+02,1.450372000000000050e-01,5.145270419295374861e-03,2.613670000000000160e-01,4.956099999999999742e-03,1.163298000000000110e-01,1.382346005049387132e-03
4.268990000000000009e+02,1.442807999999999868e-01,5.154004809537530984e-03,2.611419999999999852e-01,4.963580000000000422e-03,1.168611999999999984e-01,1.388034279236647923e-03
4.290330000000000155e+02,1.456802000000000097e-01,5.179118589294128168e-03,2.627340000000000231e-01,4.988509999999999819e-03,1.170538000000000134e-01,1.392134096224929233e-03
4.311779999999999973e+02,1.510990000000000111e-01,5.228539878852603469e-03,2.671220000000000261e-01,5.040629999999999937e-03,1.160230000000000150e-01,1.389128672172596120e-03
4.333340000000000032e+02,1.458750000000000047e-01,5.205663753741688118e-03,2.632599999999999940e-01,5.013759999999999918e-03,1.173849999999999894e-01,1.400409147149503548e-03
4.355009999999999764e+02,1.494194000000000355e-01,5.254478550064125252e-03,2.671740000000000226e-01,5.062999999999999792e-03,1.177546000000000009e-01,1.405551789541744376e-03
4.376779999999999973e+02,1.481810000000000072e-01,5.268431728932623966e-03,2.677320000000000255e-01,5.073499999999999885e-03,1.195510000000000045e-01,1.419848806184658557e-03
4.398670000000000186e+02,1.410234000000000210e-01,5.233319427226280560e-03,2.619770000000000154e-01,5.033830000000000422e-03,1.209535999999999945e-01,1.431149104211018337e-03
4.420659999999999741e+02,1.414177999999999824e-01,5.259792357052129295e-03,2.635219999999999785e-01,5.058629999999999724e-03,1.221041999999999961e-01,1.440721403465638779e-03
4.442760000000000105e+02,1.441493999999999831e-01,5.287029512251279102e-03,2.659619999999999762e-01,5.086649999999999852e-03,1.218126000000000070e-01,1.441760327140402271e-03
4.464979999999999905e+02,1.513035999999999826e-01,5.363821819556648628e-03,2.725179999999999825e-01,5.166539999999999848e-03,1.212144000000000138e-01,1.441335818035477650e-03
4.487300000000000182e+02,1.463006000000000029e-01,5.327533343323530811e-03,2.675839999999999885e-01,5.128100000000000019e-03,1.212833999999999995e-01,1.444022823304396330e-03
4.509739999999999895e+02,1.422105999999999926e-01,5.310498235583173063e-03,2.647209999999999841e-01,5.107579999999999586e-03,1.225103999999999915e-01,1.453966317949628327e-03
4.532289999999999850e+02,1.602157999999999916e-01,5.484775329652072026e-03,2.823869999999999991e-01,5.288320000000000000e-03,1.221712000000000076e-01,1.454796203720644691e-03
4.554950000000000045e+02,1.748688000000000187e-01,5.617891606373337683e-03,2.965670000000000250e-01,5.426170000000000125e-03,1.216982000000000064e-01,1.455123785820299246e-03
4.577730000000000246e+02,1.880828000000000499e-01,5.748828490966137635e-03,3.103310000000000235e-01,5.559960000000000076e-03,1.222481999999999874e-01,1.461462903033806113e-03
4.600609999999999786e+02,2.046881999999999868e-01,5.889169237441219985e-03,3.255109999999999948e-01,5.706209999999999755e-03,1.208228000000000080e-01,1.456530721654713352e-03
4.623620000000000232e+02,2.174114000000000047e-01,5.992520727830318028e-03,3.363470000000000071e-01,5.814820000000000058e-03,1.189356000000000024e-01,1.448507176743007952e-03
4.646730000000000018e+02,2.089594000000000174e-01,5.926004281279925040e-03,3.270750000000000046e-01,5.746629999999999967e-03,1.181155999999999873e-01,1.446986656762252370e-03
4.669970000000000141e+02,2.171907999999999617e-01,6.007239616590634608e-03,3.349349999999999827e-01,5.830150000000000089e-03,1.177442000000000072e-01,1.447853165426660248e-03
4.693319999999999936e+02,1.966234000000000037e-01,5.842980634570680946e-03,3.141809999999999881e-01,5.660150000000000077e-03,1.175575999999999982e-01,1.450215388646803683e-03
4.716789999999999736e+02,1.925974000000000297e-01,5.806841042460866506e-03,3.091780000000000084e-01,5.623460000000000264e-03,1.165805999999999926e-01,1.447791601304552296e-03
4.740369999999999777e+02,1.822030000000000038e-01,5.719885970460949522e-03,2.975800000000000112e-01,5.534599999999999763e-03,1.153769999999999935e-01,1.444056216037311940e-03
4.764069999999999823e+02,1.834023999999999655e-01,5.738455156496040897e-03,2.984169999999999878e-01,5.553409999999999944e-03,1.150146000000000085e-01,1.445512004452401697e-03
4.787889999999999873e+02,1.845987999999999518e-01,5.760970840552137248e-03,2.993199999999999750e-01,5.576249999999999610e-03,1.147212000000000093e-01,1.447142343790686026e-03
4.811829999999999927e+02,1.801997999999999933e-01,5.716811740490673581e-03,2.933230000000000004e-01,5.532379999999999937e-03,1.131232000000000071e-01,1.440384674943468151e-03
4.835889999999999986e+02,1.710820000000000118e-01,5.631870024215757629e-03,2.827450000000000241e-01,5.446209999999999940e-03,1.116629999999999984e-01,1.434139674355325777e-03
4.860070000000000050e+02,1.716632000000000158e-01,5.629327173047591823e-03,2.816100000000000270e-01,5.445679999999999618e-03,1.099468000000000112e-01,1.426146471724415703e-03
4.884370000000000118e+02,1.692792000000000185e-01,5.601609572219399050e-03,2.781370000000000231e-01,5.418029999999999895e-03,1.088578000000000046e-01,1.422315266978457305e-03
4.908790000000000191e+02,1.538524000000000003e-01,5.454060213259109315e-03,2.605350000000000166e-01,5.268270000000000244e-03,1.066826000000000024e-01,1.411419149989116524e-03
4.933340000000000032e+02,1.587638000000000105e-01,5.490022501778659206e-03,2.634580000000000255e-01,5.308110000000000432e-03,1.046942000000000011e-01,1.401540330470729071e-03
4.958000000000000114e+02,1.503549799999999992e-01,5.405761383865921067e-03,2.535870000000000068e-01,5.222740000000000021e-03,1.032320200000000077e-01,1.394719696460905434e-03
4.982789999999999964e+02,1.445578200000000035e-01,5.343386598630123219e-03,2.467560000000000031e-01,5.159229999999999892e-03,1.021981799999999996e-01,1.390728639785634123e-03
5.007710000000000150e+02,1.522856658194449986e-01,5.414581950643966232e-03,2.528710000000000124e-01,5.235260000000000261e-03,1.005853341805550138e-01,1.381937202856704924e-03
5.032740000000000009e+02,1.438729196262450161e-01,5.323942432677846587e-03,2.427700000000000136e-01,5.144379999999999613e-03,9.889708037375499750e-02,1.371027877932359763e-03
5.057909999999999968e+02,1.358602241067475291e-01,5.240161991163431836e-03,2.336100000000000121e-01,5.059680000000000427e-03,9.774977589325249683e-02,1.363428029356116141e-03
5.083199999999999932e+02,1.394812672719999980e-01,5.271728739878345921e-03,2.358320000000000138e-01,5.094819999999999904e-03,9.635073272800000199e-02,1.354227851751446882e-03
5.108609999999999900e+02,1.338918946661174503e-01,5.214695440090528350e-03,2.293389999999999873e-01,5.037289999999999823e-03,9.544710533388252316e-02,1.348613357786786118e-03
5.134160000000000537e+02,1.356172638684799980e-01,5.229140576689241676e-03,2.296580000000000010e-01,5.054669999999999823e-03,9.404073613152000299e-02,1.339485857289241834e-03
5.159829999999999472e+02,1.406412711229050039e-01,5.285107637391305360e-03,2.341249999999999998e-01,5.113399999999999716e-03,9.348372887709499590e-02,1.336227218257398644e-03
5.185629999999999882e+02,1.389020453079375106e-01,5.267750615202156442e-03,2.317379999999999995e-01,5.096520000000000217e-03,9.283595469206248896e-02,1.332171322902085979e-03
5.211549999999999727e+02,1.341214091442749778e-01,5.231430138544553889e-03,2.273169999999999913e-01,5.058110000000000210e-03,9.319559085572501345e-02,1.335434207429288082e-03
5.237609999999999673e+02,1.319653142869774975e-01,5.227680382714775843e-03,2.256400000000000072e-01,5.053039999999999962e-03,9.367468571302252356e-02,1.339936170950281396e-03
5.263799999999999955e+02,1.341533870716500321e-01,5.267687287395295993e-03,2.277720000000000022e-01,5.094419999999999678e-03,9.361861292834998405e-02,1.339930677828527275e-03
5.290119999999999436e+02,1.308632271816300152e-01,5.239171667459580593e-03,2.242049999999999876e-01,5.065319999999999892e-03,9.334177281836998630e-02,1.338451739403105850e-03
5.316570000000000391e+02,1.228752063815324869e-01,5.169389509715601252e-03,2.165890000000000037e-01,4.992159999999999827e-03,9.371379361846751688e-02,1.341986004978332507e-03
5.343150000000000546e+02,1.128447174813499848e-01,5.074770380032316529e-03,2.069999999999999896e-01,4.893070000000000232e-03,9.415528251865000475e-02,1.345793589356606779e-03
5.369869999999999663e+02,1.188354522353149978e-01,5.151727163795984631e-03,2.125670000000000059e-01,4.973560000000000134e-03,9.373154776468500815e-02,1.343128324693296195e-03
5.396720000000000255e+02,1.232951517390799973e-01,5.226517736053974683e-03,2.178599999999999981e-01,5.049139999999999705e-03,9.456484826092000084e-02,1.350064037624424838e-03
5.423700000000000045e+02,1.157141066850750077e-01,5.158465311057844511e-03,2.107779999999999931e-01,4.977379999999999999e-03,9.506389331492498540e-02,1.354788803093348766e-03
5.450819999999999936e+02,1.183226240844350158e-01,5.213554031785559879e-03,2.141470000000000040e-01,5.032609999999999861e-03,9.582437591556498824e-02,1.361610160893148274e-03
5.478070000000000164e+02,1.231645390259550193e-01,5.296089920699446722e-03,2.200900000000000079e-01,5.115520000000000136e-03,9.692546097404498850e-02,1.371139517968273909e-03
5.505460000000000491e+02,1.102253605152100080e-01,5.163767970739845808e-03,2.075660000000000005e-01,4.977330000000000296e-03,9.734063948478999251e-02,1.375022082273118489e-03
5.532989999999999782e+02,1.182364391757325106e-01,5.271342933219570238e-03,2.153220000000000134e-01,5.089169999999999632e-03,9.708556082426750278e-02,1.373828603102986287e-03
5.560660000000000309e+02,1.107740598385549835e-01,5.205632758977796377e-03,2.086429999999999951e-01,5.019400000000000250e-03,9.786894016144501163e-02,1.379940600657427949e-03
5.588460000000000036e+02,1.113933033454200250e-01,5.226142803986938250e-03,2.095990000000000075e-01,5.039749999999999959e-03,9.820569665457998254e-02,1.383289031679371802e-03
5.616399999999999864e+02,1.075381022142999771e-01,5.182297616783223225e-03,2.046209999999999973e-01,4.996190000000000180e-03,9.708289778570002027e-02,1.376333561611093985e-03
5.644479999999999791e+02,1.105345471155199794e-01,5.234661933713502177e-03,2.079540000000000000e-01,5.049650000000000145e-03,9.741945288448002060e-02,1.379391328727703689e-03
5.672709999999999582e+02,1.151254418958375242e-01,5.322221395410684473e-03,2.137030000000000041e-01,5.137830000000000348e-03,9.857755810416247988e-02,1.388792091303535717e-03
5.701069999999999709e+02,1.161021534454874660e-01,5.351562614832762639e-03,2.146319999999999895e-01,5.168129999999999946e-03,9.852984655451252349e-02,1.389120125682325856e-03
5.729579999999999700e+02,1.221003333684049924e-01,5.427707326279455208e-03,2.201589999999999936e-01,5.247719999999999989e-03,9.805866663159500118e-02,1.386160748740085337e-03
5.758220000000000027e+02,1.151659721101449818e-01,5.373022730775324669e-03,2.141899999999999915e-01,5.189219999999999597e-03,9.902402788985500970e-02,1.393330203874276968e-03
5.787019999999999982e+02,1.176290306532599833e-01,5.433387629033196650e-03,2.181069999999999953e-01,5.248690000000000300e-03,1.004779693467400120e-01,1.404618955884827727e-03
5.815950000000000273e+02,1.135923768618499891e-01,5.403511618712181913e-03,2.140819999999999945e-01,5.217290000000000295e-03,1.004896231381500055e-01,1.406350905520217841e-03
5.845030000000000427e+02,1.087085557771799854e-01,5.350278592732929557e-03,2.086379999999999901e-01,5.163000000000000055e-03,9.992944422282000472e-02,1.403179254356427038e-03
5.874260000000000446e+02,1.102962261976699748e-01,5.384916123542704720e-03,2.105120000000000047e-01,5.197919999999999971e-03,1.002157738023300299e-01,1.406751339501829132e-03
5.903630000000000564e+02,1.205618118139675093e-01,5.513818032724692071e-03,2.197270000000000056e-01,5.333150000000000043e-03,9.916518818603249630e-02,1.399892987160087851e-03
5.933139999999999645e+02,1.255439434915399943e-01,5.566168330433554461e-03,2.229829999999999868e-01,5.390159999999999743e-03,9.743905650845999245e-02,1.388670247798758995e-03
5.962809999999999491e+02,1.254924960762274777e-01,5.566189131320974093e-03,2.221100000000000019e-01,5.391579999999999984e-03,9.661750392377251029e-02,1.383230475819464825e-03
5.992619999999999436e+02,1.254776407673149907e-01,5.585228109879288201e-03,2.227210000000000023e-01,5.409970000000000057e-03,9.724335923268499771e-02,1.388163404821552566e-03
6.022590000000000146e+02,1.263742231450124820e-01,5.624155081342046419e-03,2.241239999999999899e-01,5.448790000000000230e-03,9.774977685498750790e-02,1.393487680205878062e-03
6.052699999999999818e+02,1.251330313589750221e-01,5.621717610220396816e-03,2.229039999999999910e-01,5.446059999999999963e-03,9.777096864102498286e-02,1.394323981527293517e-03
6.082960000000000491e+02,1.364221835328799926e-01,5.778658124721855992e-03,2.349030000000000007e-01,5.606370000000000277e-03,9.848081646711999426e-02,1.400537448808104922e-03
6.113379999999999654e+02,1.380693843285750178e-01,5.824140212403510798e-03,2.370400000000000007e-01,5.651899999999999633e-03,9.897061567142499683e-02,1.405928733519452509e-03
6.143949999999999818e+02,1.350310979834875025e-01,5.796405510907975782e-03,2.337980000000000058e-01,5.623419999999999634e-03,9.876690201651250334e-02,1.405512131034220187e-03
6.174669999999999845e+02,1.328674738651174914e-01,5.783834910469978774e-03,2.310780000000000056e-01,5.611249999999999918e-03,9.821052613488250038e-02,1.402362188976607679e-03
6.205539999999999736e+02,1.363669580291499983e-01,5.861054997008551329e-03,2.354529999999999956e-01,5.688730000000000349e-03,9.908604197084999732e-02,1.410785832456119566e-03
6.236570000000000391e+02,1.286040443374175113e-01,5.775187082423886495e-03,2.267649999999999944e-01,5.601740000000000018e-03,9.816095566258249694e-02,1.404740121657994251e-03
6.267749999999999773e+02,1.270346742858124989e-01,5.769644871479061646e-03,2.248580000000000023e-01,5.596170000000000137e-03,9.782332571418748957e-02,1.404166398289260825e-03
6.299089999999999918e+02,1.309063352302800021e-01,5.822601267661959602e-03,2.281720000000000137e-01,5.651459999999999644e-03,9.726566476971999775e-02,1.401315592783674126e-03
6.330579999999999927e+02,1.230757953016700101e-01,5.719802081579726874e-03,2.182280000000000053e-01,5.549219999999999674e-03,9.515220469832999517e-02,1.386467902276782103e-03
6.362240000000000464e+02,1.336222009863199944e-01,5.851980488604277379e-03,2.278189999999999937e-01,5.686830000000000357e-03,9.419679901367999930e-02,1.380449271108923027e-03
6.394049999999999727e+02,1.293070587987874831e-01,5.814833777491847100e-03,2.235689999999999900e-01,5.648209999999999863e-03,9.426194120121250686e-02,1.382033160152137822e-03
6.426019999999999754e+02,1.285489845272599907e-01,5.807491262515664283e-03,2.219039999999999901e-01,5.641890000000000099e-03,9.335501547273999945e-02,1.376964775183369370e-03
6.458150000000000546e+02,1.370913541738125185e-01,5.924666873500953300e-03,2.300280000000000102e-01,5.762739999999999703e-03,9.293664582618749170e-02,1.375683558947899624e-03
6.490439999999999827e+02,1.410819837717800229e-01,6.000721786007244193e-03,2.346779999999999977e-01,5.839740000000000382e-03,9.359601622821997480e-02,1.380615328562583575e-03
6.522889999999999873e+02,1.434511209681474941e-01,6.049222821855440406e-03,2.373500000000000054e-01,5.888700000000000184e-03,9.389887903185249740e-02,1.384308151553221688e-03
6.555510000000000446e+02,1.353076350982949927e-01,5.969322785085046448e-03,2.290619999999999878e-01,5.806600000000000303e-03,9.375436490170499515e-02,1.384272716098782028e-03
6.588279999999999745e+02,1.351009215146899978e-01,5.979134264474401245e-03,2.284519999999999884e-01,5.817250000000000372e-03,9.335107848531000452e-02,1.381900499352917014e-03
6.621219999999999573e+02,1.349821094898749907e-01,5.993858521486720471e-03,2.281539999999999957e-01,5.832590000000000344e-03,9.317189051012500500e-02,1.381026381898248310e-03
6.654329999999999927e+02,1.318481747029799922e-01,5.970088997947108761e-03,2.248419999999999863e-01,5.808149999999999771e-03,9.299382529701999411e-02,1.381070679186664893e-03
6.687599999999999909e+02,1.346662400447999897e-01,6.007019423365751037e-03,2.263699999999999879e-01,5.848179999999999698e-03,9.170375995520001211e-02,1.372251085003542946e-03
6.721040000000000418e+02,1.234120011480599882e-01,5.872192180758217459e-03,2.147969999999999879e-01,5.709900000000000392e-03,9.138499885193999972e-02,1.371015316383423967e-03
6.754640000000000555e+02,1.205276650831400148e-01,5.856877725517591234e-03,2.122529999999999972e-01,5.692990000000000203e-03,9.172533491685998241e-02,1.375820319505462273e-03
6.788419999999999845e+02,1.208980027146750041e-01,5.875834720352139835e-03,2.119880000000000098e-01,5.713539999999999591e-03,9.108999728532500562e-02,1.371457009641829840e-03
6.822359999999999900e+02,1.295184163598899763e-01,6.009548102848845733e-03,2.210229999999999972e-01,5.850199999999999845e-03,9.150458364011000711e-02,1.374710282370129790e-03
6.856470000000000482e+02,1.157257172507550058e-01,5.860861236124123921e-03,2.079850000000000032e-01,5.695930000000000090e-03,9.225928274924499739e-02,1.380607063650768091e-03
6.890750000000000455e+02,1.159519411197500044e-01,5.894826901815538624e-03,2.089640000000000108e-01,5.729249999999999968e-03,9.301205888025000645e-02,1.387327877564699559e-03
6.925209999999999582e+02,1.133199407252025170e-01,5.880727049548134348e-03,2.064690000000000136e-01,5.713949999999999758e-03,9.314905927479749659e-02,1.390584779431700219e-03
6.959829999999999472e+02,1.112213209958975019e-01,5.889037276394455678e-03,2.054610000000000047e-01,5.720209999999999878e-03,9.423967900410250287e-02,1.399984856583609549e-03
6.994629999999999654e+02,1.218654816067550051e-01,6.052176217691017379e-03,2.162709999999999910e-01,5.887400000000000098e-03,9.440551839324498595e-02,1.402625470317986171e-03
7.029610000000000127e+02,1.098946130620699901e-01,5.901061997785598048e-03,2.042569999999999941e-01,5.731939999999999605e-03,9.436238693793000398e-02,1.402639133244670301e-03
7.064750000000000227e+02,1.109699443504374855e-01,5.951476640580973497e-03,2.056439999999999935e-01,5.783059999999999590e-03,9.467405564956250796e-02,1.405806259689076129e-03
7.100080000000000382e+02,1.171717979120599773e-01,6.056706070104667973e-03,2.120879999999999987e-01,5.890770000000000034e-03,9.491620208794002145e-02,1.408018901415291398e-03
7.135579999999999927e+02,1.063063058784549930e-01,5.935891136765348609e-03,2.019539999999999946e-01,5.764830000000000301e-03,9.564769412154500161e-02,1.414757455760320103e-03
7.171259999999999764e+02,1.192465925446550001e-01,6.135266276723119576e-03,2.153539999999999899e-01,5.968809999999999741e-03,9.610740745534498974e-02,1.419436321289538425e-03
7.207110000000000127e+02,1.132455789251625156e-01,6.072430643567040126e-03,2.090780000000000138e-01,5.904429999999999575e-03,9.583242107483749828e-02,1.418492261534066035e-03
7.243150000000000546e+02,1.241229692305375054e-01,6.227389095611581861e-03,2.189450000000000007e-01,6.065430000000000127e-03,9.482203076946249531e-02,1.411004558193217767e-03
7.279360000000000355e+02,1.204718725677599994e-01,6.215653987575649533e-03,2.160789999999999933e-01,6.051660000000000372e-03,9.560712743223999388e-02,1.418367278833328627e-03
7.315760000000000218e+02,1.365827621062400132e-01,6.449472581251733741e-03,2.327730000000000077e-01,6.290070000000000036e-03,9.619023789375999445e-02,1.425031919438262285e-03
7.352340000000000373e+02,1.420041379589299935e-01,6.542134131547766400e-03,2.384429999999999883e-01,6.384240000000000227e-03,9.643886204106999482e-02,1.428635229007827823e-03
7.389099999999999682e+02,1.594654108195500408e-01,6.818879723794781834e-03,2.576550000000000229e-01,6.664490000000000344e-03,9.818958918044998208e-02,1.442807585050619222e-03
7.426050000000000182e+02,1.894211500499624889e-01,7.231245824506390106e-03,2.894749999999999823e-01,7.082810000000000147e-03,1.000538499500374934e-01,1.457641477984590681e-03
7.463179999999999836e+02,2.075484379046450001e-01,7.465822230621825019e-03,3.070019999999999971e-01,7.322580000000000408e-03,9.945356209535499703e-02,1.455446228085061902e-03
7.500489999999999782e+02,2.640279491161149905e-01,8.095188818842703402e-03,3.619299999999999740e-01,7.965279999999999930e-03,9.790205088388499732e-02,1.444436407155375284e-03
7.537999999999999545e+02,2.969193408194999995e-01,8.464140844901036492e-03,3.944949999999999846e-01,8.340429999999999372e-03,9.757565918050001286e-02,1.441841758800892258e-03
7.575689999999999600e+02,3.187880769600475173e-01,8.700561374719324031e-03,4.159010000000000207e-01,8.580900000000000680e-03,9.711292303995250341e-02,1.438027616305684146e-03
7.613559999999999945e+02,3.153980659100900086e-01,8.693934305471284069e-03,4.124149999999999761e-01,8.574029999999999846e-03,9.701693408990999523e-02,1.438924343720148977e-03
7.651630000000000109e+02,2.803485834491750150e-01,8.354879866641287331e-03,3.774210000000000065e-01,8.229780000000000775e-03,9.707241655082500531e-02,1.440395340733895439e-03
7.689890000000000327e+02,2.301594195010649990e-01,7.837094655486978242e-03,3.284349999999999770e-01,7.701790000000000025e-03,9.827558049893499181e-02,1.449994287906869158e-03
7.728339999999999463e+02,1.910413914468550300e-01,7.418796030985015839e-03,2.901230000000000198e-01,7.274489999999999776e-03,9.908160855314498972e-02,1.456135223548632408e-03
7.766979999999999791e+02,1.627002612655850111e-01,7.107844937903301345e-03,2.628920000000000146e-01,6.955099999999999651e-03,1.001917387344149896e-01,1.465620568659428951e-03
7.805819999999999936e+02,1.548481485264149859e-01,7.033112820815060236e-03,2.553909999999999791e-01,6.877959999999999803e-03,1.005428514735849932e-01,1.469129738557209321e-03
7.844850000000000136e+02,1.529023476461875142e-01,7.042533455559715078e-03,2.540740000000000220e-01,6.886469999999999571e-03,1.011716523538125079e-01,1.474384078786075128e-03
7.884070000000000391e+02,1.639229022234899857e-01,7.216191251230691037e-03,2.660810000000000120e-01,7.062090000000000034e-03,1.021580977765100123e-01,1.483341163130844336e-03
7.923490000000000464e+02,1.653923762947000498e-01,7.266592965392652641e-03,2.683980000000000254e-01,7.112320000000000100e-03,1.030056237052999757e-01,1.489388311453392717e-03
7.963110000000000355e+02,1.655230641068499708e-01,7.302690376831707034e-03,2.690429999999999766e-01,7.148530000000000162e-03,1.035199358931500058e-01,1.492583524956112668e-03
8.002920000000000300e+02,1.720918752023000153e-01,7.440601751780821435e-03,2.772370000000000112e-01,7.286439999999999931e-03,1.051451247976999959e-01,1.506766921260163736e-03
8.042939999999999827e+02,1.720000077027999952e-01,7.467903587928714088e-03,2.776580000000000159e-01,7.312950000000000353e-03,1.056579922972000068e-01,1.513389010168421844e-03
8.083150000000000546e+02,1.707513055052999884e-01,7.468962106908288642e-03,2.754789999999999739e-01,7.315290000000000334e-03,1.047276944946999994e-01,1.507291335585758847e-03
8.123569999999999709e+02,1.701344866609650064e-01,7.488228348646089848e-03,2.748380000000000267e-01,7.334860000000000338e-03,1.047035133390350203e-01,1.507777364821127159e-03
8.164189999999999827e+02,1.816902844575799814e-01,7.660761395766395657e-03,2.868439999999999879e-01,7.510020000000000064e-03,1.051537155424200065e-01,1.512238328592650435e-03
8.205009999999999764e+02,1.735221125840200052e-01,7.565869921643523892e-03,2.775360000000000049e-01,7.414709999999999704e-03,1.040138874159800136e-01,1.504813372857306906e-03
8.246029999999999518e+02,1.718684151315100217e-01,7.578326546906109622e-03,2.765580000000000260e-01,7.426150000000000286e-03,1.046895848684900043e-01,1.511068968989131515e-03
8.287259999999999991e+02,1.720296774409000029e-01,7.634566769585824503e-03,2.784840000000000093e-01,7.480539999999999932e-03,1.064543225591000064e-01,1.525821440295072008e-03
8.328700000000000045e+02,1.680604304145000283e-01,7.609247399849832470e-03,2.749980000000000202e-01,7.453500000000000056e-03,1.069375695854999919e-01,1.531660452620437016e-03
8.370339999999999918e+02,1.754749447154499431e-01,7.721010852593145762e-03,2.813069999999999737e-01,7.569499999999999840e-03,1.058320552845500306e-01,1.522063840928208726e-03
8.412190000000000509e+02,1.730581955596500188e-01,7.723098283677494111e-03,2.793550000000000200e-01,7.570359999999999936e-03,1.062968044403499873e-01,1.528364017419362765e-03
8.454249999999999545e+02,1.741738259018750234e-01,7.749948702639833029e-03,2.790460000000000163e-01,7.599540000000000114e-03,1.048721740981250067e-01,1.519439594702214590e-03
8.496530000000000200e+02,1.748157534522999657e-01,7.757659852151149206e-03,2.782069999999999821e-01,7.609269999999999576e-03,1.033912465477000164e-01,1.510065047863102042e-03
8.539009999999999536e+02,1.778692495920750072e-01,7.815740553434378027e-03,2.804800000000000071e-01,7.669429999999999650e-03,1.026107504079249999e-01,1.505205591837447451e-03
8.581699999999999591e+02,1.740236943758750321e-01,7.802259717516025518e-03,2.774380000000000179e-01,7.654130000000000308e-03,1.034143056241249858e-01,1.513126115918049519e-03
8.624610000000000127e+02,1.705913624881049973e-01,7.753318961225272483e-03,2.720009999999999928e-01,7.606929999999999595e-03,1.014096375118949955e-01,1.499523554198248492e-03
8.667730000000000246e+02,1.932918186146025397e-01,8.068656153356234401e-03,2.933120000000000172e-01,7.929850000000000440e-03,1.000201813853974914e-01,1.490198342031498480e-03
8.711069999999999709e+02,2.189057142453350036e-01,8.416454854052804468e-03,3.177340000000000164e-01,8.285030000000000519e-03,9.882828575466501286e-02,1.481549934834805677e-03
8.754629999999999654e+02,2.638026075340350052e-01,8.992559340985974495e-03,3.622589999999999977e-01,8.870120000000000435e-03,9.845639246596499250e-02,1.478882918541591035e-03
8.798400000000000318e+02,3.062772704687999892e-01,9.505504244200439073e-03,4.044039999999999857e-01,9.390110000000000123e-03,9.812672953119999653e-02,1.476633036476082119e-03
8.842390000000000327e+02,3.401052797419474860e-01,9.925581252812299901e-03,4.387780000000000014e-01,9.814279999999999879e-03,9.867272025805248759e-02,1.482252099940825239e-03
8.886609999999999445e+02,3.664244467580149989e-01,1.026186860056062938e-02,4.664530000000000065e-01,1.015220000000000011e-02,1.000285532419849799e-01,1.496256106143657727e-03
8.931040000000000418e+02,3.277156709911199783e-01,9.883328523515824693e-03,4.282920000000000060e-01,9.768620000000000428e-03,1.005763290088799999e-01,1.501414666020506068e-03
8.975689999999999600e+02,3.038792286472125070e-01,9.639116106264221037e-03,4.049269999999999814e-01,9.520690000000000056e-03,1.010477713527874882e-01,1.506327067386868668e-03
9.020570000000000164e+02,2.696418844066875153e-01,9.278666756142806005e-03,3.709450000000000247e-01,9.154860000000000775e-03,1.013031155933125094e-01,1.510693599625570352e-03
9.065679999999999836e+02,2.166763638819000359e-01,8.642663615075010103e-03,3.177760000000000029e-01,8.509670000000000428e-03,1.010996361180999809e-01,1.510347924963465621e-03
9.111000000000000227e+02,1.855143567412499694e-01,8.239663445637956593e-03,2.857569999999999832e-01,8.101010000000000502e-03,1.002426432587500138e-01,1.505221138996642267e-03
9.156559999999999491e+02,1.853437779714600386e-01,8.272686826518303033e-03,2.859920000000000240e-01,8.133809999999999998e-03,1.006482220285399853e-01,1.509464214067191999e-03
9.202340000000000373e+02,1.926013519923149842e-01,8.398613237279866847e-03,2.928209999999999980e-01,8.262109999999999593e-03,1.002196480076850138e-01,1.508059235346083512e-03
9.248350000000000364e+02,1.994508706014375132e-01,8.513949107151912166e-03,2.987020000000000231e-01,8.380769999999999192e-03,9.925112939856249594e-02,1.500007868736975619e-03
9.294600000000000364e+02,1.917865230642499808e-01,8.445898726085747377e-03,2.913049999999999806e-01,8.310980000000000797e-03,9.951847693574998599e-02,1.503601253955592475e-03
9.341069999999999709e+02,1.950995697137250240e-01,8.516809305442589809e-03,2.948040000000000105e-01,8.382330000000000336e-03,9.970443028627498649e-02,1.507509375219098389e-03
9.387770000000000437e+02,1.958175466408900167e-01,8.565933799296210349e-03,2.956010000000000026e-01,8.431889999999999177e-03,9.978345335910998593e-02,1.509454498096985666e-03
9.434710000000000036e+02,1.963276623915850005e-01,8.608487240909278373e-03,2.970860000000000167e-01,8.473549999999999832e-03,1.007583376084150023e-01,1.518223624634343133e-03
9.481889999999999645e+02,1.897073585590174916e-01,8.563166380450359244e-03,2.918979999999999908e-01,8.424829999999999472e-03,1.021906414409824992e-01,1.532989866364193286e-03
9.529299999999999500e+02,1.941443478837750203e-01,8.653378875622851768e-03,2.955900000000000194e-01,8.517449999999999327e-03,1.014456521162249991e-01,1.527747185425588385e-03
9.576939999999999600e+02,2.127499783998450245e-01,8.934696747452595261e-03,3.137920000000000154e-01,8.803450000000000858e-03,1.010420216001549909e-01,1.525802761316147425e-03
9.624829999999999472e+02,1.842534135134049622e-01,8.584826699060452149e-03,2.858459999999999890e-01,8.447279999999999719e-03,1.015925864865950129e-01,1.530591406777513782e-03
9.672949999999999591e+02,2.117454341571999854e-01,8.994992399888202678e-03,3.129399999999999959e-01,8.863509999999999792e-03,1.011945658428000105e-01,1.532344202177342079e-03
9.721319999999999482e+02,1.862807647585300042e-01,8.615910904215892327e-03,2.850110000000000143e-01,8.481930000000000372e-03,9.873023524146999630e-02,1.513533674711698036e-03
9.769919999999999618e+02,1.816444581896000110e-01,8.591605984931997494e-03,2.806890000000000218e-01,8.456719999999999168e-03,9.904454181039999694e-02,1.516436692354595226e-03
9.818769999999999527e+02,1.615215066348374973e-01,8.335541017137933564e-03,2.609859999999999958e-01,8.195150000000000004e-03,9.946449336516249851e-02,1.523404255570037042e-03
9.867870000000000346e+02,1.541752687480625050e-01,8.258134716368381589e-03,2.538830000000000253e-01,8.115650000000000294e-03,9.970773125193752029e-02,1.527420725009541588e-03
9.917200000000000273e+02,1.631344595985000090e-01,8.435046483411718504e-03,2.627740000000000076e-01,8.295139999999999458e-03,9.963954040149999858e-02,1.529922075700727337e-03
9.966789999999999736e+02,1.739748069064674940e-01,8.663804214588193345e-03,2.763410000000000033e-01,8.523199999999999874e-03,1.023661930935324954e-01,1.554530549302950712e-03
1.001659999999999968e+03,1.806582375987499933e-01,8.825538982188288126e-03,2.843470000000000164e-01,8.685129999999999240e-03,1.036887624012500092e-01,1.568009951889684245e-03
1.006669999999999959e+03,1.749567810838750237e-01,8.764269158368231602e-03,2.782720000000000193e-01,8.623050000000000159e-03,1.033152189161249956e-01,1.566978805799422534e-03
1.011700000000000045e+03,1.702390657637500027e-01,8.749731390870728320e-03,2.746560000000000112e-01,8.606340000000000517e-03,1.044169342362500086e-01,1.577564964363938798e-03
1.016759999999999991e+03,1.806008854005000108e-01,8.940419987071185001e-03,2.854869999999999908e-01,8.798949999999999827e-03,1.048861145994999799e-01,1.584168060125549669e-03
1.021850000000000023e+03,1.704887173806249878e-01,8.829857103267866464e-03,2.752069999999999794e-01,8.686209999999999765e-03,1.047182826193749916e-01,1.586232107867576119e-03
1.026960000000000036e+03,1.657302990137999865e-01,8.779342029856272711e-03,2.694110000000000116e-01,8.635830000000000589e-03,1.036807009862000112e-01,1.580913245026701382e-03
1.032089999999999918e+03,1.822132419188999819e-01,9.057144905924725473e-03,2.862210000000000032e-01,8.917579999999999604e-03,1.040077580811000213e-01,1.583868930978259322e-03
1.037250000000000000e+03,1.697143741162499830e-01,8.911111046903447477e-03,2.741979999999999973e-01,8.767910000000000287e-03,1.044836258837500143e-01,1.591117318787227267e-03
1.042440000000000055e+03,1.688837262144000095e-01,8.917080681167505185e-03,2.732890000000000041e-01,8.773339999999999264e-03,1.044052737856000085e-01,1.594626325773765415e-03
1.047650000000000091e+03,1.905837296277499981e-01,9.294806786039144439e-03,2.953149999999999942e-01,9.156090000000000409e-03,1.047312703722500099e-01,1.599827835018294373e-03
1.052890000000000100e+03,1.849466644641999669e-01,9.279334329778702803e-03,2.918009999999999771e-01,9.136880000000000002e-03,1.068543355358000102e-01,1.619712773737852366e-03
1.058150000000000091e+03,1.799305700924999918e-01,9.300204542390628354e-03,2.896440000000000126e-01,9.153869999999999715e-03,1.097134299075000208e-01,1.643310242590635120e-03
1.063440000000000055e+03,1.751261323820000049e-01,9.288273580515787886e-03,2.863850000000000007e-01,9.138959999999999792e-03,1.112588676179999958e-01,1.658745376755452238e-03
1.068759999999999991e+03,1.810900469430000159e-01,9.446210577538818876e-03,2.938740000000000241e-01,9.296920000000000184e-03,1.127839530570000082e-01,1.672773980191667644e-03
1.074099999999999909e+03,1.820144824024999830e-01,9.521166954101448199e-03,2.969089999999999785e-01,9.369439999999999713e-03,1.148945175974999955e-01,1.692989738383975920e-03
1.079470000000000027e+03,1.833443657252499803e-01,9.586211367858419805e-03,2.987529999999999908e-01,9.434319999999999512e-03,1.154086342747499966e-01,1.699721896916673268e-03
1.084869999999999891e+03,2.053770059970000117e-01,9.989467480003438177e-03,3.222900000000000209e-01,9.841159999999999838e-03,1.169129940030000092e-01,1.714943260999106248e-03
1.090299999999999955e+03,2.017682102124999655e-01,9.971949585524258336e-03,3.186419999999999808e-01,9.822690000000000241e-03,1.168737897875000153e-01,1.718877453496155941e-03
1.095750000000000000e+03,2.058211380812500213e-01,1.006743829260800353e-02,3.223440000000000194e-01,9.919300000000000686e-03,1.165228619187499981e-01,1.720697906510593352e-03
1.101230000000000018e+03,2.208503159505000035e-01,1.028879044538834851e-02,3.351669999999999927e-01,1.014589999999999936e-02,1.143166840494999892e-01,1.708777931480446243e-03
1.106730000000000018e+03,2.267156550319999742e-01,1.039419042525851003e-02,3.395659999999999790e-01,1.025399999999999923e-02,1.128503449680000048e-01,1.701375501332883823e-03
1.112269999999999982e+03,2.166375747420000164e-01,1.024156122905765277e-02,3.269299999999999984e-01,1.010190000000000046e-02,1.102924252579999959e-01,1.685583815340226587e-03
1.117829999999999927e+03,2.104692917034999833e-01,1.017196644172476891e-02,3.190089999999999870e-01,1.003290000000000085e-02,1.085397082965000037e-01,1.676251437456457039e-03
1.123420000000000073e+03,2.121405863349999921e-01,1.021413081526746300e-02,3.198329999999999784e-01,1.007579999999999934e-02,1.076924136649999864e-01,1.675327631060980491e-03
1.129029999999999973e+03,2.066847516449999977e-01,1.015953720097112836e-02,3.141559999999999908e-01,1.001999999999999939e-02,1.074712483549999931e-01,1.678033413825919494e-03
1.134680000000000064e+03,1.814763717209999794e-01,9.802585267228446780e-03,2.894289999999999918e-01,9.656100000000000794e-03,1.079526282790000125e-01,1.688315939415421666e-03
1.140349999999999909e+03,2.034222122543749844e-01,1.019603968851731310e-02,3.110499999999999932e-01,1.005490000000000030e-02,1.076277877456250087e-01,1.690624535436601903e-03
1.146049999999999955e+03,1.955931734491249963e-01,1.009218057674998205e-02,3.021349999999999869e-01,9.950219999999999204e-03,1.065418265508749907e-01,1.686781178852081843e-03
1.151779999999999973e+03,1.916627340703500049e-01,1.006006532766320384e-02,2.971159999999999912e-01,9.918269999999999864e-03,1.054532659296500002e-01,1.683102671838934868e-03
1.157539999999999964e+03,2.035848301220499756e-01,1.029764360214822927e-02,3.090519999999999934e-01,1.015830000000000032e-02,1.054671698779500039e-01,1.688314208571476934e-03
1.163329999999999927e+03,2.164773201787249801e-01,1.052855338049421552e-02,3.217720000000000025e-01,1.039160000000000084e-02,1.052946798212750223e-01,1.692656411064026633e-03
1.169150000000000091e+03,2.011418059148750159e-01,1.035592714459325145e-02,3.087550000000000017e-01,1.021260000000000050e-02,1.076131940851249857e-01,1.716982313282028067e-03
1.174990000000000009e+03,2.058931836615000011e-01,1.052532400537310037e-02,3.162969999999999948e-01,1.037979999999999979e-02,1.104038163384999938e-01,1.744189604969388109e-03
1.180869999999999891e+03,1.928805623190000262e-01,1.042581273326840564e-02,3.054930000000000145e-01,1.027480000000000060e-02,1.126124376810000022e-01,1.768065640518367383e-03
1.186769999999999982e+03,1.920827789064999958e-01,1.046643492375714385e-02,3.063150000000000039e-01,1.031280000000000044e-02,1.142322210934999943e-01,1.786733380570029468e-03
1.192710000000000036e+03,1.913150750255000199e-01,1.054050451528867546e-02,3.073060000000000236e-01,1.038470000000000018e-02,1.159909249745000037e-01,1.805613842110480056e-03
1.198670000000000073e+03,1.879963742455000031e-01,1.053942289599278138e-02,3.056240000000000068e-01,1.038019999999999915e-02,1.176276257545000037e-01,1.825070667283012300e-03
1.204660000000000082e+03,1.762584272805000074e-01,1.039619822324203482e-02,2.944019999999999970e-01,1.023280000000000023e-02,1.181435727194999896e-01,1.835957967095338530e-03
1.210690000000000055e+03,1.798188352830000225e-01,1.048552409760793863e-02,2.969470000000000165e-01,1.032379999999999930e-02,1.171281647169999940e-01,1.834494252244141905e-03
1.216740000000000009e+03,1.930413227055000069e-01,1.074999919793863737e-02,3.101470000000000060e-01,1.059099999999999972e-02,1.171056772944999991e-01,1.842064536242246815e-03
1.222819999999999936e+03,1.963898122085000197e-01,1.086497279469263513e-02,3.147570000000000090e-01,1.070459999999999988e-02,1.183671877914999893e-01,1.859885122638249740e-03
1.228940000000000055e+03,2.436252151605000082e-01,1.164872174197066797e-02,3.603149999999999964e-01,1.150020000000000035e-02,1.166897848394999881e-01,1.854216325529508842e-03
1.235079999999999927e+03,2.477080410499999941e-01,1.170412756156245966e-02,3.620639999999999969e-01,1.155809999999999997e-02,1.143559589500000029e-01,1.843075247331488848e-03
1.241259999999999991e+03,2.548161617699999937e-01,1.187583968822471248e-02,3.696639999999999926e-01,1.173019999999999965e-02,1.148478382300000128e-01,1.854178055207548548e-03
1.247460000000000036e+03,2.171554349804999950e-01,1.128766042670807136e-02,3.295540000000000136e-01,1.113639999999999942e-02,1.123985650195000047e-01,1.841703816760844161e-03
1.253700000000000045e+03,2.242051799525000000e-01,1.140986235220275286e-02,3.342669999999999808e-01,1.126210000000000058e-02,1.100618200474999947e-01,1.830317591625486807e-03
1.259970000000000027e+03,2.290277772767499997e-01,1.149620138013398261e-02,3.367209999999999925e-01,1.135139999999999934e-02,1.076932227232499928e-01,1.818890929273794940e-03
1.266269999999999982e+03,2.400479374250000242e-01,1.169356845559252345e-02,3.463019999999999987e-01,1.155169999999999982e-02,1.062540625749999884e-01,1.815976413841469085e-03
1.272599999999999909e+03,2.416272559799999831e-01,1.177185469251989733e-02,3.489929999999999977e-01,1.162799999999999945e-02,1.073657440200000146e-01,1.834714937477405911e-03
1.278960000000000036e+03,2.876323099540000205e-01,1.257219010505965066e-02,3.953980000000000272e-01,1.243569999999999919e-02,1.077656900460000067e-01,1.847519836905622869e-03
1.285359999999999900e+03,2.762737180119999580e-01,1.246036562006425097e-02,3.852709999999999746e-01,1.231960000000000000e-02,1.089972819880000027e-01,1.867663574008757935e-03
1.291789999999999964e+03,2.896124451514999754e-01,1.273859087907029328e-02,3.991310000000000136e-01,1.259889999999999968e-02,1.095185548485000104e-01,1.881333669058430627e-03
1.298240000000000009e+03,2.851882810320000017e-01,1.273606033605794059e-02,3.955859999999999932e-01,1.259369999999999934e-02,1.103977189679999915e-01,1.898934752356781601e-03
1.304740000000000009e+03,2.908972309539999967e-01,1.290244742369362624e-02,4.018079999999999985e-01,1.275970000000000056e-02,1.109107690460000017e-01,1.913950216483774249e-03
1.311259999999999991e+03,2.940758388535000267e-01,1.299977862388606784e-02,4.050110000000000099e-01,1.285649999999999987e-02,1.109351611464999970e-01,1.924747261342428257e-03
1.317819999999999936e+03,2.555246139494999902e-01,1.242385408415343576e-02,3.669459999999999944e-01,1.227160000000000056e-02,1.114213860505000181e-01,1.939067751352694085e-03
1.324410000000000082e+03,2.713401545597500242e-01,1.276595252010845685e-02,3.836660000000000070e-01,1.261469999999999952e-02,1.123258454402500106e-01,1.959307953248664875e-03
1.331029999999999973e+03,2.611874645784999505e-01,1.268633110046776986e-02,3.747559999999999780e-01,1.253059999999999938e-02,1.135685354214999998e-01,1.981681213186359519e-03
1.337680000000000064e+03,2.725865975139999398e-01,1.294010854093081454e-02,3.866299999999999737e-01,1.278499999999999949e-02,1.140434024860000062e-01,1.997544505404225384e-03
1.344369999999999891e+03,2.782230639772500513e-01,1.307088761216546394e-02,3.916680000000000161e-01,1.291660000000000030e-02,1.134449360227499926e-01,2.002385429896197822e-03
1.351089999999999918e+03,2.989542065722500253e-01,1.346289035338421071e-02,4.124160000000000048e-01,1.331109999999999932e-02,1.134617934277500073e-01,2.015944805108931762e-03
1.357849999999999909e+03,3.071141934737499635e-01,1.365507489513067933e-02,4.203279999999999794e-01,1.350430000000000033e-02,1.132138065262500021e-01,2.023598750154812550e-03
1.364640000000000100e+03,2.934534961599999936e-01,1.344745416081181803e-02,4.047830000000000039e-01,1.329510000000000067e-02,1.113295038400000103e-01,2.018499293320423493e-03
1.371460000000000036e+03,3.039471101545000442e-01,1.366196034465590181e-02,4.150710000000000233e-01,1.351049999999999994e-02,1.111238898455000068e-01,2.028681889540702010e-03
1.378319999999999936e+03,3.038376904139999946e-01,1.368917525999351938e-02,4.139590000000000214e-01,1.353779999999999914e-02,1.101213095860000268e-01,2.030145427997377249e-03
1.385210000000000036e+03,3.003224034892499894e-01,1.370010191790423278e-02,4.105909999999999838e-01,1.354679999999999947e-02,1.102685965107499944e-01,2.043771592170530709e-03
1.392140000000000100e+03,3.075097037425000290e-01,1.384898205443054788e-02,4.159550000000000192e-01,1.369779999999999956e-02,1.084452962574999901e-01,2.040730041906419889e-03
1.399099999999999909e+03,2.798821399349999961e-01,1.347081156103257377e-02,3.897689999999999766e-01,1.331099999999999992e-02,1.098868600649999944e-01,2.068826506222506360e-03
1.406089999999999918e+03,2.811294617080000169e-01,1.356015647951293833e-02,3.917129999999999779e-01,1.339850000000000069e-02,1.105835382919999887e-01,2.087592273140686811e-03
1.413119999999999891e+03,2.900338965319999573e-01,1.371438758652677135e-02,3.992269999999999985e-01,1.355459999999999998e-02,1.091931034680000134e-01,2.087401665583222665e-03
1.420190000000000055e+03,2.817951761929999854e-01,1.363013554294235409e-02,3.906459999999999932e-01,1.346750000000000030e-02,1.088508238069999801e-01,2.099294802780322933e-03
1.427289999999999964e+03,3.113939265637500342e-01,1.419459915830370567e-02,4.205940000000000234e-01,1.403579999999999932e-02,1.092000734362499892e-01,2.117301023689419602e-03
1.434430000000000064e+03,3.143917927847500460e-01,1.429373121412616174e-02,4.239620000000000055e-01,1.413329999999999968e-02,1.095702072152499873e-01,2.135552184256934560e-03
1.441599999999999909e+03,3.283579364599999995e-01,1.456657048552414610e-02,4.367610000000000103e-01,1.440860000000000057e-02,1.084030635399999970e-01,2.139444261892131140e-03
1.448809999999999945e+03,3.469627335727499817e-01,1.491464094979728233e-02,4.551669999999999883e-01,1.475850000000000078e-02,1.082042664272500065e-01,2.152485170998854822e-03
1.456049999999999955e+03,3.639948575175000478e-01,1.524891465129034514e-02,4.725480000000000236e-01,1.509360000000000042e-02,1.085531424825000035e-01,2.170860908104737391e-03
1.463329999999999927e+03,3.409891313127499934e-01,1.494836254620809761e-02,4.493809999999999749e-01,1.478759999999999970e-02,1.083918686872499954e-01,2.186419230814860924e-03
1.470650000000000091e+03,3.337692815112499600e-01,1.488497579199036212e-02,4.415609999999999813e-01,1.472170000000000076e-02,1.077917184887499935e-01,2.198648093292575583e-03
1.478000000000000000e+03,3.325331360499999556e-01,1.490577459634919756e-02,4.395939999999999848e-01,1.474089999999999949e-02,1.070608639500000292e-01,2.210878446945716003e-03
1.485390000000000100e+03,3.204156278090000143e-01,1.478661087196473344e-02,4.277259999999999951e-01,1.461699999999999978e-02,1.073103721909999947e-01,2.233197724991157519e-03
1.492819999999999936e+03,3.127844460394999526e-01,1.472607992911238728e-02,4.204789999999999917e-01,1.455260000000000060e-02,1.076945539605000113e-01,2.253722103234263256e-03
1.500279999999999973e+03,2.895575656900000183e-01,1.441409620841202499e-02,3.987950000000000106e-01,1.423130000000000055e-02,1.092374343100000061e-01,2.288289714034899558e-03
1.507779999999999973e+03,2.782476400760000024e-01,1.431395386778839922e-02,3.898510000000000031e-01,1.412210000000000028e-02,1.116033599240000007e-01,2.335715504759611639e-03
1.515319999999999936e+03,2.808057000810000314e-01,1.448780166237816081e-02,3.951850000000000085e-01,1.429049999999999938e-02,1.143792999189999909e-01,2.382856848072791717e-03
1.522900000000000091e+03,2.639769920499999700e-01,1.424380015826903767e-02,3.797369999999999912e-01,1.403809999999999954e-02,1.157600079500000212e-01,2.411968353586975249e-03
1.530509999999999991e+03,2.709759190847499943e-01,1.442573039173733820e-02,3.856080000000000063e-01,1.422170000000000031e-02,1.146320809152500120e-01,2.417632404873475745e-03
1.538160000000000082e+03,2.806380956799999771e-01,1.468151879975986354e-02,3.953550000000000120e-01,1.447709999999999969e-02,1.147169043200000071e-01,2.441427831762044143e-03
1.545859999999999900e+03,2.543509368569999984e-01,1.423872715842668460e-02,3.692639999999999811e-01,1.402370000000000005e-02,1.149130631429999966e-01,2.465195611329381968e-03
1.553579999999999927e+03,2.576774231749999755e-01,1.430855721809575105e-02,3.710970000000000102e-01,1.409389999999999948e-02,1.134195768250000069e-01,2.469168372857555045e-03
1.561349999999999909e+03,2.799234361937500415e-01,1.477038899538617341e-02,3.920790000000000108e-01,1.456140000000000038e-02,1.121555638062499971e-01,2.475887944763447562e-03
1.569160000000000082e+03,2.697296876749999961e-01,1.462602965229575780e-02,3.811849999999999961e-01,1.441319999999999928e-02,1.114553123250000000e-01,2.486042869669549422e-03
1.577000000000000000e+03,2.602333016500000262e-01,1.456018293937337039e-02,3.737230000000000274e-01,1.433820000000000060e-02,1.134896983500000012e-01,2.532774760617160191e-03
1.584890000000000100e+03,2.592644977674999907e-01,1.460913004033307337e-02,3.736459999999999781e-01,1.438219999999999950e-02,1.143815022324999875e-01,2.564956860331625565e-03
1.592809999999999945e+03,2.513546561742500129e-01,1.449923983107513289e-02,3.644620000000000082e-01,1.426930000000000039e-02,1.131073438257499952e-01,2.571970681993801088e-03
1.600779999999999973e+03,2.507135052890000493e-01,1.455884494270344616e-02,3.639020000000000032e-01,1.432480000000000038e-02,1.131884947109999817e-01,2.600013658749063955e-03
1.608779999999999973e+03,2.504959631860000369e-01,1.458467253437393044e-02,3.626980000000000204e-01,1.434889999999999950e-02,1.122020368139999974e-01,2.611846420623022656e-03
1.616829999999999927e+03,2.428943174752500322e-01,1.452301190807584082e-02,3.555380000000000207e-01,1.428070000000000034e-02,1.126436825247500023e-01,2.641871002171124021e-03
1.624910000000000082e+03,2.346209938235000181e-01,1.435549166822684339e-02,3.457120000000000193e-01,1.410939999999999937e-02,1.110910061765000012e-01,2.646690891760942153e-03
1.633029999999999973e+03,2.380081246157499941e-01,1.446882382103578321e-02,3.487669999999999937e-01,1.422039999999999936e-02,1.107588753842500134e-01,2.669660391168238341e-03
1.641200000000000045e+03,2.146044656399999917e-01,1.407196626651025309e-02,3.265480000000000049e-01,1.380879999999999955e-02,1.119435343600000132e-01,2.708740881997115379e-03
1.649410000000000082e+03,2.230516348680000038e-01,1.431793498657014073e-02,3.341049999999999853e-01,1.405660000000000069e-02,1.110533651319999954e-01,2.723097265917850517e-03
1.657650000000000091e+03,2.313515548812500322e-01,1.453412155745137553e-02,3.426640000000000241e-01,1.427140000000000006e-02,1.113124451187499919e-01,2.750969190444122522e-03
1.665940000000000055e+03,2.256546106489999981e-01,1.444424058433333054e-02,3.368559999999999888e-01,1.417520000000000065e-02,1.112013893510000045e-01,2.774849728922639501e-03
1.674269999999999982e+03,2.209589174882500007e-01,1.445006300590608202e-02,3.333039999999999892e-01,1.417260000000000048e-02,1.123450825117499885e-01,2.818107541357409238e-03
1.682640000000000100e+03,2.219030772460000023e-01,1.451500701421682728e-02,3.331390000000000184e-01,1.423639999999999975e-02,1.112359227540000162e-01,2.830255052599276334e-03
1.691059999999999945e+03,2.233459971800000332e-01,1.453770031195977808e-02,3.336660000000000181e-01,1.425670000000000062e-02,1.103200028199999988e-01,2.844509706496962768e-03
1.699509999999999991e+03,2.013984026187500276e-01,1.417282751653449295e-02,3.130660000000000109e-01,1.387460000000000082e-02,1.116675973812499834e-01,2.892147066356979233e-03
1.708009999999999991e+03,2.022480235634999679e-01,1.426548451849200642e-02,3.154299999999999882e-01,1.395919999999999973e-02,1.131819764365000064e-01,2.940201337890846738e-03
1.716549999999999955e+03,2.006073860237500006e-01,1.431399068461017623e-02,3.141930000000000001e-01,1.400170000000000060e-02,1.135856139762499994e-01,2.973672212787901135e-03
1.725130000000000109e+03,1.916152083184999855e-01,1.419024435359559494e-02,3.053049999999999931e-01,1.386820000000000067e-02,1.136897916814999937e-01,3.006004586615207419e-03
1.733759999999999991e+03,1.898970375040000269e-01,1.427872559568646102e-02,3.054470000000000240e-01,1.394680000000000052e-02,1.155499624959999971e-01,3.060845372917690623e-03
1.742430000000000064e+03,2.132853515827500268e-01,1.482718467749356492e-02,3.280350000000000210e-01,1.450429999999999948e-02,1.147496484172500081e-01,3.077448126370279247e-03
1.751140000000000100e+03,2.170670287049999980e-01,1.490693710206316899e-02,3.296189999999999953e-01,1.458540000000000010e-02,1.125519712949999973e-01,3.079428616621506833e-03
1.759890000000000100e+03,2.213471081274999697e-01,1.506151428485726952e-02,3.329929999999999835e-01,1.473930000000000032e-02,1.116458918724999999e-01,3.098749435330261023e-03
1.768690000000000055e+03,1.916760300575000020e-01,1.443939639699659550e-02,3.028660000000000241e-01,1.409769999999999947e-02,1.111899699425000082e-01,3.122662809141948329e-03
1.777539999999999964e+03,2.049926304574999636e-01,1.473935979473215557e-02,3.154449999999999754e-01,1.439969999999999965e-02,1.104523695425000118e-01,3.146008116417815109e-03
1.786420000000000073e+03,1.704856814634999884e-01,1.401679500130716474e-02,2.814789999999999792e-01,1.364980000000000013e-02,1.109933185364999908e-01,3.186456035891519194e-03
1.795359999999999900e+03,1.834334156799999893e-01,1.443311656733374179e-02,2.963959999999999928e-01,1.406390000000000071e-02,1.129625843200000035e-01,3.243697062958208772e-03
1.804329999999999927e+03,1.817757186752499976e-01,1.448986418193985715e-02,2.956010000000000026e-01,1.411150000000000078e-02,1.138252813247499912e-01,3.289640065579147506e-03
1.813349999999999909e+03,1.964709063312500004e-01,1.485577808883489261e-02,3.101450000000000040e-01,1.447960000000000046e-02,1.136740936687500036e-01,3.321946186305084307e-03
1.822420000000000073e+03,1.944587002909999862e-01,1.492908486654326815e-02,3.092699999999999894e-01,1.454300000000000037e-02,1.148112997090000031e-01,3.373236717523874027e-03
1.831529999999999973e+03,2.156371925960000047e-01,1.549124846538953160e-02,3.309199999999999919e-01,1.511020000000000071e-02,1.152828074039999734e-01,3.414767192127968459e-03
1.840690000000000055e+03,2.004665585690476315e-01,1.512051778136830164e-02,3.134190000000000031e-01,1.473840000000000046e-02,1.129524414309523717e-01,3.377813407616675999e-03
1.849890000000000100e+03,1.885574380429166363e-01,1.484489238222204584e-02,3.009589999999999765e-01,1.445989999999999949e-02,1.124015619570833402e-01,3.358886992703703257e-03
1.859140000000000100e+03,1.936906519158333173e-01,1.503223061379807199e-02,3.069959999999999911e-01,1.465179999999999955e-02,1.133053480841666738e-01,3.360463358884901997e-03
1.868440000000000055e+03,1.991557759404761763e-01,1.522873879128593989e-02,3.126459999999999795e-01,1.485560000000000005e-02,1.134902240595238171e-01,3.350467700667650404e-03
1.877779999999999973e+03,1.916301525905952097e-01,1.507764065576530123e-02,3.034089999999999843e-01,1.470929999999999981e-02,1.117788474094047746e-01,3.312361884575221009e-03
1.887170000000000073e+03,2.036678972600000359e-01,1.538364236696645668e-02,3.148190000000000155e-01,1.502730000000000038e-02,1.111511027399999796e-01,3.291915427942419640e-03
1.896609999999999900e+03,1.884528231138690724e-01,1.507475165588404928e-02,3.003850000000000131e-01,1.471070000000000016e-02,1.119321768861309407e-01,3.292938352987931881e-03
1.906089999999999918e+03,1.835895101998809564e-01,1.507929439639977068e-02,2.979410000000000114e-01,1.471000000000000085e-02,1.143514898001190688e-01,3.316778481191276755e-03
1.915619999999999891e+03,1.672372417501190589e-01,1.471341006830095832e-02,2.812120000000000175e-01,1.433880000000000050e-02,1.139747582498809586e-01,3.298977174516361244e-03
1.925200000000000045e+03,1.666748567309523643e-01,1.474853321036013500e-02,2.802589999999999804e-01,1.437890000000000001e-02,1.135841432690476160e-01,3.281229441397814223e-03
1.934819999999999936e+03,1.702879423116666624e-01,1.490063104021209506e-02,2.858379999999999810e-01,1.453169999999999983e-02,1.155500576883333325e-01,3.295223893232777576e-03
1.944500000000000000e+03,1.503856765208333446e-01,1.446628049897161900e-02,2.664569999999999994e-01,1.408790000000000042e-02,1.160713234791666548e-01,3.286996359128886280e-03
1.954220000000000027e+03,1.718618035872618854e-01,1.506460571450653901e-02,2.866859999999999964e-01,1.470849999999999935e-02,1.148241964127380971e-01,3.256128542232802122e-03
1.963990000000000009e+03,1.832468884174999757e-01,1.537170970151737273e-02,2.976639999999999842e-01,1.502709999999999983e-02,1.144171115825000085e-01,3.236622427426981592e-03
1.973809999999999945e+03,1.800121330412500220e-01,1.538999936562545148e-02,2.962730000000000086e-01,1.504310000000000022e-02,1.162608669587499866e-01,3.249188031485984902e-03
1.983680000000000064e+03,1.773185133209523590e-01,1.536004605176796364e-02,2.947469999999999812e-01,1.501189999999999990e-02,1.174284866790476223e-01,3.251749237323297258e-03
1.993599999999999909e+03,1.906355729666666665e-01,1.565177287276863297e-02,3.056470000000000020e-01,1.532020000000000083e-02,1.150114270333333216e-01,3.204600758399721652e-03
2.003569999999999936e+03,1.737935420114881113e-01,1.527873006223894221e-02,2.875800000000000023e-01,1.494499999999999995e-02,1.137864579885119048e-01,3.175935659733042891e-03
2.013589999999999918e+03,1.704225200890476244e-01,1.526153601406730551e-02,2.839740000000000042e-01,1.493060000000000047e-02,1.135514799109523659e-01,3.160959529743043346e-03
2.023650000000000091e+03,1.708532699098214425e-01,1.533038941266032761e-02,2.854340000000000210e-01,1.500079999999999990e-02,1.145807300901785786e-01,3.161777807469690234e-03
2.033769999999999982e+03,1.757275992323809322e-01,1.545294506155414291e-02,2.896119999999999806e-01,1.513049999999999985e-02,1.138844007676190484e-01,3.140299480210536742e-03
2.043940000000000055e+03,1.508640080866666955e-01,1.486452978335775499e-02,2.643460000000000254e-01,1.453229999999999973e-02,1.134819919133333299e-01,3.125140379299745901e-03
2.054159999999999854e+03,1.498871405866666895e-01,1.486840881845821923e-02,2.638960000000000194e-01,1.453690000000000017e-02,1.140088594133333300e-01,3.122197812888566088e-03
2.064429999999999836e+03,1.462123172954166717e-01,1.484236129134529000e-02,2.609750000000000125e-01,1.451180000000000005e-02,1.147626827045833409e-01,3.115019977917484525e-03
2.074750000000000000e+03,1.528846655818452693e-01,1.516351219563344746e-02,2.694500000000000228e-01,1.483779999999999995e-02,1.165653344181547535e-01,3.125986766946451962e-03
2.085130000000000109e+03,1.732203722386905231e-01,1.568436174447839990e-02,2.872950000000000226e-01,1.538070000000000062e-02,1.140746277613094994e-01,3.071363026680102703e-03
2.095550000000000182e+03,1.517142331708333514e-01,1.501549371931136349e-02,2.620439999999999992e-01,1.471120000000000066e-02,1.103297668291666478e-01,3.007598077316676281e-03
2.106030000000000200e+03,1.445885517608333504e-01,1.484694088830859453e-02,2.548090000000000077e-01,1.454160000000000001e-02,1.102204482391666573e-01,2.995583946566947667e-03
2.116559999999999945e+03,1.599705114261904815e-01,1.527449350148374872e-02,2.693240000000000078e-01,1.498200000000000053e-02,1.093534885738095264e-01,2.974866001498094239e-03
2.127139999999999873e+03,1.511653330302380749e-01,1.505901933195153558e-02,2.595259999999999789e-01,1.476769999999999992e-02,1.083606669697619040e-01,2.947727930133659142e-03
2.137780000000000200e+03,1.548491585591666442e-01,1.512071878407231229e-02,2.607289999999999885e-01,1.484000000000000076e-02,1.058798414408333305e-01,2.900092506627547587e-03
2.148469999999999800e+03,1.685579090421428505e-01,1.556068142788797140e-02,2.737850000000000006e-01,1.529140000000000013e-02,1.052270909578571501e-01,2.882341503052269181e-03
2.159210000000000036e+03,1.844751555100595242e-01,1.608594043696491560e-02,2.916429999999999856e-01,1.582230000000000095e-02,1.071678444899404614e-01,2.900396947244113840e-03
2.170010000000000218e+03,1.616775414074999861e-01,1.550739476022914946e-02,2.694119999999999848e-01,1.523520000000000083e-02,1.077344585924999987e-01,2.892744926463862703e-03
2.180860000000000127e+03,1.706174062474999920e-01,1.582847945114836813e-02,2.787859999999999783e-01,1.556210000000000059e-02,1.081685937525000002e-01,2.891678634534993950e-03
2.191760000000000218e+03,1.594827789995238443e-01,1.562303723393820495e-02,2.691390000000000171e-01,1.535090000000000066e-02,1.096562210004761867e-01,2.903301844972294449e-03
2.202719999999999800e+03,1.788732236342857052e-01,1.627514981848800224e-02,2.914450000000000096e-01,1.600849999999999843e-02,1.125717763657142906e-01,2.934012502398395620e-03
2.213730000000000018e+03,1.517852690034523777e-01,1.564844338443044380e-02,2.660109999999999975e-01,1.536870000000000076e-02,1.142257309965476197e-01,2.945647749769968789e-03
2.224800000000000182e+03,1.705999256571428258e-01,1.628455372178029895e-02,2.868299999999999739e-01,1.601330000000000114e-02,1.162300743428571481e-01,2.959883955081427098e-03
2.235929999999999836e+03,1.697652260311904304e-01,1.630985006995304062e-02,2.871389999999999776e-01,1.603809999999999958e-02,1.173737739688095333e-01,2.964887467400274552e-03
2.247110000000000127e+03,1.701183909556547580e-01,1.634830876881410849e-02,2.874780000000000113e-01,1.607839999999999964e-02,1.173596090443452533e-01,2.958420700388009108e-03
2.258340000000000146e+03,1.860626943519047838e-01,1.692070948680527223e-02,3.054220000000000268e-01,1.665729999999999988e-02,1.193593056480952430e-01,2.974015172601155148e-03
2.269630000000000109e+03,2.005958172668452499e-01,1.738994428158353520e-02,3.212010000000000143e-01,1.713309999999999833e-02,1.206051827331547643e-01,2.977758638066552339e-03
2.280980000000000018e+03,1.578340844425000222e-01,1.631160143581912580e-02,2.797100000000000142e-01,1.603600000000000164e-02,1.218759155574999919e-01,2.985807328180523600e-03
2.292389999999999873e+03,1.600754362049404966e-01,1.637870227235682652e-02,2.801270000000000149e-01,1.611100000000000032e-02,1.200515637950595182e-01,2.949163801233600606e-03
2.303849999999999909e+03,1.732985316791666452e-01,1.668563423921997496e-02,2.899109999999999743e-01,1.643249999999999919e-02,1.166124683208333290e-01,2.895398714344875335e-03
2.315369999999999891e+03,1.739251501114285892e-01,1.668718701858536158e-02,2.903800000000000270e-01,1.643529999999999991e-02,1.164548498885714378e-01,2.888446728476015864e-03
2.326940000000000055e+03,1.584745873232142610e-01,1.629443505261545661e-02,2.749789999999999734e-01,1.603840000000000127e-02,1.165044126767857124e-01,2.877210302342042732e-03
2.338579999999999927e+03,1.551745669505952552e-01,1.624735983320643382e-02,2.706640000000000157e-01,1.599439999999999890e-02,1.154894330494047605e-01,2.855848418542170780e-03
2.350269999999999982e+03,1.716350719954762016e-01,1.672104413016799185e-02,2.850710000000000188e-01,1.648089999999999972e-02,1.134359280045238172e-01,2.823694741473569032e-03
2.362019999999999982e+03,1.837270883666666244e-01,1.709996193566346370e-02,2.970539999999999847e-01,1.686580000000000024e-02,1.133269116333333465e-01,2.820193000689738116e-03
2.373829999999999927e+03,1.835462793833333439e-01,1.719247796006511883e-02,2.980110000000000259e-01,1.695769999999999916e-02,1.144647206166666681e-01,2.831555953415872216e-03
2.385699999999999818e+03,1.619619881672619277e-01,1.661001386351301443e-02,2.771370000000000222e-01,1.636649999999999910e-02,1.151750118327380945e-01,2.833767509181820462e-03
2.397630000000000109e+03,1.759831166285714676e-01,1.709941258642973944e-02,2.920880000000000143e-01,1.686179999999999971e-02,1.161048833714285605e-01,2.840706172935130325e-03
2.409619999999999891e+03,1.658713355250000243e-01,1.687998614832377647e-02,2.836020000000000207e-01,1.663600000000000148e-02,1.177306644749999964e-01,2.859621717570781565e-03
2.421670000000000073e+03,1.490251944969047670e-01,1.647471412386622772e-02,2.676229999999999998e-01,1.622279999999999903e-02,1.185978055030952327e-01,2.870011432576086499e-03
2.433769999999999982e+03,1.660888230729166692e-01,1.695894776056651107e-02,2.836940000000000017e-01,1.671670000000000100e-02,1.176051769270833325e-01,2.856195066101716289e-03
2.445940000000000055e+03,1.746008751245238244e-01,1.731881909260389596e-02,2.922420000000000018e-01,1.708190000000000056e-02,1.176411248754761912e-01,2.854853262838777730e-03
2.458170000000000073e+03,1.683107049512499731e-01,1.728030402750162578e-02,2.891679999999999806e-01,1.703649999999999956e-02,1.208572950487500075e-01,2.892503246824252704e-03
2.470460000000000036e+03,1.604059928859523643e-01,1.716865798780720098e-02,2.815489999999999937e-01,1.692280000000000173e-02,1.211430071140476294e-01,2.895109196955440549e-03
2.482820000000000164e+03,1.439146731014286085e-01,1.672147769644123302e-02,2.651800000000000268e-01,1.646800000000000000e-02,1.212653268985714183e-01,2.900481400144042359e-03
2.495230000000000018e+03,1.622398565637499790e-01,1.728478482284502224e-02,2.848339999999999761e-01,1.703539999999999915e-02,1.225941434362499971e-01,2.925565451678293922e-03
2.507710000000000036e+03,1.563917043830952702e-01,1.717921448423454303e-02,2.779460000000000264e-01,1.692950000000000010e-02,1.215542956169047561e-01,2.918465357912250480e-03
2.520250000000000000e+03,1.591758742351190303e-01,1.731945767259787661e-02,2.809909999999999908e-01,1.707030000000000006e-02,1.218151257648809604e-01,2.927195241679227036e-03
2.532849999999999909e+03,1.807156100458333359e-01,1.797347999261614954e-02,3.009950000000000125e-01,1.773519999999999958e-02,1.202793899541666767e-01,2.916961433576567477e-03
2.545510000000000218e+03,1.846331536441667143e-01,1.802088282258992868e-02,3.026110000000000189e-01,1.778619999999999854e-02,1.179778463558333185e-01,2.898845850595856491e-03
2.558239999999999782e+03,1.834100763580952254e-01,1.797333469758308211e-02,3.001969999999999916e-01,1.773889999999999842e-02,1.167869236419047663e-01,2.893473162368018041e-03
2.571030000000000200e+03,1.850332147982142739e-01,1.804173647376986975e-02,2.999499999999999944e-01,1.781049999999999994e-02,1.149167852017857205e-01,2.879295875549792421e-03
2.583880000000000109e+03,1.863080383985714350e-01,1.817671452430232037e-02,3.024870000000000059e-01,1.794310000000000002e-02,1.161789616014285709e-01,2.904843074588176182e-03
2.596800000000000182e+03,1.936561717000000182e-01,1.847758966856426904e-02,3.121470000000000078e-01,1.824140000000000136e-02,1.184908282999999896e-01,2.944935652918917804e-03
2.609789999999999964e+03,1.780093103991071124e-01,1.814684667485833708e-02,2.961289999999999756e-01,1.790510000000000018e-02,1.181196896008928632e-01,2.952192106014960883e-03
2.622840000000000146e+03,1.836229318433333368e-01,1.831717876326123887e-02,3.022549999999999959e-01,1.807469999999999910e-02,1.186320681566666591e-01,2.970565224880358356e-03
2.635949999999999818e+03,1.886888596157738629e-01,1.849708484257010094e-02,3.065510000000000179e-01,1.825629999999999961e-02,1.178621403842261689e-01,2.974837471734648880e-03
2.649130000000000109e+03,1.896523825073809788e-01,1.850623810726350835e-02,3.060890000000000000e-01,1.826600000000000099e-02,1.164366174926190350e-01,2.972220194186830922e-03
2.662380000000000109e+03,1.868820494553571632e-01,1.845321989684809219e-02,3.007670000000000066e-01,1.821460000000000093e-02,1.138849505446428434e-01,2.957984347732469429e-03
2.675690000000000055e+03,1.862013058941666688e-01,1.840006292191518136e-02,2.986039999999999806e-01,1.816090000000000065e-02,1.124026941058333118e-01,2.957030050648427541e-03
2.689070000000000164e+03,2.195143358829761970e-01,1.942246774621257666e-02,3.317189999999999861e-01,1.919370000000000104e-02,1.122046641170237891e-01,2.972227054359720747e-03
2.702510000000000218e+03,2.156934613167261483e-01,1.932237416737127983e-02,3.268209999999999726e-01,1.909140000000000142e-02,1.111275386832738243e-01,2.978689225799994230e-03
2.716019999999999982e+03,2.133902920101190537e-01,1.930686357879691714e-02,3.228150000000000186e-01,1.907620000000000149e-02,1.094247079898809649e-01,2.975495725131342001e-03
2.729610000000000127e+03,2.327518059254762295e-01,1.997413544385426287e-02,3.423590000000000244e-01,1.974739999999999829e-02,1.096071940745238088e-01,3.001046479052794664e-03
2.743250000000000000e+03,1.686671569166666718e-01,1.812049946809433237e-02,2.790259999999999962e-01,1.786449999999999844e-02,1.103588430833333245e-01,3.035150856746173919e-03
2.756969999999999800e+03,1.788325961450000223e-01,1.850249114848352694e-02,2.894470000000000098e-01,1.824660000000000171e-02,1.106144038550000014e-01,3.066556234558751558e-03
2.770750000000000000e+03,1.938868991145833443e-01,1.898500574984447048e-02,3.042000000000000259e-01,1.873210000000000153e-02,1.103131008854166817e-01,3.088506582739878898e-03
2.784610000000000127e+03,1.785984674287499629e-01,1.867900216841893168e-02,2.916409999999999836e-01,1.841100000000000028e-02,1.130425325712500068e-01,3.152808431826958739e-03
2.798530000000000200e+03,1.820173964354762364e-01,1.879087086005782822e-02,2.963720000000000243e-01,1.851620000000000002e-02,1.143546035645237879e-01,3.201119372871067889e-03
2.812519999999999982e+03,1.848694156628571672e-01,1.906326677103108852e-02,3.010510000000000130e-01,1.878190000000000068e-02,1.161815843371428458e-01,3.263184391587141322e-03
2.826590000000000146e+03,1.967419573555952428e-01,1.942435441607075902e-02,3.116599999999999926e-01,1.914549999999999932e-02,1.149180426444047637e-01,3.279538722309537080e-03
2.840719999999999800e+03,2.217242310285714446e-01,2.018060016316020056e-02,3.357370000000000076e-01,1.990880000000000080e-02,1.140127689714285630e-01,3.300955241341738643e-03
2.854920000000000073e+03,2.040495608323809607e-01,1.972785443164411928e-02,3.174299999999999899e-01,1.944529999999999870e-02,1.133804391676190432e-01,3.326942798747898819e-03
2.869199999999999818e+03,1.876687638119047263e-01,1.924488754772725463e-02,3.000439999999999774e-01,1.895029999999999978e-02,1.123752361880952511e-01,3.354374253816576508e-03
2.883539999999999964e+03,2.363130697705952410e-01,2.074572752860288916e-02,3.472160000000000246e-01,2.047109999999999902e-02,1.109029302294047697e-01,3.364413096073634417e-03
2.897960000000000036e+03,2.509317714195238302e-01,2.124319984521219964e-02,3.626070000000000126e-01,2.096699999999999953e-02,1.116752285804761824e-01,3.414447343805958671e-03
2.912449999999999818e+03,2.144806449577380536e-01,2.030109793225957221e-02,3.273059999999999858e-01,2.000280000000000113e-02,1.128253550422619184e-01,3.467357699343100261e-03
2.927010000000000218e+03,2.522823371148213978e-01,2.155762337476875568e-02,3.673549999999999871e-01,2.126439999999999927e-02,1.150726628851785893e-01,3.543503662814005868e-03
2.941650000000000091e+03,2.543224672327381031e-01,2.164119179548150418e-02,3.691340000000000177e-01,2.134259999999999977e-02,1.148115327672619146e-01,3.582542054019177778e-03
2.956360000000000127e+03,2.648914431566666283e-01,2.198888963923834039e-02,3.799109999999999987e-01,2.168669999999999973e-02,1.150195568433333565e-01,3.632947931997264172e-03
2.971139999999999873e+03,2.630146864457142963e-01,2.199120957501200097e-02,3.771990000000000065e-01,2.168300000000000088e-02,1.141843135542857102e-01,3.668897596295029370e-03
2.985989999999999782e+03,2.956888924470237878e-01,2.293624786124018322e-02,4.086609999999999965e-01,2.263580000000000106e-02,1.129721075529761809e-01,3.700273545596988612e-03
3.000920000000000073e+03,2.719014842878570981e-01,2.228911008716674691e-02,3.831729999999999858e-01,2.197560000000000138e-02,1.112715157121428600e-01,3.725242692474991547e-03
3.015929999999999836e+03,2.758806843322618718e-01,2.246014308708874085e-02,3.875959999999999961e-01,2.213969999999999827e-02,1.117153156677380965e-01,3.780437990828611206e-03
3.031010000000000218e+03,2.846938579762499644e-01,2.276014433434280990e-02,3.976549999999999807e-01,2.243229999999999877e-02,1.129611420237500025e-01,3.849167030685628644e-03
3.046159999999999854e+03,2.762875237038094900e-01,2.274176365624882082e-02,3.939349999999999796e-01,2.239040000000000127e-02,1.176474762961904758e-01,3.982185585414080992e-03
3.061389999999999873e+03,2.499735342041666808e-01,2.210379026841489611e-02,3.684169999999999945e-01,2.172939999999999941e-02,1.184434657958333276e-01,4.051014671668461652e-03
3.076699999999999818e+03,2.185591238125000058e-01,2.129603545368117384e-02,3.381629999999999914e-01,2.089200000000000085e-02,1.196038761874999856e-01,4.128615027396658269e-03
3.092079999999999927e+03,2.442234633176190717e-01,2.225102803570963225e-02,3.651360000000000161e-01,2.184979999999999908e-02,1.209125366823809583e-01,4.206481737264061195e-03
3.107539999999999964e+03,2.532806652820238091e-01,2.261814841939258774e-02,3.769250000000000100e-01,2.220290000000000111e-02,1.236443347179761870e-01,4.314147599662229542e-03
3.123079999999999927e+03,2.374756084459524186e-01,2.218441095280545769e-02,3.605110000000000259e-01,2.175049999999999900e-02,1.230353915540476073e-01,4.366215646638966878e-03
3.138699999999999818e+03,2.187998264136905013e-01,2.174290221083288385e-02,3.426270000000000149e-01,2.128330000000000152e-02,1.238271735863094997e-01,4.446902029485412348e-03
3.154389999999999873e+03,2.264882690351786021e-01,2.192625473970747849e-02,3.475170000000000203e-01,2.146740000000000106e-02,1.210287309648214321e-01,4.462217402877703513e-03
3.170159999999999854e+03,2.213381740857142677e-01,2.183175343374737024e-02,3.420369999999999799e-01,2.136340000000000114e-02,1.206988259142857262e-01,4.497843753615724145e-03
3.186010000000000218e+03,2.335590521959374777e-01,2.240348264224668179e-02,3.554329999999999989e-01,2.195149999999999879e-02,1.218739478040625074e-01,4.477463819111027372e-03
3.201940000000000055e+03,1.994325113289285856e-01,2.134911429051685253e-02,3.201559999999999961e-01,2.088740000000000041e-02,1.207234886710714244e-01,4.416016556756876751e-03
3.217949999999999818e+03,1.959256566359374729e-01,2.122338583057774633e-02,3.152179999999999982e-01,2.077239999999999989e-02,1.192923433640625114e-01,4.351954084496775788e-03
3.234039999999999964e+03,2.195693373978571672e-01,2.204660186177892847e-02,3.394900000000000140e-01,2.161810000000000120e-02,1.199206626021428607e-01,4.325552686281142027e-03
3.250210000000000036e+03,2.278738330905804021e-01,2.226114921510383149e-02,3.467310000000000114e-01,2.184780000000000055e-02,1.188571669094196231e-01,4.269941397386837166e-03
3.266469999999999800e+03,1.972191539958482176e-01,2.133009500231532185e-02,3.164000000000000146e-01,2.090440000000000006e-02,1.191808460041517831e-01,4.240166676888662382e-03
3.282800000000000182e+03,1.939779353946428642e-01,2.126738042562825032e-02,3.127039999999999820e-01,2.084990000000000107e-02,1.187260646053571317e-01,4.193225507696395418e-03
3.299210000000000036e+03,2.386701558907589615e-01,2.271207272280071146e-02,3.561570000000000014e-01,2.233210000000000056e-02,1.174868441092410537e-01,4.137095231655668094e-03
3.315710000000000036e+03,2.374144641149553425e-01,2.276329434215108513e-02,3.552179999999999782e-01,2.239019999999999899e-02,1.178035358850446357e-01,4.104450422091572570e-03
3.332289999999999964e+03,2.295974411353571554e-01,2.260314954068404214e-02,3.480960000000000165e-01,2.223289999999999988e-02,1.184985588646428611e-01,4.074374399650243853e-03
3.348949999999999818e+03,2.275470044689732185e-01,2.269641840514647485e-02,3.480219999999999980e-01,2.232790000000000122e-02,1.204749955310267795e-01,4.073363476473904586e-03
3.365690000000000055e+03,2.083762478027232079e-01,2.225672047029811362e-02,3.299509999999999943e-01,2.188439999999999830e-02,1.215747521972767864e-01,4.053966296478930809e-03
3.382519999999999982e+03,1.988266392424999918e-01,2.198325962318934540e-02,3.212550000000000128e-01,2.161110000000000114e-02,1.224283607575000071e-01,4.027910184021842033e-03
3.399429999999999836e+03,1.952048202373214691e-01,2.199855672513206101e-02,3.203420000000000156e-01,2.162450000000000136e-02,1.251371797626785465e-01,4.039492262506883848e-03
3.416429999999999836e+03,1.966745907601785692e-01,2.207910012832256866e-02,3.214920000000000000e-01,2.171489999999999879e-02,1.248174092398214308e-01,3.993717624781908428e-03
3.433510000000000218e+03,2.066392756430803779e-01,2.250044746317915109e-02,3.321770000000000000e-01,2.214879999999999974e-02,1.255377243569196222e-01,3.962422819852154214e-03
3.450679999999999836e+03,1.935250305169642637e-01,2.214718257287454431e-02,3.192059999999999897e-01,2.179549999999999890e-02,1.256809694830357260e-01,3.931141776410252038e-03
3.467929999999999836e+03,1.938540197460268122e-01,2.201499558629135475e-02,3.165510000000000268e-01,2.167579999999999854e-02,1.226969802539732146e-01,3.849639596693176825e-03
3.485269999999999982e+03,1.686308626145535672e-01,2.115763666220780992e-02,2.893189999999999928e-01,2.081589999999999829e-02,1.206881373854464257e-01,3.787333668955002435e-03
3.502699999999999818e+03,1.828324906888393053e-01,2.171577950807477078e-02,3.022560000000000247e-01,2.139239999999999892e-02,1.194235093111607193e-01,3.733671367879101786e-03
3.520210000000000036e+03,2.083449612553124886e-01,2.259484029678955619e-02,3.257079999999999975e-01,2.229389999999999844e-02,1.173630387446875090e-01,3.675436141116476818e-03
3.537809999999999945e+03,2.268021024142857223e-01,2.326457660809817807e-02,3.437620000000000120e-01,2.297849999999999893e-02,1.169598975857142897e-01,3.637177821342926949e-03
3.555500000000000000e+03,1.937041780111607159e-01,2.215081356407893470e-02,3.111829999999999874e-01,2.185329999999999911e-02,1.174788219888392715e-01,3.618262105014424367e-03
3.573280000000000200e+03,1.752031086914285773e-01,2.156642768898600279e-02,2.931659999999999822e-01,2.126429999999999987e-02,1.179628913085714187e-01,3.597269627684595867e-03
3.591150000000000091e+03,1.926229247087053453e-01,2.241561765790117330e-02,3.124819999999999820e-01,2.212400000000000130e-02,1.198590752912946367e-01,3.603961568220565362e-03
3.609099999999999909e+03,1.876596380687500232e-01,2.242475866313462310e-02,3.091180000000000039e-01,2.213319999999999871e-02,1.214583619312499946e-01,3.604338893588019017e-03
3.627150000000000091e+03,1.904183240647321640e-01,2.269527409150737945e-02,3.141360000000000263e-01,2.240510000000000071e-02,1.237176759352678623e-01,3.617590369105661788e-03
3.645280000000000200e+03,1.983276923228571575e-01,2.297355419427118961e-02,3.231930000000000081e-01,2.268730000000000052e-02,1.248653076771428505e-01,3.615330002519179676e-03
3.663510000000000218e+03,2.192174024803124899e-01,2.382614174056720685e-02,3.469929999999999959e-01,2.354670000000000027e-02,1.277755975196875060e-01,3.638399284245596305e-03
3.681829999999999927e+03,2.075696369673214192e-01,2.360026039587529226e-02,3.378430000000000044e-01,2.331480000000000011e-02,1.302733630326785852e-01,3.659561683196473330e-03
3.700239999999999782e+03,1.883424036785714129e-01,2.302503891598267280e-02,3.198269999999999724e-01,2.273160000000000111e-02,1.314845963214285596e-01,3.664256885443006959e-03
3.718739999999999782e+03,1.614755070512500224e-01,2.207428127366307946e-02,2.920150000000000245e-01,2.177250000000000019e-02,1.305394929487500022e-01,3.637600513909206804e-03
3.737329999999999927e+03,1.745331094895089807e-01,2.254952902352881997e-02,3.045880000000000254e-01,2.225740000000000010e-02,1.300548905104910447e-01,3.617928194833142531e-03
3.756019999999999982e+03,1.736650727155357177e-01,2.259484331194992063e-02,3.030519999999999881e-01,2.230620000000000172e-02,1.293869272844642704e-01,3.600053590096683517e-03
3.774800000000000182e+03,1.715030179250000009e-01,2.259209947620441708e-02,3.007830000000000226e-01,2.230470000000000022e-02,1.292799820750000217e-01,3.592118685778047243e-03
3.793670000000000073e+03,2.010805741705803673e-01,2.371938152656668380e-02,3.307240000000000180e-01,2.344629999999999978e-02,1.296434258294196507e-01,3.588882320839312853e-03
3.812639999999999873e+03,2.129294909485714427e-01,2.413387205165133317e-02,3.414530000000000065e-01,2.386829999999999855e-02,1.285235090514285639e-01,3.570439092811620706e-03
3.831699999999999818e+03,1.969511404187500037e-01,2.365872113415966316e-02,3.239339999999999997e-01,2.339089999999999919e-02,1.269828595812499961e-01,3.549772231275290669e-03
3.850860000000000127e+03,2.163306366660714408e-01,2.440377372905786976e-02,3.449099999999999944e-01,2.414000000000000173e-02,1.285793633339285535e-01,3.578347693986010103e-03
3.870119999999999891e+03,1.830003478001785699e-01,2.336467566501367402e-02,3.136410000000000031e-01,2.308280000000000054e-02,1.306406521998214332e-01,3.618343970835587262e-03
3.889469999999999800e+03,1.738175110211607199e-01,2.317507716982199206e-02,3.044499999999999984e-01,2.288890000000000022e-02,1.306324889788392785e-01,3.630765569023220677e-03
3.908920000000000073e+03,1.433720823562499858e-01,2.207786639653568778e-02,2.741529999999999800e-01,2.177420000000000050e-02,1.307809176437499943e-01,3.649164148579730430e-03
3.928460000000000036e+03,1.540302413606249865e-01,2.270504466465576854e-02,2.871980000000000088e-01,2.240069999999999908e-02,1.331677586393750223e-01,3.705090111456592512e-03
3.948099999999999909e+03,1.852895970401785830e-01,2.394300451249352368e-02,3.201990000000000114e-01,2.364720000000000016e-02,1.349094029598214284e-01,3.751985773598452006e-03
3.967840000000000146e+03,1.818429626300000213e-01,2.397540302381616015e-02,3.188710000000000155e-01,2.367139999999999869e-02,1.370280373699999943e-01,3.805886518856432289e-03
3.987679999999999836e+03,1.835996802257143234e-01,2.406457607710018459e-02,3.207300000000000151e-01,2.375729999999999856e-02,1.371303197742856916e-01,3.833342990203528547e-03
4.007619999999999891e+03,1.764591135974999669e-01,2.384624952773569881e-02,3.110709999999999864e-01,2.353730000000000058e-02,1.346118864025000195e-01,3.826110982320701098e-03
4.027659999999999854e+03,2.061042108974999731e-01,2.500591065653091222e-02,3.414499999999999758e-01,2.470450000000000076e-02,1.353457891025000026e-01,3.870820005167668020e-03
4.047800000000000182e+03,2.256907001499999788e-01,2.583570868108094748e-02,3.621389999999999887e-01,2.553659999999999958e-02,1.364482998500000099e-01,3.919936669600851929e-03
4.068039999999999964e+03,2.301433111948214261e-01,2.609020931293680109e-02,3.652500000000000191e-01,2.579069999999999974e-02,1.351066888051785930e-01,3.941930428464495394e-03
4.088380000000000109e+03,2.156105600191071670e-01,2.556181385844351339e-02,3.483910000000000062e-01,2.525430000000000036e-02,1.327804399808928393e-01,3.953056949212194887e-03
4.108819999999999709e+03,1.868008650840178586e-01,2.443223134274852965e-02,3.174190000000000067e-01,2.410790000000000155e-02,1.306181349159821481e-01,3.967755785779110075e-03
4.129359999999999673e+03,1.725333202789285925e-01,2.398180183668488161e-02,3.036110000000000197e-01,2.364010000000000070e-02,1.310776797210714273e-01,4.033917614927494920e-03
4.150010000000000218e+03,1.789151883145089217e-01,2.423546332540984019e-02,3.098529999999999895e-01,2.388909999999999992e-02,1.309378116854910679e-01,4.082717696251529117e-03
4.170760000000000218e+03,2.125298495907143037e-01,2.558312302257231136e-02,3.438740000000000130e-01,2.524409999999999848e-02,1.313441504092857093e-01,4.151096093572104878e-03
4.191609999999999673e+03,1.842637213170535693e-01,2.460952009703018528e-02,3.148839999999999972e-01,2.424799999999999872e-02,1.306202786829464280e-01,4.202734277364273546e-03
4.212569999999999709e+03,1.688258088535267709e-01,2.408787327670163306e-02,2.995129999999999737e-01,2.370749999999999941e-02,1.306871911464732028e-01,4.263810824184944073e-03
4.233630000000000109e+03,2.057365659775892697e-01,2.568631928979251897e-02,3.371419999999999972e-01,2.531600000000000170e-02,1.314054340224107276e-01,4.345934037369551112e-03
4.254800000000000182e+03,1.961233176464285688e-01,2.542731944361042301e-02,3.287519999999999887e-01,2.503659999999999913e-02,1.326286823535714199e-01,4.440409274763833410e-03
4.276079999999999927e+03,1.796921096871428314e-01,2.504472679276230004e-02,3.148429999999999840e-01,2.462670000000000137e-02,1.351508903128571526e-01,4.556751829330389462e-03
4.297460000000000036e+03,1.690637330345535483e-01,2.466195501868037598e-02,3.031409999999999938e-01,2.422619999999999982e-02,1.340772669654464455e-01,4.615545352763214017e-03
4.318939999999999600e+03,1.430841936173214146e-01,2.375570729731843120e-02,2.801239999999999841e-01,2.327509999999999996e-02,1.370398063826785695e-01,4.754297969823536793e-03
4.340539999999999964e+03,1.784123912206249940e-01,2.528866315564127706e-02,3.159279999999999866e-01,2.481950000000000128e-02,1.375156087793749926e-01,4.848598142709769319e-03
4.362239999999999782e+03,2.007273354549999611e-01,2.623965033968501254e-02,3.390159999999999840e-01,2.576710000000000111e-02,1.382886645450000229e-01,4.957399271687889554e-03
4.384050000000000182e+03,2.408686890015624971e-01,2.788615759978636810e-02,3.809549999999999881e-01,2.741889999999999952e-02,1.400863109984374910e-01,5.083474055222756208e-03
4.405970000000000255e+03,1.879636412379910582e-01,2.603334135588257839e-02,3.265710000000000002e-01,2.551859999999999892e-02,1.386073587620089420e-01,5.151302378224960864e-03
4.428000000000000000e+03,1.889616835357142977e-01,2.604178116289975961e-02,3.256620000000000070e-01,2.551439999999999958e-02,1.367003164642857094e-01,5.214379999229128149e-03
4.450140000000000327e+03,1.748008270720535773e-01,2.548347272199534552e-02,3.096760000000000068e-01,2.492990000000000136e-02,1.348751729279464295e-01,5.282751930829318598e-03
4.472390000000000327e+03,1.758360791252231992e-01,2.557663416848228108e-02,3.098179999999999823e-01,2.500789999999999957e-02,1.339819208747767831e-01,5.363688374465405868e-03
4.494750000000000000e+03,1.904955358437499802e-01,2.607060948578825491e-02,3.203779999999999961e-01,2.550919999999999924e-02,1.298824641562500160e-01,5.381207515091069454e-03
4.517229999999999563e+03,1.926451249999999726e-01,2.617052559716512641e-02,3.203599999999999781e-01,2.561350000000000085e-02,1.277148750000000055e-01,5.370756723393361673e-03
4.539810000000000400e+03,2.059257499999999907e-01,2.661928380662515609e-02,3.309489999999999932e-01,2.608049999999999952e-02,1.250232500000000024e-01,5.328582375046504380e-03
4.562510000000000218e+03,2.259303749999999611e-01,2.731133470883986836e-02,3.484769999999999812e-01,2.679449999999999887e-02,1.225466250000000062e-01,5.288078415481491969e-03
4.585329999999999927e+03,2.074533749999999954e-01,2.667283565498157136e-02,3.299619999999999775e-01,2.614110000000000045e-02,1.225086249999999960e-01,5.299344550758730392e-03
4.608250000000000000e+03,1.966339999999999755e-01,2.637622897708098019e-02,3.190839999999999788e-01,2.583620000000000014e-02,1.224500000000000033e-01,5.310011733641108699e-03
4.631289999999999964e+03,1.871642499999999765e-01,2.612451947938768115e-02,3.117429999999999923e-01,2.556550000000000142e-02,1.245787500000000020e-01,5.375474656149561645e-03
4.654449999999999818e+03,1.841918749999999771e-01,2.618020870941921777e-02,3.088199999999999834e-01,2.561849999999999891e-02,1.246281250000000063e-01,5.394050965531378868e-03
4.677720000000000255e+03,1.834738749999999807e-01,2.634111055975525695e-02,3.098679999999999768e-01,2.577070000000000055e-02,1.263941249999999961e-01,5.452075479232656834e-03
4.701109999999999673e+03,1.646543750000000195e-01,2.564275973340537570e-02,2.918060000000000098e-01,2.504949999999999885e-02,1.271516249999999904e-01,5.483947163782329146e-03
4.724619999999999891e+03,2.176671249999999891e-01,2.790960050502615600e-02,3.468129999999999824e-01,2.735380000000000103e-02,1.291458749999999933e-01,5.542149935733988245e-03
4.748239999999999782e+03,2.074680000000000135e-01,2.769237145645044376e-02,3.383280000000000176e-01,2.712109999999999868e-02,1.308600000000000041e-01,5.595835207726479639e-03
4.771979999999999563e+03,1.827766250000000259e-01,2.675731860290166825e-02,3.133850000000000247e-01,2.616310000000000163e-02,1.306083749999999988e-01,5.607699814289946079e-03
4.795840000000000146e+03,1.748579999999999579e-01,2.641517087723336057e-02,3.047099999999999809e-01,2.581289999999999973e-02,1.298520000000000230e-01,5.608515495515502443e-03
4.819819999999999709e+03,1.944450000000000345e-01,2.715393639875545231e-02,3.216160000000000130e-01,2.657860000000000084e-02,1.271709999999999785e-01,5.560061509341083889e-03
4.843920000000000073e+03,2.004883749999999965e-01,2.753177007425353442e-02,3.286229999999999984e-01,2.695770000000000111e-02,1.281346250000000020e-01,5.592921788436031570e-03
4.868140000000000327e+03,2.183510000000000173e-01,2.831009416907741966e-02,3.463640000000000052e-01,2.775060000000000027e-02,1.280129999999999879e-01,5.600502790110120817e-03
4.892479999999999563e+03,2.297610000000000208e-01,2.889457249765137528e-02,3.593160000000000243e-01,2.833820000000000089e-02,1.295550000000000035e-01,5.642937230027572290e-03
4.916939999999999600e+03,2.032366250000000041e-01,2.800713846715021174e-02,3.336589999999999834e-01,2.742699999999999999e-02,1.304223749999999793e-01,5.670932561592052432e-03
4.941529999999999745e+03,2.004485000000000294e-01,2.786510972613478326e-02,3.295850000000000168e-01,2.728569999999999954e-02,1.291364999999999874e-01,5.652867905721063908e-03
4.966229999999999563e+03,2.207298750000000198e-01,2.872048323846208145e-02,3.507040000000000157e-01,2.815230000000000163e-02,1.299741249999999959e-01,5.684554702066050777e-03
4.991069999999999709e+03,2.000501250000000231e-01,2.813793579686117013e-02,3.327180000000000137e-01,2.754209999999999992e-02,1.326678749999999907e-01,5.759874868283273303e-03
5.016020000000000437e+03,1.806252500000000150e-01,2.762915326571113717e-02,3.176050000000000262e-01,2.699860000000000107e-02,1.369797500000000112e-01,5.869046619354479320e-03
5.041100000000000364e+03,1.683466250000000275e-01,2.720722196704224854e-02,3.084580000000000100e-01,2.654839999999999978e-02,1.401113749999999825e-01,5.951082641327227335e-03
5.066310000000000400e+03,1.707753749999999515e-01,2.752872416333131123e-02,3.128079999999999750e-01,2.686499999999999999e-02,1.420326250000000234e-01,6.008529692094501801e-03
5.091640000000000327e+03,1.747061250000000454e-01,2.782288646707115412e-02,3.174350000000000227e-01,2.715889999999999971e-02,1.427288749999999773e-01,6.042115701435321964e-03
5.117100000000000364e+03,1.678126249999999930e-01,2.775467186488047092e-02,3.121599999999999930e-01,2.707640000000000047e-02,1.443473750000000000e-01,6.098391047414677968e-03
5.142680000000000291e+03,1.735938750000000086e-01,2.820244535530396640e-02,3.211240000000000205e-01,2.751730000000000148e-02,1.475301250000000119e-01,6.178683090182425681e-03
5.168399999999999636e+03,1.754302500000000098e-01,2.833537584907115658e-02,3.244819999999999927e-01,2.764399999999999843e-02,1.490517499999999829e-01,6.221156524965836682e-03
5.194239999999999782e+03,1.701581249999999934e-01,2.814009369133911934e-02,3.188099999999999823e-01,2.744330000000000033e-02,1.486518749999999889e-01,6.223355852539990719e-03
5.220210000000000036e+03,1.637886250000000210e-01,2.790779114669134434e-02,3.120240000000000236e-01,2.720440000000000011e-02,1.482353750000000026e-01,6.226188828436200404e-03
5.246310000000000400e+03,1.814636249999999618e-01,2.878750125401104490e-02,3.287669999999999759e-01,2.810750000000000054e-02,1.473033750000000142e-01,6.220021880965331124e-03
5.272539999999999964e+03,1.596517500000000089e-01,2.795148610163129474e-02,3.060760000000000147e-01,2.725170000000000023e-02,1.464242500000000058e-01,6.215337673826539303e-03
5.298899999999999636e+03,1.817427500000000085e-01,2.894831816594931398e-02,3.290040000000000187e-01,2.826559999999999837e-02,1.472612500000000102e-01,6.249878500981538750e-03
5.325399999999999636e+03,1.933586250000000062e-01,2.949606416264772060e-02,3.414030000000000120e-01,2.881939999999999849e-02,1.480443750000000058e-01,6.281718294147808045e-03
5.352029999999999745e+03,1.948876250000000088e-01,2.968130942432985891e-02,3.446890000000000231e-01,2.899679999999999966e-02,1.498013750000000144e-01,6.337643008470302160e-03
5.378789999999999964e+03,1.754721250000000066e-01,2.895631212222453399e-02,3.256450000000000178e-01,2.824899999999999980e-02,1.501728750000000112e-01,6.360975610681706208e-03
5.405680000000000291e+03,1.810228750000000275e-01,2.927216109425419266e-02,3.315870000000000206e-01,2.856710000000000152e-02,1.505641249999999931e-01,6.385938671641683967e-03
5.432710000000000036e+03,1.509845000000000215e-01,2.803762357593977267e-02,2.994470000000000187e-01,2.730569999999999872e-02,1.484624999999999972e-01,6.364517522648024776e-03
5.459869999999999891e+03,1.569475000000000176e-01,2.816875367483890127e-02,3.032830000000000248e-01,2.744600000000000165e-02,1.463355000000000072e-01,6.340013217158936044e-03
5.487170000000000073e+03,1.413859999999999839e-01,2.759465487837103187e-02,2.883979999999999877e-01,2.684929999999999956e-02,1.470120000000000038e-01,6.370248611036012816e-03
5.514609999999999673e+03,1.490927499999999961e-01,2.793456146876179685e-02,2.938109999999999888e-01,2.720679999999999973e-02,1.447182499999999927e-01,6.334805301825089004e-03
5.542180000000000291e+03,1.785561249999999545e-01,2.927612778234650950e-02,3.208889999999999798e-01,2.858959999999999974e-02,1.423328750000000253e-01,6.302890588315907504e-03
5.569890000000000327e+03,2.062081250000000199e-01,3.046800485219341298e-02,3.467080000000000162e-01,2.981390000000000082e-02,1.404998749999999963e-01,6.279385834879175517e-03
5.597739999999999782e+03,1.894246250000000131e-01,2.980244714936646291e-02,3.296640000000000126e-01,2.913129999999999886e-02,1.402393749999999994e-01,6.289134789522423177e-03
5.625729999999999563e+03,1.460731249999999981e-01,2.790089698595336204e-02,2.858229999999999937e-01,2.718270000000000061e-02,1.397498749999999956e-01,6.289743502781433224e-03
5.653859999999999673e+03,1.485068749999999826e-01,2.800517561764811689e-02,2.889660000000000006e-01,2.728380000000000041e-02,1.404591250000000180e-01,6.315387473093990629e-03
5.682130000000000109e+03,1.574743750000000275e-01,2.856729109068895101e-02,3.003660000000000219e-01,2.784560000000000160e-02,1.428916249999999943e-01,6.380648940363060038e-03
5.710539999999999964e+03,1.498682499999999806e-01,2.854175205230323822e-02,2.957839999999999914e-01,2.779910000000000020e-02,1.459157500000000107e-01,6.468512147716524822e-03
5.739090000000000146e+03,1.543002500000000277e-01,2.891181428371345993e-02,3.018000000000000127e-01,2.816750000000000156e-02,1.474997499999999850e-01,6.518047938296979080e-03
5.767789999999999964e+03,1.582171249999999862e-01,2.900482237154980783e-02,3.038279999999999870e-01,2.826949999999999949e-02,1.456108750000000007e-01,6.489614052866028715e-03
5.796619999999999891e+03,1.657481249999999962e-01,2.925508445702483876e-02,3.094520000000000048e-01,2.853220000000000062e-02,1.437038750000000087e-01,6.463244521728715719e-03
5.825609999999999673e+03,2.062991250000000276e-01,3.099468032437431575e-02,3.489630000000000232e-01,3.031500000000000167e-02,1.426638749999999956e-01,6.455306608531948855e-03
5.854739999999999782e+03,1.971727500000000077e-01,3.062075276403906574e-02,3.383390000000000009e-01,2.993639999999999843e-02,1.411662499999999931e-01,6.437581446195943420e-03
5.884010000000000218e+03,1.541730000000000045e-01,2.888888539250432722e-02,2.965289999999999870e-01,2.815149999999999944e-02,1.423559999999999826e-01,6.485425735543504100e-03
5.913430000000000291e+03,1.480443750000000058e-01,2.878383949700552211e-02,2.922080000000000233e-01,2.803080000000000155e-02,1.441636250000000175e-01,6.540922530452031487e-03
5.943000000000000000e+03,1.702322499999999739e-01,2.987292870512897602e-02,3.136419999999999764e-01,2.915010000000000170e-02,1.434097500000000025e-01,6.531733262444107749e-03
5.972710000000000036e+03,1.850462499999999677e-01,3.080007439577561387e-02,3.297499999999999876e-01,3.009030000000000038e-02,1.447037500000000199e-01,6.574072458933846036e-03
6.002569999999999709e+03,1.632407499999999900e-01,2.995185441823416950e-02,3.109509999999999774e-01,2.920199999999999879e-02,1.477102499999999874e-01,6.660088519764114333e-03
6.032590000000000146e+03,1.711503749999999935e-01,3.031459560961827573e-02,3.184500000000000108e-01,2.957250000000000156e-02,1.472996250000000173e-01,6.666479635061334577e-03
6.062750000000000000e+03,1.696691250000000317e-01,3.036632201633651315e-02,3.186160000000000103e-01,2.961300000000000043e-02,1.489468749999999786e-01,6.721885434894271129e-03
6.093060000000000400e+03,1.760571249999999810e-01,3.082184551142764725e-02,3.266080000000000094e-01,3.006860000000000088e-02,1.505508750000000284e-01,6.772403913700991360e-03
6.123529999999999745e+03,2.082078749999999867e-01,3.218881106616037352e-02,3.563259999999999761e-01,3.147780000000000022e-02,1.481181249999999894e-01,6.728124925487691081e-03
6.154149999999999636e+03,2.215802499999999786e-01,3.253277586577832392e-02,3.648419999999999996e-01,3.184879999999999656e-02,1.432617500000000210e-01,6.635920741914324260e-03
6.184920000000000073e+03,1.672181250000000230e-01,3.013220355334917527e-02,3.060430000000000095e-01,2.941059999999999855e-02,1.388248749999999865e-01,6.554868314502492778e-03
6.215840000000000146e+03,1.778431250000000186e-01,3.052008904354023763e-02,3.140530000000000266e-01,2.981779999999999847e-02,1.362098750000000080e-01,6.509580507653699513e-03
6.246920000000000073e+03,1.856745000000000201e-01,3.084239783940637136e-02,3.197820000000000107e-01,3.015589999999999937e-02,1.341074999999999906e-01,6.471104980930131485e-03
6.278159999999999854e+03,1.938568749999999841e-01,3.146759616211124849e-02,3.306769999999999987e-01,3.077890000000000140e-02,1.368201250000000146e-01,6.547436369428782064e-03
6.309550000000000182e+03,2.168648749999999847e-01,3.259038388519975432e-02,3.550749999999999740e-01,3.191630000000000161e-02,1.382101249999999892e-01,6.594157724432097439e-03
6.341090000000000146e+03,2.183568750000000058e-01,3.269959064104195623e-02,3.615289999999999893e-01,3.199869999999999798e-02,1.431721249999999834e-01,6.733975527258675639e-03
6.372800000000000182e+03,1.772433749999999808e-01,3.116025658245913030e-02,3.235069999999999890e-01,3.040369999999999878e-02,1.462636250000000082e-01,6.824706337615377323e-03
6.404659999999999854e+03,1.790928750000000402e-01,3.162860028415243746e-02,3.304250000000000242e-01,3.085370000000000126e-02,1.513321249999999840e-01,6.958272216914735027e-03
6.436689999999999600e+03,1.917880000000000140e-01,3.265791828156400234e-02,3.493419999999999859e-01,3.187380000000000074e-02,1.575539999999999718e-01,7.113402845707003999e-03
6.468869999999999891e+03,1.930167499999999869e-01,3.316965642882908211e-02,3.556699999999999862e-01,3.236859999999999737e-02,1.626532499999999992e-01,7.245677445661137181e-03
6.501220000000000255e+03,1.616894999999999860e-01,3.185244134846161590e-02,3.276919999999999833e-01,3.099609999999999865e-02,1.660024999999999973e-01,7.336198242086121486e-03
6.533720000000000255e+03,1.514527499999999693e-01,3.141830261245525530e-02,3.179609999999999936e-01,3.054290000000000130e-02,1.665082500000000243e-01,7.364848853697711709e-03
6.566390000000000327e+03,1.640313749999999793e-01,3.205208735790220087e-02,3.304219999999999935e-01,3.119090000000000057e-02,1.663906250000000142e-01,7.379977045261981033e-03
6.599220000000000255e+03,1.872732500000000022e-01,3.314760776720452468e-02,3.525820000000000065e-01,3.231810000000000238e-02,1.653087500000000043e-01,7.369146020974037641e-03
6.632220000000000255e+03,1.464100000000000124e-01,3.158072279552778805e-02,3.159520000000000106e-01,3.068169999999999925e-02,1.695419999999999983e-01,7.481666752667399424e-03
6.665380000000000109e+03,1.626529999999999643e-01,3.245066048870143965e-02,3.329849999999999755e-01,3.156740000000000240e-02,1.703320000000000112e-01,7.519615907276697674e-03
6.698710000000000036e+03,1.685166249999999755e-01,3.266234067382447342e-02,3.363269999999999871e-01,3.179440000000000044e-02,1.678103750000000116e-01,7.479614089842386883e-03
6.732199999999999818e+03,1.755842499999999973e-01,3.292120716512476897e-02,3.413889999999999980e-01,3.206749999999999878e-02,1.658047500000000007e-01,7.448578720740118599e-03
6.765859999999999673e+03,1.856857499999999828e-01,3.348814714849214502e-02,3.527170000000000027e-01,3.263930000000000303e-02,1.670312500000000200e-01,7.492135539955380348e-03
6.799689999999999600e+03,2.081868749999999935e-01,3.478364396596615726e-02,3.775359999999999827e-01,3.395309999999999995e-02,1.693491249999999892e-01,7.555718889761168719e-03
6.833689999999999600e+03,1.748611249999999784e-01,3.342443806273617812e-02,3.459269999999999845e-01,3.254719999999999835e-02,1.710658750000000061e-01,7.607419534223645169e-03
6.867859999999999673e+03,1.626333749999999689e-01,3.289120095532532817e-02,3.334099999999999842e-01,3.199740000000000223e-02,1.707766250000000152e-01,7.615608545848044121e-03
6.902199999999999818e+03,1.701828750000000112e-01,3.312042476857888357e-02,3.376109999999999944e-01,3.224769999999999720e-02,1.674281249999999832e-01,7.553037902797373609e-03
6.936710000000000036e+03,1.903208750000000282e-01,3.438925037531486567e-02,3.593080000000000163e-01,3.353899999999999937e-02,1.689871249999999880e-01,7.599738178127832776e-03
6.971390000000000327e+03,1.719974999999999976e-01,3.367007754844239531e-02,3.423100000000000032e-01,3.279139999999999833e-02,1.703125000000000056e-01,7.641872032304977344e-03
7.006250000000000000e+03,1.774633749999999788e-01,3.402070920147388933e-02,3.475679999999999881e-01,3.314980000000000010e-02,1.701046250000000093e-01,7.648490997003918636e-03
7.041279999999999745e+03,1.889876249999999924e-01,3.457205197776268973e-02,3.575849999999999862e-01,3.372069999999999929e-02,1.685973749999999938e-01,7.625035702416415456e-03
7.076489999999999782e+03,1.603630000000000333e-01,3.343722679010579374e-02,3.311740000000000239e-01,3.253949999999999898e-02,1.708109999999999906e-01,7.696042824917800028e-03
7.111869999999999891e+03,1.310368749999999971e-01,3.215965829751810806e-02,3.061780000000000057e-01,3.119509999999999991e-02,1.751411250000000086e-01,7.817247456945763603e-03
7.147430000000000291e+03,1.225296249999999754e-01,3.210110492859825221e-02,3.016789999999999750e-01,3.110680000000000042e-02,1.791493749999999996e-01,7.927668723961351499e-03
7.183159999999999854e+03,1.317827499999999763e-01,3.282980853758088458e-02,3.141149999999999776e-01,3.183570000000000150e-02,1.823322500000000013e-01,8.017763661035334777e-03
7.219079999999999927e+03,1.495617500000000211e-01,3.364735098094647631e-02,3.316140000000000199e-01,3.267450000000000215e-02,1.820522499999999988e-01,8.032513789904129758e-03
7.255180000000000291e+03,1.497693750000000101e-01,3.382763630360167278e-02,3.322320000000000273e-01,3.285350000000000076e-02,1.824626250000000172e-01,8.059560511513640807e-03
7.291449999999999818e+03,1.620788749999999834e-01,3.456312442573370586e-02,3.460159999999999902e-01,3.359800000000000286e-02,1.839371250000000069e-01,8.110731537213519693e-03
7.327909999999999854e+03,1.670149999999999690e-01,3.492903140686662300e-02,3.523629999999999818e-01,3.396199999999999913e-02,1.853480000000000127e-01,8.162094769228975602e-03
7.364550000000000182e+03,1.718161249999999862e-01,3.530636575988502224e-02,3.562859999999999916e-01,3.435130000000000128e-02,1.844698750000000054e-01,8.156448460008881851e-03
7.401369999999999891e+03,2.043153749999999658e-01,3.649819212813192743e-02,3.837409999999999988e-01,3.559720000000000245e-02,1.794256250000000330e-01,8.059614183199543744e-03
7.438380000000000109e+03,1.983751249999999855e-01,3.613537266285324345e-02,3.731099999999999972e-01,3.524560000000000193e-02,1.747348750000000117e-01,7.969494220041900209e-03
7.475569999999999709e+03,1.928106250000000133e-01,3.574870768189783443e-02,3.635880000000000223e-01,3.486619999999999997e-02,1.707773750000000090e-01,7.894187639382614988e-03
7.512949999999999818e+03,1.641484999999999750e-01,3.422060582170302623e-02,3.324969999999999870e-01,3.330759999999999971e-02,1.683485000000000120e-01,7.851983510195052751e-03
7.550510000000000218e+03,1.698493749999999691e-01,3.468942140556866005e-02,3.412629999999999830e-01,3.376869999999999872e-02,1.714136250000000139e-01,7.939197551587000301e-03
7.588260000000000218e+03,1.786872500000000197e-01,3.539524949372620244e-02,3.543350000000000111e-01,3.446690000000000170e-02,1.756477499999999914e-01,8.053352787077255534e-03
7.626210000000000036e+03,1.989863749999999931e-01,3.657456374025532669e-02,3.772570000000000090e-01,3.565929999999999794e-02,1.782706250000000159e-01,8.130992331812889745e-03
7.664340000000000146e+03,1.837271249999999911e-01,3.575159831497048274e-02,3.583749999999999991e-01,3.482899999999999885e-02,1.746478750000000080e-01,8.069544043810654432e-03
7.702659999999999854e+03,1.768084999999999796e-01,3.546160193415195949e-02,3.508589999999999764e-01,3.453149999999999969e-02,1.740504999999999969e-01,8.068501687813542725e-03
7.741170000000000073e+03,1.654317500000000163e-01,3.502632265540401441e-02,3.403950000000000031e-01,3.407589999999999925e-02,1.749632499999999868e-01,8.104092666700495398e-03
7.779880000000000109e+03,1.473117499999999636e-01,3.450424369763268467e-02,3.264059999999999739e-01,3.351110000000000200e-02,1.790942500000000104e-01,8.218820471066696012e-03
7.818779999999999745e+03,1.239532500000000148e-01,3.349337619344495282e-02,3.048330000000000206e-01,3.245490000000000180e-02,1.808797500000000058e-01,8.275609634681000207e-03
7.857869999999999891e+03,1.194187499999999624e-01,3.309823414928091123e-02,2.975149999999999739e-01,3.205929999999999891e-02,1.780962500000000115e-01,8.227659892741375630e-03
7.897159999999999854e+03,1.373446250000000257e-01,3.377070106927240051e-02,3.106070000000000220e-01,3.273310000000000108e-02,1.732623749999999963e-01,8.306889616466335904e-03
7.936649999999999636e+03,1.846679999999999988e-01,3.614389188180306550e-02,3.549370000000000025e-01,3.504580000000000195e-02,1.702690000000000037e-01,8.841539612729753042e-03
7.976329999999999927e+03,1.825883333333333247e-01,3.666050530369462795e-02,3.554749999999999854e-01,3.536439999999999723e-02,1.728866666666666607e-01,9.661876720504263688e-03
8.016210000000000036e+03,1.544452000000000047e-01,3.585887461841489460e-02,3.299050000000000038e-01,3.421810000000000129e-02,1.754597999999999991e-01,1.072289705672865336e-02
8.050869999999999891e+03,1.244675000000000087e-01,4.028504370485248842e-02,3.013830000000000120e-01,3.841289999999999982e-02,1.769155000000000033e-01,1.213811599433268704e-02
