X_cm-1,subtracted_Y,subtracted_E,loaded_raw_Y,loaded_raw_E,empty_smoothed_Y,empty_smoothed_E
-2.010340000000000060e+01,6.422699999999986059e-04,2.004893899486953016e-03,8.927239999999999481e-03,1.602279999999999980e-03,8.284970000000000875e-03,1.205113417815933171e-03
-1.998239999999999839e+01,9.577925000000004491e-04,1.895095879305978576e-03,8.810059999999999766e-03,1.600960000000000013e-03,7.852267499999999317e-03,1.014058908625381722e-03
-1.986139999999999972e+01,-1.646233999999999024e-03,1.613968773293956776e-03,6.213409999999999940e-03,1.334569999999999984e-03,7.859643999999998965e-03,9.076442674682631264e-04
-1.974040000000000106e+01,-1.372226000000000695e-03,1.639546011561737000e-03,6.507759999999999587e-03,1.363489999999999971e-03,7.879986000000000282e-03,9.104977451526170395e-04
-1.961939999999999884e+01,5.341560000000000405e-04,1.706153233442998622e-03,7.557280000000000421e-03,1.474379999999999961e-03,7.023124000000000380e-03,8.585816627368651408e-04
-1.949849999999999994e+01,2.069150000000000503e-03,1.843769162000492975e-03,9.193230000000000152e-03,1.627420000000000082e-03,7.124079999999999649e-03,8.665961379697004110e-04
-1.937750000000000128e+01,7.333199999999999788e-04,1.788773928422482352e-03,8.346120000000000275e-03,1.547130000000000076e-03,7.612800000000000296e-03,8.978312369838778104e-04
-1.925649999999999906e+01,3.303421999999998568e-03,2.000377119071301227e-03,1.094449999999999937e-02,1.785659999999999895e-03,7.641078000000000800e-03,9.016246352579325874e-04
-1.913550000000000040e+01,-1.144839999999997665e-04,1.829909867633922613e-03,8.390240000000000198e-03,1.563050000000000073e-03,8.504723999999999964e-03,9.515486436141874218e-04
-1.901450000000000173e+01,-9.929919999999998331e-04,1.836224423251145085e-03,8.277480000000000254e-03,1.543510000000000108e-03,9.270472000000000087e-03,9.946341098333597378e-04
-1.889349999999999952e+01,-4.345921999999999459e-03,1.604483269900936100e-03,5.319919999999999684e-03,1.241890000000000051e-03,9.665841999999999143e-03,1.015911310741247821e-03
-1.877260000000000062e+01,-2.830920000000000658e-03,1.790741205110331054e-03,7.263610000000000205e-03,1.457890000000000097e-03,1.009453000000000086e-02,1.039860957811187441e-03
-1.865159999999999840e+01,-1.291042000000000925e-03,1.989144067985021240e-03,9.590400000000000660e-03,1.671530000000000064e-03,1.088144200000000159e-02,1.078277136129668617e-03
-1.853059999999999974e+01,-3.944551999999998740e-03,1.730011159898108908e-03,6.505590000000000331e-03,1.369079999999999950e-03,1.045014199999999907e-02,1.057619292076312448e-03
-1.840960000000000107e+01,-5.128019999999999627e-03,1.834796877224288301e-03,6.980420000000000201e-03,1.438720000000000103e-03,1.210843999999999983e-02,1.138667792761347995e-03
-1.828859999999999886e+01,-2.265355999999999620e-03,1.995988654670161153e-03,9.377379999999999396e-03,1.653490000000000081e-03,1.164273599999999902e-02,1.118007839629043014e-03
-1.816760000000000019e+01,-1.937686000000000963e-03,2.039148896025986656e-03,9.886449999999999752e-03,1.700289999999999918e-03,1.182413600000000072e-02,1.125674080746287813e-03
-1.804670000000000130e+01,1.162543999999999730e-03,2.245890650680927494e-03,1.300620000000000075e-02,1.941889999999999936e-03,1.184365600000000102e-02,1.128312032514055705e-03
-1.792569999999999908e+01,-2.073115999999999848e-03,2.029732461990002915e-03,9.666330000000000755e-03,1.689959999999999900e-03,1.173944600000000060e-02,1.124210418763320297e-03
-1.780470000000000041e+01,3.760534000000001140e-03,2.326104853242002939e-03,1.442610000000000073e-02,2.063240000000000039e-03,1.066556599999999959e-02,1.074152917733783375e-03
-1.768370000000000175e+01,-1.093099999999996158e-04,2.112392940580895117e-03,1.098080000000000063e-02,1.804810000000000008e-03,1.109011000000000025e-02,1.097663336053455053e-03
-1.756269999999999953e+01,4.726299999999981905e-04,2.153845331518491630e-03,1.158479999999999926e-02,1.851350000000000088e-03,1.111217000000000107e-02,1.100705632584843231e-03
-1.744170000000000087e+01,-1.293529999999999333e-03,2.136561409467090372e-03,1.090080000000000042e-02,1.797849999999999926e-03,1.219432999999999975e-02,1.154395960632226010e-03
-1.732079999999999842e+01,-2.066999999999988985e-04,2.230754031710354118e-03,1.219139999999999981e-02,1.901759999999999952e-03,1.239809999999999870e-02,1.166007055035260141e-03
-1.719979999999999976e+01,1.740719999999999421e-03,2.383415632512298453e-03,1.440239999999999923e-02,2.072679999999999922e-03,1.266167999999999981e-02,1.176719038217704724e-03
-1.707880000000000109e+01,1.906399999999988659e-04,2.389234597377159954e-03,1.408019999999999931e-02,2.048149999999999884e-03,1.388956000000000045e-02,1.230253444947015809e-03
-1.695779999999999887e+01,2.387620000000001755e-03,2.621626309857299272e-03,1.753510000000000138e-02,2.282670000000000098e-03,1.514747999999999963e-02,1.289318494258109935e-03
-1.683680000000000021e+01,-2.514739999999996214e-03,2.377865198962296131e-03,1.312070000000000077e-02,1.981759999999999945e-03,1.563543999999999698e-02,1.314104336358418732e-03
-1.671580000000000155e+01,6.443279999999999147e-03,3.049469784765214148e-03,2.433789999999999912e-02,2.704310000000000134e-03,1.789461999999999997e-02,1.409245681950453948e-03
-1.659489999999999910e+01,-4.819999999999130535e-06,2.869461694035311226e-03,1.974429999999999935e-02,2.456100000000000123e-03,1.974911999999999848e-02,1.483705901968445989e-03
-1.647390000000000043e+01,3.388320000000000221e-03,3.046233156981257607e-03,2.331039999999999848e-02,2.655230000000000177e-03,1.992207999999999826e-02,1.493080739207361049e-03
-1.635290000000000177e+01,-2.385859999999996595e-03,2.745437813934236727e-03,1.756560000000000066e-02,2.303710000000000046e-03,1.995145999999999725e-02,1.493435310309757045e-03
-1.623189999999999955e+01,9.696200000000008978e-04,2.913237835784781606e-03,2.079989999999999964e-02,2.504709999999999836e-03,1.983027999999999874e-02,1.487744098878567272e-03
-1.611090000000000089e+01,1.423009999999999553e-02,3.554543128303270204e-03,3.380409999999999665e-02,3.233359999999999793e-03,1.957400000000000112e-02,1.476536474784148492e-03
-1.598990000000000045e+01,1.855941999999999661e-02,3.757664118178738900e-03,3.838049999999999795e-02,3.450760000000000199e-03,1.982108000000000134e-02,1.487378582422108292e-03
-1.586899999999999977e+01,2.392795999999999812e-02,4.082296835636527003e-03,4.565190000000000220e-02,3.772419999999999853e-03,2.172394000000000408e-02,1.560126532640221430e-03
-1.574799999999999933e+01,1.225337999999999775e-02,3.713787163120687174e-03,3.577489999999999837e-02,3.338789999999999900e-03,2.352152000000000062e-02,1.626252264828553524e-03
-1.562700000000000067e+01,1.312999999999999931e-02,3.857839172675812944e-03,3.860059999999999880e-02,3.465499999999999831e-03,2.547059999999999949e-02,1.695061306334375711e-03
-1.550600000000000023e+01,2.718294000000000266e-02,4.490933218901389974e-03,5.458160000000000095e-02,4.132249999999999639e-03,2.739865999999999829e-02,1.758690170021996735e-03
-1.538499999999999979e+01,6.408500000000001001e-03,3.815742830634685171e-03,3.621769999999999851e-02,3.343580000000000076e-03,2.980919999999999750e-02,1.838577203475557243e-03
-1.526399999999999935e+01,8.483180000000006826e-03,4.016619272066995587e-03,4.021120000000000250e-02,3.538219999999999907e-03,3.172801999999999567e-02,1.901112728993207320e-03
-1.514310000000000045e+01,2.760312000000000182e-02,4.836554428599351176e-03,6.177780000000000077e-02,4.414099999999999795e-03,3.417467999999999895e-02,1.976861130885020166e-03
-1.502210000000000001e+01,1.292162000000000172e-02,4.413419296043828363e-03,4.885980000000000184e-02,3.918579999999999633e-03,3.593818000000000012e-02,2.030517339569401589e-03
-1.490109999999999957e+01,2.956072000000000560e-02,5.091847659699964834e-03,6.783490000000000353e-02,4.639530000000000216e-03,3.827417999999999793e-02,2.098016675027155557e-03
-1.478009999999999913e+01,1.833080000000000820e-02,4.829393885011244378e-03,5.913270000000000332e-02,4.315740000000000201e-03,4.080189999999999512e-02,2.167356350253459973e-03
-1.465910000000000046e+01,9.882079999999994480e-03,4.700236122175991543e-03,5.401679999999999676e-02,4.122449999999999726e-03,4.413472000000000228e-02,2.257792196307711625e-03
-1.453810000000000002e+01,7.760820000000001606e-03,4.897038402310931356e-03,5.770050000000000179e-02,4.264719999999999622e-03,4.993968000000000018e-02,2.406896016721120964e-03
-1.441719999999999935e+01,1.907380000000014064e-03,4.988628914456155056e-03,5.827620000000000022e-02,4.279729999999999819e-03,5.636881999999998616e-02,2.563265412174088598e-03
-1.429620000000000068e+01,1.164794000000000246e-02,5.512580855344255057e-03,7.291279999999999983e-02,4.817789999999999746e-03,6.126485999999999738e-02,2.679075811284182575e-03
-1.417520000000000024e+01,1.088245999999999658e-02,5.718396341193569647e-03,7.798819999999999364e-02,4.982420000000000425e-03,6.710573999999999706e-02,2.806340616991458408e-03
-1.405419999999999980e+01,2.744779999999988340e-03,5.739586586431813346e-03,7.621379999999999821e-02,4.930379999999999832e-03,7.346902000000000987e-02,2.938402157422976245e-03
-1.393319999999999936e+01,6.413100000000004908e-03,6.053813160441277354e-03,8.579520000000000202e-02,5.227560000000000019e-03,7.938209999999999711e-02,3.053075535903427250e-03
-1.381220000000000070e+01,1.602199999999999458e-02,6.492119467930638869e-03,1.004199999999999954e-01,5.677080000000000147e-03,8.439800000000000080e-02,3.149345624012073793e-03
-1.369130000000000003e+01,1.005440000000000500e-02,6.654188581566049775e-03,1.033990000000000048e-01,5.770489999999999647e-03,9.334459999999999980e-02,3.313558636714310918e-03
-1.357029999999999959e+01,-4.136160000000013715e-03,6.455007495426786854e-03,9.368949999999999501e-02,5.491550000000000424e-03,9.782566000000000872e-02,3.392639144311696518e-03
-1.344929999999999914e+01,-7.646400000000108665e-04,6.731113480100005264e-03,1.030200000000000005e-01,5.752860000000000265e-03,1.037846400000000113e-01,3.494637392117242412e-03
-1.332830000000000048e+01,6.397979999999997558e-03,6.905905081855672790e-03,1.104070000000000051e-01,5.953080000000000351e-03,1.040090200000000076e-01,3.500337628458146701e-03
-1.320730000000000004e+01,-1.609520000000003170e-03,6.816605838418999912e-03,1.053059999999999968e-01,5.820879999999999631e-03,1.069155200000000000e-01,3.547318872327098836e-03
-1.308629999999999960e+01,-5.591199999999962866e-04,6.872014533280615921e-03,1.073000000000000065e-01,5.876390000000000433e-03,1.078591200000000028e-01,3.562670952181803876e-03
-1.296540000000000070e+01,1.391774000000001177e-02,7.338765843754929338e-03,1.265409999999999868e-01,6.371850000000000083e-03,1.126232599999999751e-01,3.641017946531436428e-03
-1.284440000000000026e+01,5.214739999999995490e-03,7.202179948090439016e-03,1.195429999999999965e-01,6.197219999999999812e-03,1.143282600000000010e-01,3.669585845334047934e-03
-1.272339999999999982e+01,2.146339999999999359e-02,7.723046252344990294e-03,1.410970000000000002e-01,6.747799999999999979e-03,1.196336000000000066e-01,3.756679195228147198e-03
-1.260239999999999938e+01,1.186799999999998967e-02,7.590755763417763279e-03,1.342889999999999917e-01,6.570709999999999572e-03,1.224210000000000020e-01,3.800702981786395658e-03
-1.248140000000000072e+01,1.120160000000001987e-02,7.651165121625594714e-03,1.360220000000000040e-01,6.619380000000000229e-03,1.248203999999999841e-01,3.837204208011348906e-03
-1.236040000000000028e+01,1.965939999999999355e-02,7.893388702242909102e-03,1.466099999999999903e-01,6.879439999999999687e-03,1.269505999999999968e-01,3.870257160848100675e-03
-1.223949999999999960e+01,4.224800000000000777e-03,7.659931008825340663e-03,1.344879999999999964e-01,6.579690000000000018e-03,1.302631999999999957e-01,3.922017664909733907e-03
-1.211849999999999916e+01,1.991139999999999577e-02,8.026812221517083679e-03,1.515479999999999883e-01,6.991820000000000153e-03,1.316365999999999925e-01,3.942609228302496396e-03
-1.199750000000000050e+01,2.390139999999998932e-02,8.199168124819248421e-03,1.588239999999999930e-01,7.161289999999999843e-03,1.349226000000000036e-01,3.992778916362888127e-03
-1.187650000000000006e+01,1.741240000000002230e-02,8.217771887876665002e-03,1.577870000000000106e-01,7.136860000000000079e-03,1.403745999999999883e-01,4.073942088637981171e-03
-1.175549999999999962e+01,5.782000000000009354e-03,8.143159504029133175e-03,1.517739999999999922e-01,7.003340000000000259e-03,1.459919999999999829e-01,4.155030150607814075e-03
-1.163449999999999918e+01,3.476880000000001636e-02,8.766520183342531997e-03,1.837610000000000077e-01,7.697619999999999636e-03,1.489921999999999913e-01,4.195059291661084287e-03
-1.151360000000000028e+01,3.642799999999998817e-02,8.830223748647142434e-03,1.863579999999999959e-01,7.763599999999999841e-03,1.499300000000000077e-01,4.207061503136363088e-03
-1.139259999999999984e+01,2.275660000000001570e-02,8.661370542383693347e-03,1.763520000000000088e-01,7.540999999999999960e-03,1.535953999999999930e-01,4.260593699529678993e-03
-1.127159999999999940e+01,2.550380000000002090e-02,8.749152923133073079e-03,1.804330000000000100e-01,7.631549999999999966e-03,1.549291999999999891e-01,4.278682211834386635e-03
-1.115060000000000073e+01,2.500520000000000520e-02,8.723147089880579214e-03,1.794409999999999894e-01,7.604089999999999981e-03,1.544357999999999842e-01,4.274471946754593299e-03
-1.102960000000000029e+01,4.261380000000000723e-02,9.137763570768068361e-03,2.011759999999999937e-01,8.044940000000000424e-03,1.585621999999999865e-01,4.333320144145363928e-03
-1.090859999999999985e+01,3.022980000000000111e-02,9.229629306040411374e-03,2.012420000000000042e-01,8.055980000000000779e-03,1.710122000000000031e-01,4.504136250883181147e-03
-1.078769999999999918e+01,2.159219999999997808e-02,9.219852590666511097e-03,1.982589999999999908e-01,8.002179999999999363e-03,1.766668000000000127e-01,4.579388282425939614e-03
-1.066670000000000051e+01,1.963700000000001555e-02,9.263165108963782729e-03,1.990190000000000015e-01,8.031270000000000076e-03,1.793819999999999859e-01,4.615726380866180291e-03
-1.054570000000000007e+01,2.633759999999998880e-02,9.578414328546244402e-03,2.149220000000000019e-01,8.326949999999999630e-03,1.885844000000000131e-01,4.733700956630023868e-03
-1.042469999999999963e+01,2.269180000000001196e-02,9.632595086517444991e-03,2.162300000000000055e-01,8.352500000000000549e-03,1.935381999999999936e-01,4.798190476710985711e-03
-1.030369999999999919e+01,3.339840000000002251e-02,9.715241958083185164e-03,2.222969999999999946e-01,8.480909999999999491e-03,1.888985999999999721e-01,4.739207937619956124e-03
-1.018280000000000030e+01,3.206459999999999866e-02,9.809730560892076720e-03,2.262849999999999862e-01,8.552149999999999683e-03,1.942203999999999875e-01,4.805366172811391216e-03
-1.006179999999999986e+01,4.363040000000001362e-02,1.014237388876982823e-02,2.443349999999999966e-01,8.887300000000000755e-03,2.007045999999999830e-01,4.887089809856168081e-03
-9.940780000000000172e+00,4.587179999999999036e-02,1.023803648286623381e-02,2.490960000000000119e-01,8.979050000000000573e-03,2.032242000000000215e-01,4.918744974279516506e-03
-9.819800000000000750e+00,4.884920000000003704e-02,1.033304233832417832e-02,2.543960000000000110e-01,9.072240000000000512e-03,2.055467999999999740e-01,4.946334536603847441e-03
-9.698819999999999553e+00,3.987260000000000804e-02,1.039770039422660032e-02,2.545270000000000032e-01,9.085009999999999267e-03,2.146543999999999952e-01,5.057150065797929445e-03
-9.577830000000000510e+00,3.528260000000002505e-02,1.037436669573617819e-02,2.521829999999999905e-01,9.042939999999999312e-03,2.169003999999999655e-01,5.084557059764399992e-03
-9.456849999999999312e+00,3.089119999999997979e-02,1.035698850508196683e-02,2.500890000000000057e-01,9.007180000000000047e-03,2.191978000000000260e-01,5.112525730204201500e-03
-9.335869999999999891e+00,3.658640000000001891e-02,1.045315095335372889e-02,2.562269999999999825e-01,9.114199999999999385e-03,2.196405999999999636e-01,5.118566519407557504e-03
-9.214880000000000848e+00,3.829279999999996020e-02,1.061103868563299454e-02,2.637249999999999872e-01,9.256640000000000007e-03,2.254322000000000270e-01,5.187365217371916679e-03
-9.093899999999999650e+00,4.519259999999999944e-02,1.082085123428374283e-02,2.753530000000000144e-01,9.466409999999999755e-03,2.301604000000000150e-01,5.241936965130351497e-03
-8.972920000000000229e+00,4.258699999999998598e-02,1.080745371532536303e-02,2.742189999999999905e-01,9.440950000000000036e-03,2.316320000000000046e-01,5.260182402388723436e-03
-8.851940000000000808e+00,4.116920000000001689e-02,1.084516083679721091e-02,2.756640000000000201e-01,9.464659999999999740e-03,2.344948000000000032e-01,5.295066067614265064e-03
-8.730949999999999989e+00,1.531499999999999528e-02,1.041552427592581584e-02,2.482600000000000084e-01,8.978899999999999729e-03,2.329450000000000132e-01,5.278494172811029270e-03
-8.609970000000000567e+00,3.234500000000001263e-02,1.058101644240760052e-02,2.609980000000000078e-01,9.198970000000000757e-03,2.286529999999999951e-01,5.228466304146943064e-03
-8.488989999999999370e+00,4.238180000000002501e-02,1.063130927492940414e-02,2.658320000000000127e-01,9.290339999999999362e-03,2.234501999999999877e-01,5.168589709350124121e-03
-8.368000000000000327e+00,4.964440000000000519e-02,1.064532732457297397e-02,2.683869999999999867e-01,9.336789999999999326e-03,2.187425999999999815e-01,5.113447598558138948e-03
-8.247019999999999129e+00,6.744639999999998969e-02,1.068643444165077831e-02,2.751089999999999924e-01,9.454729999999999732e-03,2.076626000000000027e-01,4.980759149246226890e-03
-8.126039999999999708e+00,5.488560000000000660e-02,1.052015541949832649e-02,2.638960000000000194e-01,9.256959999999999841e-03,2.090104000000000128e-01,4.998235849657356802e-03
-8.005050000000000665e+00,6.920200000000001350e-02,1.068335906769027344e-02,2.755210000000000159e-01,9.458559999999999537e-03,2.063190000000000024e-01,4.966870613937915228e-03
-7.884070000000000356e+00,6.036379999999999524e-02,1.054902500039221584e-02,2.672789999999999888e-01,9.302470000000000183e-03,2.069151999999999936e-01,4.974533179907437638e-03
-7.763090000000000046e+00,7.529379999999996631e-02,1.082365972423375740e-02,2.844639999999999946e-01,9.599579999999999919e-03,2.091702000000000283e-01,4.999967364853494765e-03
-7.642100000000000115e+00,6.072520000000000695e-02,1.074911364409177582e-02,2.767620000000000080e-01,9.472619999999999305e-03,2.160368000000000011e-01,5.080641147453734442e-03
-7.521119999999999806e+00,6.304799999999999294e-02,1.080681062265828607e-02,2.799459999999999726e-01,9.533379999999999285e-03,2.168979999999999797e-01,5.089383224871163632e-03
-7.400140000000000384e+00,5.798520000000001451e-02,1.076821203606708431e-02,2.761339999999999906e-01,9.481550000000000047e-03,2.181487999999999761e-01,5.104370681210368063e-03
-7.279149999999999565e+00,8.169899999999999385e-02,1.108614489546298591e-02,2.991849999999999787e-01,9.845519999999999966e-03,2.174859999999999849e-01,5.095914498183815380e-03
-7.158170000000000144e+00,8.496000000000000774e-02,1.110832171741528082e-02,3.010639999999999983e-01,9.878899999999999487e-03,2.161039999999999905e-01,5.079581298453642556e-03
-7.037189999999999834e+00,7.985300000000000731e-02,1.109203776003760307e-02,2.987620000000000275e-01,9.843110000000000401e-03,2.189090000000000202e-01,5.113363589458508156e-03
-6.916199999999999903e+00,8.576639999999996489e-02,1.116819869221532049e-02,3.040359999999999729e-01,9.932220000000000285e-03,2.182696000000000081e-01,5.106825618757702794e-03
-6.795219999999999594e+00,9.876399999999996293e-02,1.144128729797482154e-02,3.214170000000000083e-01,1.021219999999999940e-02,2.226530000000000453e-01,5.158878385346954420e-03
-6.674240000000000173e+00,7.805839999999997225e-02,1.127861797755824388e-02,3.078819999999999890e-01,9.986770000000000716e-03,2.298236000000000168e-01,5.241340329610356084e-03
-6.553259999999999863e+00,7.500379999999998160e-02,1.140913312386177686e-02,3.138299999999999979e-01,1.007919999999999996e-02,2.388262000000000163e-01,5.345843805986104542e-03
-6.432269999999999932e+00,9.382799999999996698e-02,1.174703058497763436e-02,3.363949999999999996e-01,1.043909999999999977e-02,2.425670000000000326e-01,5.386828264795528141e-03
-6.311289999999999623e+00,1.047544000000000253e-01,1.205119682506264681e-02,3.562480000000000091e-01,1.073020000000000050e-02,2.514935999999999838e-01,5.485813784335010108e-03
-6.190310000000000201e+00,1.137522000000000810e-01,1.228253718789404023e-02,3.708350000000000257e-01,1.095860000000000063e-02,2.570827999999999447e-01,5.547053795664866165e-03
-6.069320000000000270e+00,1.167943999999999649e-01,1.238207614549353443e-02,3.767260000000000053e-01,1.105339999999999968e-02,2.599316000000000404e-01,5.580157534765483283e-03
-5.948339999999999961e+00,1.142720000000000402e-01,1.243829657345410164e-02,3.802240000000000064e-01,1.108480000000000056e-02,2.659519999999999662e-01,5.642555326197520003e-03
-5.827359999999999651e+00,1.195306000000000424e-01,1.270786547231280740e-02,3.962990000000000124e-01,1.133020000000000034e-02,2.767683999999999700e-01,5.754686161937938062e-03
-5.706369999999999720e+00,1.172246000000000676e-01,1.271636444278002008e-02,3.971230000000000038e-01,1.132700000000000026e-02,2.798983999999999361e-01,5.779705497825992667e-03
-5.585390000000000299e+00,1.420705999999999913e-01,1.323473134181423275e-02,4.342929999999999846e-01,1.184529999999999958e-02,2.922223999999999933e-01,5.903133201953009515e-03
-5.464409999999999989e+00,1.194367999999999541e-01,1.318901769417268020e-02,4.256119999999999903e-01,1.172680000000000076e-02,3.061752000000000362e-01,6.035921594686266892e-03
-5.343420000000000059e+00,1.315448000000000173e-01,1.351657467058869910e-02,4.489040000000000252e-01,1.204090000000000021e-02,3.173592000000000080e-01,6.141214701962471531e-03
-5.222439999999999749e+00,1.486485999999999641e-01,1.384611733409766947e-02,4.754169999999999785e-01,1.236639999999999961e-02,3.267684000000000144e-01,6.227930335962341725e-03
-5.101460000000000328e+00,1.680070000000000729e-01,1.435814461816010447e-02,5.134680000000000355e-01,1.285299999999999984e-02,3.454609999999999626e-01,6.399742797644292561e-03
-4.980470000000000397e+00,1.696383999999999670e-01,1.461073124361679694e-02,5.316130000000000022e-01,1.306350000000000046e-02,3.619746000000000352e-01,6.543579694876497377e-03
-4.859490000000000087e+00,2.026360000000000383e-01,1.517371642371109948e-02,5.797240000000000171e-01,1.362829999999999944e-02,3.770879999999999788e-01,6.671664651134677319e-03
-4.738509999999999778e+00,1.747523999999999744e-01,1.523930169526149965e-02,5.769349999999999756e-01,1.359540000000000054e-02,4.021826000000000012e-01,6.884868553516471090e-03
-4.617519999999999847e+00,2.014865999999999602e-01,1.599271937120138459e-02,6.397319999999999673e-01,1.429159999999999979e-02,4.382454000000000072e-01,7.177551276445192155e-03
-4.496540000000000425e+00,2.333642000000000216e-01,1.688502666173790842e-02,7.154430000000000511e-01,1.511780000000000068e-02,4.820788000000000295e-01,7.520388854813294180e-03
-4.375560000000000116e+00,2.319104000000000720e-01,1.754363424101175115e-02,7.689759999999999929e-01,1.565199999999999925e-02,5.370655999999999208e-01,7.924266425505897132e-03
-4.254570000000000185e+00,2.610000000000001208e-01,1.867325534148773017e-02,8.741360000000000241e-01,1.664910000000000001e-02,6.131359999999999033e-01,8.455645110717455518e-03
-4.133589999999999876e+00,2.801993999999999874e-01,2.005447721875591727e-02,1.003719999999999946e+00,1.783370000000000094e-02,7.235205999999999582e-01,9.172851292133760853e-03
-4.012609999999999566e+00,3.090886000000001577e-01,2.158782533016236765e-02,1.161410000000000053e+00,1.915889999999999954e-02,8.523213999999998958e-01,9.948404559304974831e-03
-3.891630000000000145e+00,4.064343999999999735e-01,2.381302624673311066e-02,1.422379999999999978e+00,2.119580000000000075e-02,1.015945600000000004e+00,1.085349166801172736e-02
-3.770640000000000214e+00,4.512309999999999377e-01,2.591127468664558217e-02,1.678809999999999913e+00,2.300229999999999983e-02,1.227578999999999976e+00,1.192846807418286928e-02
-3.649659999999999904e+00,6.044920000000002513e-01,2.885134094345703087e-02,2.094180000000000152e+00,2.568530000000000119e-02,1.489687999999999901e+00,1.314021453955756258e-02
-3.528680000000000039e+00,7.990159999999999485e-01,3.209348008733861612e-02,2.604459999999999997e+00,2.864780000000000104e-02,1.805444000000000049e+00,1.446703215163358883e-02
-3.407690000000000108e+00,1.002493999999999552e+00,3.551769727851173536e-02,3.199370000000000047e+00,3.172769999999999757e-02,2.196876000000000495e+00,1.596433126310024819e-02
-3.286709999999999798e+00,1.265093999999999941e+00,3.942449193917405698e-02,3.946870000000000100e+00,3.525369999999999893e-02,2.681776000000000160e+00,1.764843338577110066e-02
-3.165729999999999933e+00,1.661005999999999538e+00,4.366206690128629497e-02,4.868509999999999671e+00,3.915729999999999905e-02,3.207504000000000133e+00,1.931532921806925623e-02
-3.044740000000000002e+00,2.106221999999999817e+00,4.820129783981340343e-02,5.945590000000000153e+00,4.331560000000000271e-02,3.839368000000000336e+00,2.114530468171125707e-02
-2.923760000000000137e+00,2.612335999999999991e+00,5.271013663271610639e-02,7.132340000000000124e+00,4.744539999999999869e-02,4.520004000000000133e+00,2.296285092665107178e-02
-2.802779999999999827e+00,3.265979999999998995e+00,5.758184912319159326e-02,8.545669999999999433e+00,5.195330000000000087e-02,5.279690000000000438e+00,2.482990067551620397e-02
-2.681789999999999896e+00,4.008186000000000249e+00,6.261143383362179071e-02,1.012349999999999994e+01,5.661669999999999897e-02,6.115313999999999695e+00,2.673463910008885835e-02
-2.560810000000000031e+00,4.745712000000000153e+00,6.757291480874272338e-02,1.180480000000000018e+01,6.115820000000000284e-02,7.059088000000000029e+00,2.873627304487483963e-02
-2.439830000000000165e+00,5.566740000000001132e+00,7.274409930396279200e-02,1.367859999999999943e+01,6.589140000000000275e-02,8.111859999999998294e+00,3.082251432937942529e-02
-2.318839999999999790e+00,6.560381999999998826e+00,7.841222402187557339e-02,1.589409999999999989e+01,7.109100000000000141e-02,9.333718000000001069e+00,3.308393258149339156e-02
-2.197859999999999925e+00,7.437070000000002068e+00,8.397626207220942884e-02,1.817020000000000124e+01,7.609720000000000373e-02,1.073312999999999917e+01,3.551378244823268776e-02
-2.076880000000000059e+00,8.436698000000003361e+00,9.008669139452508967e-02,2.082550000000000168e+01,8.158200000000000174e-02,1.238880199999999832e+01,3.820980557935881039e-02
-1.955889999999999906e+00,9.200099999999999056e+00,9.623970279507725045e-02,2.358920000000000172e+01,8.694810000000000039e-02,1.438910000000000267e+01,4.125661523289083504e-02
-1.834910000000000041e+00,1.001665999999999812e+01,1.028948293883866633e-01,2.673999999999999844e+01,9.273990000000000011e-02,1.672334000000000032e+01,4.457192909057448860e-02
-1.713929999999999954e+00,1.119591999999999743e+01,1.104527746125265886e-01,3.058259999999999934e+01,9.943029999999999924e-02,1.938668000000000191e+01,4.809813781754549572e-02
-1.592950000000000088e+00,1.240974000000000288e+01,1.179101452389301335e-01,3.462100000000000222e+01,1.060220000000000051e-01,2.221125999999999934e+01,5.159590939469523713e-02
-1.471959999999999935e+00,1.361809999999999832e+01,1.251355761800775901e-01,3.873740000000000094e+01,1.124129999999999990e-01,2.511930000000000263e+01,5.497481111309069496e-02
-1.350980000000000070e+00,1.511450000000000315e+01,1.318754040755136525e-01,4.286160000000000281e+01,1.184999999999999942e-01,2.774709999999999965e+01,5.786944098641354228e-02
-1.229999999999999982e+00,1.657441999999999993e+01,1.375347242302103201e-01,4.652810000000000201e+01,1.236580000000000040e-01,2.995368000000000208e+01,6.020381553589439910e-02
-1.109010000000000051e+00,1.756867999999999341e+01,1.415111098726880845e-01,4.914139999999999731e+01,1.272699999999999942e-01,3.157272000000000389e+01,6.186874265248971938e-02
-9.880290000000000461e-01,1.897350000000000136e+01,1.449563595214780343e-01,5.162069999999999936e+01,1.305719999999999936e-01,3.264719999999999800e+01,6.295473756374495022e-02
-8.670459999999999834e-01,2.032242000000000104e+01,1.472936033547961043e-01,5.342710000000000292e+01,1.329400000000000026e-01,3.310468000000000188e+01,6.342209385726713111e-02
-7.460630000000000317e-01,2.127083999999999975e+01,1.484735216458476781e-01,5.438900000000000290e+01,1.342339999999999922e-01,3.311816000000000315e+01,6.344777280504020067e-02
-6.250799999999999690e-01,2.226351999999999975e+01,1.490527396255432735e-01,5.498400000000000176e+01,1.350520000000000054e-01,3.272048000000000201e+01,6.306882340649774821e-02
-5.040970000000000173e-01,2.298909999999999343e+01,1.487486632328506031e-01,5.495309999999999917e+01,1.350590000000000124e-01,3.196400000000000574e+01,6.233162385627379065e-02
-3.831129999999999813e-01,2.333018000000000214e+01,1.475515340955830257e-01,5.424810000000000088e+01,1.342200000000000060e-01,3.091791999999999874e+01,6.128985898140082433e-02
-2.621299999999999741e-01,2.374472000000000094e+01,1.460411007586562837e-01,5.338700000000000045e+01,1.331479999999999886e-01,2.964227999999999952e+01,5.999677663674940487e-02
-1.411469999999999947e-01,2.324202000000000012e+01,1.433853009695205682e-01,5.155949999999999989e+01,1.308519999999999961e-01,2.831747999999999976e+01,5.862677400403334266e-02
-2.016389999999999849e-02,2.298062000000000182e+01,1.410783072601879684e-01,5.003739999999999810e+01,1.289180000000000048e-01,2.705677999999999628e+01,5.729954672944630178e-02
1.008190000000000058e-01,2.234614000000000189e+01,1.383141430331692456e-01,4.814549999999999841e+01,1.264909999999999923e-01,2.579935999999999652e+01,5.595381204171884226e-02
2.218019999999999992e-01,2.162866000000000355e+01,1.355744799517962507e-01,4.627740000000000009e+01,1.240460000000000035e-01,2.464873999999999654e+01,5.470858706089931633e-02
3.427859999999999796e-01,2.049967999999999790e+01,1.322661398898448415e-01,4.398199999999999932e+01,1.209960000000000063e-01,2.348232000000000141e+01,5.342564688761382297e-02
4.637689999999999868e-01,1.913174000000000419e+01,1.284698144497764816e-01,4.137850000000000250e+01,1.174599999999999950e-01,2.224675999999999831e+01,5.203500384126055062e-02
5.847520000000000495e-01,1.787424000000000035e+01,1.244182014806515246e-01,3.876670000000000016e+01,1.137259999999999938e-01,2.089245999999999981e+01,5.046073506876410514e-02
7.057350000000000012e-01,1.651398000000000010e+01,1.200397494101016621e-01,3.602969999999999828e+01,1.096730000000000066e-01,1.951571999999999818e+01,4.879932898555060933e-02
8.267179999999999529e-01,1.444853999999999772e+01,1.142125649062291221e-01,3.245839999999999748e+01,1.041379999999999945e-01,1.800985999999999976e+01,4.690188629958927380e-02
9.477010000000000156e-01,1.280051999999999879e+01,1.088536754873862811e-01,2.938179999999999836e+01,9.910570000000000490e-02,1.658127999999999957e+01,4.502424785183201800e-02
1.068680000000000074e+00,1.113722000000000101e+01,1.031439602991837817e-01,2.627420000000000044e+01,9.373679999999999513e-02,1.513697999999999944e+01,4.303590212786993774e-02
1.189670000000000005e+00,9.375640000000000640e+00,9.693476335663073207e-02,2.307939999999999969e+01,8.785679999999999878e-02,1.370375999999999905e+01,4.095767377141919241e-02
1.310650000000000093e+00,7.758067999999999742e+00,9.072848626490800927e-02,2.009509999999999863e+01,8.198030000000000594e-02,1.233703199999999889e+01,3.887015091084159574e-02
1.431629999999999958e+00,6.166585999999998791e+00,8.445221982718038867e-02,1.725880000000000081e+01,7.598259999999999736e-02,1.109221400000000202e+01,3.686220192796952483e-02
1.552619999999999889e+00,4.817164000000000001e+00,7.829292680143462579e-02,1.470120000000000005e+01,7.013479999999999714e-02,9.884036000000000044e+00,3.479787660324692999e-02
1.673599999999999977e+00,3.680415999999999244e+00,7.258146974469448232e-02,1.250970000000000049e+01,6.470170000000000088e-02,8.829284000000001242e+00,3.289011656121029747e-02
1.794580000000000064e+00,2.737911999999999679e+00,6.728595803836043276e-02,1.063850000000000051e+01,5.966090000000000282e-02,7.900588000000000832e+00,3.111233132264440426e-02
1.915569999999999995e+00,1.987332000000001209e+00,6.264565773774269375e-02,9.117430000000000589e+00,5.523480000000000056e-02,7.130097999999999381e+00,2.955664565464762375e-02
2.036550000000000082e+00,1.398618000000001693e+00,5.877997804034635482e-02,7.933290000000000397e+00,5.152029999999999804e-02,6.534671999999998704e+00,2.829742932376720296e-02
2.157529999999999948e+00,1.030713999999999686e+00,5.582460174688217563e-02,7.097920000000000229e+00,4.871260000000000173e-02,6.067206000000000543e+00,2.726662357971738546e-02
2.278519999999999879e+00,6.782840000000005531e-01,5.321706676091796789e-02,6.378320000000000434e+00,4.619100000000000289e-02,5.700035999999999881e+00,2.642816137448839031e-02
2.399500000000000188e+00,6.152919999999992839e-01,5.172348990407743541e-02,6.016060000000000407e+00,4.486930000000000085e-02,5.400768000000001123e+00,2.573063010046975491e-02
2.520480000000000054e+00,5.240299999999997738e-01,5.036527281626895086e-02,5.685480000000000089e+00,4.363029999999999686e-02,5.161450000000000315e+00,2.516063647380964441e-02
2.641469999999999985e+00,4.648259999999995173e-01,4.898637538484756915e-02,5.366609999999999658e+00,4.240229999999999694e-02,4.901784000000000141e+00,2.452977635558873520e-02
2.762449999999999850e+00,4.485820000000009244e-01,4.774630341250723359e-02,5.096110000000000362e+00,4.133470000000000200e-02,4.647527999999999437e+00,2.389878794979360260e-02
2.883430000000000160e+00,4.848080000000001277e-01,4.681240471028165484e-02,4.906179999999999986e+00,4.058679999999999927e-02,4.421371999999999858e+00,2.332622773873221228e-02
3.004420000000000091e+00,3.542279999999999873e-01,4.541697830348469939e-02,4.583149999999999835e+00,3.926330000000000098e-02,4.228921999999999848e+00,2.282750952971436195e-02
3.125399999999999956e+00,3.751839999999999620e-01,4.457634434620676156e-02,4.418479999999999741e+00,3.857639999999999680e-02,4.043295999999999779e+00,2.233633448692063511e-02
3.246379999999999821e+00,3.166440000000010357e-01,4.369490223150063885e-02,4.229160000000000252e+00,3.776199999999999696e-02,3.912515999999999217e+00,2.198353558962707135e-02
3.367360000000000131e+00,2.866479999999995698e-01,4.315617794270480007e-02,4.115619999999999834e+00,3.726850000000000301e-02,3.828972000000000264e+00,2.176039067600579746e-02
3.488350000000000062e+00,2.021439999999992132e-01,4.234688490931534655e-02,3.939569999999999794e+00,3.647689999999999960e-02,3.737426000000000581e+00,2.151033304978795455e-02
3.609329999999999927e+00,2.434819999999997542e-01,4.217733342587698386e-02,3.913879999999999804e+00,3.638799999999999674e-02,3.670398000000000049e+00,2.132699957606789057e-02
3.730309999999999793e+00,1.742899999999996119e-01,4.149866072509809933e-02,3.769309999999999938e+00,3.572489999999999694e-02,3.595020000000000326e+00,2.111564258948327860e-02
3.851300000000000168e+00,1.518960000000002530e-01,4.099461372405892312e-02,3.670290000000000052e+00,3.526640000000000330e-02,3.518393999999999799e+00,2.090070298877049620e-02
3.972280000000000033e+00,1.123300000000000409e-01,4.037006105872023576e-02,3.546730000000000160e+00,3.468349999999999905e-02,3.434400000000000119e+00,2.065905752048723121e-02
4.093259999999999899e+00,1.149299999999997546e-01,3.993314164268571553e-02,3.469370000000000065e+00,3.431410000000000016e-02,3.354440000000000310e+00,2.042543371986994122e-02
4.214249999999999829e+00,6.470399999999987273e-02,3.900618266663376243e-02,3.293960000000000221e+00,3.345769999999999994e-02,3.229256000000000348e+00,2.005154849214394255e-02
4.335230000000000139e+00,1.087299999999999933e-01,3.847054680187948772e-02,3.213119999999999976e+00,3.306139999999999773e-02,3.104389999999999983e+00,1.967045503478757895e-02
4.456209999999999560e+00,6.333800000000033847e-02,3.735489561987290208e-02,3.015890000000000182e+00,3.204699999999999910e-02,2.952551999999999843e+00,1.919317633357230102e-02
4.577200000000000379e+00,1.267699999999996052e-01,3.669985467597385032e-02,2.925679999999999836e+00,3.157990000000000103e-02,2.798910000000000231e+00,1.869730593501641239e-02
4.698179999999999801e+00,1.420979999999998356e-01,3.585024244375482200e-02,2.793350000000000222e+00,3.088050000000000170e-02,2.651252000000000386e+00,1.821083751577614457e-02
4.819160000000000110e+00,1.058160000000003542e-01,3.482415346502481385e-02,2.624830000000000219e+00,2.995489999999999958e-02,2.519013999999999864e+00,1.776022608374116379e-02
4.940150000000000041e+00,6.442599999999965021e-02,3.380694108760506911e-02,2.461279999999999912e+00,2.902400000000000119e-02,2.396854000000000262e+00,1.733541720584768492e-02
5.061130000000000351e+00,5.898399999999970333e-02,3.303722556517723480e-02,2.348009999999999931e+00,2.835539999999999936e-02,2.289026000000000227e+00,1.695374778284730599e-02
5.182109999999999772e+00,5.551599999999989876e-02,3.222096089165561034e-02,2.229509999999999881e+00,2.765499999999999903e-02,2.173993999999999982e+00,1.653454855088581227e-02
5.303099999999999703e+00,3.353799999999962367e-02,3.114830439534068893e-02,2.075689999999999813e+00,2.670379999999999976e-02,2.042152000000000189e+00,1.603508441713981034e-02
5.424080000000000013e+00,4.860200000000025611e-02,3.050266790592586971e-02,1.991700000000000026e+00,2.617850000000000038e-02,1.943097999999999770e+00,1.565563435729130579e-02
5.545060000000000322e+00,4.017799999999982496e-02,2.981056137814247844e-02,1.897999999999999909e+00,2.557229999999999920e-02,1.857822000000000084e+00,1.532080423443886973e-02
5.666050000000000253e+00,2.881999999999962370e-02,2.917434896428710428e-02,1.811639999999999917e+00,2.501050000000000148e-02,1.782820000000000293e+00,1.502057013698215003e-02
5.787029999999999674e+00,-1.194000000000139394e-03,2.848672068729568574e-02,1.717680000000000096e+00,2.436529999999999946e-02,1.718874000000000235e+00,1.475890956087203519e-02
5.908009999999999984e+00,1.126799999999983370e-02,2.829774559442500836e-02,1.696099999999999941e+00,2.422610000000000041e-02,1.684832000000000107e+00,1.462390113877962486e-02
6.028990000000000293e+00,-3.798000000000190113e-03,2.792796015103859997e-02,1.646290000000000031e+00,2.387919999999999973e-02,1.650088000000000221e+00,1.448291288235899199e-02
6.149980000000000224e+00,-3.607999999999833562e-03,2.763184803269589512e-02,1.608360000000000012e+00,2.362869999999999901e-02,1.611967999999999845e+00,1.432492799325706979e-02
6.270959999999999646e+00,1.166599999999995418e-02,2.736042042523469803e-02,1.579439999999999955e+00,2.342440000000000147e-02,1.567774000000000001e+00,1.413824920156664909e-02
6.391939999999999955e+00,-1.156200000000007222e-02,2.703059009263393542e-02,1.532980000000000009e+00,2.309529999999999916e-02,1.544542000000000082e+00,1.404492501460936904e-02
6.512929999999999886e+00,8.080000000001419380e-04,2.688044403285778927e-02,1.516080000000000094e+00,2.299440000000000164e-02,1.515271999999999952e+00,1.392177575037035174e-02
6.633910000000000196e+00,-1.726199999999988854e-02,2.642616961599996914e-02,1.458530000000000104e+00,2.256690000000000085e-02,1.475791999999999993e+00,1.375054416972651926e-02
6.754889999999999617e+00,-3.724199999999977528e-02,2.612279859817473807e-02,1.417669999999999986e+00,2.226490000000000066e-02,1.454911999999999761e+00,1.366289993342555478e-02
6.875880000000000436e+00,-3.133199999999991547e-02,2.621751966250049359e-02,1.427480000000000082e+00,2.235869999999999871e-02,1.458811999999999998e+00,1.369112382398172609e-02
6.996859999999999857e+00,-3.491400000000011161e-02,2.613771616215923230e-02,1.416109999999999980e+00,2.228130000000000041e-02,1.451024000000000092e+00,1.366469452580627506e-02
7.117840000000000167e+00,-1.644399999999990314e-02,2.634464948891899680e-02,1.441599999999999993e+00,2.249810000000000004e-02,1.458043999999999896e+00,1.370678857661414285e-02
7.238830000000000098e+00,-6.555800000000000516e-02,2.616043403806595988e-02,1.406870000000000065e+00,2.223620000000000110e-02,1.472428000000000070e+00,1.378113633268316339e-02
7.359810000000000407e+00,-4.548800000000019494e-02,2.633656043884242612e-02,1.430909999999999904e+00,2.242629999999999971e-02,1.476398000000000099e+00,1.380852939522525871e-02
7.480789999999999829e+00,-7.147199999999997999e-02,2.602812548134805781e-02,1.388360000000000039e+00,2.210739999999999927e-02,1.459832000000000019e+00,1.373776478590312856e-02
7.601779999999999760e+00,-2.324199999999976285e-02,2.634318874508551067e-02,1.433640000000000025e+00,2.248189999999999911e-02,1.456881999999999788e+00,1.373054134581735974e-02
7.722760000000000069e+00,-1.055999999999990280e-02,2.632097864556711200e-02,1.434209999999999985e+00,2.248709999999999945e-02,1.444769999999999888e+00,1.367933662318462050e-02
7.843740000000000379e+00,-3.956999999999988304e-02,2.606455611935104555e-02,1.396330000000000071e+00,2.220719999999999986e-02,1.435899999999999954e+00,1.364556169085025250e-02
7.964730000000000310e+00,2.476400000000000823e-02,2.646650318991914178e-02,1.455589999999999939e+00,2.268850000000000033e-02,1.430825999999999931e+00,1.362746340490408360e-02
8.085710000000000619e+00,8.059400000000005448e-02,2.676496246206969479e-02,1.501570000000000071e+00,2.305799999999999864e-02,1.420976000000000017e+00,1.359013802711363239e-02
8.206690000000000040e+00,4.615799999999992131e-02,2.616347535839992286e-02,1.424930000000000030e+00,2.247369999999999923e-02,1.378772000000000109e+00,1.339627751054747219e-02
8.327669999999999462e+00,3.717800000000015537e-02,2.557745893294328249e-02,1.357520000000000060e+00,2.195530000000000051e-02,1.320341999999999905e+00,1.312140264515954981e-02
8.448660000000000281e+00,7.353600000000004577e-02,2.506752040786643446e-02,1.312100000000000044e+00,2.160110000000000155e-02,1.238563999999999998e+00,1.271900382061425319e-02
8.569639999999999702e+00,3.391199999999972015e-02,2.391593438102722347e-02,1.181829999999999936e+00,2.053450000000000067e-02,1.147918000000000216e+00,1.225994400752303606e-02
8.690619999999999123e+00,6.414199999999814494e-03,2.282182222310917899e-02,1.067369999999999930e+00,1.953469999999999859e-02,1.060955800000000115e+00,1.179962141313016868e-02
8.811609999999999943e+00,4.376999999999964253e-03,2.209314370533990018e-02,9.975910000000000055e-01,1.890589999999999979e-02,9.932140000000000413e-01,1.143127044447816466e-02
8.932589999999999364e+00,4.006620000000005177e-02,2.181285346547764611e-02,9.788999999999999924e-01,1.876130000000000159e-02,9.388337999999999406e-01,1.112718286972942845e-02
9.053570000000000562e+00,-7.215800000000105463e-03,2.107082974034008016e-02,8.993449999999999500e-01,1.800300000000000164e-02,9.065608000000000555e-01,1.094860068439798377e-02
9.174559999999999604e+00,2.633840000000009507e-02,2.104322268583403224e-02,9.042299999999999782e-01,1.807020000000000154e-02,8.778915999999998832e-01,1.078355660093644613e-02
9.295540000000000802e+00,2.145579999999991383e-02,2.079270952919796620e-02,8.808479999999999643e-01,1.784039999999999931e-02,8.593922000000000505e-01,1.067974238479561799e-02
9.416520000000000223e+00,1.015759999999987784e-02,2.030464347029023800e-02,8.354479999999999684e-01,1.739440000000000083e-02,8.252904000000000906e-01,1.047441621741278597e-02
9.537509999999999266e+00,7.282800000000033691e-03,1.977027211672110693e-02,7.901880000000000015e-01,1.692880000000000079e-02,7.829051999999999678e-01,1.021172806772683260e-02
9.658490000000000464e+00,5.256000000000149441e-04,1.910198695589545095e-02,7.347029999999999950e-01,1.633719999999999964e-02,7.341773999999999800e-01,9.898575747207271486e-03
9.779469999999999885e+00,1.545079999999998677e-02,1.864803658445574747e-02,7.017799999999999594e-01,1.599770000000000011e-02,6.863291999999999726e-01,9.582424701775641915e-03
9.900460000000000704e+00,2.967139999999990341e-02,1.784994136409416912e-02,6.461719999999999686e-01,1.536000000000000039e-02,6.165006000000000652e-01,9.093448559353047023e-03
1.002139999999999986e+01,7.021999999999861686e-04,1.699713179214657963e-02,5.767109999999999737e-01,1.454010000000000025e-02,5.760087999999999875e-01,8.802725779529884179e-03
1.014240000000000030e+01,-9.612199999999848643e-03,1.640216948478462680e-02,5.334410000000000540e-01,1.399390000000000009e-02,5.430531999999999027e-01,8.555812445209396572e-03
1.026340000000000074e+01,2.241599999999988047e-02,1.618345730780663613e-02,5.271209999999999507e-01,1.391930000000000077e-02,5.047050000000000702e-01,8.255748175883273476e-03
1.038439999999999941e+01,1.086480000000000778e-02,1.542565260629189840e-02,4.755249999999999755e-01,1.323290000000000056e-02,4.646601999999999677e-01,7.927238858518141640e-03
1.050539999999999985e+01,3.830600000000017324e-03,1.511806824839734623e-02,4.544400000000000106e-01,1.294410000000000005e-02,4.506093999999999933e-01,7.810650597306218954e-03
1.062640000000000029e+01,1.127759999999994323e-02,1.478430751253504045e-02,4.364210000000000034e-01,1.268670000000000041e-02,4.251434000000000601e-01,7.591007293844473369e-03
1.074729999999999919e+01,1.762339999999995577e-02,1.461372004963828498e-02,4.275959999999999761e-01,1.256709999999999945e-02,4.099726000000000203e-01,7.458472449449686514e-03
1.086829999999999963e+01,3.144299999999999873e-02,1.466793427634580094e-02,4.335149999999999837e-01,1.266950000000000021e-02,4.020719999999999850e-01,7.391350734825130955e-03
1.098930000000000007e+01,1.662459999999998939e-02,1.444369297249148767e-02,4.160749999999999726e-01,1.241970000000000053e-02,3.994503999999999833e-01,7.373690974918870045e-03
1.111030000000000051e+01,2.982340000000005542e-02,1.432761702229648493e-02,4.128510000000000235e-01,1.237219999999999986e-02,3.830275999999999681e-01,7.225598708591558436e-03
1.123129999999999917e+01,3.939660000000000384e-02,1.423350065930373970e-02,4.094220000000000081e-01,1.233249999999999971e-02,3.700254000000000043e-01,7.106474848221163224e-03
1.135229999999999961e+01,2.513220000000004895e-02,1.375707558506530752e-02,3.788460000000000161e-01,1.187039999999999970e-02,3.537137999999999671e-01,6.953469097738191988e-03
1.147320000000000029e+01,3.515459999999998031e-02,1.378832401108996339e-02,3.827670000000000239e-01,1.193830000000000065e-02,3.476124000000000436e-01,6.898903691515051451e-03
1.159420000000000073e+01,4.423159999999992653e-02,1.370085650785380672e-02,3.800669999999999882e-01,1.190259999999999929e-02,3.358354000000000616e-01,6.785394777667692542e-03
1.171519999999999939e+01,7.196699999999994768e-02,1.399613536676464279e-02,4.025059999999999749e-01,1.226810000000000053e-02,3.305390000000000272e-01,6.736878178711561138e-03
1.183619999999999983e+01,4.412279999999996205e-02,1.346154337008947932e-02,3.660999999999999810e-01,1.170200000000000060e-02,3.219772000000000189e-01,6.654047332623956763e-03
1.195720000000000027e+01,5.620279999999999720e-02,1.352560400524871129e-02,3.720519999999999938e-01,1.180810000000000019e-02,3.158491999999999966e-01,6.596266981922426116e-03
1.207820000000000071e+01,3.493259999999992482e-02,1.303190138263791292e-02,3.402089999999999836e-01,1.130059999999999919e-02,3.052764000000000588e-01,6.490523344600186706e-03
1.219909999999999961e+01,3.765439999999997678e-02,1.314857440891597194e-02,3.464059999999999917e-01,1.141089999999999986e-02,3.087516000000000149e-01,6.532715375462181881e-03
1.232010000000000005e+01,5.340960000000000152e-02,1.335156933274886555e-02,3.604100000000000081e-01,1.165109999999999930e-02,3.070004000000000066e-01,6.520450324724512588e-03
1.244110000000000049e+01,3.659819999999996964e-02,1.317749232480899639e-02,3.463010000000000255e-01,1.143279999999999991e-02,3.097028000000000558e-01,6.552662674852109854e-03
1.256209999999999916e+01,4.849979999999998181e-02,1.333786466172152962e-02,3.570309999999999873e-01,1.162129999999999934e-02,3.085312000000000054e-01,6.545534358965659702e-03
1.268309999999999960e+01,1.713540000000002284e-02,1.292979680918459121e-02,3.276259999999999728e-01,1.113450000000000030e-02,3.104905999999999500e-01,6.572865073679818107e-03
1.280410000000000004e+01,2.579399999999998361e-02,1.301775604099262608e-02,3.339329999999999798e-01,1.124750000000000055e-02,3.081389999999999962e-01,6.554061038226604088e-03
1.292500000000000071e+01,3.054859999999998132e-02,1.310876029772457124e-02,3.392879999999999785e-01,1.134690000000000004e-02,3.087393999999999972e-01,6.564103665634783355e-03
1.304599999999999937e+01,3.764339999999999353e-02,1.320744242433030680e-02,3.455849999999999755e-01,1.146340000000000033e-02,3.079415999999999820e-01,6.559496614222770465e-03
1.316699999999999982e+01,3.087859999999997829e-02,1.314315519812499222e-02,3.397780000000000244e-01,1.137930000000000018e-02,3.088994000000000462e-01,6.576781893297055544e-03
1.328800000000000026e+01,4.681219999999997050e-02,1.326031508197297697e-02,3.497290000000000121e-01,1.154840000000000033e-02,3.029168000000000416e-01,6.516932830189367358e-03
1.340900000000000070e+01,4.961640000000000494e-02,1.320900188633494093e-02,3.473649999999999793e-01,1.151910000000000087e-02,2.977485999999999744e-01,6.464368957848863444e-03
1.352999999999999936e+01,4.893720000000006953e-02,1.306440855034777387e-02,3.395480000000000165e-01,1.139410000000000076e-02,2.906107999999999469e-01,6.391655181594201041e-03
1.365090000000000003e+01,3.824840000000001572e-02,1.276505398678752165e-02,3.218799999999999994e-01,1.109049999999999966e-02,2.836315999999999837e-01,6.320396588474492920e-03
1.377190000000000047e+01,3.292200000000000681e-02,1.247707833520331731e-02,3.058899999999999952e-01,1.082529999999999951e-02,2.729679999999999884e-01,6.204060258637080459e-03
1.389289999999999914e+01,6.248239999999999350e-02,1.264424404973267003e-02,3.214600000000000235e-01,1.110449999999999979e-02,2.589776000000000300e-01,6.047064357124041709e-03
1.401389999999999958e+01,5.966620000000003032e-02,1.236822834608093669e-02,3.072770000000000223e-01,1.085999999999999986e-02,2.476107999999999920e-01,5.918908042941704514e-03
1.413490000000000002e+01,6.249039999999997375e-02,1.229792507892286772e-02,3.042099999999999804e-01,1.081619999999999977e-02,2.417196000000000067e-01,5.852245620853588001e-03
1.425590000000000046e+01,2.666479999999998851e-02,1.169077785576306226e-02,2.662740000000000107e-01,1.013299999999999965e-02,2.396092000000000222e-01,5.830660157546485069e-03
1.437679999999999936e+01,5.907779999999998588e-02,1.203387408920336167e-02,2.897739999999999760e-01,1.058500000000000066e-02,2.306961999999999902e-01,5.724674715195615313e-03
1.449779999999999980e+01,5.083280000000001131e-02,1.183979531811255557e-02,2.788100000000000023e-01,1.038030000000000029e-02,2.279771999999999910e-01,5.694745392447322224e-03
1.461880000000000024e+01,6.693899999999997075e-02,1.189471411405923496e-02,2.856949999999999767e-01,1.050470000000000050e-02,2.187560000000000060e-01,5.579919512430264045e-03
1.473980000000000068e+01,6.405679999999996932e-02,1.179178244801014006e-02,2.795670000000000099e-01,1.040890000000000044e-02,2.155102000000000406e-01,5.540842362962513160e-03
1.486079999999999934e+01,7.755060000000002507e-02,1.167786493480721735e-02,2.783340000000000258e-01,1.038030000000000029e-02,2.007834000000000008e-01,5.349944050698099939e-03
1.498170000000000002e+01,7.363100000000000200e-02,1.152726809654395189e-02,2.701379999999999892e-01,1.023929999999999979e-02,1.965069999999999872e-01,5.294775281312702128e-03
1.510270000000000046e+01,7.090300000000002156e-02,1.135235541053926031e-02,2.613630000000000120e-01,1.008460000000000086e-02,1.904599999999999904e-01,5.213138805671684722e-03
1.522369999999999912e+01,7.416800000000001170e-02,1.132259569941451195e-02,2.609070000000000000e-01,1.007650000000000039e-02,1.867389999999999883e-01,5.163847511536335047e-03
1.534469999999999956e+01,6.967979999999998619e-02,1.114199244124676295e-02,2.518139999999999823e-01,9.904720000000000538e-03,1.821341999999999961e-01,5.102991013356774318e-03
1.546570000000000000e+01,5.814520000000003574e-02,1.095401848780619761e-02,2.408730000000000038e-01,9.687019999999999312e-03,1.827277999999999680e-01,5.113918707879507031e-03
1.558670000000000044e+01,5.953100000000002834e-02,1.089158826221869186e-02,2.385990000000000055e-01,9.643709999999999782e-03,1.790679999999999772e-01,5.062168735789039642e-03
1.570759999999999934e+01,4.501120000000002896e-02,1.070604791949391482e-02,2.266710000000000114e-01,9.412429999999999408e-03,1.816597999999999824e-01,5.101531490601621255e-03
1.582859999999999978e+01,5.564339999999998176e-02,1.080413704602084350e-02,2.334330000000000016e-01,9.551159999999999511e-03,1.777896000000000198e-01,5.050219793593145948e-03
1.594960000000000022e+01,6.971180000000001820e-02,1.083508975887140582e-02,2.380569999999999908e-01,9.655379999999999865e-03,1.683451999999999726e-01,4.916584906050134110e-03
1.607059999999999889e+01,7.568460000000001853e-02,1.082666761032682716e-02,2.391490000000000005e-01,9.679389999999999522e-03,1.634643999999999819e-01,4.850375322838430120e-03
1.619160000000000110e+01,6.466479999999999451e-02,1.061882714041433202e-02,2.271229999999999916e-01,9.451380000000000545e-03,1.624581999999999971e-01,4.840548102601605236e-03
1.631259999999999977e+01,7.485880000000000312e-02,1.066543995347589945e-02,2.315689999999999971e-01,9.545140000000000569e-03,1.567101999999999939e-01,4.758351792543296689e-03
1.643349999999999866e+01,7.323460000000001080e-02,1.066853650713161378e-02,2.310139999999999971e-01,9.539040000000000366e-03,1.577793999999999863e-01,4.777487528230712176e-03
1.655450000000000088e+01,6.175700000000000633e-02,1.054298469545033624e-02,2.227010000000000101e-01,9.372170000000000847e-03,1.609440000000000037e-01,4.828763379955576356e-03
1.667549999999999955e+01,4.904760000000002451e-02,1.029085352363446997e-02,2.093140000000000001e-01,9.092410000000000422e-03,1.602663999999999755e-01,4.819724746995412631e-03
1.679650000000000176e+01,6.335060000000000691e-02,1.048856857408102077e-02,2.204270000000000118e-01,9.338159999999999863e-03,1.570764000000000049e-01,4.775859979898908030e-03
1.691750000000000043e+01,6.529160000000003294e-02,1.051441260879560496e-02,2.216970000000000052e-01,9.371559999999999266e-03,1.564053999999999722e-01,4.767256619314718530e-03
1.703849999999999909e+01,5.885460000000003467e-02,1.033890130956379751e-02,2.124820000000000042e-01,9.193849999999999939e-03,1.536273999999999695e-01,4.729270817620831110e-03
1.715940000000000154e+01,7.161159999999996972e-02,1.043157390610659555e-02,2.193289999999999962e-01,9.341999999999999610e-03,1.477174000000000265e-01,4.641634427501158122e-03
1.728040000000000020e+01,5.617240000000001121e-02,1.000313205859864642e-02,1.986189999999999900e-01,8.901420000000000166e-03,1.424465999999999788e-01,4.563701673572014006e-03
1.740139999999999887e+01,5.336799999999999877e-02,9.837119364882587758e-03,1.916819999999999913e-01,8.747200000000000114e-03,1.383139999999999925e-01,4.500601021968955208e-03
1.752240000000000109e+01,7.765020000000000255e-02,1.009215328363318072e-02,2.069259999999999988e-01,9.103069999999999565e-03,1.292757999999999963e-01,4.357255383317346596e-03
1.764339999999999975e+01,7.432400000000000118e-02,9.975074755792460307e-03,2.015939999999999954e-01,8.987089999999999662e-03,1.272699999999999942e-01,4.328317192113812634e-03
1.776439999999999841e+01,6.142140000000000100e-02,9.523742113072991913e-03,1.819169999999999954e-01,8.540010000000000656e-03,1.204955999999999944e-01,4.215435094532947458e-03
1.788530000000000086e+01,6.298100000000000920e-02,9.467556001225237161e-03,1.801470000000000016e-01,8.504690000000000513e-03,1.171659999999999924e-01,4.159911614474038136e-03
1.800629999999999953e+01,7.615520000000002010e-02,9.638582436269143780e-03,1.895660000000000123e-01,8.725170000000000842e-03,1.134107999999999922e-01,4.095568318543349635e-03
1.812730000000000175e+01,7.568500000000000227e-02,9.663298852615291590e-03,1.897929999999999895e-01,8.744780000000000608e-03,1.141079999999999872e-01,4.111954215036446245e-03
1.824830000000000041e+01,8.666580000000001505e-02,9.790339263985288823e-03,1.963840000000000030e-01,8.920390000000000263e-03,1.097181999999999880e-01,4.034524154325017445e-03
1.836929999999999907e+01,7.171086000000000127e-02,9.427593518899294797e-03,1.802179999999999893e-01,8.530249999999999638e-03,1.085071399999999880e-01,4.014268861834244251e-03
1.849030000000000129e+01,7.226131999999999000e-02,9.370592454835499630e-03,1.780269999999999908e-01,8.490549999999999486e-03,1.057656800000000008e-01,3.964664380766674823e-03
1.861120000000000019e+01,6.797772000000000536e-02,9.245984390010399470e-03,1.723600000000000132e-01,8.363469999999999585e-03,1.043822800000000078e-01,3.942156376834383621e-03
1.873219999999999885e+01,7.844431999999999794e-02,9.386235569509217280e-03,1.801200000000000023e-01,8.540890000000000634e-03,1.016756800000000044e-01,3.892893034006970985e-03
1.885320000000000107e+01,6.080299999999999594e-02,8.922588081361147380e-03,1.597429999999999961e-01,8.053400000000000489e-03,9.894000000000000017e-02,3.841266263831238405e-03
1.897419999999999973e+01,5.930354000000000181e-02,8.962689288166581988e-03,1.602909999999999890e-01,8.077869999999999148e-03,1.009874599999999872e-01,3.883016293980235539e-03
1.909519999999999840e+01,7.080613999999998964e-02,9.155806937914975560e-03,1.695079999999999920e-01,8.310349999999999335e-03,9.870186000000000237e-02,3.842770297828377972e-03
1.921620000000000061e+01,8.919655999999999418e-02,9.489101844041300179e-03,1.856599999999999917e-01,8.694280000000000411e-03,9.646343999999999752e-02,3.801650837226901690e-03
1.933709999999999951e+01,6.955585999999998326e-02,8.972452620886219726e-03,1.629069999999999963e-01,8.154250000000000040e-03,9.335114000000001300e-02,3.743409271178881059e-03
1.945810000000000173e+01,8.510571999999999582e-02,9.299789475527281760e-03,1.777839999999999976e-01,8.517179999999999196e-03,9.267828000000000177e-02,3.734130305268952479e-03
1.957910000000000039e+01,6.395231999999997918e-02,8.873845710785149485e-03,1.580779999999999963e-01,8.034599999999999381e-03,9.412568000000001711e-02,3.767006840824688348e-03
1.970009999999999906e+01,7.331622000000001527e-02,9.097785707831549176e-03,1.673000000000000043e-01,8.282579999999999457e-03,9.398377999999998900e-02,3.764116540335062794e-03
1.982110000000000127e+01,7.751041999999999654e-02,9.234479578200604014e-03,1.727869999999999961e-01,8.420099999999999807e-03,9.527657999999999960e-02,3.791771231259080666e-03
1.994209999999999994e+01,8.614311999999998970e-02,9.515322477979188884e-03,1.842479999999999951e-01,8.701610000000000247e-03,9.810488000000000541e-02,3.850109773478673468e-03
2.006299999999999883e+01,8.517611999999999406e-02,9.402099863224811643e-03,1.799129999999999896e-01,8.606690000000000174e-03,9.473687999999999554e-02,3.784754824549670278e-03
2.018400000000000105e+01,1.028105599999999953e-01,9.603310324548093579e-03,1.914649999999999963e-01,8.877339999999999190e-03,8.865444000000000102e-02,3.662840934844428104e-03
2.030499999999999972e+01,9.117530000000001467e-02,9.375079945710755938e-03,1.805750000000000133e-01,8.621679999999999622e-03,8.939969999999999861e-02,3.682221878983937997e-03
2.042599999999999838e+01,8.377679999999999849e-02,9.183722967096295473e-03,1.722160000000000080e-01,8.420679999999999832e-03,8.843920000000000947e-02,3.665094251717409320e-03
2.054700000000000060e+01,9.230803999999999399e-02,9.330717216354377647e-03,1.787620000000000042e-01,8.597439999999999596e-03,8.645396000000001024e-02,3.625783945296796179e-03
2.066799999999999926e+01,8.400269999999999959e-02,9.297029289310429837e-03,1.751979999999999926e-01,8.517689999999999637e-03,9.119529999999999303e-02,3.726085166793158786e-03
2.078890000000000171e+01,7.602560000000001261e-02,9.148359803655733979e-03,1.683570000000000066e-01,8.343269999999999853e-03,9.233139999999999403e-02,3.752643442194314970e-03
2.090990000000000038e+01,8.244139999999999802e-02,9.298722899260951011e-03,1.748159999999999992e-01,8.506609999999999519e-03,9.237460000000000115e-02,3.755507138209165843e-03
2.103089999999999904e+01,8.824386000000000729e-02,9.417314693259220409e-03,1.804350000000000120e-01,8.637139999999999748e-03,9.219114000000000475e-02,3.753082553352110693e-03
2.115190000000000126e+01,7.969907999999999160e-02,9.237345666098894029e-03,1.715369999999999950e-01,8.442730000000000720e-03,9.183792000000000344e-02,3.748181572722430847e-03
2.127289999999999992e+01,8.840022000000001545e-02,9.425157668014258472e-03,1.795480000000000131e-01,8.652029999999999790e-03,9.114777999999999769e-02,3.738445391607051003e-03
2.139389999999999858e+01,9.330647999999999720e-02,9.431259760666546241e-03,1.812699999999999867e-01,8.687049999999999980e-03,8.796351999999998950e-02,3.672032539434801936e-03
2.151480000000000103e+01,9.076428000000000273e-02,9.381292764012217483e-03,1.787110000000000087e-01,8.632239999999999358e-03,8.794672000000000600e-02,3.673293686394813601e-03
2.163579999999999970e+01,1.030296400000000057e-01,9.599365135992483228e-03,1.887840000000000074e-01,8.886939999999999423e-03,8.575436000000000170e-02,3.629064404293205672e-03
2.175679999999999836e+01,1.117885200000000023e-01,9.690059508372071001e-03,1.941690000000000083e-01,9.013169999999999168e-03,8.238048000000000592e-02,3.558092161101508114e-03
2.187780000000000058e+01,9.534968000000000610e-02,9.284668082474032205e-03,1.764010000000000022e-01,8.587690000000000254e-03,8.105131999999999615e-02,3.529396813282972833e-03
2.199879999999999924e+01,1.012628399999999929e-01,9.443328557343961746e-03,1.829159999999999953e-01,8.752189999999999970e-03,8.165316000000000241e-02,3.546212690441451817e-03
2.211980000000000146e+01,1.156747600000000015e-01,9.716345386137321266e-03,1.958060000000000078e-01,9.058599999999999985e-03,8.013124000000000635e-02,3.514133421302042311e-03
2.224070000000000036e+01,1.128297600000000150e-01,9.691618493566488829e-03,1.935040000000000093e-01,9.026269999999999433e-03,8.067423999999999429e-02,3.529011038795429843e-03
2.236169999999999902e+01,9.508349999999998747e-02,9.299340346244135483e-03,1.763059999999999905e-01,8.597699999999999787e-03,8.122250000000000303e-02,3.543626050429700587e-03
2.248270000000000124e+01,9.868819999999998982e-02,9.400492699917807615e-03,1.803400000000000003e-01,8.701930000000000082e-03,8.165180000000001048e-02,3.556076106652949955e-03
2.260369999999999990e+01,8.314920000000000644e-02,9.055095819482418540e-03,1.646660000000000068e-01,8.328149999999999442e-03,8.151680000000000037e-02,3.554810526245808042e-03
2.272469999999999857e+01,1.056874000000000147e-01,9.569492785186893558e-03,1.867620000000000113e-01,8.887859999999999164e-03,8.107459999999999667e-02,3.546989820417307399e-03
2.284570000000000078e+01,1.165164999999999812e-01,9.887109932587782868e-03,2.005589999999999873e-01,9.202949999999999672e-03,8.404250000000000609e-02,3.613952699825497168e-03
2.296659999999999968e+01,8.595700000000000562e-02,9.273756434089478959e-03,1.717450000000000088e-01,8.523080000000000586e-03,8.578800000000000314e-02,3.655087647706412816e-03
2.308759999999999835e+01,9.846495999999999027e-02,9.436490035586112685e-03,1.799379999999999868e-01,8.736690000000000081e-03,8.147303999999999657e-02,3.566173304203821594e-03
2.320860000000000056e+01,9.660848000000001046e-02,9.409629639343728216e-03,1.784830000000000028e-01,8.703839999999999147e-03,8.187451999999999230e-02,3.575513837760385585e-03
2.332959999999999923e+01,9.715956000000000592e-02,9.468600231352890598e-03,1.802870000000000028e-01,8.754110000000000710e-03,8.312743999999999689e-02,3.608316567192518080e-03
2.345060000000000144e+01,1.115808600000000039e-01,9.751591445558002377e-03,1.932399999999999951e-01,9.071499999999999703e-03,8.165913999999999118e-02,3.577907694600295646e-03
2.357160000000000011e+01,9.559033999999999587e-02,9.420437030053118235e-03,1.778740000000000043e-01,8.708070000000000047e-03,8.228366000000000846e-02,3.593626401324433693e-03
2.369249999999999901e+01,9.237602000000000313e-02,9.394504854343309341e-03,1.762499999999999900e-01,8.664800000000000280e-03,8.387397999999998688e-02,3.630146335656456950e-03
2.381350000000000122e+01,8.612227999999999550e-02,9.288516049793098597e-03,1.708639999999999881e-01,8.539389999999999134e-03,8.474171999999999261e-02,3.654497070071886268e-03
2.393449999999999989e+01,1.036646800000000090e-01,9.742981561170276431e-03,1.881210000000000104e-01,8.960819999999999549e-03,8.445632000000000139e-02,3.824839163795517964e-03
2.405549999999999855e+01,9.879056000000001336e-02,9.525784146966800522e-03,1.828710000000000058e-01,8.841049999999999603e-03,8.408043999999999241e-02,3.546321828613979796e-03
2.415630000000000166e+01,1.292834200000000100e-01,1.213835112315589729e-02,2.124840000000000062e-01,1.169790000000000066e-02,8.320057999999999621e-02,3.240170300928641063e-03
2.425710000000000122e+01,1.037915600000000049e-01,5.499360550779699638e-03,1.873450000000000115e-01,4.645380000000000169e-03,8.355344000000000659e-02,2.943367310254022678e-03
2.437839999999999918e+01,1.036975200000000014e-01,5.306360954000773761e-03,1.865360000000000074e-01,4.629280000000000374e-03,8.283848000000000600e-02,2.593691048630117693e-03
2.450029999999999930e+01,1.056942399999999949e-01,4.980925635275435318e-03,1.879689999999999972e-01,4.622900000000000099e-03,8.227476000000000234e-02,1.854296571248515140e-03
2.462280000000000157e+01,1.084395800000000076e-01,4.985999707780577710e-03,1.897260000000000058e-01,4.634850000000000254e-03,8.128641999999999812e-02,1.838031164993673191e-03
2.474589999999999890e+01,1.084114600000000150e-01,4.963615005576882920e-03,1.892610000000000126e-01,4.614629999999999774e-03,8.084953999999999752e-02,1.828295349960722040e-03
2.486959999999999837e+01,1.113772600000000196e-01,4.989103797007635177e-03,1.925610000000000099e-01,4.642489999999999985e-03,8.118373999999999036e-02,1.827140743680135803e-03
2.499399999999999977e+01,1.075644199999999800e-01,4.942762332565060410e-03,1.895699999999999885e-01,4.590359999999999926e-03,8.200558000000000847e-02,1.832892399085117845e-03
2.511899999999999977e+01,1.081447400000000170e-01,4.916160882726683563e-03,1.886720000000000064e-01,4.569690000000000384e-03,8.052725999999998940e-02,1.812890269363261891e-03
2.524459999999999837e+01,1.108818399999999815e-01,4.936141556565411606e-03,1.911499999999999866e-01,4.594609999999999840e-03,8.026816000000000506e-02,1.804176381164546757e-03
2.537079999999999913e+01,1.141317200000000059e-01,4.939966744586445080e-03,1.937850000000000128e-01,4.603630000000000048e-03,7.965328000000000686e-02,1.791608847019906994e-03
2.549759999999999849e+01,1.016211999999999949e-01,4.794020799888127488e-03,1.811969999999999970e-01,4.449269999999999961e-03,7.957580000000000209e-02,1.785113973072868006e-03
2.562509999999999977e+01,1.046813399999999977e-01,4.806848675653519962e-03,1.843640000000000001e-01,4.464599999999999992e-03,7.968266000000000238e-02,1.781331252359313498e-03
2.575329999999999941e+01,1.051896799999999937e-01,4.848898072769935834e-03,1.873340000000000005e-01,4.501169999999999650e-03,8.214432000000000678e-02,1.803130930135690268e-03
2.588200000000000145e+01,1.055087199999999864e-01,4.824106971601272408e-03,1.868549999999999933e-01,4.479310000000000236e-03,8.134628000000000692e-02,1.791030428929670740e-03
2.601139999999999830e+01,1.083241399999999993e-01,4.851611248306277914e-03,1.903710000000000124e-01,4.507480000000000341e-03,8.204686000000001311e-02,1.794646414838310406e-03
2.614150000000000063e+01,1.066435200000000055e-01,4.836586494478517517e-03,1.898920000000000052e-01,4.488009999999999743e-03,8.324847999999999970e-02,1.802868591570666590e-03
2.627220000000000155e+01,9.528181999999998930e-02,4.707349206956713480e-03,1.790289999999999937e-01,4.348190000000000041e-03,8.374718000000000440e-02,1.803435687829205419e-03
2.640360000000000085e+01,1.093116600000000049e-01,4.847365493898309584e-03,1.928670000000000107e-01,4.501670000000000151e-03,8.355534000000000572e-02,1.797753999449312832e-03
2.653559999999999874e+01,1.105766599999999933e-01,4.850978283191546316e-03,1.942699999999999982e-01,4.506529999999999911e-03,8.369334000000000495e-02,1.795321047360610555e-03
2.666819999999999879e+01,1.146330399999999916e-01,4.869760868243121384e-03,1.975709999999999966e-01,4.531789999999999950e-03,8.293796000000000501e-02,1.782540409015178490e-03
2.680160000000000053e+01,1.092946200000000090e-01,4.781021353012763868e-03,1.906470000000000109e-01,4.445089999999999632e-03,8.135238000000000191e-02,1.760494268625717408e-03
2.693560000000000088e+01,1.121240400000000081e-01,4.796740918404912742e-03,1.928600000000000037e-01,4.466760000000000175e-03,8.073595999999999551e-02,1.748364533128031386e-03
2.707029999999999959e+01,1.104965599999999937e-01,4.743137803523317896e-03,1.900399999999999867e-01,4.416330000000000429e-03,7.954343999999999304e-02,1.730140327924876726e-03
2.720560000000000045e+01,1.091303199999999890e-01,4.727822818649615559e-03,1.894049999999999900e-01,4.398609999999999846e-03,8.027468000000000103e-02,1.733360514273934614e-03
2.734169999999999945e+01,1.136698399999999942e-01,4.759193625103731902e-03,1.935449999999999948e-01,4.435530000000000028e-03,7.987516000000000060e-02,1.725107990917670213e-03
2.747840000000000060e+01,1.089038999999999979e-01,4.708582382969209515e-03,1.896190000000000098e-01,4.379000000000000080e-03,8.071510000000001184e-02,1.730637760251404946e-03
2.761580000000000013e+01,1.063703599999999971e-01,4.670104813949253926e-03,1.867979999999999918e-01,4.340319999999999942e-03,8.042763999999999469e-02,1.723804301790664295e-03
2.775379999999999825e+01,1.094724000000000114e-01,4.704652263253895385e-03,1.909389999999999976e-01,4.374339999999999999e-03,8.146659999999998625e-02,1.731733952586251039e-03
2.789260000000000161e+01,1.190491199999999944e-01,4.783239846234767050e-03,1.997909999999999964e-01,4.463370000000000358e-03,8.074188000000000198e-02,1.719799892344455209e-03
2.803209999999999980e+01,1.108148000000000050e-01,4.703491664747370612e-03,1.926630000000000009e-01,4.374699999999999596e-03,8.184819999999999596e-02,1.727667141074344702e-03
2.817220000000000013e+01,1.094583600000000184e-01,4.668857012444909034e-03,1.906720000000000081e-01,4.341880000000000218e-03,8.121363999999998973e-02,1.716480080937731172e-03
2.831309999999999860e+01,1.110989800000000138e-01,4.679873712009331894e-03,1.926370000000000027e-01,4.353769999999999862e-03,8.153801999999998884e-02,1.716363815586893424e-03
2.845469999999999899e+01,1.114532600000000262e-01,4.657384926502854995e-03,1.921180000000000110e-01,4.334489999999999871e-03,8.066473999999998479e-02,1.703945654507795730e-03
2.859690000000000154e+01,1.134619000000000044e-01,4.693697122720638486e-03,1.954660000000000009e-01,4.369620000000000275e-03,8.200409999999999644e-02,1.713830136109176835e-03
2.873989999999999867e+01,1.147630399999999967e-01,4.695659534092309038e-03,1.969700000000000062e-01,4.372270000000000149e-03,8.220696000000000947e-02,1.712446643610246759e-03
2.888360000000000127e+01,1.146094600000000102e-01,4.675650315268668755e-03,1.960880000000000123e-01,4.355290000000000376e-03,8.147854000000000207e-02,1.700927654714332743e-03
2.902799999999999869e+01,1.093944200000000061e-01,4.591726404729271765e-03,1.895890000000000075e-01,4.271910000000000290e-03,8.019458000000000142e-02,1.683667522935570300e-03
2.917320000000000135e+01,1.120176799999999806e-01,4.601070701746278781e-03,1.914849999999999886e-01,4.286629999999999607e-03,7.946732000000000795e-02,1.671722119722054587e-03
2.931899999999999906e+01,1.157459400000000055e-01,4.595632998654265722e-03,1.928610000000000047e-01,4.291549999999999879e-03,7.711505999999999916e-02,1.643910355165390316e-03
2.946559999999999846e+01,1.146807399999999894e-01,4.514701403233219688e-03,1.880429999999999879e-01,4.221950000000000355e-03,7.336225999999999858e-02,1.599270758144473708e-03
2.961299999999999955e+01,1.185638999999999998e-01,4.541958291922988840e-03,1.915900000000000103e-01,4.253919999999999577e-03,7.302610000000001045e-02,1.591712838161456591e-03
2.976099999999999923e+01,1.263079200000000180e-01,4.592195522051733744e-03,1.982460000000000055e-01,4.313349999999999650e-03,7.193808000000000147e-02,1.575839931671995948e-03
2.990980000000000061e+01,1.177047999999999983e-01,4.488395868633246986e-03,1.889969999999999983e-01,4.206729999999999671e-03,7.129220000000000002e-02,1.564966511035938927e-03
3.005940000000000012e+01,1.200079599999999969e-01,4.504537923187238758e-03,1.913650000000000073e-01,4.225079999999999981e-03,7.135704000000001046e-02,1.561909374782032445e-03
3.020970000000000155e+01,1.136586400000000052e-01,4.449474440763987078e-03,1.866909999999999958e-01,4.160739999999999578e-03,7.303235999999999062e-02,1.576726181495062117e-03
3.036070000000000135e+01,1.246529599999999932e-01,4.532532346927046693e-03,1.961900000000000033e-01,4.257030000000000189e-03,7.153704000000001006e-02,1.556131438870123279e-03
3.051249999999999929e+01,1.180297399999999941e-01,4.470894259157109397e-03,1.908219999999999916e-01,4.187749999999999632e-03,7.279225999999999752e-02,1.565773104272774347e-03
3.066509999999999891e+01,1.248062000000000060e-01,4.516185984384610969e-03,1.964410000000000045e-01,4.241840000000000194e-03,7.163479999999999848e-02,1.550073953059014423e-03
3.081840000000000046e+01,1.223522800000000077e-01,4.465835773633419076e-03,1.932760000000000034e-01,4.192330000000000188e-03,7.092371999999999566e-02,1.538849676922343169e-03
3.097250000000000014e+01,1.198943799999999948e-01,4.428729771814035598e-03,1.903289999999999982e-01,4.156080000000000364e-03,7.043462000000000334e-02,1.529917130223725462e-03
3.112740000000000151e+01,1.139500400000000024e-01,4.369213975352088421e-03,1.850160000000000138e-01,4.091059999999999662e-03,7.106596000000001134e-02,1.534033519455164831e-03
3.128300000000000125e+01,1.233012599999999959e-01,4.427709802221459559e-03,1.927729999999999999e-01,4.160979999999999887e-03,6.947174000000000404e-02,1.513558565859940636e-03
3.143939999999999912e+01,1.205847599999999853e-01,4.414305177684025791e-03,1.915669999999999873e-01,4.142159999999999766e-03,7.098224000000000200e-02,1.525975339292217963e-03
3.159659999999999869e+01,1.247505999999999893e-01,4.431900776297682289e-03,1.947879999999999889e-01,4.165910000000000099e-03,7.003739999999999966e-02,1.512262663312163987e-03
3.175459999999999994e+01,1.282714199999999971e-01,4.448198110107957036e-03,1.975109999999999921e-01,4.187540000000000012e-03,6.923957999999999502e-02,1.500325023175978333e-03
3.191339999999999932e+01,1.226035600000000003e-01,4.386000286947095567e-03,1.921670000000000045e-01,4.121699999999999843e-03,6.956344000000000416e-02,1.499529135128757672e-03
3.207289999999999708e+01,1.238387400000000027e-01,4.408405226934565546e-03,1.946009999999999962e-01,4.142009999999999789e-03,7.076225999999999350e-02,1.509234840826304122e-03
3.223329999999999984e+01,1.185064799999999974e-01,4.351031819439614250e-03,1.898690000000000100e-01,4.079759999999999984e-03,7.136252000000001261e-02,1.512295022862933207e-03
3.239450000000000074e+01,1.225323999999999858e-01,4.402259977924520389e-03,1.951739999999999864e-01,4.130449999999999920e-03,7.264160000000000061e-02,1.522916843014089118e-03
3.255639999999999645e+01,1.170175199999999999e-01,4.344806490063279555e-03,1.901629999999999987e-01,4.068259999999999758e-03,7.314547999999999883e-02,1.525320952618169391e-03
3.271920000000000073e+01,1.259099399999999980e-01,4.411402988578577537e-03,1.980010000000000103e-01,4.144290000000000126e-03,7.209106000000001235e-02,1.511733019927791319e-03
3.288280000000000314e+01,1.221264400000000167e-01,4.356531101676654368e-03,1.935870000000000091e-01,4.089549999999999956e-03,7.146055999999999242e-02,1.501647108136928499e-03
3.304719999999999658e+01,1.208556800000000070e-01,4.324700982051360269e-03,1.914450000000000041e-01,4.060300000000000194e-03,7.058931999999999707e-02,1.488960205699265890e-03
3.321249999999999858e+01,1.210815600000000047e-01,4.318536206378731368e-03,1.920489999999999975e-01,4.053550000000000382e-03,7.096743999999999275e-02,1.489458748439848653e-03
3.337850000000000250e+01,1.297668200000000049e-01,4.406790570674308863e-03,2.015939999999999954e-01,4.145499999999999879e-03,7.182717999999999048e-02,1.494868851700375699e-03
3.354540000000000077e+01,1.226857199999999981e-01,4.343943804917370019e-03,1.956739999999999868e-01,4.075419999999999737e-03,7.298827999999998872e-02,1.503595558612754292e-03
3.371320000000000050e+01,1.180908000000000097e-01,4.276446885377626836e-03,1.899629999999999930e-01,4.009030000000000232e-03,7.187219999999998332e-02,1.488514837868941138e-03
3.388170000000000215e+01,1.259900800000000043e-01,4.330886471315542954e-03,1.971739999999999882e-01,4.071059999999999610e-03,7.118391999999999775e-02,1.477514163662737960e-03
3.405109999999999815e+01,1.162598200000000137e-01,4.233427287077929681e-03,1.877910000000000135e-01,3.967080000000000432e-03,7.153117999999999976e-02,1.477898125235971609e-03
3.422140000000000271e+01,1.244197799999999798e-01,4.299461224801079742e-03,1.957849999999999868e-01,4.039029999999999877e-03,7.136522000000000698e-02,1.473636143241607768e-03
3.439249999999999829e+01,1.274462000000000095e-01,4.321692713487157618e-03,1.989319999999999977e-01,4.063469999999999582e-03,7.148580000000000212e-02,1.471475269553654220e-03
3.456450000000000244e+01,1.359202599999999872e-01,4.396874239808093790e-03,2.076199999999999990e-01,4.143410000000000148e-03,7.169974000000001180e-02,1.471277218129880696e-03
3.473729999999999762e+01,1.294306399999999857e-01,4.335641421895957727e-03,2.017829999999999901e-01,4.076899999999999621e-03,7.235236000000000445e-02,1.475355187492150954e-03
3.491100000000000136e+01,1.305952799999999803e-01,4.329679041765104736e-03,2.024279999999999968e-01,4.073519999999999745e-03,7.183272000000000268e-02,1.467158960133495369e-03
3.508550000000000324e+01,1.245411799999999736e-01,4.266677424664770332e-03,1.967569999999999875e-01,4.006299999999999965e-03,7.221582000000001389e-02,1.467684079134198242e-03
3.526089999999999947e+01,1.240297600000000028e-01,4.251622351939080349e-03,1.964589999999999947e-01,3.990669999999999981e-03,7.242923999999999196e-02,1.466576140065015393e-03
3.543730000000000047e+01,1.218775599999999959e-01,4.257123243441749208e-03,1.967329999999999912e-01,3.988659999999999775e-03,7.485543999999999532e-02,1.487847342388324331e-03
3.561440000000000339e+01,1.312852599999999870e-01,4.355851600460237082e-03,2.078299999999999870e-01,4.089330000000000395e-03,7.654474000000000000e-02,1.500274413676378100e-03
3.579249999999999687e+01,1.261408599999999935e-01,4.306247882323543247e-03,2.032599999999999962e-01,4.035910000000000192e-03,7.711914000000000269e-02,1.501732764481084319e-03
3.597149999999999892e+01,1.249751399999999846e-01,4.280952380077591990e-03,2.019199999999999884e-01,4.010810000000000070e-03,7.694486000000000381e-02,1.496648397049888356e-03
3.615129999999999910e+01,1.272632999999999959e-01,4.302838465153903044e-03,2.048949999999999938e-01,4.032779999999999698e-03,7.763169999999999793e-02,1.500368064445521373e-03
3.633209999999999695e+01,1.260475199999999962e-01,4.265821845986069762e-03,2.023240000000000038e-01,3.999459999999999821e-03,7.627648000000000761e-02,1.483764041245102866e-03
3.651370000000000005e+01,1.331928000000000001e-01,4.315698128773605251e-03,2.089159999999999906e-01,4.055229999999999946e-03,7.572320000000000439e-02,1.476604207565453174e-03
3.669630000000000081e+01,1.290356400000000070e-01,4.270641466554644244e-03,2.045740000000000058e-01,4.008730000000000279e-03,7.553835999999999884e-02,1.472569972176534549e-03
3.687980000000000302e+01,1.328015399999999957e-01,4.303919638894759814e-03,2.090190000000000103e-01,4.042829999999999861e-03,7.621746000000000076e-02,1.476228251038436134e-03
3.706419999999999959e+01,1.333203199999999922e-01,4.276513102779880109e-03,2.082340000000000024e-01,4.019499999999999636e-03,7.491368000000001026e-02,1.460200009672647488e-03
3.724949999999999761e+01,1.295595800000000075e-01,4.248733304562666950e-03,2.054890000000000050e-01,3.987619999999999880e-03,7.592941999999999747e-02,1.466499720047705936e-03
3.743580000000000041e+01,1.262841600000000064e-01,4.209028566067947799e-03,2.020550000000000124e-01,3.947220000000000416e-03,7.577084000000000596e-02,1.461292490084035089e-03
3.762290000000000134e+01,1.309119999999999728e-01,4.245602930514817339e-03,2.071129999999999916e-01,3.985930000000000376e-03,7.620100000000000484e-02,1.462021298988493015e-03
3.781110000000000326e+01,1.330848799999999887e-01,4.251803850777690665e-03,2.089199999999999946e-01,3.995089999999999753e-03,7.583512000000000586e-02,1.455022981738776687e-03
3.800010000000000332e+01,1.322900800000000043e-01,4.239050875340375120e-03,2.084840000000000027e-01,3.981440000000000153e-03,7.619391999999999832e-02,1.455227765720541787e-03
3.819010000000000105e+01,1.382058600000000137e-01,4.268826127504374984e-03,2.131409999999999971e-01,4.018540000000000133e-03,7.493513999999999731e-02,1.440212753472208413e-03
3.838110000000000355e+01,1.394403399999999960e-01,4.260894510097615502e-03,2.140140000000000098e-01,4.012650000000000418e-03,7.457365999999999995e-02,1.433130141920125732e-03
3.857300000000000040e+01,1.400953399999999849e-01,4.249560783893318629e-03,2.136859999999999871e-01,4.005090000000000212e-03,7.359066000000000218e-02,1.420570641645110214e-03
3.876579999999999870e+01,1.442954000000000181e-01,4.267987837898791145e-03,2.172320000000000084e-01,4.027909999999999997e-03,7.293660000000000421e-02,1.411262277662093337e-03
3.895969999999999800e+01,1.342432199999999964e-01,4.180371490874943557e-03,2.077739999999999865e-01,3.933810000000000258e-03,7.353077999999999004e-02,1.414441474794909991e-03
3.915449999999999875e+01,1.421842000000000106e-01,4.246538037500665122e-03,2.162380000000000135e-01,4.002949999999999911e-03,7.405380000000000296e-02,1.417560087417813874e-03
3.935020000000000095e+01,1.348090400000000189e-01,4.167200735374767401e-03,2.084050000000000069e-01,3.921560000000000150e-03,7.359595999999998805e-02,1.409584738604955376e-03
3.954699999999999704e+01,1.421200999999999992e-01,4.226738407589474174e-03,2.163339999999999985e-01,3.983770000000000193e-03,7.421389999999999931e-02,1.412407219357080532e-03
3.974470000000000169e+01,1.429775400000000141e-01,4.233221903273202448e-03,2.177119999999999889e-01,3.989849999999999647e-03,7.473445999999998868e-02,1.414660616491460838e-03
3.994339999999999691e+01,1.377724200000000065e-01,4.166835237055095849e-03,2.116139999999999965e-01,3.923689999999999643e-03,7.384157999999999000e-02,1.402559330889071622e-03
4.014320000000000022e+01,1.357159199999999899e-01,4.152031607060812680e-03,2.104479999999999962e-01,3.906209999999999804e-03,7.473208000000000628e-02,1.407440905307217466e-03
4.034389999999999787e+01,1.383201199999999909e-01,4.171070199937181207e-03,2.132759999999999934e-01,3.926690000000000041e-03,7.495588000000000251e-02,1.406745270723879122e-03
4.054560000000000031e+01,1.401174399999999820e-01,4.179919454970873298e-03,2.152159999999999906e-01,3.936600000000000169e-03,7.509855999999999476e-02,1.405313875987851966e-03
4.074830000000000041e+01,1.464497599999999844e-01,4.227815540349885715e-03,2.217929999999999902e-01,3.987659999999999642e-03,7.534324000000000576e-02,1.404632324711345978e-03
4.095210000000000150e+01,1.451807800000000093e-01,4.203235917434566295e-03,2.200060000000000071e-01,3.964109999999999856e-03,7.482521999999999784e-02,1.397506381206182471e-03
4.115679999999999694e+01,1.485840199999999833e-01,4.225214108272858267e-03,2.235000000000000042e-01,3.988130000000000321e-03,7.491598000000000701e-02,1.395440204325502443e-03
4.136260000000000048e+01,1.414375400000000282e-01,4.153677802131021911e-03,2.165690000000000115e-01,3.912530000000000001e-03,7.513145999999999713e-02,1.394685729121797552e-03
4.156940000000000168e+01,1.397348399999999990e-01,4.134232481603809621e-03,2.149530000000000052e-01,3.892549999999999830e-03,7.521816000000000613e-02,1.392814671608538345e-03
4.177729999999999677e+01,1.429872999999999839e-01,4.160376765830230313e-03,2.189770000000000050e-01,3.918750000000000358e-03,7.598970000000000724e-02,1.397187629189437135e-03
4.198619999999999663e+01,1.453668200000000077e-01,4.180139502963985815e-03,2.220459999999999934e-01,3.938729999999999662e-03,7.667917999999998568e-02,1.399990089729209568e-03
4.219610000000000127e+01,1.425089599999999901e-01,4.125150267875825859e-03,2.173809999999999909e-01,3.887439999999999819e-03,7.487204000000000081e-02,1.380099626460350908e-03
4.240709999999999980e+01,1.490897800000000051e-01,4.166398286955773356e-03,2.233300000000000007e-01,3.934280000000000069e-03,7.424021999999999566e-02,1.371245990750018370e-03
4.261910000000000309e+01,1.494280799999999909e-01,4.149633029519116112e-03,2.227989999999999970e-01,3.920299999999999827e-03,7.337092000000000613e-02,1.360405156442741435e-03
4.283220000000000027e+01,1.504660999999999915e-01,4.138969418017484497e-03,2.231069999999999998e-01,3.912449999999999609e-03,7.264089999999999436e-02,1.350482447417958873e-03
4.304639999999999844e+01,1.540339199999999908e-01,4.158130424265694090e-03,2.263139999999999874e-01,3.934729999999999998e-03,7.228007999999999655e-02,1.344599736837695601e-03
4.326160000000000139e+01,1.467132199999999775e-01,4.104593529009176005e-03,2.202629999999999866e-01,3.875120000000000127e-03,7.354977999999999516e-02,1.353193638761282297e-03
4.347789999999999822e+01,1.537627599999999983e-01,4.151367956850849847e-03,2.273239999999999983e-01,3.925480000000000289e-03,7.356123999999999996e-02,1.350726723940856924e-03
4.369530000000000314e+01,1.540449200000000018e-01,4.140206411371297711e-03,2.270760000000000001e-01,3.916310000000000104e-03,7.303107999999999822e-02,1.343065565287115785e-03
4.391380000000000194e+01,1.491728999999999972e-01,4.089493951358774346e-03,2.221909999999999996e-01,3.863890000000000033e-03,7.301810000000000245e-02,1.339520379128290905e-03
4.413329999999999842e+01,1.481923600000000230e-01,4.076722992906925587e-03,2.213670000000000082e-01,3.850800000000000143e-03,7.317463999999999913e-02,1.338286113241858328e-03
4.435399999999999920e+01,1.543716800000000111e-01,4.100751442987492744e-03,2.260770000000000002e-01,3.881799999999999921e-03,7.170532000000000294e-02,1.322040527806920152e-03
4.457580000000000098e+01,1.550301599999999724e-01,4.098079293584739984e-03,2.267639999999999934e-01,3.879860000000000166e-03,7.173384000000000704e-02,1.319446958732331966e-03
4.479869999999999663e+01,1.533123999999999876e-01,4.078112879527490825e-03,2.253149999999999875e-01,3.859000000000000017e-03,7.200259999999999994e-02,1.318758377477845592e-03
4.502259999999999707e+01,1.601470799999999972e-01,4.116324333619011955e-03,2.311449999999999894e-01,3.903310000000000113e-03,7.099792000000000602e-02,1.307018386804103139e-03
4.524779999999999802e+01,1.648400600000000105e-01,4.146611042514115192e-03,2.360240000000000116e-01,3.935509999999999703e-03,7.118394000000001498e-02,1.306194540564306530e-03
4.547399999999999665e+01,1.568477999999999817e-01,4.076284511885302705e-03,2.283070000000000099e-01,3.861250000000000099e-03,7.145920000000001437e-02,1.306462345165753389e-03
4.570139999999999958e+01,1.539189799999999830e-01,4.042740842063462757e-03,2.250389999999999890e-01,3.827699999999999853e-03,7.112002000000001989e-02,1.300948202692174798e-03
4.592990000000000350e+01,1.623872199999999988e-01,4.108667573521615490e-03,2.341159999999999908e-01,3.896059999999999801e-03,7.172878000000000587e-02,1.304555750479066255e-03
4.615950000000000131e+01,1.555483200000000177e-01,4.047967194611636239e-03,2.275550000000000073e-01,3.831980000000000022e-03,7.200668000000000346e-02,1.304594836817929470e-03
4.639030000000000342e+01,1.596599800000000069e-01,4.066245954860576474e-03,2.311900000000000066e-01,3.853860000000000185e-03,7.153001999999999971e-02,1.296965406562565048e-03
4.662230000000000274e+01,1.561972600000000044e-01,4.040834227408494038e-03,2.286219999999999919e-01,3.825310000000000168e-03,7.242474000000000134e-02,1.302054014738252040e-03
4.685540000000000305e+01,1.514430400000000010e-01,3.990373657491237853e-03,2.233890000000000042e-01,3.774340000000000160e-03,7.194596000000000324e-02,1.295160025170635169e-03
4.708970000000000056e+01,1.535659399999999841e-01,3.998283538085812064e-03,2.256239999999999912e-01,3.783190000000000077e-03,7.205806000000000711e-02,1.293732845230420722e-03
4.732509999999999906e+01,1.573427599999999982e-01,4.024775164162590173e-03,2.297420000000000018e-01,3.810920000000000193e-03,7.239924000000000359e-02,1.294489812883824935e-03
4.756170000000000186e+01,1.596580200000000116e-01,4.038433556184872590e-03,2.322200000000000097e-01,3.825499999999999907e-03,7.256197999999999815e-02,1.294022927818514433e-03
4.779950000000000188e+01,1.622332400000000008e-01,4.044752006929473037e-03,2.341469999999999940e-01,3.834680000000000033e-03,7.191376000000000712e-02,1.286564454335654192e-03
4.803849999999999909e+01,1.574553599999999887e-01,4.003834399559502190e-03,2.300220000000000042e-01,3.790400000000000193e-03,7.256664000000000170e-02,1.289789804230131228e-03
4.827870000000000061e+01,1.585953999999999975e-01,4.007952572010801094e-03,2.313119999999999898e-01,3.795269999999999894e-03,7.271659999999999235e-02,1.288258299638702113e-03
4.852009999999999934e+01,1.567938999999999861e-01,3.977555631498822658e-03,2.287160000000000026e-01,3.766369999999999787e-03,7.192210000000001657e-02,1.278829865450443722e-03
4.876270000000000238e+01,1.541800200000000010e-01,3.946529046844074462e-03,2.259420000000000039e-01,3.734980000000000157e-03,7.176198000000000299e-02,1.274761121616124629e-03
4.900650000000000261e+01,1.571224199999999849e-01,3.963440886486387267e-03,2.290149999999999963e-01,3.753330000000000034e-03,7.189258000000001148e-02,1.273333252441009693e-03
4.925160000000000338e+01,1.617245199999999827e-01,3.990367049644932135e-03,2.334219999999999906e-01,3.783190000000000077e-03,7.169748000000000787e-02,1.269055796563728659e-03
4.949779999999999802e+01,1.622282399999999958e-01,3.985119284567527169e-03,2.338709999999999956e-01,3.778679999999999973e-03,7.164275999999999978e-02,1.265998882239633078e-03
4.974530000000000030e+01,1.588975800000000105e-01,3.956831839868861153e-03,2.307470000000000077e-01,3.749199999999999842e-03,7.184941999999999718e-02,1.264918008805313975e-03
4.999399999999999977e+01,1.573485600000000262e-01,3.943580614223069457e-03,2.298070000000000113e-01,3.734260000000000097e-03,7.245843999999999896e-02,1.267726434715313495e-03
5.024399999999999977e+01,1.600747999999999893e-01,3.955222194601966910e-03,2.326550000000000007e-01,3.747079999999999855e-03,7.258020000000001137e-02,1.266165108614196715e-03
5.049519999999999698e+01,1.595589800000000169e-01,3.951907482279917554e-03,2.326580000000000037e-01,3.742839999999999882e-03,7.309902000000000066e-02,1.268353847670278430e-03
5.074770000000000181e+01,1.614507399999999815e-01,3.944368916225256434e-03,2.333649999999999891e-01,3.739010000000000077e-03,7.191425999999999374e-02,1.256125139937896420e-03
5.100150000000000006e+01,1.622203799999999974e-01,3.941174590396116957e-03,2.338629999999999876e-01,3.737190000000000043e-03,7.164262000000000408e-02,1.251506314759937618e-03
5.125650000000000261e+01,1.595099799999999957e-01,3.902575182236467811e-03,2.300059999999999882e-01,3.700670000000000088e-03,7.049602000000000646e-02,1.239005489942639465e-03
5.151270000000000238e+01,1.623890000000000056e-01,3.925313503626430209e-03,2.338010000000000088e-01,3.722780000000000186e-03,7.141200000000000325e-02,1.244586346282169388e-03
5.177029999999999887e+01,1.632826400000000067e-01,3.919071627894545051e-03,2.339430000000000121e-01,3.719179999999999882e-03,7.066036000000000539e-02,1.235646612979617335e-03
5.202920000000000300e+01,1.661841000000000013e-01,3.949160780946757085e-03,2.384320000000000050e-01,3.747320000000000165e-03,7.224790000000000378e-02,1.246380235469096319e-03
5.228929999999999723e+01,1.664422799999999980e-01,3.945720849728221596e-03,2.388019999999999865e-01,3.743970000000000110e-03,7.235971999999998849e-02,1.245552754033324742e-03
5.255069999999999908e+01,1.683601799999999982e-01,3.956427497907171430e-03,2.410760000000000125e-01,3.755039999999999854e-03,7.271582000000001433e-02,1.246191455834937080e-03
5.281349999999999767e+01,1.686625800000000064e-01,3.938113931291983665e-03,2.399260000000000004e-01,3.740610000000000115e-03,7.126342000000000787e-02,1.231494280837714707e-03
5.307759999999999678e+01,1.640719600000000167e-01,3.900925529042050151e-03,2.359070000000000056e-01,3.700549999999999933e-03,7.183504000000000278e-02,1.234159503723890588e-03
5.334300000000000352e+01,1.700322400000000012e-01,3.933571396076089750e-03,2.411490000000000022e-01,3.737519999999999818e-03,7.111676000000000109e-02,1.226347494647418322e-03
5.360969999999999658e+01,1.605121400000000254e-01,3.862700151447948094e-03,2.323620000000000130e-01,3.661399999999999984e-03,7.184986000000000150e-02,1.230691878577249484e-03
5.387769999999999726e+01,1.722729599999999750e-01,3.945244196445133258e-03,2.442729999999999901e-01,3.748490000000000155e-03,7.200004000000000126e-02,1.230355432175596992e-03
5.414710000000000178e+01,1.666268399999999983e-01,3.894617833245773118e-03,2.384529999999999983e-01,3.696259999999999823e-03,7.182616000000000001e-02,1.227073787282574168e-03
5.441779999999999973e+01,1.689530800000000055e-01,3.894319271521019029e-03,2.397610000000000019e-01,3.699340000000000180e-03,7.080791999999999642e-02,1.216801607880265649e-03
5.468990000000000151e+01,1.722842199999999879e-01,3.921752386561395444e-03,2.440110000000000057e-01,3.726339999999999861e-03,7.172678000000000387e-02,1.222510525885155738e-03
5.496340000000000003e+01,1.658000599999999713e-01,3.865177093458461478e-03,2.371439999999999937e-01,3.668569999999999904e-03,7.134394000000000846e-02,1.217040721954692822e-03
5.523819999999999908e+01,1.727057200000000070e-01,3.919511305047097480e-03,2.451609999999999900e-01,3.723390000000000033e-03,7.245527999999999691e-02,1.224310327609793615e-03
5.551440000000000197e+01,1.768575199999999903e-01,3.948601338603328903e-03,2.499079999999999913e-01,3.752960000000000063e-03,7.305048000000000097e-02,1.227494916331631864e-03
5.579200000000000159e+01,1.723303399999999985e-01,3.919977500968086295e-03,2.463059999999999972e-01,3.720859999999999879e-03,7.397565999999999864e-02,1.233460363569093259e-03
5.607090000000000174e+01,1.735717799999999811e-01,3.911802628321117171e-03,2.465189999999999881e-01,3.715739999999999928e-03,7.294722000000000706e-02,1.222896584074058225e-03
5.635130000000000194e+01,1.772634800000000288e-01,3.932427151758058868e-03,2.500820000000000265e-01,3.738360000000000034e-03,7.281851999999999769e-02,1.220101559004003588e-03
5.663300000000000267e+01,1.751103199999999860e-01,3.905006253014199798e-03,2.474399999999999933e-01,3.711610000000000169e-03,7.232967999999999342e-02,1.213682431272695072e-03
5.691620000000000346e+01,1.739265799999999973e-01,3.890295384650373830e-03,2.461379999999999957e-01,3.697100000000000039e-03,7.221141999999999839e-02,1.210722829483280253e-03
5.720080000000000098e+01,1.755342599999999975e-01,3.900534692905063827e-03,2.484089999999999909e-01,3.706689999999999898e-03,7.287474000000000729e-02,1.214339381909357264e-03
5.748680000000000234e+01,1.803430999999999784e-01,3.927084486416863342e-03,2.528889999999999749e-01,3.736170000000000029e-03,7.254590000000001038e-02,1.209556238690868155e-03
5.777420000000000044e+01,1.795983200000000057e-01,3.925898459036861188e-03,2.531530000000000169e-01,3.732749999999999957e-03,7.355468000000001116e-02,1.216246746416203188e-03
5.806309999999999860e+01,1.776290799999999948e-01,3.891802753785448318e-03,2.499490000000000045e-01,3.700680000000000028e-03,7.231992000000000975e-02,1.204614549128475449e-03
5.835340000000000060e+01,1.730046199999999978e-01,3.862853315770092659e-03,2.462580000000000047e-01,3.668260000000000010e-03,7.325338000000000682e-02,1.210580154948857510e-03
5.864520000000000266e+01,1.833219000000000376e-01,3.922970356713901922e-03,2.559580000000000188e-01,3.733869999999999811e-03,7.263609999999999511e-02,1.203291836071366432e-03
5.893840000000000146e+01,1.825143200000000354e-01,3.919190474767971812e-03,2.559350000000000236e-01,3.728509999999999984e-03,7.342067999999998817e-02,1.207587329103779585e-03
5.923310000000000031e+01,1.784486800000000262e-01,3.879127451916474303e-03,2.513540000000000219e-01,3.688499999999999938e-03,7.290531999999999568e-02,1.201081819948999216e-03
5.952929999999999922e+01,1.778254000000000223e-01,3.881361521336037547e-03,2.522980000000000222e-01,3.687329999999999948e-03,7.447259999999999991e-02,1.211843525546099469e-03
5.982690000000000197e+01,1.785339800000000088e-01,3.867211819276518327e-03,2.516570000000000196e-01,3.676829999999999855e-03,7.312302000000001079e-02,1.198435816492481130e-03
6.012599999999999767e+01,1.896196399999999782e-01,3.929128032313021664e-03,2.618699999999999917e-01,3.744749999999999815e-03,7.225035999999999958e-02,1.189493392923222622e-03
6.042669999999999675e+01,1.850539400000000001e-01,3.893375662579710416e-03,2.573819999999999997e-01,3.707579999999999817e-03,7.232805999999999957e-02,1.188370562395417137e-03
6.072879999999999967e+01,1.799831400000000137e-01,3.854764068911092217e-03,2.526240000000000152e-01,3.666809999999999948e-03,7.264086000000000154e-02,1.188995563855475531e-03
6.103240000000000265e+01,1.879568800000000206e-01,3.895010503425632743e-03,2.598710000000000186e-01,3.711610000000000169e-03,7.191411999999999805e-02,1.181125746775507418e-03
6.133760000000000190e+01,1.836391199999999890e-01,3.871616557918410723e-03,2.567619999999999902e-01,3.684380000000000120e-03,7.312288000000000121e-02,1.189436331691612640e-03
6.164430000000000121e+01,1.823230000000000128e-01,3.870683683484870026e-03,2.569560000000000177e-01,3.679990000000000171e-03,7.463299999999999101e-02,1.199944072653388394e-03
6.195250000000000057e+01,1.834524600000000116e-01,3.876483635858663044e-03,2.585419999999999940e-01,3.685509999999999915e-03,7.508953999999998241e-02,1.201724352328769393e-03
6.226230000000000331e+01,1.886984599999999845e-01,3.907265891437131621e-03,2.640109999999999957e-01,3.717869999999999855e-03,7.531254000000001114e-02,1.201735998249199447e-03
6.257359999999999900e+01,1.838054799999999656e-01,3.872904241325881083e-03,2.597169999999999757e-01,3.680779999999999816e-03,7.591151999999999622e-02,1.204676659556414052e-03
6.288649999999999807e+01,1.878370599999999724e-01,3.888387897769459995e-03,2.631069999999999798e-01,3.699519999999999979e-03,7.526994000000000740e-02,1.197126648738553508e-03
6.320089999999999719e+01,1.888053400000000159e-01,3.892584391528589646e-03,2.644589999999999996e-01,3.703570000000000213e-03,7.565365999999998370e-02,1.198241419861623613e-03
6.351689999999999969e+01,1.900245799999999985e-01,3.892315524235927162e-03,2.653019999999999823e-01,3.704859999999999924e-03,7.527741999999999767e-02,1.193370236183222523e-03
6.383449999999999847e+01,1.926494200000000157e-01,3.911955822241350474e-03,2.687869999999999981e-01,3.723979999999999999e-03,7.613757999999999637e-02,1.198069828836366250e-03
6.415370000000000061e+01,1.929159600000000252e-01,3.911048629931364318e-03,2.695600000000000218e-01,3.722389999999999900e-03,7.664403999999999662e-02,1.200047529720385704e-03
6.447440000000000282e+01,1.946389199999999930e-01,3.931735197867730451e-03,2.729329999999999812e-01,3.740439999999999824e-03,7.829408000000000201e-02,1.211466166490835243e-03
6.479680000000000462e+01,1.870493999999999768e-01,3.885833048654046499e-03,2.662849999999999939e-01,3.690409999999999871e-03,7.923560000000000325e-02,1.216787785076757066e-03
6.512080000000000268e+01,2.010779000000000039e-01,3.982895906451987440e-03,2.815880000000000050e-01,3.789770000000000031e-03,8.051010000000000111e-02,1.225195147203905635e-03
6.544639999999999702e+01,2.032663200000000003e-01,3.995917275325403840e-03,2.845460000000000211e-01,3.802139999999999860e-03,8.127968000000000692e-02,1.229262499079834380e-03
6.577360000000000184e+01,1.923000399999999777e-01,3.940598305055211144e-03,2.757879999999999776e-01,3.738979999999999821e-03,8.348795999999999995e-02,1.244324540224133000e-03
6.610250000000000625e+01,1.968515200000000021e-01,3.973571617663887445e-03,2.814550000000000107e-01,3.771410000000000214e-03,8.460347999999999480e-02,1.251294534713549931e-03
6.643300000000000693e+01,1.986781599999999925e-01,3.987238110186548841e-03,2.842439999999999967e-01,3.783980000000000156e-03,8.556584000000000412e-02,1.256806710247840644e-03
6.676519999999999300e+01,2.064710999999999907e-01,4.047320624879131162e-03,2.939309999999999978e-01,3.843229999999999997e-03,8.745990000000000708e-02,1.269010404871449404e-03
6.709900000000000375e+01,2.015934000000000337e-01,4.030659609445084481e-03,2.912270000000000136e-01,3.821029999999999999e-03,8.963359999999999383e-02,1.282944514120544369e-03
6.743449999999999989e+01,2.063175800000000282e-01,4.068262576171799080e-03,2.975380000000000247e-01,3.857450000000000115e-03,9.122041999999999651e-02,1.292609719203750927e-03
6.777160000000000650e+01,2.053079199999999771e-01,4.079163272152758028e-03,2.990959999999999730e-01,3.863419999999999788e-03,9.378807999999999589e-02,1.309029756911583723e-03
6.811050000000000182e+01,2.050522799999999757e-01,4.088650883304173825e-03,3.009549999999999725e-01,3.868930000000000025e-03,9.590271999999999686e-02,1.322288433226276056e-03
6.845109999999999673e+01,2.138028000000000151e-01,4.155811220178799378e-03,3.118070000000000008e-01,3.935420000000000237e-03,9.800419999999999965e-02,1.335378718328250093e-03
6.879330000000000211e+01,2.179965600000000059e-01,4.187744634266994150e-03,3.173900000000000055e-01,3.966230000000000276e-03,9.939343999999999957e-02,1.343958596435173083e-03
6.913729999999999620e+01,2.170535400000000170e-01,4.187710477921318709e-03,3.175769999999999982e-01,3.963969999999999820e-03,1.005234599999999812e-01,1.350503937792111838e-03
6.948300000000000409e+01,2.239030399999999699e-01,4.239587456803786160e-03,3.263269999999999782e-01,4.014829999999999614e-03,1.024239600000000083e-01,1.362072639394830680e-03
6.983039999999999736e+01,2.177290000000000059e-01,4.219861911713699426e-03,3.228300000000000058e-01,3.988359999999999822e-03,1.051010000000000000e-01,1.378484335903748959e-03
7.017950000000000443e+01,2.106834000000000207e-01,4.204241822387004036e-03,3.195950000000000180e-01,3.963569999999999593e-03,1.089115999999999973e-01,1.402056402648623693e-03
7.053040000000000020e+01,2.174104000000000037e-01,4.262591739548605117e-03,3.291600000000000081e-01,4.019430000000000051e-03,1.117496000000000045e-01,1.419109161822303383e-03
7.088309999999999889e+01,2.193150000000000099e-01,4.313266202001448182e-03,3.366330000000000156e-01,4.061109999999999720e-03,1.173180000000000056e-01,1.453152055783564489e-03
7.123749999999999716e+01,2.162297999999999998e-01,4.338516773823515409e-03,3.396210000000000062e-01,4.074750000000000247e-03,1.233912000000000064e-01,1.489677896139967586e-03
7.159369999999999834e+01,2.123461999999999850e-01,4.381505736547654413e-03,3.444479999999999764e-01,4.101600000000000384e-03,1.321017999999999915e-01,1.540931523267662865e-03
7.195170000000000243e+01,2.195228000000000179e-01,4.469755121832067607e-03,3.585450000000000026e-01,4.180940000000000177e-03,1.390221999999999847e-01,1.580649096271528452e-03
7.231140000000000612e+01,2.249848000000000126e-01,4.563125830412306100e-03,3.730180000000000162e-01,4.261710000000000151e-03,1.480332000000000037e-01,1.630933849080335981e-03
7.267300000000000182e+01,2.318039999999999823e-01,4.656398656946803341e-03,3.881049999999999778e-01,4.344449999999999701e-03,1.563009999999999955e-01,1.675649918663203427e-03
7.303629999999999711e+01,2.353552000000000421e-01,4.726296495220755518e-03,3.991160000000000263e-01,4.404250000000000179e-03,1.637607999999999842e-01,1.714777098702918679e-03
7.340149999999999864e+01,2.368603999999999987e-01,4.757028527439792313e-03,4.043039999999999967e-01,4.430049999999999613e-03,1.674435999999999980e-01,1.733198606154528294e-03
7.376850000000000307e+01,2.341659999999999853e-01,4.739220895098264323e-03,4.020039999999999725e-01,4.410759999999999681e-03,1.678379999999999872e-01,1.733612100481534812e-03
7.413739999999999952e+01,2.331550000000000011e-01,4.701262332638331265e-03,3.970029999999999948e-01,4.378950000000000377e-03,1.638479999999999936e-01,1.710749665434426001e-03
7.450809999999999889e+01,2.275535999999999948e-01,4.593341489355652271e-03,3.813719999999999888e-01,4.284890000000000400e-03,1.538183999999999940e-01,1.654842507834506770e-03
7.488060000000000116e+01,2.262528000000000039e-01,4.474471301847403673e-03,3.661139999999999950e-01,4.188270000000000014e-03,1.398611999999999911e-01,1.574575446955781780e-03
7.525499999999999545e+01,2.232995999999999870e-01,4.352218388766813592e-03,3.500429999999999930e-01,4.087300000000000308e-03,1.267434000000000061e-01,1.495253695370788935e-03
7.563129999999999598e+01,2.207931999999999950e-01,4.248406655490502733e-03,3.368329999999999935e-01,4.001529999999999671e-03,1.160397999999999985e-01,1.427135862318651112e-03
7.600939999999999941e+01,2.303500599999999676e-01,4.226545396836050086e-03,3.379429999999999934e-01,3.997989999999999877e-03,1.075929400000000119e-01,1.371044109945409196e-03
7.638949999999999818e+01,2.241750599999999816e-01,4.153919042224583913e-03,3.276499999999999968e-01,3.931340000000000182e-03,1.034749400000000152e-01,1.341495141160041612e-03
7.677139999999999986e+01,2.256353800000000243e-01,4.138921564491890130e-03,3.270540000000000114e-01,3.920919999999999614e-03,1.014186199999999871e-01,1.325540671053136721e-03
7.715529999999999688e+01,2.261834599999999751e-01,4.118994052036492257e-03,3.253449999999999953e-01,3.905749999999999934e-03,9.916154000000002022e-02,1.308139494936224213e-03
7.754110000000000014e+01,2.243574799999999980e-01,4.090179122431681323e-03,3.221390000000000087e-01,3.879159999999999987e-03,9.778152000000001065e-02,1.296797188451609710e-03
7.792879999999999541e+01,2.217568600000000001e-01,4.064002561132066746e-03,3.186849999999999961e-01,3.854240000000000096e-03,9.692814000000000985e-02,1.288778817054346245e-03
7.831839999999999691e+01,2.170486600000000044e-01,4.028829615999663868e-03,3.138480000000000159e-01,3.818199999999999893e-03,9.679933999999999761e-02,1.285619241749282483e-03
7.870999999999999375e+01,2.292652600000000263e-01,4.089741329184524293e-03,3.256760000000000210e-01,3.883900000000000026e-03,9.641074000000000865e-02,1.281134235605309313e-03
7.910349999999999682e+01,2.337846600000000330e-01,4.107855029348041892e-03,3.300660000000000260e-01,3.903910000000000019e-03,9.628134000000000692e-02,1.278264313058922845e-03
7.949909999999999854e+01,2.274586799999999964e-01,4.066500305005767840e-03,3.237160000000000037e-01,3.861199999999999962e-03,9.625732000000000732e-02,1.275758319828642186e-03
7.989660000000000650e+01,2.304758800000000218e-01,4.084408888529648604e-03,3.277300000000000213e-01,3.878630000000000098e-03,9.725411999999999946e-02,1.280088001584265894e-03
8.029600000000000648e+01,2.327494799999999808e-01,4.093254962083354119e-03,3.300179999999999780e-01,3.888630000000000125e-03,9.726851999999999721e-02,1.278003485018722445e-03
8.069750000000000512e+01,2.266894999999999882e-01,4.058504356015403026e-03,3.247099999999999986e-01,3.851040000000000019e-03,9.802049999999999652e-02,1.280995131214791253e-03
8.110099999999999909e+01,2.327876600000000074e-01,4.081492248535577468e-03,3.301689999999999903e-01,3.877300000000000191e-03,9.738133999999999679e-02,1.274803390666968744e-03
8.150650000000000261e+01,2.280128399999999944e-01,4.044581346116802104e-03,3.247369999999999979e-01,3.840430000000000146e-03,9.672415999999998959e-02,1.268753593278064331e-03
8.191410000000000480e+01,2.309425799999999807e-01,4.041307333921536314e-03,3.258659999999999890e-01,3.841439999999999785e-03,9.492342000000000835e-02,1.255190700096204528e-03
8.232359999999999900e+01,2.357741600000000382e-01,4.052348611238178883e-03,3.294290000000000274e-01,3.856270000000000184e-03,9.365483999999998921e-02,1.245275453104251933e-03
8.273520000000000607e+01,2.350627800000000267e-01,4.024480422813856394e-03,3.262780000000000125e-01,3.832809999999999863e-03,9.121521999999999963e-02,1.227196063191208402e-03
8.314889999999999759e+01,2.332315399999999872e-01,4.000947325330839882e-03,3.233449999999999935e-01,3.810959999999999955e-03,9.011346000000000633e-02,1.218262442362892531e-03
8.356470000000000198e+01,2.407767600000000063e-01,4.024989556351171380e-03,3.291459999999999941e-01,3.840469999999999908e-03,8.836923999999998780e-02,1.204712043534055411e-03
8.398250000000000171e+01,2.409908000000000050e-01,4.016226548151386605e-03,3.288800000000000057e-01,3.832850000000000059e-03,8.788920000000000066e-02,1.199723536309928304e-03
8.440240000000000009e+01,2.398589799999999717e-01,3.992968673145333262e-03,3.261589999999999767e-01,3.812470000000000095e-03,8.630002000000000506e-02,1.186958855150421722e-03
8.482439999999999714e+01,2.395290599999999881e-01,3.987970370060439293e-03,3.258269999999999778e-01,3.807689999999999859e-03,8.629793999999998966e-02,1.185497590204214694e-03
8.524850000000000705e+01,2.360736200000000118e-01,3.958223596952046251e-03,3.217720000000000025e-01,3.778269999999999806e-03,8.569837999999999067e-02,1.179919425455823326e-03
8.567480000000000473e+01,2.465284199999999981e-01,4.013328779687505565e-03,3.325609999999999955e-01,3.835690000000000106e-03,8.603257999999999739e-02,1.180800625748479153e-03
8.610309999999999775e+01,2.430956799999999807e-01,3.984991724367316357e-03,3.282499999999999862e-01,3.808359999999999784e-03,8.515432000000000556e-02,1.173266019995465419e-03
8.653369999999999607e+01,2.397116800000000103e-01,3.958854739663479269e-03,3.246600000000000041e-01,3.781899999999999932e-03,8.494831999999999383e-02,1.170368847738181926e-03
8.696630000000000393e+01,2.466708600000000196e-01,3.991951251069080983e-03,3.315790000000000126e-01,3.817089999999999980e-03,8.490813999999999306e-02,1.168545558723321515e-03
8.740120000000000289e+01,2.423940800000000118e-01,3.969116715279105874e-03,3.277550000000000185e-01,3.792690000000000037e-03,8.536092000000000679e-02,1.170209410066420670e-03
8.783820000000000050e+01,2.405312800000000140e-01,3.950635585156899582e-03,3.257200000000000095e-01,3.774130000000000106e-03,8.518871999999999556e-02,1.167674727742276652e-03
8.827740000000000009e+01,2.434278400000000342e-01,3.964714696838600970e-03,3.288150000000000239e-01,3.788929999999999815e-03,8.538715999999998973e-02,1.167463953374150336e-03
8.871869999999999834e+01,2.456304200000000160e-01,3.966036240560593187e-03,3.303530000000000078e-01,3.792170000000000089e-03,8.472258000000000566e-02,1.161417303358271754e-03
8.916230000000000189e+01,2.483132200000000012e-01,3.978232518875688024e-03,3.335029999999999939e-01,3.804450000000000019e-03,8.518977999999999273e-02,1.162967829193911878e-03
8.960819999999999652e+01,2.444180999999999715e-01,3.950784796030277005e-03,3.295429999999999748e-01,3.776509999999999850e-03,8.512490000000000334e-02,1.160462289108956735e-03
9.005620000000000402e+01,2.469192799999999910e-01,3.958555224288781010e-03,3.320549999999999891e-01,3.785170000000000028e-03,8.513571999999999806e-02,1.158726686861055993e-03
9.050650000000000261e+01,2.425418200000000191e-01,3.930096502509321590e-03,3.277120000000000033e-01,3.755740000000000033e-03,8.517017999999999811e-02,1.157616331707531001e-03
9.095900000000000318e+01,2.428022999999999987e-01,3.931858340987884511e-03,3.288869999999999849e-01,3.756289999999999803e-03,8.608469999999998623e-02,1.161806976005911327e-03
9.141379999999999484e+01,2.431940599999999897e-01,3.922516039396142622e-03,3.287379999999999747e-01,3.748200000000000143e-03,8.554393999999999887e-02,1.156342872732824033e-03
9.187090000000000600e+01,2.392450599999999816e-01,3.889045326677486973e-03,3.236939999999999817e-01,3.715990000000000178e-03,8.444894000000000012e-02,1.147210474521567509e-03
9.233020000000000493e+01,2.247357599999999789e-01,3.807807345359793573e-03,3.100029999999999730e-01,3.629739999999999790e-03,8.526723999999999415e-02,1.150818974372598731e-03
9.279189999999999827e+01,2.301380600000000054e-01,3.836819758812759582e-03,3.158610000000000029e-01,3.659840000000000142e-03,8.572293999999999747e-02,1.151849398148907435e-03
9.325579999999999359e+01,2.303636000000000017e-01,3.833329188287382117e-03,3.161809999999999898e-01,3.656579999999999987e-03,8.581740000000000201e-02,1.150580448893513946e-03
9.372209999999999752e+01,2.273507200000000061e-01,3.816144114943250277e-03,3.139460000000000028e-01,3.637560000000000186e-03,8.659527999999999670e-02,1.153738771306572720e-03
9.419070000000000675e+01,2.222157599999999844e-01,3.792779207001641551e-03,3.101829999999999865e-01,3.610690000000000167e-03,8.796724000000000210e-02,1.161073570866204881e-03
9.466169999999999618e+01,2.268318600000000240e-01,3.808065343774447511e-03,3.144680000000000253e-01,3.628010000000000089e-03,8.763614000000000126e-02,1.157110669882531213e-03
9.513500000000000512e+01,2.253108799999999912e-01,3.802926358970943992e-03,3.137909999999999866e-01,3.621570000000000171e-03,8.848012000000000932e-02,1.160379087564059747e-03
9.561069999999999425e+01,2.210039000000000309e-01,3.782716496529445367e-03,3.107210000000000250e-01,3.598300000000000023e-03,8.971710000000000795e-02,1.166696705710614564e-03
9.608870000000000289e+01,2.242309999999999859e-01,3.793000962279867265e-03,3.137969999999999926e-01,3.609999999999999928e-03,8.956600000000000672e-02,1.163939989800161657e-03
9.656919999999999504e+01,2.258874999999999911e-01,3.805125593156683406e-03,3.166740000000000110e-01,3.620760000000000211e-03,9.078650000000001996e-02,1.170075981334545764e-03
9.705200000000000671e+01,2.229057600000000083e-01,3.792704117293623205e-03,3.148440000000000127e-01,3.606090000000000163e-03,9.193824000000001828e-02,1.175040183668626774e-03
9.753730000000000189e+01,2.217597400000000107e-01,3.786750594771195154e-03,3.145410000000000150e-01,3.598669999999999994e-03,9.278126000000000428e-02,1.178581477073180599e-03
9.802490000000000236e+01,2.272906600000000055e-01,3.819259205786379018e-03,3.213300000000000045e-01,3.630910000000000214e-03,9.403933999999999904e-02,1.184581551808063741e-03
9.851510000000000389e+01,2.196683199999999725e-01,3.790897455755826845e-03,3.159069999999999934e-01,3.597110000000000151e-03,9.623868000000000700e-02,1.196537992692250354e-03
9.900759999999999650e+01,2.176079200000000102e-01,3.783763842925718258e-03,3.154480000000000062e-01,3.586989999999999970e-03,9.784008000000000982e-02,1.204313729445944661e-03
9.950270000000000437e+01,2.149671400000000288e-01,3.764911663911916888e-03,3.129970000000000252e-01,3.567229999999999793e-03,9.802985999999999644e-02,1.203922740112504117e-03
1.000000000000000000e+02,2.125524599999999986e-01,3.759940531088756550e-03,3.122590000000000088e-01,3.559080000000000056e-03,9.970654000000001016e-02,1.212477773373186237e-03
1.005000000000000000e+02,2.190721599999999603e-01,3.798758800204087623e-03,3.200779999999999736e-01,3.597930000000000052e-03,1.010058400000000134e-01,1.218797824591100892e-03
1.010030000000000001e+02,2.149531000000000081e-01,3.781581988917865570e-03,3.173400000000000110e-01,3.577530000000000206e-03,1.023869000000000168e-01,1.225414802427324864e-03
1.015079999999999956e+02,2.100974999999999926e-01,3.756964201209801214e-03,3.133730000000000127e-01,3.550119999999999925e-03,1.032755000000000062e-01,1.229401478269812401e-03
1.020150000000000006e+02,2.118070000000000230e-01,3.776186420822467971e-03,3.171590000000000242e-01,3.566600000000000065e-03,1.053520000000000012e-01,1.240543560220277054e-03
1.025250000000000057e+02,2.117124000000000228e-01,3.770402005985568766e-03,3.171470000000000122e-01,3.560660000000000214e-03,1.054346000000000033e-01,1.240012762490773617e-03
1.030379999999999967e+02,2.079854000000000147e-01,3.747968007486190013e-03,3.134290000000000131e-01,3.537250000000000030e-03,1.054435999999999984e-01,1.239002269021328333e-03
1.035529999999999973e+02,2.060203999999999924e-01,3.729285129300252515e-03,3.108690000000000064e-01,3.518999999999999993e-03,1.048486000000000001e-01,1.234587613586010223e-03
1.040709999999999980e+02,2.020081999999999989e-01,3.710211632737410361e-03,3.078569999999999918e-01,3.497099999999999948e-03,1.058487999999999929e-01,1.239339319839405287e-03
1.045909999999999940e+02,2.000108000000000164e-01,3.704299816160673206e-03,3.069970000000000199e-01,3.488799999999999801e-03,1.069862000000000035e-01,1.245034813974291946e-03
1.051140000000000043e+02,1.950475999999999877e-01,3.678460657490304105e-03,3.026039999999999841e-01,3.460630000000000130e-03,1.075563999999999965e-01,1.247041623926001958e-03
1.056400000000000006e+02,1.949217999999999784e-01,3.678083570160417103e-03,3.031539999999999790e-01,3.459279999999999907e-03,1.082322000000000006e-01,1.249672209294901571e-03
1.061680000000000064e+02,1.932067999999999564e-01,3.682007367987196432e-03,3.037309999999999732e-01,3.459119999999999990e-03,1.105242000000000030e-01,1.261612889721724310e-03
1.066989999999999981e+02,1.929749999999999521e-01,3.679424868246123151e-03,3.038969999999999727e-01,3.455979999999999989e-03,1.109220000000000067e-01,1.262683491880684959e-03
1.072319999999999993e+02,1.892563999999999913e-01,3.659662162152129555e-03,3.005979999999999763e-01,3.434609999999999833e-03,1.113415999999999989e-01,1.263558977249578264e-03
1.077680000000000007e+02,1.892442000000000291e-01,3.659324862237841713e-03,3.012310000000000265e-01,3.433489999999999980e-03,1.119867999999999836e-01,1.265624299423806194e-03
1.083070000000000022e+02,1.883562000000000292e-01,3.659192347329120673e-03,3.015780000000000127e-01,3.431379999999999934e-03,1.132217999999999974e-01,1.270952371393987285e-03
1.088490000000000038e+02,1.825571999999999750e-01,3.631494915958440040e-03,2.966829999999999745e-01,3.400649999999999853e-03,1.141258000000000133e-01,1.274101605890205335e-03
1.093930000000000007e+02,1.760078000000000198e-01,3.596574877924273161e-03,2.912290000000000156e-01,3.361740000000000214e-03,1.152211999999999958e-01,1.278301617348581677e-03
1.099399999999999977e+02,1.801265999999999701e-01,3.628677981699671064e-03,2.974029999999999729e-01,3.392689999999999855e-03,1.172763999999999890e-01,1.287228984591319569e-03
1.104899999999999949e+02,1.751585999999999976e-01,3.617827461652642004e-03,2.952380000000000004e-01,3.376019999999999976e-03,1.200793999999999889e-01,1.300447808213770580e-03
1.110420000000000016e+02,1.726950000000000152e-01,3.614283943120683799e-03,2.948810000000000042e-01,3.368700000000000080e-03,1.221859999999999891e-01,1.309545238432028962e-03
1.115969999999999942e+02,1.793801999999999897e-01,3.649924141444586215e-03,3.022320000000000007e-01,3.406150000000000150e-03,1.228517999999999971e-01,1.311521412634959576e-03
1.121550000000000011e+02,1.700255999999999712e-01,3.602479859895402724e-03,2.937449999999999783e-01,3.354000000000000210e-03,1.237194000000000071e-01,1.314741473047838444e-03
1.127159999999999940e+02,1.730276000000000314e-01,3.618931597869183125e-03,2.970630000000000215e-01,3.371299999999999818e-03,1.240353999999999901e-01,1.315675575533725803e-03
1.132800000000000011e+02,1.713742000000000321e-01,3.607938031532138216e-03,2.953930000000000167e-01,3.359829999999999848e-03,1.240187999999999846e-01,1.314822881789026341e-03
1.138460000000000036e+02,1.674346000000000168e-01,3.579473360129392136e-03,2.908250000000000002e-01,3.330769999999999825e-03,1.233903999999999834e-01,1.310954134581374282e-03
1.144150000000000063e+02,1.592218000000000244e-01,3.540946700687260928e-03,2.835940000000000127e-01,3.287609999999999838e-03,1.243722000000000022e-01,1.315265762121100527e-03
1.149869999999999948e+02,1.651853999999999822e-01,3.577316567578552823e-03,2.903859999999999775e-01,3.325419999999999938e-03,1.252005999999999952e-01,1.318626424834570127e-03
1.155619999999999976e+02,1.589897999999999867e-01,3.547585057129427292e-03,2.851899999999999991e-01,3.291650000000000131e-03,1.262002000000000124e-01,1.323026838377816105e-03
1.161400000000000006e+02,1.641688000000000314e-01,3.583427333758562594e-03,2.915280000000000094e-01,3.328199999999999908e-03,1.273591999999999780e-01,1.328170251258474575e-03
1.167210000000000036e+02,1.604952000000000045e-01,3.579183612679293254e-03,2.904849999999999932e-01,3.318419999999999877e-03,1.299897999999999887e-01,1.341135353673148086e-03
1.173050000000000068e+02,1.648161999999999683e-01,3.615623003291686902e-03,2.969189999999999885e-01,3.353599999999999984e-03,1.321028000000000202e-01,1.351331470044267067e-03
1.178910000000000053e+02,1.614775999999999989e-01,3.603800486685132618e-03,2.947879999999999945e-01,3.338559999999999965e-03,1.333103999999999956e-01,1.356980130374796497e-03
1.184809999999999945e+02,1.653859999999999775e-01,3.633876363895172535e-03,3.003190000000000026e-01,3.367839999999999983e-03,1.349330000000000251e-01,1.364811768148267278e-03
1.190729999999999933e+02,1.622287999999999786e-01,3.632021533421298486e-03,2.991659999999999875e-01,3.361809999999999798e-03,1.369372000000000089e-01,1.374705038594097907e-03
1.196680000000000064e+02,1.602447999999999928e-01,3.617829224955207597e-03,2.969660000000000077e-01,3.347199999999999828e-03,1.367212000000000149e-01,1.372931338756603692e-03
1.202669999999999959e+02,1.614729999999999777e-01,3.628935740972000137e-03,2.989339999999999775e-01,3.357939999999999797e-03,1.374609999999999999e-01,1.376013651278213150e-03
1.208679999999999950e+02,1.609675999999999607e-01,3.635896078196955428e-03,3.001019999999999799e-01,3.362260000000000162e-03,1.391344000000000192e-01,1.383816455982512118e-03
1.214719999999999942e+02,1.527389999999999859e-01,3.594019397055057616e-03,2.922980000000000023e-01,3.316429999999999986e-03,1.395590000000000164e-01,1.385015336199566958e-03
1.220799999999999983e+02,1.473553999999999697e-01,3.561396585238437232e-03,2.866619999999999724e-01,3.282030000000000017e-03,1.393066000000000026e-01,1.382687497755006115e-03
1.226899999999999977e+02,1.453865999999999770e-01,3.551304192808607974e-03,2.850079999999999836e-01,3.270739999999999845e-03,1.396214000000000066e-01,1.383481594478220764e-03
1.233040000000000020e+02,1.471283999999999648e-01,3.553336171194050944e-03,2.859999999999999765e-01,3.274829999999999842e-03,1.388716000000000117e-01,1.379016467130106350e-03
1.239200000000000017e+02,1.332599999999999896e-01,3.470726804197069113e-03,2.714199999999999946e-01,3.187070000000000181e-03,1.381600000000000050e-01,1.374237739429389838e-03
1.245400000000000063e+02,1.390793999999999919e-01,3.506570682865525930e-03,2.781129999999999991e-01,3.224700000000000049e-03,1.390336000000000072e-01,1.377442508394452177e-03
1.251620000000000061e+02,1.385720000000000007e-01,3.500891358353184265e-03,2.776710000000000012e-01,3.218910000000000174e-03,1.390990000000000004e-01,1.376538671774970570e-03
1.257879999999999967e+02,1.361231999999999998e-01,3.489866672438934284e-03,2.757149999999999879e-01,3.206459999999999953e-03,1.395917999999999881e-01,1.377600689532347761e-03
1.264170000000000016e+02,1.286714000000000191e-01,3.456653063175418091e-03,2.697490000000000165e-01,3.167720000000000171e-03,1.410775999999999974e-01,1.383474033279988996e-03
1.270490000000000066e+02,1.257873999999999937e-01,3.452859360506304025e-03,2.687100000000000044e-01,3.160120000000000203e-03,1.429226000000000107e-01,1.391358813906750681e-03
1.276839999999999975e+02,1.287441999999999753e-01,3.477993911381674526e-03,2.733269999999999866e-01,3.184419999999999872e-03,1.445828000000000113e-01,1.398538848658842154e-03
1.283230000000000075e+02,1.286985999999999963e-01,3.496009624450138742e-03,2.761140000000000261e-01,3.198519999999999835e-03,1.474154000000000297e-01,1.411223973665413781e-03
1.289639999999999986e+02,1.261684000000000139e-01,3.500646834866379207e-03,2.764840000000000075e-01,3.197929999999999870e-03,1.503155999999999937e-01,1.423998587625704059e-03
1.296090000000000089e+02,1.227092000000000183e-01,3.492111045133588273e-03,2.746730000000000005e-01,3.185680000000000196e-03,1.519637999999999822e-01,1.430483306139571781e-03
1.302570000000000050e+02,1.180188000000000070e-01,3.475383331140897113e-03,2.715699999999999781e-01,3.164380000000000057e-03,1.535511999999999710e-01,1.437006789814160908e-03
1.309089999999999918e+02,1.160721999999999865e-01,3.484480910121334069e-03,2.725219999999999865e-01,3.168900000000000102e-03,1.564498000000000000e-01,1.449027260958191772e-03
1.315629999999999882e+02,1.186281999999999615e-01,3.506992598948563498e-03,2.768419999999999770e-01,3.190559999999999837e-03,1.582138000000000155e-01,1.455789811573085729e-03
1.322210000000000036e+02,1.185749999999999860e-01,3.528531331410279543e-03,2.801219999999999821e-01,3.207699999999999961e-03,1.615469999999999962e-01,1.470100019299367452e-03
1.328820000000000050e+02,1.208424000000000165e-01,3.569999989515406161e-03,2.869010000000000171e-01,3.244320000000000190e-03,1.660586000000000007e-01,1.489727378663626648e-03
1.335459999999999923e+02,1.178153999999999868e-01,3.580634318362041230e-03,2.880880000000000107e-01,3.247900000000000179e-03,1.702726000000000239e-01,1.507344589611811503e-03
1.342139999999999986e+02,1.120089999999999975e-01,3.574570538102165261e-03,2.859030000000000182e-01,3.234250000000000146e-03,1.738940000000000208e-01,1.522229111982818361e-03
1.348849999999999909e+02,1.130321999999999716e-01,3.619995714346634346e-03,2.931329999999999769e-01,3.272230000000000104e-03,1.801008000000000053e-01,1.548185970414407350e-03
1.355600000000000023e+02,1.088942000000000243e-01,3.634436295451056419e-03,2.945670000000000233e-01,3.277379999999999877e-03,1.856727999999999990e-01,1.570957517341573222e-03
1.362379999999999995e+02,1.169171999999999711e-01,3.707589813007906073e-03,3.078099999999999725e-01,3.348530000000000170e-03,1.908928000000000014e-01,1.591718901257379703e-03
1.369190000000000111e+02,1.082269999999999899e-01,3.718915892208911073e-03,3.076189999999999758e-01,3.344849999999999907e-03,1.993919999999999859e-01,1.625519575650813441e-03
1.376030000000000086e+02,1.131930000000000436e-01,3.788119730278334280e-03,3.200080000000000147e-01,3.407809999999999832e-03,2.068149999999999711e-01,1.654292022233075973e-03
1.382909999999999968e+02,1.076218000000000174e-01,3.796178505114320909e-03,3.201209999999999889e-01,3.406320000000000008e-03,2.124991999999999714e-01,1.675695467646791783e-03
1.389830000000000041e+02,1.137985999999999998e-01,3.865446563605297228e-03,3.328229999999999800e-01,3.471660000000000110e-03,2.190243999999999802e-01,1.699780568334630353e-03
1.396779999999999973e+02,1.103652000000000244e-01,3.894583504969433962e-03,3.370940000000000047e-01,3.490099999999999886e-03,2.267287999999999804e-01,1.728288942040653083e-03
1.403760000000000048e+02,1.110492000000000146e-01,3.922741556026856057e-03,3.420759999999999912e-01,3.513989999999999822e-03,2.310267999999999766e-01,1.743495223761739894e-03
1.410780000000000030e+02,1.189583999999999919e-01,3.991730632766193367e-03,3.556819999999999982e-01,3.580949999999999845e-03,2.367236000000000062e-01,1.763720653069527147e-03
1.417829999999999870e+02,1.115355999999999848e-01,4.003764169552947137e-03,3.560229999999999784e-01,3.580550000000000052e-03,2.444873999999999936e-01,1.791588463597597585e-03
1.424919999999999902e+02,1.189917999999999809e-01,4.071428427333090121e-03,3.693679999999999741e-01,3.645869999999999840e-03,2.503761999999999932e-01,1.812225532872771506e-03
1.432050000000000125e+02,1.064478000000000368e-01,4.044982920529578696e-03,3.620120000000000005e-01,3.607410000000000130e-03,2.555641999999999636e-01,1.829885220246340758e-03
1.439209999999999923e+02,1.171802000000000676e-01,4.129901905990020043e-03,3.794640000000000235e-01,3.690759999999999961e-03,2.622837999999999559e-01,1.853208130648039114e-03
1.446399999999999864e+02,1.116152000000000255e-01,4.139911200256836746e-03,3.798900000000000055e-01,3.691610000000000117e-03,2.682747999999999799e-01,1.873734333866997146e-03
1.453640000000000043e+02,1.148461999999999539e-01,4.176959214518619068e-03,3.871769999999999934e-01,3.726339999999999861e-03,2.723308000000000395e-01,1.887161488625708301e-03
1.460900000000000034e+02,1.055046000000000039e-01,4.169124613219901687e-03,3.835689999999999933e-01,3.707859999999999889e-03,2.780643999999999894e-01,1.906141196489913618e-03
1.468209999999999980e+02,1.064836000000000116e-01,4.199577560157211759e-03,3.897329999999999961e-01,3.733450000000000137e-03,2.832493999999999845e-01,1.922967181538988088e-03
1.475550000000000068e+02,1.061857999999999969e-01,4.216770177416834589e-03,3.927720000000000100e-01,3.747490000000000022e-03,2.865862000000000132e-01,1.933253586328498351e-03
1.482930000000000064e+02,1.011121999999999854e-01,4.201966935409177754e-03,3.891970000000000152e-01,3.728700000000000157e-03,2.880848000000000297e-01,1.937349332534532564e-03
1.490339999999999918e+02,9.665580000000001393e-02,4.190250500919008060e-03,3.861530000000000240e-01,3.713499999999999787e-03,2.894972000000000101e-01,1.941163828854226229e-03
1.497789999999999964e+02,1.080161999999999511e-01,4.241315806981602043e-03,3.983369999999999966e-01,3.770009999999999854e-03,2.903208000000000455e-01,1.943137765175696405e-03
1.505279999999999916e+02,1.059605999999999604e-01,4.231865424743561088e-03,3.964969999999999883e-01,3.759329999999999963e-03,2.905364000000000280e-01,1.943224877424123715e-03
1.512810000000000059e+02,1.044675999999999938e-01,4.228017171625962287e-03,3.956830000000000069e-01,3.754319999999999793e-03,2.912154000000000131e-01,1.944533502196349418e-03
1.520370000000000061e+02,9.351319999999996302e-02,4.186387762827040865e-03,3.860629999999999895e-01,3.705509999999999967e-03,2.925498000000000265e-01,1.948085763165472231e-03
1.527969999999999970e+02,9.723820000000005237e-02,4.217313482713373057e-03,3.926540000000000030e-01,3.735880000000000017e-03,2.954157999999999507e-01,1.956766117111597737e-03
1.535610000000000070e+02,9.708500000000003238e-02,4.221926976072419048e-03,3.937220000000000164e-01,3.739389999999999988e-03,2.966369999999999840e-01,1.960007606920952886e-03
1.543290000000000077e+02,1.014924000000000381e-01,4.240812005379158978e-03,3.983110000000000261e-01,3.760750000000000204e-03,2.968185999999999880e-01,1.959909666915289183e-03
1.551009999999999991e+02,9.032160000000000188e-02,4.201570316272239258e-03,3.889690000000000092e-01,3.713580000000000179e-03,2.986474000000000073e-01,1.965328650933476952e-03
1.558760000000000048e+02,1.050686000000000120e-01,4.260021835928074277e-03,4.035619999999999763e-01,3.780139999999999976e-03,2.984933999999999643e-01,1.964262615584789779e-03
1.566560000000000059e+02,9.984300000000001507e-02,4.229116448091255719e-03,3.968059999999999921e-01,3.748239999999999905e-03,2.969629999999999770e-01,1.958602265370894789e-03
1.574389999999999930e+02,9.522560000000002134e-02,4.203718528929357295e-03,3.914340000000000042e-01,3.721209999999999969e-03,2.962083999999999828e-01,1.955465572789252642e-03
1.582259999999999991e+02,8.989679999999994342e-02,4.174988718386673202e-03,3.853519999999999723e-01,3.690419999999999812e-03,2.954552000000000289e-01,1.952263051501001035e-03
1.590169999999999959e+02,9.009359999999999591e-02,4.156387134918978869e-03,3.823110000000000119e-01,3.675369999999999852e-03,2.922174000000000160e-01,1.940930029243712702e-03
1.598120000000000118e+02,9.327180000000001581e-02,4.166323071824363719e-03,3.852240000000000109e-01,3.687460000000000043e-03,2.919521999999999951e-01,1.939300566497106958e-03
1.606119999999999948e+02,9.650959999999997319e-02,4.166727659652836105e-03,3.861519999999999953e-01,3.692369999999999940e-03,2.896424000000000221e-01,1.930808942597894706e-03
1.614149999999999920e+02,9.635139999999997595e-02,4.158302296911084266e-03,3.849090000000000011e-01,3.684999999999999908e-03,2.885576000000000252e-01,1.926720787373199014e-03
1.622220000000000084e+02,9.655640000000004219e-02,4.147512334283768969e-03,3.832650000000000223e-01,3.676280000000000086e-03,2.867085999999999801e-01,1.920110393866977490e-03
1.630329999999999870e+02,8.850819999999998133e-02,4.113457387840549657e-03,3.754839999999999844e-01,3.637459999999999912e-03,2.869758000000000031e-01,1.920785368014865050e-03
1.638480000000000132e+02,9.155320000000005676e-02,4.120816736611323389e-03,3.774700000000000277e-01,3.647679999999999933e-03,2.859167999999999710e-01,1.917175316536283858e-03
1.646670000000000016e+02,8.388600000000007162e-02,4.096717076992746967e-03,3.713870000000000227e-01,3.617539999999999818e-03,2.875009999999999510e-01,1.922627149845752229e-03
1.654910000000000139e+02,8.672900000000000054e-02,4.110939922187624961e-03,3.745470000000000188e-01,3.633149999999999921e-03,2.878180000000000183e-01,1.923550914672133173e-03
1.663180000000000121e+02,9.037820000000001963e-02,4.126106140193681361e-03,3.780120000000000147e-01,3.650469999999999843e-03,2.876337999999999950e-01,1.923231826703166933e-03
1.671500000000000057e+02,8.726439999999996422e-02,4.102436748436714617e-03,3.731249999999999845e-01,3.626750000000000199e-03,2.858606000000000202e-01,1.917464918172950882e-03
1.679850000000000136e+02,8.884900000000006681e-02,4.104222675950221395e-03,3.737300000000000066e-01,3.630299999999999933e-03,2.848809999999999398e-01,1.914566709149618292e-03
1.688249999999999886e+02,8.856279999999999708e-02,4.093688443007845526e-03,3.717469999999999941e-01,3.621210000000000141e-03,2.831841999999999970e-01,1.909220575081884124e-03
1.696690000000000111e+02,9.511119999999995134e-02,4.110435764908144593e-03,3.761950000000000016e-01,3.643700000000000151e-03,2.810838000000000503e-01,1.902401768143627660e-03
1.705180000000000007e+02,9.052779999999999161e-02,4.085431536497460651e-03,3.708020000000000205e-01,3.616890000000000209e-03,2.802742000000000289e-01,1.899699336028730801e-03
1.713700000000000045e+02,8.900580000000002379e-02,4.064331269115252672e-03,3.666730000000000267e-01,3.597509999999999944e-03,2.776672000000000029e-01,1.891219306428527274e-03
1.722270000000000039e+02,8.220019999999994553e-02,4.015267333468097201e-03,3.568419999999999925e-01,3.547520000000000187e-03,2.746418000000000470e-01,1.880817271511509795e-03
1.730879999999999939e+02,8.167760000000001686e-02,3.989046373360430678e-03,3.521940000000000071e-01,3.525350000000000011e-03,2.705163999999999902e-01,1.866654318913922540e-03
1.739540000000000077e+02,8.549780000000001268e-02,3.979610399619540329e-03,3.514929999999999999e-01,3.522869999999999994e-03,2.659951999999999872e-01,1.851130977499971684e-03
1.748230000000000075e+02,8.391999999999999460e-02,3.949075145226790470e-03,3.461659999999999737e-01,3.495209999999999897e-03,2.622459999999999791e-01,1.838124467643037583e-03
1.756980000000000075e+02,8.668139999999996403e-02,3.948782260384079389e-03,3.467299999999999827e-01,3.499110000000000154e-03,2.600486000000000186e-01,1.830057525823710046e-03
1.765759999999999934e+02,8.615300000000003511e-02,3.932043584282860459e-03,3.441469999999999807e-01,3.484019999999999999e-03,2.579939999999999456e-01,1.822792195588954266e-03
1.774590000000000032e+02,7.320999999999999730e-02,3.865565613037760806e-03,3.298639999999999906e-01,3.411570000000000054e-03,2.566539999999999933e-01,1.817632428132816974e-03
1.783460000000000036e+02,7.768380000000002505e-02,3.876244994491447136e-03,3.330339999999999967e-01,3.426259999999999983e-03,2.553501999999999716e-01,1.812737617450468170e-03
1.792379999999999995e+02,7.787000000000005029e-02,3.871904465730010778e-03,3.321959999999999913e-01,3.423450000000000191e-03,2.543259999999999410e-01,1.808765957563332385e-03
1.801339999999999861e+02,7.620820000000000372e-02,3.870373372665743186e-03,3.316950000000000176e-01,3.419629999999999892e-03,2.554868000000000139e-01,1.812710872406297523e-03
1.810349999999999966e+02,8.027760000000006002e-02,3.884782374824103431e-03,3.353360000000000229e-01,3.436970000000000129e-03,2.550583999999999629e-01,1.810737783016635669e-03
1.819399999999999977e+02,7.347959999999997827e-02,3.850579662214508730e-03,3.281279999999999752e-01,3.399230000000000047e-03,2.546483999999999970e-01,1.808922093999628528e-03
1.828499999999999943e+02,6.797100000000005915e-02,3.831746745522726042e-03,3.237380000000000257e-01,3.375980000000000213e-03,2.557669999999999666e-01,1.812468527016124556e-03
1.837640000000000100e+02,6.930420000000003800e-02,3.845041150126224817e-03,3.262800000000000145e-01,3.389070000000000103e-03,2.569757999999999765e-01,1.816189962879434126e-03
1.846829999999999927e+02,6.704440000000000399e-02,3.829985235211749543e-03,3.234739999999999838e-01,3.373409999999999864e-03,2.564295999999999798e-01,1.813530224131927908e-03
1.856059999999999945e+02,7.047540000000002136e-02,3.846338042090424823e-03,3.274150000000000116e-01,3.391180000000000149e-03,2.569395999999999902e-01,1.814997118904600627e-03
1.865339999999999918e+02,6.968119999999999870e-02,3.858505613580470207e-03,3.291720000000000201e-01,3.400419999999999918e-03,2.594908000000000214e-01,1.823515668600629667e-03
1.874670000000000130e+02,6.625760000000002758e-02,3.858384997819165260e-03,3.282039999999999957e-01,3.395749999999999897e-03,2.619463999999999682e-01,1.831943429502122826e-03
1.884039999999999964e+02,6.984439999999997317e-02,3.893169901331818353e-03,3.350190000000000112e-01,3.429339999999999906e-03,2.651746000000000381e-01,1.842932186770853591e-03
1.893460000000000036e+02,6.989320000000004418e-02,3.909429309146797427e-03,3.374770000000000270e-01,3.443310000000000207e-03,2.675837999999999828e-01,1.851284356093358275e-03
1.902930000000000064e+02,6.926100000000001700e-02,3.921175237848979062e-03,3.393010000000000193e-01,3.452199999999999887e-03,2.700400000000000023e-01,1.859551130224710875e-03
1.912439999999999998e+02,6.543860000000001342e-02,3.903784173343603347e-03,3.356870000000000132e-01,3.431889999999999941e-03,2.702483999999999997e-01,1.860554191618185235e-03
1.922009999999999934e+02,6.841159999999996133e-02,3.905149640160796888e-03,3.365009999999999946e-01,3.437470000000000196e-03,2.680894000000000332e-01,1.853103804741655300e-03
1.931620000000000061e+02,7.191560000000002395e-02,3.892294345095704752e-03,3.353220000000000089e-01,3.431350000000000112e-03,2.634063999999999850e-01,1.837332971010970529e-03
1.941279999999999859e+02,6.760599999999999943e-02,3.831485631569561331e-03,3.243289999999999784e-01,3.374719999999999890e-03,2.567229999999999790e-01,1.814262127291423141e-03
1.950980000000000132e+02,6.853940000000000032e-02,3.783583748899976406e-03,3.169529999999999847e-01,3.336169999999999847e-03,2.484135999999999844e-01,1.784790104197129298e-03
1.960740000000000123e+02,6.294899999999997720e-02,3.705843528941824699e-03,3.032969999999999833e-01,3.263739999999999784e-03,2.403480000000000061e-01,1.755356793760174576e-03
1.970540000000000020e+02,6.459039999999999226e-02,3.658300746406724802e-03,2.962960000000000038e-01,3.227090000000000167e-03,2.317056000000000116e-01,1.723094449837268881e-03
1.980389999999999873e+02,6.437639999999994478e-02,3.605495256521078912e-03,2.884539999999999882e-01,3.182790000000000011e-03,2.240776000000000434e-01,1.693943287331662424e-03
1.990289999999999964e+02,6.818039999999997436e-02,3.592464976051402102e-03,2.877129999999999965e-01,3.177310000000000030e-03,2.195326000000000222e-01,1.676456312599883909e-03
2.000250000000000057e+02,6.985200000000002518e-02,3.580573166027473109e-03,2.863260000000000249e-01,3.169990000000000134e-03,2.164739999999999998e-01,1.664832603349658199e-03
2.010250000000000057e+02,6.778059999999996865e-02,3.547597499570096652e-03,2.810329999999999773e-01,3.139250000000000113e-03,2.132524000000000086e-01,1.652439849572746259e-03
2.020300000000000011e+02,6.643279999999998631e-02,3.528714182705649290e-03,2.775610000000000022e-01,3.122139999999999811e-03,2.111282000000000159e-01,1.644404330944187337e-03
2.030399999999999920e+02,6.077819999999997669e-02,3.493371642939811957e-03,2.710719999999999796e-01,3.083690000000000042e-03,2.102938000000000029e-01,1.641493655058099939e-03
2.040550000000000068e+02,6.214619999999992928e-02,3.488997575577260091e-03,2.708269999999999844e-01,3.082189999999999843e-03,2.086808000000000551e-01,1.634995072250678295e-03
2.050749999999999886e+02,6.462399999999998701e-02,3.485977028497462549e-03,2.711919999999999886e-01,3.083279999999999875e-03,2.065680000000000016e-01,1.626474803005567571e-03
2.061009999999999991e+02,5.808880000000005150e-02,3.438495782327498970e-03,2.623840000000000061e-01,3.034339999999999954e-03,2.042951999999999546e-01,1.617415843091689429e-03
2.071310000000000002e+02,6.630539999999995882e-02,3.460617636866575135e-03,2.676299999999999790e-01,3.065609999999999863e-03,2.013246000000000202e-01,1.605587044196607862e-03
2.081670000000000016e+02,6.344099999999999739e-02,3.423271863900382520e-03,2.616890000000000049e-01,3.029979999999999826e-03,1.982480000000000075e-01,1.593113760461568450e-03
2.092079999999999984e+02,6.678400000000001002e-02,3.420233075998184262e-03,2.622559999999999891e-01,3.032400000000000199e-03,1.954719999999999791e-01,1.581943277792222102e-03
2.102539999999999907e+02,6.861419999999998631e-02,3.413183757164562574e-03,2.613969999999999905e-01,3.029990000000000201e-03,1.927828000000000042e-01,1.571300085939028980e-03
2.113050000000000068e+02,7.000100000000000766e-02,3.412636671483209021e-03,2.618440000000000212e-01,3.031149999999999817e-03,1.918430000000000135e-01,1.567870762866633433e-03
2.123619999999999948e+02,6.228640000000001953e-02,3.375765691816894759e-03,2.543279999999999985e-01,2.988989999999999963e-03,1.920415999999999790e-01,1.568991008880547822e-03
2.134240000000000066e+02,6.043039999999999523e-02,3.366591158237067487e-03,2.524589999999999890e-01,2.978329999999999953e-03,1.920285999999999937e-01,1.569549756401497588e-03
2.144910000000000139e+02,5.736739999999998507e-02,3.355395520721215878e-03,2.499039999999999873e-01,2.964280000000000127e-03,1.925366000000000022e-01,1.572171486217709135e-03
2.155629999999999882e+02,5.389919999999998046e-02,3.342684412449969857e-03,2.469810000000000061e-01,2.948370000000000071e-03,1.930818000000000256e-01,1.575009023572880888e-03
2.166409999999999911e+02,5.497520000000000184e-02,3.348472573782858373e-03,2.479109999999999925e-01,2.954889999999999947e-03,1.929357999999999906e-01,1.575085288254575748e-03
2.177239999999999895e+02,5.528900000000003256e-02,3.366923368764427379e-03,2.503830000000000222e-01,2.970490000000000110e-03,1.950939999999999896e-01,1.585043258410318706e-03
2.188129999999999882e+02,5.682700000000001639e-02,3.391079975227950880e-03,2.540339999999999820e-01,2.993009999999999941e-03,1.972069999999999657e-01,1.594150099047138020e-03
2.199070000000000107e+02,5.524879999999998681e-02,3.403685666305865127e-03,2.550879999999999814e-01,3.001010000000000136e-03,1.998391999999999946e-01,1.605931223594584583e-03
2.210060000000000002e+02,4.858979999999996080e-02,3.392046853268392264e-03,2.515089999999999826e-01,2.980700000000000190e-03,2.029192000000000218e-01,1.619076701323318972e-03
2.221109999999999900e+02,5.197820000000000218e-02,3.431308732567211420e-03,2.575810000000000044e-01,3.019200000000000095e-03,2.056028000000000022e-01,1.630432757948637682e-03
2.232220000000000084e+02,5.194060000000000343e-02,3.452555526385057451e-03,2.606080000000000063e-01,3.036640000000000172e-03,2.086674000000000029e-01,1.642850319771098442e-03
2.243379999999999939e+02,4.941699999999996096e-02,3.447906132387597560e-03,2.592039999999999900e-01,3.028690000000000115e-03,2.097870000000000290e-01,1.647754102302889222e-03
2.254600000000000080e+02,5.089719999999997579e-02,3.460871034769715231e-03,2.612209999999999810e-01,3.042270000000000130e-03,2.103238000000000052e-01,1.649915624026877109e-03
2.265869999999999891e+02,5.350199999999996625e-02,3.481686910718423313e-03,2.649119999999999808e-01,3.063719999999999812e-03,2.114100000000000146e-01,1.654014360840920820e-03
2.277199999999999989e+02,5.118919999999999026e-02,3.466789382942667228e-03,2.622209999999999819e-01,3.047729999999999797e-03,2.110317999999999916e-01,1.652262228819626703e-03
2.288590000000000089e+02,5.114400000000002278e-02,3.441484585915212478e-03,2.588570000000000038e-01,3.026229999999999979e-03,2.077129999999999810e-01,1.638825232351515853e-03
2.300029999999999859e+02,5.190719999999993117e-02,3.435375225108896428e-03,2.583289999999999753e-01,3.022320000000000215e-03,2.064218000000000441e-01,1.633213015773508914e-03
2.311529999999999916e+02,5.472319999999999962e-02,3.448547089021694254e-03,2.613860000000000072e-01,3.037039999999999965e-03,2.066628000000000076e-01,1.633666142025352614e-03
2.323089999999999975e+02,5.337140000000006879e-02,3.444282096890438714e-03,2.602670000000000261e-01,3.032009999999999914e-03,2.068955999999999573e-01,1.634011787858337048e-03
2.334699999999999989e+02,5.238320000000001864e-02,3.451410670224567493e-03,2.611689999999999845e-01,3.036329999999999845e-03,2.087857999999999659e-01,1.641016680488044301e-03
2.346380000000000052e+02,5.447499999999996789e-02,3.490638560650472129e-03,2.672829999999999928e-01,3.072389999999999930e-03,2.128080000000000249e-01,1.656797286634668475e-03
2.358110000000000070e+02,4.935700000000001197e-02,3.494856414203593477e-03,2.667559999999999931e-01,3.067540000000000110e-03,2.173989999999999811e-01,1.674580456203881478e-03
2.369900000000000091e+02,5.132839999999999625e-02,3.525832963226136884e-03,2.715839999999999921e-01,3.096660000000000211e-03,2.202555999999999958e-01,1.685881054218238808e-03
2.381750000000000114e+02,4.946559999999999846e-02,3.536115102800812832e-03,2.724949999999999872e-01,3.102370000000000128e-03,2.230293999999999888e-01,1.696882554379058970e-03
2.393660000000000139e+02,4.847439999999997307e-02,3.561962064943420981e-03,2.758439999999999781e-01,3.122359999999999806e-03,2.273696000000000050e-01,1.714188374273959651e-03
2.405620000000000118e+02,5.440639999999996590e-02,3.606166495794668834e-03,2.839929999999999954e-01,3.168090000000000142e-03,2.295866000000000295e-01,1.722684691779665170e-03
2.417649999999999864e+02,5.262560000000002236e-02,3.609839930824634488e-03,2.836560000000000192e-01,3.169050000000000079e-03,2.310303999999999969e-01,1.728602448128545212e-03
2.429739999999999895e+02,4.928340000000003274e-02,3.594533798762226083e-03,2.803350000000000009e-01,3.151450000000000085e-03,2.310515999999999681e-01,1.728882913312523861e-03
2.441889999999999930e+02,5.206940000000001567e-02,3.600954755098708781e-03,2.819650000000000212e-01,3.160979999999999866e-03,2.298956000000000055e-01,1.724842192163677417e-03
2.454099999999999966e+02,4.758460000000003243e-02,3.557932748900124835e-03,2.742890000000000050e-01,3.118489999999999804e-03,2.267043999999999726e-01,1.712864724838479525e-03
2.466370000000000005e+02,4.532699999999997842e-02,3.516598147101257944e-03,2.677979999999999805e-01,3.080010000000000213e-03,2.224710000000000021e-01,1.697056548290598208e-03
2.478700000000000045e+02,4.829259999999999109e-02,3.501011882541388981e-03,2.662240000000000162e-01,3.071799999999999965e-03,2.179314000000000251e-01,1.679621672191687360e-03
2.491090000000000089e+02,4.201219999999997179e-02,3.448956694991689616e-03,2.572289999999999854e-01,3.018289999999999862e-03,2.152168000000000136e-01,1.668900164727656716e-03
2.503549999999999898e+02,4.041599999999997972e-02,3.400980487277161825e-03,2.497109999999999885e-01,2.976250000000000163e-03,2.092950000000000088e-01,1.645783768403370718e-03
2.516069999999999993e+02,3.657239999999997715e-02,3.341893893437072882e-03,2.405339999999999978e-01,2.920439999999999842e-03,2.039616000000000207e-01,1.624587640415868809e-03
2.528650000000000091e+02,4.483799999999998898e-02,3.348416877644120031e-03,2.436939999999999940e-01,2.939100000000000046e-03,1.988560000000000050e-01,1.604240248993896948e-03
2.541289999999999907e+02,4.399839999999996532e-02,3.308361234631430284e-03,2.379769999999999941e-01,2.904299999999999850e-03,1.939786000000000288e-01,1.584391229719478130e-03
2.554000000000000057e+02,4.161619999999996433e-02,3.251005761756198438e-03,2.295649999999999913e-01,2.852449999999999864e-03,1.879488000000000270e-01,1.559669022732707716e-03
2.566770000000000209e+02,4.438739999999996577e-02,3.248615417149281533e-03,2.301739999999999897e-01,2.854690000000000005e-03,1.857866000000000239e-01,1.550563488684033155e-03
2.579599999999999795e+02,4.162459999999998383e-02,3.209160327270047831e-03,2.239730000000000054e-01,2.817660000000000043e-03,1.823484000000000216e-01,1.536067098314393203e-03
2.592500000000000000e+02,3.683700000000000863e-02,3.168621329103242859e-03,2.175469999999999904e-01,2.775300000000000076e-03,1.807099999999999818e-01,1.529009822482511145e-03
2.605459999999999923e+02,4.205139999999998879e-02,3.183002520700855577e-03,2.205979999999999885e-01,2.796589999999999840e-03,1.785465999999999998e-01,1.520062307501899787e-03
2.618489999999999895e+02,3.774940000000001628e-02,3.163868366134722603e-03,2.168090000000000017e-01,2.773359999999999888e-03,1.790595999999999854e-01,1.522674406637216857e-03
2.631580000000000155e+02,3.769760000000002553e-02,3.154359643069255641e-03,2.154330000000000134e-01,2.765360000000000127e-03,1.777353999999999878e-01,1.517487669875442532e-03
2.644739999999999895e+02,3.783319999999998351e-02,3.164167038005421140e-03,2.168789999999999885e-01,2.773260000000000048e-03,1.790458000000000049e-01,1.523476949874857760e-03
2.657959999999999923e+02,3.916159999999999086e-02,3.192343277856565277e-03,2.207669999999999910e-01,2.799299999999999792e-03,1.816054000000000002e-01,1.534592816898345830e-03
2.671250000000000000e+02,3.686579999999997637e-02,3.219013354010200664e-03,2.235419999999999907e-01,2.817710000000000180e-03,1.866762000000000143e-01,1.556456658309507933e-03
2.684610000000000127e+02,3.610559999999998770e-02,3.239799741089563218e-03,2.260099999999999887e-01,2.833940000000000070e-03,1.899044000000000010e-01,1.570059374279839061e-03
2.698029999999999973e+02,3.643280000000001517e-02,3.281877214956098812e-03,2.317869999999999930e-01,2.869329999999999797e-03,1.953541999999999779e-01,1.593004521383414168e-03
2.711519999999999868e+02,3.498440000000002659e-02,3.319349053123518689e-03,2.361090000000000133e-01,2.899019999999999982e-03,2.011245999999999867e-01,1.616713077844055945e-03
2.725079999999999814e+02,3.978700000000001680e-02,3.393923908013849085e-03,2.475140000000000118e-01,2.969340000000000000e-03,2.077269999999999950e-01,1.643696887442450518e-03
2.738709999999999809e+02,3.901319999999997012e-02,3.435556701174934720e-03,2.531209999999999849e-01,3.002659999999999878e-03,2.141078000000000148e-01,1.669455830918566185e-03
2.752400000000000091e+02,3.769240000000001478e-02,3.489035491911768837e-03,2.600120000000000209e-01,3.045819999999999864e-03,2.223196000000000061e-01,1.701866384714146837e-03
2.766159999999999854e+02,3.404359999999997943e-02,3.533759033099455934e-03,2.653059999999999863e-01,3.077700000000000054e-03,2.312624000000000068e-01,1.736437621687574430e-03
2.779990000000000236e+02,3.577279999999999349e-02,3.600733325627989475e-03,2.753180000000000072e-01,3.136610000000000179e-03,2.395452000000000137e-01,1.768320726052827977e-03
2.793890000000000100e+02,3.574800000000000200e-02,3.654859804303853005e-03,2.831819999999999893e-01,3.181859999999999897e-03,2.474339999999999873e-01,1.798267813623988156e-03
2.807860000000000014e+02,3.338539999999995400e-02,3.703316780601951033e-03,2.895039999999999836e-01,3.219389999999999925e-03,2.561186000000000296e-01,1.830323251611036929e-03
2.821899999999999977e+02,3.874820000000001041e-02,3.779791744058923642e-03,3.023649999999999949e-01,3.291559999999999798e-03,2.636167999999999845e-01,1.858079221899862962e-03
2.836009999999999991e+02,3.741959999999999731e-02,3.818543834980031061e-03,3.075499999999999901e-01,3.322550000000000069e-03,2.701303999999999927e-01,1.882003856840893958e-03
2.850190000000000055e+02,3.503780000000000783e-02,3.854096590936973397e-03,3.120490000000000208e-01,3.349280000000000052e-03,2.770112000000000130e-01,1.906930521511468165e-03
2.864440000000000168e+02,3.887519999999999865e-02,3.911145814285628929e-03,3.218159999999999910e-01,3.402599999999999982e-03,2.829407999999999923e-01,1.928568075180132164e-03
2.878759999999999764e+02,3.403620000000001644e-02,3.900184627874942259e-03,3.183400000000000118e-01,3.386500000000000187e-03,2.843037999999999954e-01,1.934698395490108431e-03
2.893159999999999741e+02,2.957519999999996818e-02,3.884440893475404628e-03,3.143679999999999808e-01,3.366679999999999933e-03,2.847928000000000126e-01,1.937613695374803017e-03
2.907620000000000005e+02,3.389259999999999495e-02,3.899708430039353513e-03,3.174830000000000152e-01,3.385879999999999966e-03,2.835904000000000202e-01,1.934823626308093290e-03
2.922160000000000082e+02,3.106619999999998827e-02,3.873164525142199378e-03,3.119799999999999796e-01,3.359599999999999913e-03,2.809137999999999913e-01,1.927301553680689592e-03
2.936770000000000209e+02,2.443180000000000351e-02,3.814041024287494544e-03,3.004430000000000156e-01,3.300280000000000054e-03,2.760112000000000121e-01,1.911821345353168552e-03
2.951460000000000150e+02,2.775200000000005440e-02,3.793708271111525827e-03,2.976759999999999962e-01,3.288230000000000059e-03,2.699239999999999418e-01,1.892026932525010547e-03
2.966209999999999809e+02,2.861079999999999179e-02,3.759508029379376483e-03,2.921369999999999800e-01,3.260680000000000175e-03,2.635261999999999882e-01,1.871327486189416304e-03
2.981039999999999850e+02,2.175560000000004157e-02,3.681415181131842979e-03,2.779010000000000091e-01,3.184769999999999962e-03,2.561453999999999676e-01,1.846634176811422483e-03
2.995950000000000273e+02,2.587579999999997660e-02,3.645338010210301492e-03,2.735659999999999759e-01,3.160050000000000185e-03,2.476901999999999993e-01,1.817298326138006319e-03
3.010930000000000177e+02,2.823919999999996433e-02,3.613995902376758440e-03,2.690449999999999786e-01,3.137430000000000080e-03,2.408058000000000143e-01,1.793738937943869290e-03
3.025980000000000132e+02,2.338640000000000163e-02,3.556928364398698715e-03,2.589469999999999827e-01,3.081850000000000128e-03,2.355605999999999811e-01,1.775933548014677413e-03
3.041109999999999900e+02,2.122959999999998737e-02,3.514176628909821722e-03,2.518469999999999875e-01,3.042399999999999792e-03,2.306174000000000002e-01,1.758760819206522984e-03
3.056320000000000050e+02,2.285599999999998744e-02,3.505997241544836062e-03,2.505890000000000062e-01,3.038219999999999896e-03,2.277330000000000187e-01,1.749638788241733144e-03
3.071600000000000250e+02,1.994099999999995876e-02,3.452879211949934444e-03,2.420769999999999866e-01,2.988250000000000021e-03,2.221360000000000279e-01,1.729952828783490283e-03
3.086960000000000264e+02,2.300939999999998542e-02,3.433237717243011085e-03,2.397769999999999901e-01,2.976690000000000152e-03,2.167676000000000047e-01,1.710683450261912125e-03
3.102389999999999759e+02,1.849000000000000643e-02,3.371260436206612986e-03,2.296279999999999988e-01,2.916880000000000167e-03,2.111379999999999924e-01,1.690327777187608255e-03
3.117909999999999968e+02,2.460239999999996874e-02,3.344559528571737148e-03,2.272039999999999893e-01,2.904710000000000018e-03,2.026016000000000206e-01,1.657931921418970712e-03
3.133500000000000227e+02,3.241579999999999462e-02,3.330211277947992769e-03,2.268380000000000118e-01,2.906249999999999979e-03,1.944222000000000172e-01,1.626043693531019699e-03
3.149159999999999968e+02,2.844260000000001232e-02,3.265424129798761427e-03,2.167610000000000092e-01,2.845129999999999968e-03,1.883183999999999969e-01,1.602569820810313250e-03
3.164909999999999854e+02,2.861620000000000830e-02,3.202348495693746293e-03,2.081210000000000004e-01,2.792820000000000111e-03,1.795047999999999921e-01,1.566905337112615548e-03
3.180729999999999791e+02,2.816660000000001385e-02,3.133706956525449984e-03,1.990419999999999967e-01,2.734340000000000034e-03,1.708753999999999829e-01,1.530850761431694872e-03
3.196639999999999873e+02,2.313540000000002816e-02,3.045887355178454516e-03,1.865680000000000116e-01,2.651230000000000080e-03,1.634325999999999834e-01,1.499469662092567856e-03
3.212620000000000005e+02,2.654719999999999303e-02,2.997934219888088048e-03,1.813909999999999967e-01,2.617369999999999940e-03,1.548438000000000037e-01,1.461842628286643070e-03
3.228679999999999950e+02,2.502640000000000420e-02,2.915327617572337129e-03,1.710180000000000033e-01,2.545229999999999888e-03,1.459915999999999991e-01,1.421597469356216791e-03
3.244830000000000041e+02,2.510479999999998268e-02,2.856367364779957389e-03,1.639239999999999864e-01,2.496210000000000009e-03,1.388192000000000037e-01,1.388441629482492848e-03
3.261050000000000182e+02,2.319759999999998490e-02,2.792791242584378997e-03,1.559989999999999988e-01,2.439049999999999899e-03,1.328014000000000139e-01,1.360410975461459702e-03
3.277359999999999900e+02,2.693499999999998673e-02,2.770532740654042900e-03,1.542789999999999995e-01,2.428220000000000031e-03,1.273440000000000127e-01,1.334016228775347559e-03
3.293740000000000236e+02,3.147759999999999447e-02,2.763937699684998472e-03,1.543400000000000050e-01,2.432430000000000182e-03,1.228624000000000105e-01,1.312492248678063557e-03
3.310210000000000150e+02,2.554879999999999651e-02,2.694833078783173772e-03,1.452150000000000107e-01,2.362060000000000028e-03,1.196662000000000142e-01,1.297226995904725939e-03
3.326759999999999877e+02,2.558499999999999663e-02,2.669020034339944763e-03,1.422329999999999983e-01,2.340609999999999913e-03,1.166480000000000017e-01,1.282658478164784132e-03
3.343399999999999750e+02,2.547239999999997839e-02,2.641394682982457949e-03,1.389789999999999914e-01,2.317780000000000187e-03,1.135066000000000130e-01,1.266831379027216677e-03
3.360110000000000241e+02,3.086839999999999029e-02,2.666825818616581478e-03,1.425710000000000033e-01,2.351170000000000083e-03,1.117026000000000130e-01,1.258554558984234170e-03
3.376909999999999741e+02,2.796339999999999937e-02,2.628124937921330791e-03,1.374930000000000041e-01,2.312949999999999815e-03,1.095296000000000047e-01,1.247919463276376574e-03
3.393799999999999955e+02,2.619579999999999131e-02,2.589716035661052823e-03,1.330969999999999931e-01,2.276390000000000097e-03,1.069012000000000018e-01,1.234778406541027799e-03
3.410769999999999982e+02,2.751820000000000654e-02,2.586511396849431894e-03,1.326720000000000121e-01,2.277389999999999796e-03,1.051538000000000056e-01,1.226187585132062921e-03
3.427819999999999823e+02,2.684780000000000499e-02,2.579508061428768210e-03,1.314430000000000043e-01,2.270320000000000150e-03,1.045951999999999993e-01,1.224544379177822974e-03
3.444959999999999809e+02,2.528299999999999992e-02,2.555233965138222017e-03,1.285959999999999881e-01,2.245930000000000148e-03,1.033129999999999882e-01,1.218613577675876653e-03
3.462180000000000177e+02,2.551719999999997601e-02,2.555950154934951129e-03,1.282619999999999871e-01,2.247850000000000022e-03,1.027448000000000111e-01,1.216573701841363979e-03
3.479499999999999886e+02,2.247512000000000121e-02,2.532356089142283329e-03,1.249829999999999969e-01,2.220980000000000003e-03,1.025078799999999957e-01,1.216583413423017205e-03
3.496890000000000214e+02,1.878900000000001402e-02,2.493986050417283315e-03,1.201160000000000005e-01,2.180249999999999896e-03,1.013269999999999865e-01,1.210981567645024164e-03
3.514379999999999882e+02,2.526973999999999887e-02,2.519117708499545027e-03,1.238910000000000011e-01,2.216909999999999888e-03,9.862126000000000225e-02,1.196354496449944472e-03
3.531949999999999932e+02,2.654030000000000278e-02,2.520143355427226142e-03,1.241120000000000001e-01,2.220649999999999794e-03,9.757169999999999732e-02,1.191568759830501740e-03
3.549610000000000127e+02,2.445669999999999789e-02,2.508611243967466889e-03,1.220819999999999961e-01,2.206430000000000110e-03,9.762529999999999819e-02,1.193648620180997764e-03
3.567359999999999900e+02,2.736917999999999296e-02,2.543277914428542907e-03,1.256289999999999907e-01,2.242909999999999869e-03,9.825981999999999772e-02,1.199006789772268057e-03
3.585190000000000055e+02,2.502558000000001948e-02,2.530415924698546735e-03,1.235750000000000043e-01,2.226440000000000103e-03,9.854941999999998481e-02,1.202484793404057922e-03
3.603120000000000118e+02,2.629446000000001948e-02,2.557903359474708507e-03,1.262050000000000116e-01,2.252160000000000013e-03,9.991053999999999213e-02,1.212701501117236956e-03
3.621139999999999759e+02,2.151947999999999361e-02,2.525405209468769684e-03,1.216939999999999966e-01,2.213469999999999934e-03,1.001745200000000030e-01,1.215821545750855708e-03
3.639239999999999782e+02,2.395922000000000329e-02,2.529226884328885164e-03,1.223960000000000048e-01,2.222790000000000096e-03,9.843678000000000150e-02,1.206728324152540974e-03
3.657440000000000282e+02,2.151631999999999156e-02,2.497586331037228002e-03,1.184169999999999945e-01,2.191090000000000138e-03,9.690068000000000292e-02,1.198775247026731116e-03
3.675720000000000027e+02,2.383270000000001221e-02,2.511044875532096078e-03,1.199810000000000043e-01,2.207950000000000190e-03,9.614829999999999210e-02,1.195952827011165839e-03
3.694100000000000250e+02,2.447090000000000376e-02,2.512846774737369747e-03,1.198179999999999940e-01,2.211890000000000210e-03,9.534709999999999019e-02,1.192451903100498218e-03
3.712570000000000050e+02,2.327017999999998754e-02,2.506226947899970608e-03,1.185200000000000004e-01,2.203570000000000181e-03,9.524982000000001281e-02,1.193923267835919188e-03
3.731139999999999759e+02,2.307141999999999527e-02,2.508899483029959979e-03,1.185820000000000068e-01,2.204690000000000035e-03,9.551058000000001158e-02,1.197463410651031148e-03
3.749789999999999850e+02,2.221286000000000094e-02,2.512911119696834526e-03,1.182779999999999943e-01,2.206239999999999937e-03,9.606513999999999331e-02,1.203007630024016108e-03
3.768539999999999850e+02,2.208519999999999928e-02,2.537062988592124046e-03,1.200839999999999963e-01,2.226220000000000108e-03,9.799879999999999702e-02,1.216812688824372816e-03
3.787379999999999995e+02,1.740474000000000188e-02,2.512179201942409210e-03,1.162220000000000059e-01,2.193979999999999889e-03,9.881726000000000398e-02,1.223722232482518917e-03
3.806320000000000050e+02,2.190888000000000557e-02,2.557081100148370176e-03,1.211850000000000011e-01,2.242660000000000053e-03,9.927611999999999548e-02,1.228470543861756581e-03
3.825350000000000250e+02,1.490329999999999433e-02,2.522796193950672689e-03,1.157470000000000027e-01,2.196920000000000209e-03,1.008437000000000083e-01,1.240178676567211310e-03
3.844479999999999791e+02,1.834328000000000347e-02,2.557306901152851634e-03,1.192549999999999999e-01,2.235210000000000061e-03,1.009117199999999964e-01,1.242439069968422896e-03
3.863700000000000045e+02,2.373967999999998524e-02,2.601998756606928049e-03,1.245139999999999997e-01,2.285639999999999807e-03,1.007743200000000144e-01,1.243481933839008348e-03
3.883020000000000209e+02,2.195483999999998936e-02,2.590572215599480296e-03,1.225389999999999951e-01,2.272249999999999964e-03,1.005841600000000058e-01,1.244164113666681830e-03
3.902440000000000282e+02,2.296311999999998965e-02,2.599850416761702743e-03,1.233309999999999962e-01,2.282450000000000104e-03,1.003678800000000065e-01,1.244847053672056480e-03
3.921949999999999932e+02,1.856772000000000977e-02,2.571963751768675116e-03,1.192310000000000036e-01,2.248599999999999904e-03,1.006632799999999939e-01,1.248517352867792697e-03
3.941560000000000059e+02,1.822400000000000408e-02,2.581058534062333210e-03,1.196259999999999962e-01,2.255229999999999995e-03,1.014019999999999921e-01,1.255309046950590793e-03
3.961270000000000095e+02,2.122259999999999425e-02,2.605331027496506167e-03,1.223550000000000054e-01,2.282629999999999902e-03,1.011324000000000112e-01,1.255925971519022532e-03
3.981070000000000277e+02,1.911748000000000614e-02,2.607039757705278959e-03,1.213660000000000017e-01,2.279419999999999884e-03,1.022485199999999955e-01,1.265267071355293026e-03
4.000980000000000132e+02,1.744179999999997954e-02,2.611820548079825388e-03,1.209439999999999960e-01,2.279460000000000080e-03,1.035022000000000164e-01,1.275017130775896656e-03
4.020980000000000132e+02,1.869380000000001041e-02,2.638488600315718607e-03,1.232329999999999953e-01,2.305020000000000072e-03,1.045391999999999849e-01,1.283941156594024021e-03
4.041089999999999804e+02,1.578680000000001749e-02,2.633886218476416859e-03,1.216620000000000063e-01,2.293879999999999877e-03,1.058751999999999888e-01,1.294399921770702198e-03
4.061290000000000191e+02,1.601660000000000583e-02,2.656415211441163268e-03,1.234429999999999972e-01,2.312939999999999875e-03,1.074263999999999913e-01,1.306464822326265261e-03
4.081600000000000250e+02,1.081740000000000479e-02,2.640955787482251668e-03,1.201519999999999949e-01,2.287169999999999828e-03,1.093345999999999901e-01,1.320416927540691643e-03
4.102010000000000218e+02,1.476819999999999522e-02,2.701960219585033095e-03,1.261799999999999866e-01,2.348939999999999882e-03,1.114117999999999914e-01,1.335316406182444904e-03
4.122520000000000095e+02,1.096499999999998864e-02,2.689099665621190894e-03,1.235679999999999973e-01,2.328660000000000192e-03,1.126030000000000086e-01,1.344841855403080448e-03
4.143129999999999882e+02,1.225080000000002001e-02,2.719935518235680645e-03,1.263140000000000096e-01,2.357839999999999936e-03,1.140631999999999896e-01,1.355964511983997383e-03
4.163840000000000146e+02,1.416680000000000716e-02,2.751626023845536728e-03,1.289919999999999956e-01,2.390429999999999812e-03,1.148251999999999884e-01,1.362824343121298845e-03
4.184660000000000082e+02,1.124559999999998061e-02,2.729893433884919909e-03,1.258819999999999939e-01,2.364680000000000080e-03,1.146364000000000133e-01,1.364040563168119301e-03
4.205590000000000259e+02,1.404299999999999993e-02,2.767461590165977425e-03,1.294899999999999940e-01,2.403649999999999797e-03,1.154469999999999941e-01,1.371608665233637345e-03
4.226619999999999777e+02,1.256399999999999184e-02,2.763092172073888537e-03,1.281789999999999874e-01,2.396450000000000056e-03,1.156149999999999956e-01,1.375392943444163525e-03
4.247749999999999773e+02,9.770199999999978901e-03,2.752158446342797132e-03,1.260999999999999899e-01,2.379809999999999998e-03,1.163298000000000110e-01,1.382346005049387132e-03
4.268990000000000009e+02,1.336380000000000901e-02,2.793393172690876707e-03,1.302250000000000074e-01,2.424130000000000035e-03,1.168611999999999984e-01,1.388034279236647923e-03
4.290330000000000155e+02,1.138819999999998722e-02,2.786600736645276650e-03,1.284420000000000006e-01,2.413939999999999836e-03,1.170538000000000134e-01,1.392134096224929233e-03
4.311779999999999973e+02,1.884899999999997688e-02,2.839887281275790126e-03,1.348719999999999919e-01,2.476949999999999898e-03,1.160230000000000150e-01,1.389128672172596120e-03
4.333340000000000032e+02,1.102400000000000602e-02,2.797995704396273684e-03,1.284089999999999954e-01,2.422319999999999942e-03,1.173849999999999894e-01,1.400409147149503548e-03
4.355009999999999764e+02,1.182539999999999980e-02,2.814596884721504762e-03,1.295800000000000007e-01,2.438520000000000010e-03,1.177546000000000009e-01,1.405551789541744376e-03
4.376779999999999973e+02,1.086399999999999866e-02,2.832244170622299963e-03,1.304150000000000031e-01,2.450640000000000023e-03,1.195510000000000045e-01,1.419848806184658557e-03
4.398670000000000186e+02,1.181740000000000568e-02,2.862858578306654543e-03,1.327710000000000001e-01,2.479470000000000111e-03,1.209535999999999945e-01,1.431149104211018337e-03
4.420659999999999741e+02,1.710079999999999933e-02,2.921933668806326982e-03,1.392049999999999954e-01,2.542050000000000125e-03,1.221041999999999961e-01,1.440721403465638779e-03
4.442760000000000105e+02,1.440940000000000276e-02,2.904206666977403751e-03,1.362220000000000097e-01,2.521059999999999881e-03,1.218126000000000070e-01,1.441760327140402271e-03
4.464979999999999905e+02,1.320459999999999690e-02,2.892925479571155541e-03,1.344190000000000107e-01,2.508300000000000200e-03,1.212144000000000138e-01,1.441335818035477650e-03
4.487300000000000182e+02,8.804600000000009641e-03,2.862042979538217870e-03,1.300880000000000092e-01,2.471049999999999809e-03,1.212833999999999995e-01,1.444022823304396330e-03
4.509739999999999895e+02,1.070560000000000955e-02,2.897707834587882978e-03,1.332160000000000011e-01,2.506529999999999869e-03,1.225103999999999915e-01,1.453966317949628327e-03
4.532289999999999850e+02,1.080180000000000029e-02,2.901359589444231762e-03,1.329730000000000079e-01,2.510270000000000210e-03,1.221712000000000076e-01,1.454796203720644691e-03
4.554950000000000045e+02,8.537799999999984291e-03,2.883348922634928081e-03,1.302359999999999907e-01,2.489240000000000202e-03,1.216982000000000064e-01,1.455123785820299246e-03
4.577730000000000246e+02,9.390800000000018577e-03,2.903455115779129871e-03,1.316390000000000060e-01,2.508820000000000147e-03,1.222481999999999874e-01,1.461462903033806113e-03
4.600609999999999786e+02,8.518200000000003547e-03,2.885975515267584501e-03,1.293410000000000115e-01,2.491460000000000029e-03,1.208228000000000080e-01,1.456530721654713352e-03
4.623620000000000232e+02,9.571400000000007680e-03,2.879946274963475581e-03,1.285070000000000101e-01,2.489159999999999810e-03,1.189356000000000024e-01,1.448507176743007952e-03
4.646730000000000018e+02,9.169400000000021977e-03,2.872985336709534595e-03,1.272850000000000092e-01,2.481989999999999891e-03,1.181155999999999873e-01,1.446986656762252370e-03
4.669970000000000141e+02,7.864799999999991242e-03,2.864124137853665125e-03,1.256089999999999984e-01,2.471220000000000101e-03,1.177442000000000072e-01,1.447853165426660248e-03
4.693319999999999936e+02,8.053400000000002223e-03,2.872696281608621508e-03,1.256110000000000004e-01,2.479770000000000064e-03,1.175575999999999982e-01,1.450215388646803683e-03
4.716789999999999736e+02,1.714340000000001696e-02,2.942874134737671812e-03,1.337240000000000095e-01,2.562109999999999822e-03,1.165805999999999926e-01,1.447791601304552296e-03
4.740369999999999777e+02,1.791700000000000237e-02,2.943608526736529295e-03,1.332939999999999958e-01,2.565060000000000083e-03,1.153769999999999935e-01,1.444056216037311940e-03
4.764069999999999823e+02,1.510039999999999993e-02,2.923081828741029477e-03,1.301150000000000084e-01,2.540650000000000200e-03,1.150146000000000085e-01,1.445512004452401697e-03
4.787889999999999873e+02,1.706579999999997821e-02,2.943547439008245472e-03,1.317869999999999875e-01,2.563249999999999990e-03,1.147212000000000093e-01,1.447142343790686026e-03
4.811829999999999927e+02,9.923799999999996513e-03,2.869674548064988801e-03,1.230470000000000036e-01,2.481999999999999831e-03,1.131232000000000071e-01,1.440384674943468151e-03
4.835889999999999986e+02,9.618000000000001548e-03,2.856213053880959831e-03,1.212809999999999999e-01,2.470060000000000051e-03,1.116629999999999984e-01,1.434139674355325777e-03
4.860070000000000050e+02,1.334019999999998263e-02,2.875899967525296329e-03,1.232869999999999938e-01,2.497379999999999999e-03,1.099468000000000112e-01,1.426146471724415703e-03
4.884370000000000118e+02,1.640020000000000366e-02,2.894559057746101845e-03,1.252580000000000082e-01,2.521010000000000178e-03,1.088578000000000046e-01,1.422315266978457305e-03
4.908790000000000191e+02,1.225740000000000163e-02,2.836758312062555906e-03,1.189400000000000041e-01,2.460710000000000067e-03,1.066826000000000024e-01,1.411419149989116524e-03
4.933340000000000032e+02,1.290080000000000393e-02,2.828676368981789587e-03,1.175950000000000051e-01,2.457050000000000119e-03,1.046942000000000011e-01,1.401540330470729071e-03
4.958000000000000114e+02,1.505597999999999659e-02,2.835745216728047160e-03,1.182880000000000043e-01,2.469049999999999977e-03,1.032320200000000077e-01,1.394719696460905434e-03
4.982789999999999964e+02,1.557081999999999911e-02,2.833775691744143486e-03,1.177689999999999987e-01,2.469040000000000037e-03,1.021981799999999996e-01,1.390728639785634123e-03
5.007710000000000150e+02,1.264766581944498647e-02,2.791958515852163269e-03,1.132330000000000003e-01,2.425960000000000009e-03,1.005853341805550138e-01,1.381937202856704924e-03
5.032740000000000009e+02,1.525991962624499709e-02,2.798065432502912578e-03,1.141569999999999946e-01,2.439150000000000172e-03,9.889708037375499750e-02,1.371027877932359763e-03
5.057909999999999968e+02,1.782322410674749835e-02,2.813958300923079074e-03,1.155729999999999952e-01,2.461590000000000045e-03,9.774977589325249683e-02,1.363428029356116141e-03
5.083199999999999932e+02,1.004726727200000447e-02,2.727885091872335032e-03,1.063980000000000065e-01,2.367999999999999879e-03,9.635073272800000199e-02,1.354227851751446882e-03
5.108609999999999900e+02,1.268189466611747973e-02,2.746261635605928408e-03,1.081290000000000029e-01,2.392319999999999863e-03,9.544710533388252316e-02,1.348613357786786118e-03
5.134160000000000537e+02,9.403263868479991294e-03,2.700801013547257570e-03,1.034439999999999943e-01,2.345229999999999797e-03,9.404073613152000299e-02,1.339485857289241834e-03
5.159829999999999472e+02,1.370527112290501059e-02,2.741073476069531573e-03,1.071890000000000065e-01,2.393319999999999996e-03,9.348372887709499590e-02,1.336227218257398644e-03
5.185629999999999882e+02,1.528404530793750493e-02,2.752582209701045970e-03,1.081199999999999939e-01,2.408739999999999926e-03,9.283595469206248896e-02,1.332171322902085979e-03
5.211549999999999727e+02,1.637540914427498828e-02,2.774467164569134441e-03,1.095710000000000017e-01,2.431930000000000116e-03,9.319559085572501345e-02,1.335434207429288082e-03
5.237609999999999673e+02,9.488314286977481138e-03,2.720069984728500003e-03,1.031630000000000047e-01,2.367140000000000216e-03,9.367468571302252356e-02,1.339936170950281396e-03
5.263799999999999955e+02,7.135387071650012292e-03,2.700509387316773948e-03,1.007539999999999963e-01,2.344639999999999832e-03,9.361861292834998405e-02,1.339930677828527275e-03
5.290119999999999436e+02,9.024227181630012362e-03,2.720670988490008282e-03,1.023659999999999987e-01,2.368669999999999803e-03,9.334177281836998630e-02,1.338451739403105850e-03
5.316570000000000391e+02,1.270620638153248383e-02,2.769050410241335157e-03,1.064200000000000007e-01,2.422130000000000203e-03,9.371379361846751688e-02,1.341986004978332507e-03
5.343150000000000546e+02,1.203471748135000186e-02,2.773013358722481794e-03,1.061900000000000066e-01,2.424550000000000143e-03,9.415528251865000475e-02,1.345793589356606779e-03
5.369869999999999663e+02,9.585452235314997904e-03,2.748273447219803153e-03,1.033170000000000061e-01,2.397709999999999946e-03,9.373154776468500815e-02,1.343128324693296195e-03
5.396720000000000255e+02,8.668151739080004470e-03,2.756053775470784003e-03,1.032330000000000053e-01,2.402739999999999997e-03,9.456484826092000084e-02,1.350064037624424838e-03
5.423700000000000045e+02,1.660410668507501797e-02,2.850925131161306022e-03,1.116680000000000034e-01,2.508450000000000176e-03,9.506389331492498540e-02,1.354788803093348766e-03
5.450819999999999936e+02,1.029362408443501575e-02,2.805100948477160135e-03,1.061180000000000040e-01,2.452469999999999997e-03,9.582437591556498824e-02,1.361610160893148274e-03
5.478070000000000164e+02,9.367539025955010090e-03,2.815754816622759171e-03,1.062929999999999986e-01,2.459359999999999845e-03,9.692546097404498850e-02,1.371139517968273909e-03
5.505460000000000491e+02,6.547360515210001730e-03,2.797342090563594355e-03,1.038879999999999942e-01,2.436069999999999815e-03,9.734063948478999251e-02,1.375022082273118489e-03
5.532989999999999782e+02,8.434439175732499905e-03,2.819448917573060508e-03,1.055200000000000027e-01,2.462090000000000112e-03,9.708556082426750278e-02,1.373828603102986287e-03
5.560660000000000309e+02,5.291059838554990069e-03,2.802956890311155639e-03,1.031600000000000017e-01,2.439740000000000138e-03,9.786894016144501163e-02,1.379940600657427949e-03
5.588460000000000036e+02,1.238430334542001132e-02,2.887303212699430903e-03,1.105899999999999939e-01,2.534370000000000199e-03,9.820569665457998254e-02,1.383289031679371802e-03
5.616399999999999864e+02,8.850102214299979120e-03,2.843463384979148887e-03,1.059329999999999994e-01,2.488170000000000052e-03,9.708289778570002027e-02,1.376333561611093985e-03
5.644479999999999791e+02,1.423554711551998364e-02,2.911074583065363392e-03,1.116550000000000042e-01,2.563520000000000122e-03,9.741945288448002060e-02,1.379391328727703689e-03
5.672709999999999582e+02,1.353344189583752244e-02,2.926810506638113148e-03,1.121110000000000023e-01,2.576329999999999940e-03,9.857755810416247988e-02,1.388792091303535717e-03
5.701069999999999709e+02,1.579215344548746958e-02,2.953847892576000854e-03,1.143219999999999931e-01,2.606830000000000085e-03,9.852984655451252349e-02,1.389120125682325856e-03
5.729579999999999700e+02,1.500633336840499765e-02,2.945422706666680525e-03,1.130649999999999988e-01,2.598860000000000146e-03,9.805866663159500118e-02,1.386160748740085337e-03
5.758220000000000027e+02,1.360897211014498731e-02,2.951571286116656465e-03,1.126329999999999970e-01,2.602000000000000146e-03,9.902402788985500970e-02,1.393330203874276968e-03
5.787019999999999982e+02,1.573803065325998785e-02,2.996070810132995827e-03,1.162159999999999999e-01,2.646410000000000082e-03,1.004779693467400120e-01,1.404618955884827727e-03
5.815950000000000273e+02,1.905537686184999302e-02,3.038236296267546235e-03,1.195449999999999985e-01,2.693150000000000058e-03,1.004896231381500055e-01,1.406350905520217841e-03
5.845030000000000427e+02,1.392355577717999116e-02,2.987615400257579573e-03,1.138529999999999959e-01,2.637599999999999927e-03,9.992944422282000472e-02,1.403179254356427038e-03
5.874260000000000446e+02,1.354822619766997416e-02,2.995729033689494263e-03,1.137640000000000040e-01,2.644890000000000001e-03,1.002157738023300299e-01,1.406751339501829132e-03
5.903630000000000564e+02,1.379681181396751055e-02,2.991250766335044886e-03,1.129620000000000068e-01,2.643459999999999820e-03,9.916518818603249630e-02,1.399892987160087851e-03
5.933139999999999645e+02,1.885994349154000715e-02,3.026804645103721436e-03,1.162989999999999996e-01,2.689449999999999914e-03,9.743905650845999245e-02,1.388670247798758995e-03
5.962809999999999491e+02,2.086549607622749380e-02,3.045069395290646644e-03,1.174830000000000041e-01,2.712770000000000199e-03,9.661750392377251029e-02,1.383230475819464825e-03
5.992619999999999436e+02,1.948264076731499872e-02,3.043815333440214738e-03,1.167259999999999964e-01,2.708840000000000119e-03,9.724335923268499771e-02,1.388163404821552566e-03
6.022590000000000146e+02,1.590722314501248624e-02,3.022245262596263971e-03,1.136569999999999941e-01,2.681820000000000124e-03,9.774977685498750790e-02,1.393487680205878062e-03
6.052699999999999818e+02,1.470803135897501279e-02,3.018399587192212991e-03,1.124789999999999957e-01,2.677049999999999829e-03,9.777096864102498286e-02,1.394323981527293517e-03
6.082960000000000491e+02,1.588718353288000318e-02,3.049327518390557157e-03,1.143679999999999974e-01,2.708669999999999828e-03,9.848081646711999426e-02,1.400537448808104922e-03
6.113379999999999654e+02,1.864038432857499650e-02,3.091113698674898685e-03,1.176109999999999933e-01,2.752880000000000084e-03,9.897061567142499683e-02,1.405928733519452509e-03
6.143949999999999818e+02,1.951509798348749491e-02,3.107153703726990828e-03,1.182819999999999983e-01,2.771089999999999925e-03,9.876690201651250334e-02,1.405512131034220187e-03
6.174669999999999845e+02,1.917547386511750385e-02,3.102589791443796565e-03,1.173860000000000042e-01,2.767570000000000013e-03,9.821052613488250038e-02,1.402362188976607679e-03
6.205539999999999736e+02,1.910095802915000307e-02,3.123417181158947512e-03,1.181870000000000004e-01,2.786649999999999891e-03,9.908604197084999732e-02,1.410785832456119566e-03
6.236570000000000391e+02,2.064804433741750100e-02,3.135004615354771308e-03,1.188089999999999979e-01,2.802670000000000161e-03,9.816095566258249694e-02,1.404740121657994251e-03
6.267749999999999773e+02,2.304767428581251665e-02,3.167459028651299722e-03,1.208710000000000062e-01,2.839209999999999998e-03,9.782332571418748957e-02,1.404166398289260825e-03
6.299089999999999918e+02,2.163833523027999806e-02,3.152205949899000541e-03,1.189039999999999958e-01,2.823599999999999895e-03,9.726566476971999775e-02,1.401315592783674126e-03
6.330579999999999927e+02,2.035079530166999939e-02,3.115741342223994799e-03,1.155029999999999946e-01,2.790260000000000136e-03,9.515220469832999517e-02,1.386467902276782103e-03
6.362240000000000464e+02,1.730520098632000459e-02,3.077785063272800610e-03,1.115020000000000039e-01,2.750840000000000056e-03,9.419679901367999930e-02,1.380449271108923027e-03
6.394049999999999727e+02,1.620605879878748989e-02,3.073653629178165272e-03,1.104679999999999968e-01,2.745420000000000152e-03,9.426194120121250686e-02,1.382033160152137822e-03
6.426019999999999754e+02,2.301798452726000477e-02,3.142786820402520935e-03,1.163730000000000042e-01,2.825080000000000213e-03,9.335501547273999945e-02,1.376964775183369370e-03
6.458150000000000546e+02,2.304935417381251406e-02,3.147783099573342111e-03,1.159860000000000058e-01,2.831259999999999940e-03,9.293664582618749170e-02,1.375683558947899624e-03
6.490439999999999827e+02,2.331398377178002523e-02,3.167804277391829317e-03,1.169100000000000000e-01,2.851119999999999956e-03,9.359601622821997480e-02,1.380615328562583575e-03
6.522889999999999873e+02,2.008112096814750058e-02,3.145616026799312719e-03,1.139799999999999980e-01,2.824639999999999790e-03,9.389887903185249740e-02,1.384308151553221688e-03
6.555510000000000446e+02,2.509763509829500416e-02,3.207342926806471158e-03,1.188519999999999993e-01,2.893240000000000048e-03,9.375436490170499515e-02,1.384272716098782028e-03
6.588279999999999745e+02,2.222992151468999866e-02,3.177870578313698752e-03,1.155810000000000032e-01,2.861680000000000126e-03,9.335107848531000452e-02,1.381900499352917014e-03
6.621219999999999573e+02,1.944210948987500076e-02,3.154229803993197686e-03,1.126140000000000058e-01,2.835830000000000121e-03,9.317189051012500500e-02,1.381026381898248310e-03
6.654329999999999927e+02,1.773317470298001186e-02,3.138668842201916120e-03,1.107270000000000060e-01,2.818489999999999884e-03,9.299382529701999411e-02,1.381070679186664893e-03
6.687599999999999909e+02,2.418124004479998979e-02,3.201504223063496475e-03,1.158850000000000019e-01,2.892500000000000106e-03,9.170375995520001211e-02,1.372251085003542946e-03
6.721040000000000418e+02,2.188900114805999997e-02,3.180585449906658466e-03,1.132739999999999997e-01,2.869920000000000197e-03,9.138499885193999972e-02,1.371015316383423967e-03
6.754640000000000555e+02,1.905566508314002205e-02,3.161521166015516474e-03,1.107810000000000045e-01,2.846459999999999876e-03,9.172533491685998241e-02,1.375820319505462273e-03
6.788419999999999845e+02,2.052300271467499826e-02,3.177302562582875588e-03,1.116130000000000039e-01,2.866070000000000076e-03,9.108999728532500562e-02,1.371457009641829840e-03
6.822359999999999900e+02,1.830541635988999771e-02,3.166550333857676494e-03,1.098100000000000048e-01,2.852579999999999959e-03,9.150458364011000711e-02,1.374710282370129790e-03
6.856470000000000482e+02,1.451971725075500153e-02,3.142201280424663807e-03,1.067789999999999989e-01,2.822649999999999899e-03,9.225928274924499739e-02,1.380607063650768091e-03
6.890750000000000455e+02,1.508994111974999719e-02,3.168757454629207455e-03,1.081020000000000036e-01,2.848920000000000011e-03,9.301205888025000645e-02,1.387327877564699559e-03
6.925209999999999582e+02,1.910694072520249809e-02,3.225501999888871329e-03,1.122559999999999947e-01,2.910349999999999916e-03,9.314905927479749659e-02,1.390584779431700219e-03
6.959829999999999472e+02,2.175232099589749502e-02,3.282453799151395513e-03,1.159919999999999979e-01,2.968929999999999833e-03,9.423967900410250287e-02,1.399984856583609549e-03
6.994629999999999654e+02,2.067848160675501978e-02,3.285208508281438171e-03,1.150840000000000057e-01,2.970729999999999985e-03,9.440551839324498595e-02,1.402625470317986171e-03
7.029610000000000127e+02,1.496661306206999165e-02,3.226420876840056969e-03,1.093289999999999956e-01,2.905580000000000055e-03,9.436238693793000398e-02,1.402639133244670301e-03
7.064750000000000227e+02,1.443594435043749069e-02,3.230292705356743992e-03,1.091099999999999987e-01,2.908350000000000084e-03,9.467405564956250796e-02,1.405806259689076129e-03
7.100080000000000382e+02,1.913379791205997715e-02,3.301111891415182357e-03,1.140499999999999986e-01,2.985770000000000004e-03,9.491620208794002145e-02,1.408018901415291398e-03
7.135579999999999927e+02,1.466830587845499578e-02,3.266942689584470799e-03,1.103159999999999974e-01,2.944720000000000063e-03,9.564769412154500161e-02,1.414757455760320103e-03
7.171259999999999764e+02,1.606859254465500819e-02,3.298422522145393401e-03,1.121759999999999979e-01,2.977379999999999957e-03,9.610740745534498974e-02,1.419436321289538425e-03
7.207110000000000127e+02,1.463557892516249848e-02,3.289253034494614425e-03,1.104679999999999968e-01,2.967669999999999943e-03,9.583242107483749828e-02,1.418492261534066035e-03
7.243150000000000546e+02,1.918396923053750092e-02,3.337326438954097731e-03,1.140059999999999962e-01,3.024370000000000183e-03,9.482203076946249531e-02,1.411004558193217767e-03
7.279360000000000355e+02,1.588987256776000501e-02,3.319889826510069499e-03,1.114969999999999989e-01,3.001649999999999804e-03,9.560712743223999388e-02,1.418367278833328627e-03
7.315760000000000218e+02,1.843376210624000922e-02,3.369419900964838125e-03,1.146240000000000037e-01,3.053240000000000034e-03,9.619023789375999445e-02,1.425031919438262285e-03
7.352340000000000373e+02,2.181913795893000718e-02,3.423594548199633113e-03,1.182580000000000020e-01,3.111270000000000181e-03,9.643886204106999482e-02,1.428635229007827823e-03
7.389099999999999682e+02,1.671941081955001518e-02,3.398156698855954710e-03,1.149089999999999973e-01,3.076649999999999784e-03,9.818958918044998208e-02,1.442807585050619222e-03
7.426050000000000182e+02,1.828615004996250737e-02,3.456749824682298425e-03,1.183400000000000007e-01,3.134389999999999919e-03,1.000538499500374934e-01,1.457641477984590681e-03
7.463179999999999836e+02,1.595843790464500367e-02,3.428801336873723779e-03,1.154120000000000007e-01,3.104570000000000073e-03,9.945356209535499703e-02,1.455446228085061902e-03
7.500489999999999782e+02,1.416994911611500763e-02,3.393508817848560084e-03,1.120720000000000049e-01,3.070750000000000129e-03,9.790205088388499732e-02,1.444436407155375284e-03
7.537999999999999545e+02,1.476234081949998056e-02,3.404158981352376542e-03,1.123379999999999934e-01,3.083729999999999805e-03,9.757565918050001286e-02,1.441841758800892258e-03
7.575689999999999600e+02,1.570307696004749620e-02,3.417796618840537263e-03,1.128159999999999996e-01,3.100550000000000094e-03,9.711292303995250341e-02,1.438027616305684146e-03
7.613559999999999945e+02,1.425406591008999968e-02,3.407900156306000426e-03,1.112709999999999949e-01,3.089220000000000160e-03,9.701693408990999523e-02,1.438924343720148977e-03
7.651630000000000109e+02,1.937658344917499165e-02,3.483312811119310733e-03,1.164489999999999970e-01,3.171549999999999977e-03,9.707241655082500531e-02,1.440395340733895439e-03
7.689890000000000327e+02,2.137341950106501354e-02,3.534660168752089358e-03,1.196490000000000054e-01,3.223559999999999880e-03,9.827558049893499181e-02,1.449994287906869158e-03
7.728339999999999463e+02,1.960939144685501512e-02,3.538578146284044462e-03,1.186910000000000048e-01,3.225089999999999901e-03,9.908160855314498972e-02,1.456135223548632408e-03
7.766979999999999791e+02,1.626926126558500552e-02,3.522665828783307952e-03,1.164609999999999951e-01,3.203300000000000071e-03,1.001917387344149896e-01,1.465620568659428951e-03
7.805819999999999936e+02,1.981514852641501345e-02,3.582527926243307594e-03,1.203580000000000066e-01,3.267439999999999928e-03,1.005428514735849932e-01,1.469129738557209321e-03
7.844850000000000136e+02,1.844334764618749123e-02,3.584995751765665019e-03,1.196149999999999991e-01,3.267780000000000077e-03,1.011716523538125079e-01,1.474384078786075128e-03
7.884070000000000391e+02,1.895290222348998410e-02,3.613382794645256767e-03,1.211109999999999964e-01,3.294880000000000031e-03,1.021580977765100123e-01,1.483341163130844336e-03
7.923490000000000464e+02,1.711937629470001998e-02,3.612316002607467158e-03,1.201249999999999957e-01,3.290980000000000207e-03,1.030056237052999757e-01,1.489388311453392717e-03
7.963110000000000355e+02,1.644906410685000042e-02,3.625423140182455501e-03,1.199690000000000062e-01,3.303920000000000121e-03,1.035199358931500058e-01,1.492583524956112668e-03
8.002920000000000300e+02,1.610287520229999880e-02,3.658310472746104970e-03,1.212479999999999947e-01,3.333599999999999931e-03,1.051451247976999959e-01,1.506766921260163736e-03
8.042939999999999827e+02,2.083700770279998948e-02,3.737901577757038463e-03,1.264949999999999963e-01,3.417830000000000173e-03,1.056579922972000068e-01,1.513389010168421844e-03
8.083150000000000546e+02,1.616630550530000210e-02,3.676549676970501668e-03,1.208940000000000015e-01,3.353370000000000049e-03,1.047276944946999994e-01,1.507291335585758847e-03
8.123569999999999709e+02,1.767748666096498333e-02,3.708113689568719260e-03,1.223810000000000037e-01,3.387729999999999821e-03,1.047035133390350203e-01,1.507777364821127159e-03
8.164189999999999827e+02,1.387428445757998841e-02,3.675517890388331748e-03,1.190279999999999949e-01,3.350010000000000054e-03,1.051537155424200065e-01,1.512238328592650435e-03
8.205009999999999764e+02,1.524711258401999225e-02,3.684249477645370422e-03,1.192610000000000059e-01,3.362920000000000145e-03,1.040138874159800136e-01,1.504813372857306906e-03
8.246029999999999518e+02,1.742141513150999299e-02,3.734731353275878418e-03,1.221109999999999973e-01,3.415389999999999919e-03,1.046895848684900043e-01,1.511068968989131515e-03
8.287259999999999991e+02,1.067467744089999060e-02,3.686588421259434211e-03,1.171289999999999970e-01,3.356009999999999983e-03,1.064543225591000064e-01,1.525821440295072008e-03
8.328700000000000045e+02,9.777430414500007383e-03,3.696788841105404840e-03,1.167149999999999993e-01,3.364559999999999947e-03,1.069375695854999919e-01,1.531660452620437016e-03
8.370339999999999918e+02,1.378294471544996846e-02,3.741175575866646265e-03,1.196149999999999991e-01,3.417560000000000042e-03,1.058320552845500306e-01,1.522063840928208726e-03
8.412190000000000509e+02,1.189219555965001507e-02,3.737053013089626334e-03,1.181890000000000024e-01,3.410230000000000206e-03,1.062968044403499873e-01,1.528364017419362765e-03
8.454249999999999545e+02,1.351782590187498856e-02,3.746570073927462524e-03,1.183899999999999952e-01,3.424630000000000122e-03,1.048721740981250067e-01,1.519439594702214590e-03
8.496530000000000200e+02,1.483475345229998132e-02,3.751023873341489869e-03,1.182259999999999978e-01,3.433639999999999956e-03,1.033912465477000164e-01,1.510065047863102042e-03
8.539009999999999536e+02,1.548524959207500662e-02,3.756022868220948181e-03,1.180960000000000065e-01,3.441229999999999983e-03,1.026107504079249999e-01,1.505205591837447451e-03
8.581699999999999591e+02,9.638694375875014875e-03,3.703956218258153306e-03,1.130530000000000007e-01,3.380789999999999837e-03,1.034143056241249858e-01,1.513126115918049519e-03
8.624610000000000127e+02,1.171736248810500980e-02,3.712859623793410800e-03,1.131270000000000053e-01,3.396580000000000172e-03,1.014096375118949955e-01,1.499523554198248492e-03
8.667730000000000246e+02,1.810381861460251540e-02,3.786801062399954790e-03,1.181240000000000068e-01,3.481259999999999910e-03,1.000201813853974914e-01,1.490198342031498480e-03
8.711069999999999709e+02,1.905771424533499181e-02,3.792940868746705937e-03,1.178860000000000047e-01,3.491619999999999967e-03,9.882828575466501286e-02,1.481549934834805677e-03
8.754629999999999654e+02,1.205360753403500462e-02,3.699621126433637591e-03,1.105099999999999971e-01,3.391180000000000149e-03,9.845639246596499250e-02,1.478882918541591035e-03
8.798400000000000318e+02,1.941627046879999818e-02,3.806676930934982037e-03,1.175429999999999947e-01,3.508610000000000114e-03,9.812672953119999653e-02,1.476633036476082119e-03
8.842390000000000327e+02,1.199527974194751490e-02,3.725183578815812521e-03,1.106680000000000025e-01,3.417589999999999864e-03,9.867272025805248759e-02,1.482252099940825239e-03
8.886609999999999445e+02,1.136144675801502302e-02,3.754252066014238803e-03,1.113900000000000029e-01,3.443199999999999993e-03,1.000285532419849799e-01,1.496256106143657727e-03
8.931040000000000418e+02,1.299067099112000134e-02,3.796362590933783417e-03,1.135670000000000013e-01,3.486850000000000106e-03,1.005763290088799999e-01,1.501414666020506068e-03
8.975689999999999600e+02,1.223622864721250758e-02,3.807343193099661186e-03,1.132839999999999958e-01,3.496690000000000215e-03,1.010477713527874882e-01,1.506327067386868668e-03
9.020570000000000164e+02,7.518884406687492694e-03,3.756366834049845813e-03,1.088220000000000021e-01,3.439199999999999896e-03,1.013031155933125094e-01,1.510693599625570352e-03
9.065679999999999836e+02,1.193236388190001274e-02,3.829362766746113433e-03,1.130319999999999936e-01,3.518929999999999975e-03,1.010996361180999809e-01,1.510347924963465621e-03
9.111000000000000227e+02,1.064835674124998965e-02,3.804481052624963163e-03,1.108910000000000035e-01,3.494049999999999847e-03,1.002426432587500138e-01,1.505221138996642267e-03
9.156559999999999491e+02,1.036877797146001923e-02,3.821176569271496608e-03,1.110170000000000046e-01,3.510399999999999892e-03,1.006482220285399853e-01,1.509464214067191999e-03
9.202340000000000373e+02,1.187735199231498839e-02,3.853053127873091403e-03,1.120970000000000022e-01,3.545669999999999898e-03,1.002196480076850138e-01,1.508059235346083512e-03
9.248350000000000364e+02,1.287587060143750850e-02,3.857729502164821724e-03,1.121270000000000044e-01,3.554159999999999785e-03,9.925112939856249594e-02,1.500007868736975619e-03
9.294600000000000364e+02,1.812452306425001158e-02,3.950770393543116647e-03,1.176429999999999976e-01,3.653459999999999867e-03,9.951847693574998599e-02,1.503601253955592475e-03
9.341069999999999709e+02,9.014569713725009703e-03,3.834762255573802379e-03,1.087189999999999962e-01,3.526019999999999936e-03,9.970443028627498649e-02,1.507509375219098389e-03
9.387770000000000437e+02,1.145954664089000874e-02,3.886628571580415421e-03,1.112429999999999947e-01,3.581539999999999811e-03,9.978345335910998593e-02,1.509454498096985666e-03
9.434710000000000036e+02,1.226966239158500116e-02,3.922161640523991015e-03,1.130280000000000035e-01,3.616400000000000083e-03,1.007583376084150023e-01,1.518223624634343133e-03
9.481889999999999645e+02,7.058358559017499645e-03,3.893301400415244851e-03,1.092489999999999989e-01,3.578790000000000096e-03,1.021906414409824992e-01,1.532989866364193286e-03
9.529299999999999500e+02,3.546347883775002874e-03,3.836093458855741652e-03,1.049920000000000020e-01,3.518750000000000176e-03,1.014456521162249991e-01,1.527747185425588385e-03
9.576939999999999600e+02,1.100797839984500592e-02,3.955683917016118191e-03,1.120499999999999968e-01,3.649569999999999984e-03,1.010420216001549909e-01,1.525802761316147425e-03
9.624829999999999472e+02,6.965413513404988821e-03,3.916672223061455974e-03,1.085580000000000017e-01,3.605220000000000126e-03,1.015925864865950129e-01,1.530591406777513782e-03
9.672949999999999591e+02,1.322043415719999226e-02,4.020218979961976899e-03,1.144150000000000028e-01,3.716730000000000120e-03,1.011945658428000105e-01,1.532344202177342079e-03
9.721319999999999482e+02,1.019276475853000963e-02,3.937873110777732194e-03,1.089230000000000059e-01,3.635390000000000062e-03,9.873023524146999630e-02,1.513533674711698036e-03
9.769919999999999618e+02,1.114345818959999734e-02,3.975760968911404292e-03,1.101879999999999943e-01,3.675199999999999995e-03,9.904454181039999694e-02,1.516436692354595226e-03
9.818769999999999527e+02,1.314450663483750226e-02,4.026417133865901020e-03,1.126090000000000008e-01,3.727100000000000118e-03,9.946449336516249851e-02,1.523404255570037042e-03
9.867870000000000346e+02,9.321268748062480625e-03,3.983648218315552492e-03,1.090290000000000009e-01,3.679190000000000151e-03,9.970773125193752029e-02,1.527420725009541588e-03
9.917200000000000273e+02,1.116745959850000414e-02,4.024567885204127608e-03,1.108070000000000027e-01,3.722430000000000096e-03,9.963954040149999858e-02,1.529922075700727337e-03
9.966789999999999736e+02,1.327780690646750139e-02,4.125424608160489781e-03,1.156439999999999968e-01,3.821329999999999952e-03,1.023661930935324954e-01,1.554530549302950712e-03
1.001659999999999968e+03,1.470123759874998604e-02,4.186427171864463143e-03,1.183899999999999952e-01,3.881690000000000140e-03,1.036887624012500092e-01,1.568009951889684245e-03
1.006669999999999959e+03,9.980781083874998294e-03,4.115036291203831749e-03,1.132959999999999939e-01,3.805010000000000163e-03,1.033152189161249956e-01,1.566978805799422534e-03
1.011700000000000045e+03,9.478065763749987660e-03,4.146946279178040373e-03,1.138949999999999962e-01,3.835159999999999784e-03,1.044169342362500086e-01,1.577564964363938798e-03
1.016759999999999991e+03,5.964885400500025137e-03,4.118123110789908073e-03,1.108510000000000051e-01,3.801230000000000060e-03,1.048861145994999799e-01,1.584168060125549669e-03
1.021850000000000023e+03,9.288717380625005626e-03,4.181384683203641026e-03,1.140069999999999972e-01,3.868830000000000185e-03,1.047182826193749916e-01,1.586232107867576119e-03
1.026960000000000036e+03,1.495129901379999016e-02,4.261880552139026349e-03,1.186320000000000013e-01,3.957819999999999915e-03,1.036807009862000112e-01,1.580913245026701382e-03
1.032089999999999918e+03,9.168241918899977527e-03,4.187763859939837817e-03,1.131759999999999988e-01,3.876689999999999910e-03,1.040077580811000213e-01,1.583868930978259322e-03
1.037250000000000000e+03,1.505837411624998123e-02,4.313232646524490371e-03,1.195419999999999955e-01,4.009030000000000232e-03,1.044836258837500143e-01,1.591117318787227267e-03
1.042440000000000055e+03,1.391372621439998514e-02,4.311824506314089304e-03,1.183189999999999936e-01,4.006120000000000167e-03,1.044052737856000085e-01,1.594626325773765415e-03
1.047650000000000091e+03,1.497672962774998506e-02,4.348282679414864835e-03,1.197079999999999950e-01,4.043279999999999791e-03,1.047312703722500099e-01,1.599827835018294373e-03
1.052890000000000100e+03,9.799664464199983605e-03,4.321498751568669285e-03,1.166539999999999938e-01,4.006479999999999764e-03,1.068543355358000102e-01,1.619712773737852366e-03
1.058150000000000091e+03,6.443570092499975588e-03,4.333386993738649363e-03,1.161569999999999964e-01,4.009709999999999663e-03,1.097134299075000208e-01,1.643310242590635120e-03
1.063440000000000055e+03,1.387513238199999943e-02,4.496506401842166253e-03,1.251339999999999952e-01,4.179369999999999960e-03,1.112588676179999958e-01,1.658745376755452238e-03
1.068759999999999991e+03,1.238204694299999131e-02,4.519103933403863758e-03,1.251659999999999995e-01,4.198109999999999689e-03,1.127839530570000082e-01,1.672773980191667644e-03
1.074099999999999909e+03,1.076148240249999444e-02,4.542990459683295991e-03,1.256559999999999899e-01,4.215749999999999879e-03,1.148945175974999955e-01,1.692989738383975920e-03
1.079470000000000027e+03,1.477836572525000058e-02,4.636324979685743815e-03,1.301869999999999972e-01,4.313520000000000375e-03,1.154086342747499966e-01,1.699721896916673268e-03
1.084869999999999891e+03,2.332000599699998733e-02,4.810259283796066397e-03,1.402329999999999965e-01,4.494169999999999589e-03,1.169129940030000092e-01,1.714943260999106248e-03
1.090299999999999955e+03,2.029021021249999279e-02,4.780463394132145744e-03,1.371640000000000081e-01,4.460750000000000305e-03,1.168737897875000153e-01,1.718877453496155941e-03
1.095750000000000000e+03,1.805713808125000708e-02,4.754511059390853674e-03,1.345800000000000052e-01,4.432219999999999736e-03,1.165228619187499981e-01,1.720697906510593352e-03
1.101230000000000018e+03,2.216631595050000403e-02,4.798728195211163575e-03,1.364829999999999932e-01,4.484179999999999937e-03,1.143166840494999892e-01,1.708777931480446243e-03
1.106730000000000018e+03,2.494665503199999801e-02,4.838290598438225489e-03,1.377970000000000028e-01,4.529280000000000111e-03,1.128503449680000048e-01,1.701375501332883823e-03
1.112269999999999982e+03,2.959557474200001648e-02,4.875278550291964157e-03,1.398880000000000123e-01,4.574619999999999728e-03,1.102924252579999959e-01,1.685583815340226587e-03
1.117829999999999927e+03,2.635029170350000616e-02,4.807049738038378546e-03,1.348900000000000099e-01,4.505320000000000158e-03,1.085397082965000037e-01,1.676251437456457039e-03
1.123420000000000073e+03,3.016658633500002296e-02,4.877601973408285038e-03,1.378590000000000093e-01,4.580859999999999967e-03,1.076924136649999864e-01,1.675327631060980491e-03
1.129029999999999973e+03,2.799875164500001401e-02,4.857260892510950091e-03,1.354700000000000071e-01,4.558200000000000099e-03,1.074712483549999931e-01,1.678033413825919494e-03
1.134680000000000064e+03,1.915437172099998531e-02,4.743112096807767381e-03,1.271069999999999978e-01,4.432460000000000046e-03,1.079526282790000125e-01,1.688315939415421666e-03
1.140349999999999909e+03,2.456121225437499223e-02,4.842006853848951874e-03,1.321890000000000009e-01,4.537270000000000365e-03,1.076277877456250087e-01,1.690624535436601903e-03
1.146049999999999955e+03,2.555917344912500555e-02,4.864144660824718663e-03,1.321009999999999962e-01,4.562309999999999977e-03,1.065418265508749907e-01,1.686781178852081843e-03
1.151779999999999973e+03,3.242673407035000233e-02,4.969613913610529572e-03,1.378800000000000026e-01,4.675920000000000076e-03,1.054532659296500002e-01,1.683102671838934868e-03
1.157539999999999964e+03,3.849683012205000476e-02,5.083714793265288120e-03,1.439640000000000086e-01,4.795179999999999582e-03,1.054671698779500039e-01,1.688314208571476934e-03
1.163329999999999927e+03,4.520632017872497355e-02,5.203234626106740396e-03,1.505009999999999959e-01,4.920220000000000322e-03,1.052946798212750223e-01,1.692656411064026633e-03
1.169150000000000091e+03,3.593380591487502218e-02,5.120016249556567922e-03,1.435470000000000079e-01,4.823540000000000293e-03,1.076131940851249857e-01,1.716982313282028067e-03
1.174990000000000009e+03,3.024618366150000348e-02,5.099432858169942323e-03,1.406499999999999972e-01,4.791870000000000157e-03,1.104038163384999938e-01,1.744189604969388109e-03
1.180869999999999891e+03,2.434256231899999123e-02,5.069006465253485076e-03,1.369549999999999934e-01,4.750660000000000299e-03,1.126124376810000022e-01,1.768065640518367383e-03
1.186769999999999982e+03,2.770977890650001829e-02,5.174568869900487630e-03,1.419420000000000126e-01,4.856309999999999967e-03,1.142322210934999943e-01,1.786733380570029468e-03
1.192710000000000036e+03,2.658307502550000256e-02,5.206453037886827132e-03,1.425740000000000063e-01,4.883329999999999962e-03,1.159909249745000037e-01,1.805613842110480056e-03
1.198670000000000073e+03,2.733037424549999983e-02,5.272076265625987891e-03,1.449580000000000035e-01,4.946100000000000149e-03,1.176276257545000037e-01,1.825070667283012300e-03
1.204660000000000082e+03,2.514642728050001108e-02,5.267231081596938230e-03,1.432900000000000007e-01,4.936900000000000142e-03,1.181435727194999896e-01,1.835957967095338530e-03
1.210690000000000055e+03,2.337283528299999302e-02,5.238516526796187754e-03,1.405009999999999870e-01,4.906800000000000224e-03,1.171281647169999940e-01,1.834494252244141905e-03
1.216740000000000009e+03,2.492332270549998952e-02,5.290383332479921263e-03,1.420289999999999886e-01,4.959329999999999641e-03,1.171056772944999991e-01,1.842064536242246815e-03
1.222819999999999936e+03,2.833881220850001381e-02,5.390464338348886428e-03,1.467060000000000031e-01,5.059440000000000118e-03,1.183671877914999893e-01,1.859885122638249740e-03
1.228940000000000055e+03,2.564221516049999816e-02,5.330602534447691221e-03,1.423319999999999863e-01,4.997719999999999767e-03,1.166897848394999881e-01,1.854216325529508842e-03
1.235079999999999927e+03,2.638204104999999910e-02,5.325442682343508628e-03,1.407380000000000020e-01,4.996340000000000156e-03,1.143559589500000029e-01,1.843075247331488848e-03
1.241259999999999991e+03,2.313116176999997775e-02,5.295615584652387312e-03,1.379789999999999905e-01,4.960400000000000226e-03,1.148478382300000128e-01,1.854178055207548548e-03
1.247460000000000036e+03,2.645843498050000353e-02,5.321956420863614874e-03,1.388570000000000082e-01,4.993130000000000138e-03,1.123985650195000047e-01,1.841703816760844161e-03
1.253700000000000045e+03,2.692317995250000096e-02,5.308235278905195503e-03,1.369849999999999957e-01,4.982699999999999629e-03,1.100618200474999947e-01,1.830317591625486807e-03
1.259970000000000027e+03,3.461377727674999627e-02,5.412260582556468677e-03,1.423069999999999891e-01,5.097469999999999779e-03,1.076932227232499928e-01,1.818890929273794940e-03
1.266269999999999982e+03,2.736093742500002313e-02,5.289404573827617521e-03,1.336150000000000115e-01,4.967899999999999920e-03,1.062540625749999884e-01,1.815976413841469085e-03
1.272599999999999909e+03,2.320325597999997602e-02,5.262411332288908887e-03,1.305689999999999906e-01,4.932220000000000180e-03,1.073657440200000146e-01,1.834714937477405911e-03
1.278960000000000036e+03,3.157930995399998997e-02,5.441433489794741084e-03,1.393449999999999966e-01,5.118189999999999892e-03,1.077656900460000067e-01,1.847519836905622869e-03
1.285359999999999900e+03,3.183571801200001106e-02,5.488626168157125298e-03,1.408330000000000137e-01,5.161090000000000122e-03,1.089972819880000027e-01,1.867663574008757935e-03
1.291789999999999964e+03,2.851444515149997860e-02,5.460366282149289527e-03,1.380329999999999890e-01,5.126030000000000170e-03,1.095185548485000104e-01,1.881333669058430627e-03
1.298240000000000009e+03,2.598128103200000871e-02,5.465489748751553405e-03,1.363790000000000002e-01,5.125000000000000215e-03,1.103977189679999915e-01,1.898934752356781601e-03
1.304740000000000009e+03,2.865223095399999087e-02,5.548320961667438204e-03,1.395629999999999926e-01,5.207749999999999706e-03,1.109107690460000017e-01,1.913950216483774249e-03
1.311259999999999991e+03,3.349783885350000878e-02,5.651722982811982487e-03,1.444330000000000058e-01,5.313879999999999992e-03,1.109351611464999970e-01,1.924747261342428257e-03
1.317819999999999936e+03,3.533361394949997847e-02,5.717354145444900060e-03,1.467549999999999966e-01,5.378489999999999660e-03,1.114213860505000181e-01,1.939067751352694085e-03
1.324410000000000082e+03,2.506015455974999750e-02,5.580578532559458439e-03,1.373860000000000081e-01,5.225320000000000312e-03,1.123258454402500106e-01,1.959307953248664875e-03
1.331029999999999973e+03,2.043646457850001319e-02,5.561422977538730411e-03,1.340050000000000130e-01,5.196379999999999576e-03,1.135685354214999998e-01,1.981681213186359519e-03
1.337680000000000064e+03,2.431059751399999858e-02,5.659249345202119370e-03,1.383540000000000048e-01,5.294990000000000287e-03,1.140434024860000062e-01,1.997544505404225384e-03
1.344369999999999891e+03,2.833406397724999581e-02,5.741386992875552840e-03,1.417789999999999884e-01,5.380890000000000152e-03,1.134449360227499926e-01,2.002385429896197822e-03
1.351089999999999918e+03,2.896620657224999174e-02,5.780221107850952444e-03,1.424279999999999990e-01,5.417280000000000012e-03,1.134617934277500073e-01,2.015944805108931762e-03
1.357849999999999909e+03,2.144419347374999785e-02,5.654965265289267629e-03,1.346579999999999999e-01,5.280499999999999604e-03,1.132138065262500021e-01,2.023598750154812550e-03
1.364640000000000100e+03,3.034049615999998006e-02,5.807508604447784648e-03,1.416699999999999904e-01,5.445440000000000176e-03,1.113295038400000103e-01,2.018499293320423493e-03
1.371460000000000036e+03,3.467411015450000411e-02,5.909919870975445869e-03,1.457980000000000109e-01,5.550819999999999713e-03,1.111238898455000068e-01,2.028681889540702010e-03
1.378319999999999936e+03,3.555469041399997310e-02,5.925864862314922897e-03,1.456759999999999999e-01,5.567260000000000091e-03,1.101213095860000268e-01,2.030145427997377249e-03
1.385210000000000036e+03,3.757140348925000484e-02,5.990817434821667231e-03,1.478399999999999992e-01,5.631419999999999829e-03,1.102685965107499944e-01,2.043771592170530709e-03
1.392140000000000100e+03,4.550970374250001838e-02,6.115396522421042563e-03,1.539550000000000085e-01,5.764850000000000182e-03,1.084452962574999901e-01,2.040730041906419889e-03
1.399099999999999909e+03,4.072713993500000351e-02,6.091710124041427483e-03,1.506139999999999979e-01,5.729650000000000194e-03,1.098868600649999944e-01,2.068826506222506360e-03
1.406089999999999918e+03,3.279146170800001370e-02,5.980158618412784698e-03,1.433750000000000024e-01,5.603949999999999904e-03,1.105835382919999887e-01,2.087592273140686811e-03
1.413119999999999891e+03,3.708289653199997593e-02,6.050337431580126921e-03,1.462759999999999894e-01,5.678850000000000044e-03,1.091931034680000134e-01,2.087401665583222665e-03
1.420190000000000055e+03,3.998917619300002002e-02,6.130462062632837869e-03,1.488400000000000001e-01,5.759819999999999697e-03,1.088508238069999801e-01,2.099294802780322933e-03
1.427289999999999964e+03,3.896292656374999996e-02,6.147587297941873793e-03,1.481629999999999892e-01,5.771469999999999899e-03,1.092000734362499892e-01,2.117301023689419602e-03
1.434430000000000064e+03,4.318179278475001159e-02,6.262751942372024594e-03,1.527519999999999989e-01,5.887400000000000098e-03,1.095702072152499873e-01,2.135552184256934560e-03
1.441599999999999909e+03,4.694393646000001585e-02,6.327619643384324588e-03,1.553470000000000129e-01,5.954959999999999594e-03,1.084030635399999970e-01,2.139444261892131140e-03
1.448809999999999945e+03,5.804973357275000634e-02,6.556159021787831727e-03,1.662540000000000129e-01,6.192740000000000397e-03,1.082042664272500065e-01,2.152485170998854822e-03
1.456049999999999955e+03,5.464485751750000619e-02,6.519944813204887717e-03,1.631980000000000097e-01,6.147930000000000235e-03,1.085531424825000035e-01,2.170860908104737391e-03
1.463329999999999927e+03,6.250813131275000101e-02,6.685225957982051694e-03,1.708999999999999964e-01,6.317579999999999724e-03,1.083918686872499954e-01,2.186419230814860924e-03
1.470650000000000091e+03,5.572028151124999718e-02,6.585559408899071231e-03,1.635119999999999907e-01,6.207700000000000023e-03,1.077917184887499935e-01,2.198648093292575583e-03
1.478000000000000000e+03,4.686213604999997506e-02,6.440512342171940754e-03,1.539230000000000043e-01,6.049149999999999666e-03,1.070608639500000292e-01,2.210878446945716003e-03
1.485390000000000100e+03,4.691562780900000729e-02,6.476735310432694265e-03,1.542260000000000020e-01,6.079550000000000405e-03,1.073103721909999947e-01,2.233197724991157519e-03
1.492819999999999936e+03,4.152744603949998226e-02,6.406015587633756905e-03,1.492219999999999935e-01,5.996480000000000213e-03,1.076945539605000113e-01,2.253722103234263256e-03
1.500279999999999973e+03,4.374056568999999672e-02,6.515435976184397182e-03,1.529780000000000029e-01,6.100379999999999865e-03,1.092374343100000061e-01,2.288289714034899558e-03
1.507779999999999973e+03,4.660164007600001157e-02,6.655936668995165138e-03,1.582050000000000123e-01,6.232650000000000169e-03,1.116033599240000007e-01,2.335715504759611639e-03
1.515319999999999936e+03,4.462070008100001151e-02,6.712948115277474898e-03,1.590000000000000024e-01,6.275799999999999781e-03,1.143792999189999909e-01,2.382856848072791717e-03
1.522900000000000091e+03,3.317999204999996787e-02,6.550494638697528481e-03,1.489399999999999891e-01,6.090270000000000059e-03,1.157600079500000212e-01,2.411968353586975249e-03
1.530509999999999991e+03,3.190091908474998461e-02,6.528005777991798507e-03,1.465329999999999966e-01,6.063820000000000147e-03,1.146320809152500120e-01,2.417632404873475745e-03
1.538160000000000082e+03,5.356209568000000476e-02,6.980168534935407738e-03,1.682790000000000119e-01,6.539279999999999746e-03,1.147169043200000071e-01,2.441427831762044143e-03
1.545859999999999900e+03,4.439693685700001058e-02,6.842897069116095354e-03,1.593100000000000072e-01,6.383419999999999893e-03,1.149130631429999966e-01,2.465195611329381968e-03
1.553579999999999927e+03,4.436342317499999965e-02,6.838052925330428446e-03,1.577830000000000066e-01,6.376689999999999962e-03,1.134195768250000069e-01,2.469168372857555045e-03
1.561349999999999909e+03,4.470443619375000233e-02,6.851875079357837468e-03,1.568599999999999994e-01,6.388910000000000249e-03,1.121555638062499971e-01,2.475887944763447562e-03
1.569160000000000082e+03,3.663868767500000345e-02,6.700006304022019903e-03,1.480940000000000034e-01,6.221710000000000088e-03,1.114553123250000000e-01,2.486042869669549422e-03
1.577000000000000000e+03,4.576130165000000249e-02,6.966067202096123089e-03,1.592510000000000037e-01,6.489309999999999870e-03,1.134896983500000012e-01,2.532774760617160191e-03
1.584890000000000100e+03,3.353449776750000444e-02,6.775596585612389360e-03,1.479159999999999919e-01,6.271340000000000248e-03,1.143815022324999875e-01,2.564956860331625565e-03
1.592809999999999945e+03,4.068865617424999304e-02,6.905557560938555689e-03,1.537959999999999883e-01,6.408719999999999695e-03,1.131073438257499952e-01,2.571970681993801088e-03
1.600779999999999973e+03,5.036450528900002221e-02,7.135048683595766536e-03,1.635530000000000039e-01,6.644459999999999603e-03,1.131884947109999817e-01,2.600013658749063955e-03
1.608779999999999973e+03,4.866596318600001359e-02,7.112647711824429848e-03,1.608680000000000110e-01,6.615740000000000162e-03,1.122020368139999974e-01,2.611846420623022656e-03
1.616829999999999927e+03,4.893531747524999809e-02,7.160881525693094107e-03,1.615790000000000004e-01,6.655730000000000326e-03,1.126436825247500023e-01,2.641871002171124021e-03
1.624910000000000082e+03,4.487999382349999733e-02,7.075890684862955020e-03,1.559709999999999985e-01,6.562260000000000315e-03,1.110910061765000012e-01,2.646690891760942153e-03
1.633029999999999973e+03,4.257012461574997964e-02,7.056892255736411587e-03,1.533289999999999931e-01,6.532429999999999660e-03,1.107588753842500134e-01,2.669660391168238341e-03
1.641200000000000045e+03,3.760446563999997327e-02,7.012711499006821572e-03,1.495479999999999865e-01,6.468449999999999721e-03,1.119435343600000132e-01,2.708740881997115379e-03
1.649410000000000082e+03,4.502263486799999714e-02,7.176494266962753395e-03,1.560759999999999925e-01,6.639789999999999581e-03,1.110533651319999954e-01,2.723097265917850517e-03
1.657650000000000091e+03,4.960555488125001355e-02,7.306718836226887455e-03,1.609180000000000055e-01,6.769070000000000295e-03,1.113124451187499919e-01,2.750969190444122522e-03
1.665940000000000055e+03,4.089061064900000042e-02,7.163715167355696328e-03,1.520920000000000050e-01,6.604470000000000306e-03,1.112013893510000045e-01,2.774849728922639501e-03
1.674269999999999982e+03,3.550491748825002070e-02,7.120622101161913110e-03,1.478500000000000092e-01,6.539230000000000043e-03,1.123450825117499885e-01,2.818107541357409238e-03
1.682640000000000100e+03,3.416607724599998730e-02,7.088288599913504170e-03,1.454020000000000035e-01,6.498730000000000305e-03,1.112359227540000162e-01,2.830255052599276334e-03
1.691059999999999945e+03,4.453799717999999686e-02,7.324096952932520645e-03,1.548579999999999957e-01,6.749159999999999708e-03,1.103200028199999988e-01,2.844509706496962768e-03
1.699509999999999991e+03,3.905340261875001051e-02,7.276972049351108744e-03,1.507209999999999939e-01,6.677559999999999919e-03,1.116675973812499834e-01,2.892147066356979233e-03
1.708009999999999991e+03,3.123002356350000619e-02,7.181304144773087081e-03,1.444120000000000126e-01,6.551819999999999866e-03,1.131819764365000064e-01,2.940201337890846738e-03
1.716549999999999955e+03,2.934838602375000605e-02,7.190365265520723241e-03,1.429340000000000055e-01,6.546650000000000212e-03,1.135856139762499994e-01,2.973672212787901135e-03
1.725130000000000109e+03,3.499520831850001790e-02,7.346009769061817400e-03,1.486850000000000116e-01,6.702819999999999959e-03,1.136897916814999937e-01,3.006004586615207419e-03
1.733759999999999991e+03,2.939803750399999638e-02,7.325611766740825447e-03,1.449479999999999935e-01,6.655509999999999898e-03,1.155499624959999971e-01,3.060845372917690623e-03
1.742430000000000064e+03,3.818035158275000229e-02,7.506173964584084146e-03,1.529300000000000104e-01,6.846310000000000416e-03,1.147496484172500081e-01,3.077448126370279247e-03
1.751140000000000100e+03,3.349302870500001084e-02,7.397201745752744230e-03,1.460450000000000081e-01,6.725749999999999958e-03,1.125519712949999973e-01,3.079428616621506833e-03
1.759890000000000100e+03,4.218810812749999861e-02,7.565811824078075287e-03,1.538339999999999985e-01,6.902120000000000304e-03,1.116458918724999999e-01,3.098749435330261023e-03
1.768690000000000055e+03,4.035503005750000483e-02,7.556281822199214723e-03,1.515450000000000130e-01,6.880869999999999868e-03,1.111899699425000082e-01,3.122662809141948329e-03
1.777539999999999964e+03,3.040863045749997440e-02,7.368157021003744929e-03,1.408609999999999862e-01,6.662760000000000210e-03,1.104523695425000118e-01,3.146008116417815109e-03
1.786420000000000073e+03,4.050668146350000498e-02,7.630765909990260519e-03,1.514999999999999958e-01,6.933619999999999714e-03,1.109933185364999908e-01,3.186456035891519194e-03
1.795359999999999900e+03,3.903641567999999173e-02,7.695737951869444614e-03,1.519989999999999952e-01,6.978739999999999770e-03,1.129625843200000035e-01,3.243697062958208772e-03
1.804329999999999927e+03,4.586271867525000545e-02,7.894902268753146990e-03,1.596879999999999966e-01,7.176890000000000006e-03,1.138252813247499912e-01,3.289640065579147506e-03
1.813349999999999909e+03,4.311790633124998329e-02,7.870794263148217160e-03,1.567919999999999869e-01,7.135410000000000016e-03,1.136740936687500036e-01,3.321946186305084307e-03
1.822420000000000073e+03,4.215670029099999327e-02,7.915793877991723557e-03,1.569679999999999964e-01,7.161080000000000223e-03,1.148112997090000031e-01,3.373236717523874027e-03
1.831529999999999973e+03,3.275819259600003253e-02,7.766643189875116655e-03,1.480410000000000059e-01,6.975679999999999728e-03,1.152828074039999734e-01,3.414767192127968459e-03
1.840690000000000055e+03,3.205755856904762835e-02,7.722838320046263028e-03,1.450100000000000000e-01,6.944969999999999963e-03,1.129524414309523717e-01,3.377813407616675999e-03
1.849890000000000100e+03,4.370043804291665057e-02,7.969592030076202982e-03,1.561019999999999908e-01,7.227189999999999656e-03,1.124015619570833402e-01,3.358886992703703257e-03
1.859140000000000100e+03,4.358065191583332387e-02,7.994829097911224439e-03,1.568859999999999977e-01,7.254280000000000103e-03,1.133053480841666738e-01,3.360463358884901997e-03
1.868440000000000055e+03,2.760377594047618011e-02,7.680200618194629042e-03,1.410939999999999972e-01,6.910849999999999632e-03,1.134902240595238171e-01,3.350467700667650404e-03
1.877779999999999973e+03,2.674415259059523264e-02,7.628809648332216323e-03,1.385230000000000072e-01,6.872190000000000243e-03,1.117788474094047746e-01,3.312361884575221009e-03
1.887170000000000073e+03,3.932989726000002406e-02,7.901741057616689518e-03,1.504810000000000036e-01,7.183369999999999686e-03,1.111511027399999796e-01,3.291915427942419640e-03
1.896609999999999900e+03,3.156582311386904593e-02,7.758827691151471383e-03,1.434979999999999867e-01,7.025380000000000340e-03,1.119321768861309407e-01,3.292938352987931881e-03
1.906089999999999918e+03,2.743451019988092654e-02,7.767112933110571944e-03,1.417859999999999954e-01,7.023320000000000431e-03,1.143514898001190688e-01,3.316778481191276755e-03
1.915619999999999891e+03,3.283024175011903245e-02,7.884326129706960978e-03,1.468049999999999911e-01,7.160960000000000068e-03,1.139747582498809586e-01,3.298977174516361244e-03
1.925200000000000045e+03,3.048285673095238457e-02,7.839498319120669426e-03,1.440670000000000006e-01,7.119780000000000032e-03,1.135841432690476160e-01,3.281229441397814223e-03
1.934819999999999936e+03,2.724994231166667780e-02,7.839422270769204337e-03,1.428000000000000103e-01,7.113229999999999900e-03,1.155500576883333325e-01,3.295223893232777576e-03
1.944500000000000000e+03,3.254667652083334528e-02,7.992337842072653326e-03,1.486180000000000001e-01,7.285129999999999904e-03,1.160713234791666548e-01,3.286996359128886280e-03
1.954220000000000027e+03,2.300180358726190699e-02,7.755037268714000918e-03,1.378260000000000041e-01,7.038339999999999701e-03,1.148241964127380971e-01,3.256128542232802122e-03
1.963990000000000009e+03,2.750088841749998014e-02,7.862804703171974788e-03,1.419179999999999886e-01,7.165750000000000244e-03,1.144171115825000085e-01,3.236622427426981592e-03
1.973809999999999945e+03,2.670113304125001918e-02,7.909246267809073513e-03,1.429620000000000057e-01,7.211030000000000217e-03,1.162608669587499866e-01,3.249188031485984902e-03
1.983680000000000064e+03,2.563951332095237845e-02,7.929474443242290685e-03,1.430680000000000007e-01,7.232060000000000224e-03,1.174284866790476223e-01,3.251749237323297258e-03
1.993599999999999909e+03,2.765757296666666865e-02,7.932250522571515639e-03,1.426689999999999903e-01,7.256109999999999643e-03,1.150114270333333216e-01,3.204600758399721652e-03
2.003569999999999936e+03,2.938354201148808686e-02,7.954980173750526504e-03,1.431699999999999917e-01,7.293499999999999636e-03,1.137864579885119048e-01,3.175935659733042891e-03
2.013589999999999918e+03,4.607652008904762619e-02,8.346175079775966163e-03,1.596279999999999921e-01,7.724439999999999952e-03,1.135514799109523659e-01,3.160959529743043346e-03
2.023650000000000091e+03,2.865426990982142263e-02,7.988579533703587393e-03,1.432350000000000012e-01,7.336249999999999889e-03,1.145807300901785786e-01,3.161777807469690234e-03
2.033769999999999982e+03,1.665859923238094398e-02,7.706225833377228912e-03,1.305429999999999924e-01,7.037360000000000317e-03,1.138844007676190484e-01,3.140299480210536742e-03
2.043940000000000055e+03,2.415600808666668042e-02,7.900850572592153440e-03,1.376380000000000103e-01,7.256509999999999870e-03,1.134819919133333299e-01,3.125140379299745901e-03
2.054159999999999854e+03,3.722514058666667736e-02,8.247060936291555205e-03,1.512340000000000073e-01,7.633209999999999648e-03,1.140088594133333300e-01,3.122197812888566088e-03
2.064429999999999836e+03,2.862731729541664882e-02,8.079700939343303218e-03,1.433899999999999897e-01,7.455080000000000214e-03,1.147626827045833409e-01,3.115019977917484525e-03
2.074750000000000000e+03,2.418866558184523674e-02,8.038732595921097013e-03,1.407539999999999902e-01,7.406040000000000019e-03,1.165653344181547535e-01,3.125986766946451962e-03
2.085130000000000109e+03,2.437137223869051406e-02,7.961936474109646694e-03,1.384460000000000135e-01,7.345690000000000205e-03,1.140746277613094994e-01,3.071363026680102703e-03
2.095550000000000182e+03,3.661123317083334050e-02,8.181190321993429826e-03,1.469409999999999883e-01,7.608300000000000132e-03,1.103297668291666478e-01,3.007598077316676281e-03
2.106030000000000200e+03,3.766455176083333134e-02,8.236579373855969569e-03,1.478849999999999887e-01,7.672530000000000322e-03,1.102204482391666573e-01,2.995583946566947667e-03
2.116559999999999945e+03,2.499651142619047084e-02,7.916240929062812529e-03,1.343499999999999972e-01,7.336009999999999580e-03,1.093534885738095264e-01,2.974866001498094239e-03
2.127139999999999873e+03,3.375133303023808429e-02,8.110596931853416777e-03,1.421119999999999883e-01,7.555970000000000394e-03,1.083606669697619040e-01,2.947727930133659142e-03
2.137780000000000200e+03,3.887315855916666230e-02,8.174061771053437939e-03,1.447529999999999928e-01,7.642300000000000308e-03,1.058798414408333305e-01,2.900092506627547587e-03
2.148469999999999800e+03,3.376090904214285038e-02,8.052064008080016960e-03,1.389880000000000004e-01,7.518500000000000009e-03,1.052270909578571501e-01,2.882341503052269181e-03
2.159210000000000036e+03,3.071715551005954614e-02,8.075761125372825713e-03,1.378850000000000076e-01,7.536949999999999726e-03,1.071678444899404614e-01,2.900396947244113840e-03
2.170010000000000218e+03,2.886754140750000253e-02,8.039846092910139450e-03,1.366020000000000012e-01,7.501410000000000022e-03,1.077344585924999987e-01,2.892744926463862703e-03
2.180860000000000127e+03,2.731240624749999013e-02,8.034349500135413644e-03,1.354809999999999903e-01,7.495929999999999607e-03,1.081685937525000002e-01,2.891678634534993950e-03
2.191760000000000218e+03,2.446777899952380653e-02,8.040992704673939270e-03,1.341239999999999932e-01,7.498559999999999601e-03,1.096562210004761867e-01,2.903301844972294449e-03
2.202719999999999800e+03,2.271722363428570202e-02,8.104261268266842524e-03,1.352889999999999926e-01,7.554510000000000391e-03,1.125717763657142906e-01,2.934012502398395620e-03
2.213730000000000018e+03,2.505426900345236740e-02,8.233581963072018201e-03,1.392799999999999871e-01,7.688630000000000117e-03,1.142257309965476197e-01,2.945647749769968789e-03
2.224800000000000182e+03,2.619392565714284693e-02,8.352431082005314436e-03,1.424239999999999950e-01,7.810390000000000388e-03,1.162300743428571481e-01,2.959883955081427098e-03
2.235929999999999836e+03,1.632722603119045324e-02,8.138264185638557566e-03,1.337009999999999865e-01,7.578969999999999978e-03,1.173737739688095333e-01,2.964887467400274552e-03
2.247110000000000127e+03,3.260739095565473589e-02,8.561475057989965942e-03,1.499669999999999892e-01,8.034090000000000675e-03,1.173596090443452533e-01,2.958420700388009108e-03
2.258340000000000146e+03,1.320269435190477014e-02,8.151220308822593186e-03,1.325620000000000132e-01,7.589310000000000153e-03,1.193593056480952430e-01,2.974015172601155148e-03
2.269630000000000109e+03,1.177981726684523833e-02,8.165788797579813171e-03,1.323850000000000027e-01,7.603490000000000075e-03,1.206051827331547643e-01,2.977758638066552339e-03
2.280980000000000018e+03,5.863084442499999493e-03,8.052274144526905958e-03,1.277389999999999914e-01,7.478239999999999714e-03,1.218759155574999919e-01,2.985807328180523600e-03
2.292389999999999873e+03,5.671436204940483172e-03,8.008422086210654350e-03,1.257230000000000014e-01,7.445620000000000016e-03,1.200515637950595182e-01,2.949163801233600606e-03
2.303849999999999909e+03,2.318253167916667357e-02,8.391347312263385677e-03,1.397950000000000026e-01,7.875999999999999321e-03,1.166124683208333290e-01,2.895398714344875335e-03
2.315369999999999891e+03,2.042515011142856385e-02,8.365681261400281440e-03,1.368800000000000017e-01,7.851210000000000827e-03,1.164548498885714378e-01,2.888446728476015864e-03
2.326940000000000055e+03,1.288158732321428857e-02,8.165653174455989732e-03,1.293860000000000010e-01,7.641959999999999725e-03,1.165044126767857124e-01,2.877210302342042732e-03
2.338579999999999927e+03,2.785756695059524168e-02,8.550898093164824298e-03,1.433470000000000022e-01,8.059900000000000050e-03,1.154894330494047605e-01,2.855848418542170780e-03
2.350269999999999982e+03,1.998807199547616986e-02,8.291633122215759724e-03,1.334239999999999871e-01,7.796019999999999860e-03,1.134359280045238172e-01,2.823694741473569032e-03
2.362019999999999982e+03,1.961308836666665611e-02,8.289867648475420306e-03,1.329400000000000026e-01,7.795410000000000013e-03,1.133269116333333465e-01,2.820193000689738116e-03
2.373829999999999927e+03,1.424127938333331900e-02,8.212640828760555192e-03,1.287059999999999871e-01,7.709070000000000158e-03,1.144647206166666681e-01,2.831555953415872216e-03
2.385699999999999818e+03,1.836598816726189853e-02,8.362359317351446969e-03,1.335409999999999930e-01,7.867580000000000753e-03,1.151750118327380945e-01,2.833767509181820462e-03
2.397630000000000109e+03,1.963711662857144102e-02,8.438674613341348371e-03,1.357420000000000015e-01,7.946170000000000663e-03,1.161048833714285605e-01,2.840706172935130325e-03
2.409619999999999891e+03,1.682633552500001350e-02,8.439754323942283420e-03,1.345570000000000099e-01,7.940529999999999464e-03,1.177306644749999964e-01,2.859621717570781565e-03
2.421670000000000073e+03,3.032219449690476409e-02,8.870851407030637403e-03,1.489199999999999968e-01,8.393750000000000169e-03,1.185978055030952327e-01,2.870011432576086499e-03
2.433769999999999982e+03,1.627382307291666552e-02,8.483616312942482071e-03,1.338789999999999980e-01,7.988359999999999905e-03,1.176051769270833325e-01,2.856195066101716289e-03
2.445940000000000055e+03,1.342187512452382159e-02,8.430762586411812837e-03,1.310630000000000128e-01,7.932689999999999186e-03,1.176411248754761912e-01,2.854853262838777730e-03
2.458170000000000073e+03,1.056070495124999953e-02,8.482483532509145149e-03,1.314180000000000070e-01,7.974079999999999710e-03,1.208572950487500075e-01,2.892503246824252704e-03
2.470460000000000036e+03,6.839992885952383972e-03,8.378502582126233847e-03,1.279830000000000134e-01,7.862420000000000173e-03,1.211430071140476294e-01,2.895109196955440549e-03
2.482820000000000164e+03,6.510673101428582354e-03,8.397240863562359034e-03,1.277760000000000007e-01,7.880409999999999152e-03,1.212653268985714183e-01,2.900481400144042359e-03
2.495230000000000018e+03,2.079785656374999459e-02,8.864753998851497563e-03,1.433919999999999917e-01,8.368089999999999903e-03,1.225941434362499971e-01,2.925565451678293922e-03
2.507710000000000036e+03,1.924470438309525133e-02,8.814491024882485648e-03,1.407990000000000075e-01,8.317319999999999575e-03,1.215542956169047561e-01,2.918465357912250480e-03
2.520250000000000000e+03,1.200587423511903507e-02,8.639059188581214160e-03,1.338209999999999955e-01,8.128029999999999630e-03,1.218151257648809604e-01,2.927195241679227036e-03
2.532849999999999909e+03,1.059861004583331767e-02,8.588006899593937996e-03,1.308779999999999943e-01,8.077449999999999908e-03,1.202793899541666767e-01,2.916961433576567477e-03
2.545510000000000218e+03,5.632153644166679185e-03,8.397802299269542525e-03,1.236099999999999977e-01,7.881610000000000699e-03,1.179778463558333185e-01,2.898845850595856491e-03
2.558239999999999782e+03,1.295907635809523395e-02,8.578852418024451518e-03,1.297460000000000002e-01,8.076170000000000571e-03,1.167869236419047663e-01,2.893473162368018041e-03
2.571030000000000200e+03,2.407121479821427990e-02,8.881029811224487244e-03,1.389880000000000004e-01,8.401330000000000256e-03,1.149167852017857205e-01,2.879295875549792421e-03
2.583880000000000109e+03,2.761503839857143427e-02,9.047493253276450362e-03,1.437940000000000051e-01,8.568489999999999787e-03,1.161789616014285709e-01,2.904843074588176182e-03
2.596800000000000182e+03,2.515617170000000735e-02,9.074300979107590565e-03,1.436469999999999969e-01,8.583139999999999520e-03,1.184908282999999896e-01,2.944935652918917804e-03
2.609789999999999964e+03,2.546731039910712924e-02,9.091156393535261213e-03,1.435869999999999924e-01,8.598470000000000418e-03,1.181196896008928632e-01,2.952192106014960883e-03
2.622840000000000146e+03,2.011893184333335416e-02,8.981632124740386233e-03,1.387510000000000132e-01,8.476169999999999885e-03,1.186320681566666591e-01,2.970565224880358356e-03
2.635949999999999818e+03,1.914585961577382200e-02,8.981489142321365249e-03,1.370079999999999909e-01,8.474519999999999276e-03,1.178621403842261689e-01,2.974837471734648880e-03
2.649130000000000109e+03,2.578038250738097503e-02,9.125424419452061661e-03,1.422170000000000101e-01,8.627819999999999587e-03,1.164366174926190350e-01,2.972220194186830922e-03
2.662380000000000109e+03,2.982404945535716001e-02,9.194048436343495861e-03,1.437090000000000034e-01,8.705219999999999625e-03,1.138849505446428434e-01,2.957984347732469429e-03
2.675690000000000055e+03,3.388230589416668659e-02,9.282957023090102414e-03,1.462849999999999984e-01,8.799390000000000683e-03,1.124026941058333118e-01,2.957030050648427541e-03
2.689070000000000164e+03,3.077433588297620592e-02,9.253993520570881828e-03,1.429789999999999950e-01,8.763689999999999328e-03,1.122046641170237891e-01,2.972227054359720747e-03
2.702510000000000218e+03,3.654046131672616937e-02,9.420915070644516470e-03,1.476679999999999937e-01,8.937620000000000287e-03,1.111275386832738243e-01,2.978689225799994230e-03
2.716019999999999982e+03,3.645029201011903974e-02,9.359991325464726147e-03,1.458750000000000047e-01,8.874450000000000741e-03,1.094247079898809649e-01,2.975495725131342001e-03
2.729610000000000127e+03,2.967280592547617835e-02,9.199598326287684175e-03,1.392799999999999871e-01,8.696340000000000320e-03,1.096071940745238088e-01,3.001046479052794664e-03
2.743250000000000000e+03,2.974115691666667782e-02,9.253618730702439441e-03,1.401000000000000023e-01,8.741699999999999818e-03,1.103588430833333245e-01,3.035150856746173919e-03
2.756969999999999800e+03,2.630959614499998878e-02,9.189853931054136130e-03,1.369239999999999902e-01,8.663119999999999848e-03,1.106144038550000014e-01,3.066556234558751558e-03
2.770750000000000000e+03,2.490289911458332117e-02,9.196382330793319293e-03,1.352160000000000029e-01,8.662249999999999811e-03,1.103131008854166817e-01,3.088506582739878898e-03
2.784610000000000127e+03,2.350546742874999595e-02,9.267894379383008127e-03,1.365480000000000027e-01,8.715139999999999693e-03,1.130425325712500068e-01,3.152808431826958739e-03
2.798530000000000200e+03,1.400039643547620893e-02,9.046448173834329212e-03,1.283549999999999969e-01,8.461150000000000615e-03,1.143546035645237879e-01,3.201119372871067889e-03
2.812519999999999982e+03,1.958241566285714996e-02,9.312230898468849133e-03,1.357639999999999958e-01,8.721770000000000217e-03,1.161815843371428458e-01,3.263184391587141322e-03
2.826590000000000146e+03,1.878495735559522484e-02,9.299668441144968295e-03,1.337029999999999885e-01,8.702210000000000154e-03,1.149180426444047637e-01,3.279538722309537080e-03
2.840719999999999800e+03,1.892223102857143457e-02,9.299267575876150535e-03,1.329349999999999976e-01,8.693680000000000505e-03,1.140127689714285630e-01,3.300955241341738643e-03
2.854920000000000073e+03,2.177256083238095219e-02,9.406654142416447095e-03,1.351529999999999954e-01,8.798669999999999755e-03,1.133804391676190432e-01,3.326942798747898819e-03
2.869199999999999818e+03,2.786476381190475249e-02,9.569014805457640507e-03,1.402400000000000035e-01,8.961820000000000550e-03,1.123752361880952511e-01,3.354374253816576508e-03
2.883539999999999964e+03,2.732106977059524378e-02,9.530020257750335122e-03,1.382240000000000135e-01,8.916389999999999733e-03,1.109029302294047697e-01,3.364413096073634417e-03
2.897960000000000036e+03,2.716277141952380680e-02,9.573335728810705020e-03,1.388379999999999892e-01,8.943730000000000430e-03,1.116752285804761824e-01,3.414447343805958671e-03
2.912449999999999818e+03,2.146464495773807435e-02,9.502916732919102286e-03,1.342899999999999927e-01,8.847759999999999653e-03,1.128253550422619184e-01,3.467357699343100261e-03
2.927010000000000218e+03,2.910333711482140928e-02,9.851480708262909392e-03,1.441759999999999986e-01,9.192129999999999745e-03,1.150726628851785893e-01,3.543503662814005868e-03
2.941650000000000091e+03,2.284346723273808499e-02,9.701312829556418479e-03,1.376549999999999996e-01,9.015590000000000409e-03,1.148115327672619146e-01,3.582542054019177778e-03
2.956360000000000127e+03,1.912644315666663097e-02,9.619229441733011254e-03,1.341459999999999875e-01,8.906809999999999380e-03,1.150195568433333565e-01,3.632947931997264172e-03
2.971139999999999873e+03,2.616268644571428936e-02,9.853073408967348221e-03,1.403469999999999995e-01,9.144519999999999732e-03,1.141843135542857102e-01,3.668897596295029370e-03
2.985989999999999782e+03,1.851589244702381287e-02,9.627305601893237572e-03,1.314879999999999938e-01,8.887799999999999520e-03,1.129721075529761809e-01,3.700273545596988612e-03
3.000920000000000073e+03,2.759148428785712648e-02,9.880962780353861469e-03,1.388629999999999864e-01,9.151829999999999687e-03,1.112715157121428600e-01,3.725242692474991547e-03
3.015929999999999836e+03,2.626268433226189303e-02,9.877804637924373493e-03,1.379779999999999895e-01,9.125750000000000181e-03,1.117153156677380965e-01,3.780437990828611206e-03
3.031010000000000218e+03,2.796285797624999125e-02,1.001358452917921159e-02,1.409239999999999937e-01,9.244230000000000849e-03,1.129611420237500025e-01,3.849167030685628644e-03
3.046159999999999854e+03,3.841252370380952852e-02,1.056216893611722565e-02,1.560600000000000043e-01,9.782719999999999957e-03,1.176474762961904758e-01,3.982185585414080992e-03
3.061389999999999873e+03,4.295853420416666235e-02,1.079698046261421893e-02,1.614019999999999899e-01,1.000820000000000008e-02,1.184434657958333276e-01,4.051014671668461652e-03
3.076699999999999818e+03,3.269512381250000432e-02,1.058232212148380556e-02,1.522989999999999899e-01,9.743720000000000853e-03,1.196038761874999856e-01,4.128615027396658269e-03
3.092079999999999927e+03,2.257646331761904712e-02,1.033239764637598930e-02,1.434890000000000054e-01,9.437370000000000481e-03,1.209125366823809583e-01,4.206481737264061195e-03
3.107539999999999964e+03,1.626866528202382256e-02,1.029030800324613054e-02,1.399130000000000096e-01,9.342299999999999563e-03,1.236443347179761870e-01,4.314147599662229542e-03
3.123079999999999927e+03,2.622360844595239548e-02,1.062755931838796873e-02,1.492590000000000028e-01,9.689230000000000065e-03,1.230353915540476073e-01,4.366215646638966878e-03
3.138699999999999818e+03,2.428082641369049000e-02,1.066172567011276426e-02,1.481079999999999897e-01,9.690070000000000280e-03,1.238271735863094997e-01,4.446902029485412348e-03
3.154389999999999873e+03,1.918026903517856818e-02,1.047044259573322138e-02,1.402090000000000003e-01,9.471999999999999517e-03,1.210287309648214321e-01,4.462217402877703513e-03
3.170159999999999854e+03,1.368717408571427929e-02,1.031724466473195496e-02,1.343860000000000054e-01,9.285200000000000398e-03,1.206988259142857262e-01,4.497843753615724145e-03
3.186010000000000218e+03,3.017705219593748434e-02,1.089062524472531393e-02,1.520509999999999917e-01,9.927639999999999729e-03,1.218739478040625074e-01,4.477463819111027372e-03
3.201940000000000055e+03,4.768051132892857369e-02,1.136217714346818460e-02,1.684039999999999981e-01,1.046889999999999973e-02,1.207234886710714244e-01,4.416016556756876751e-03
3.217949999999999818e+03,3.852865663593747769e-02,1.106018663285426515e-02,1.578209999999999891e-01,1.016799999999999995e-02,1.192923433640625114e-01,4.351954084496775788e-03
3.234039999999999964e+03,3.819233739785714288e-02,1.107587196259481911e-02,1.581130000000000035e-01,1.019630000000000015e-02,1.199206626021428607e-01,4.325552686281142027e-03
3.250210000000000036e+03,4.674983309058038106e-02,1.129102102500557057e-02,1.656070000000000042e-01,1.045249999999999999e-02,1.188571669094196231e-01,4.269941397386837166e-03
3.266469999999999800e+03,2.510415399584821350e-02,1.067899652131215280e-02,1.442849999999999966e-01,9.801119999999999971e-03,1.191808460041517831e-01,4.240166676888662382e-03
3.282800000000000182e+03,2.195793539464287181e-02,1.056745031549690718e-02,1.406840000000000035e-01,9.699889999999999207e-03,1.187260646053571317e-01,4.193225507696395418e-03
3.299210000000000036e+03,3.414415589075893431e-02,1.092279442065024163e-02,1.516309999999999880e-01,1.010899999999999993e-02,1.174868441092410537e-01,4.137095231655668094e-03
3.315710000000000036e+03,1.972946411495535290e-02,1.050361931801641752e-02,1.375329999999999886e-01,9.668480000000000130e-03,1.178035358850446357e-01,4.104450422091572570e-03
3.332289999999999964e+03,2.825944113535713842e-02,1.079882064109434492e-02,1.467579999999999996e-01,1.000069999999999952e-02,1.184985588646428611e-01,4.074374399650243853e-03
3.348949999999999818e+03,2.009200446897321801e-02,1.061744408563433661e-02,1.405669999999999975e-01,9.804989999999999539e-03,1.204749955310267795e-01,4.073363476473904586e-03
3.365690000000000055e+03,3.141224780272322548e-02,1.105801267601855785e-02,1.529870000000000119e-01,1.028809999999999968e-02,1.215747521972767864e-01,4.053966296478930809e-03
3.382519999999999982e+03,3.310063924249999345e-02,1.116814813210081393e-02,1.555290000000000006e-01,1.041650000000000041e-02,1.224283607575000071e-01,4.027910184021842033e-03
3.399429999999999836e+03,2.747682023732145318e-02,1.109619704127738464e-02,1.526139999999999997e-01,1.033479999999999989e-02,1.251371797626785465e-01,4.039492262506883848e-03
3.416429999999999836e+03,2.729159076017856345e-02,1.110835018472561796e-02,1.521089999999999942e-01,1.036560000000000085e-02,1.248174092398214308e-01,3.993717624781908428e-03
3.433510000000000218e+03,2.821227564308037561e-02,1.115740922496280367e-02,1.537499999999999978e-01,1.043009999999999944e-02,1.255377243569196222e-01,3.962422819852154214e-03
3.450679999999999836e+03,3.289703051696427072e-02,1.130538613565401293e-02,1.585779999999999967e-01,1.059990000000000064e-02,1.256809694830357260e-01,3.931141776410252038e-03
3.467929999999999836e+03,1.073301974602677844e-02,1.049942126942375771e-02,1.334299999999999931e-01,9.768219999999999334e-03,1.226969802539732146e-01,3.849639596693176825e-03
3.485269999999999982e+03,2.845186261455356913e-02,1.101817437509500230e-02,1.491399999999999948e-01,1.034679999999999975e-02,1.206881373854464257e-01,3.787333668955002435e-03
3.502699999999999818e+03,3.113749068883928106e-02,1.108115355562408130e-02,1.505610000000000004e-01,1.043320000000000011e-02,1.194235093111607193e-01,3.733671367879101786e-03
3.520210000000000036e+03,3.445196125531249653e-02,1.110685770312310958e-02,1.518150000000000055e-01,1.048110000000000014e-02,1.173630387446875090e-01,3.675436141116476818e-03
3.537809999999999945e+03,2.033410241428570964e-02,1.063938274341932194e-02,1.372939999999999994e-01,9.998369999999999480e-03,1.169598975857142897e-01,3.637177821342926949e-03
3.555500000000000000e+03,3.602917801116073404e-02,1.126026297519660060e-02,1.535080000000000056e-01,1.066310000000000001e-02,1.174788219888392715e-01,3.618262105014424367e-03
3.573280000000000200e+03,3.387410869142858105e-02,1.124027044088629114e-02,1.518369999999999997e-01,1.064909999999999989e-02,1.179628913085714187e-01,3.597269627684595867e-03
3.591150000000000091e+03,3.437492470870537331e-02,1.133803505838691661e-02,1.542340000000000100e-01,1.074999999999999914e-02,1.198590752912946367e-01,3.603961568220565362e-03
3.609099999999999909e+03,2.435563806875000459e-02,1.107842720560239629e-02,1.458139999999999992e-01,1.047569999999999925e-02,1.214583619312499946e-01,3.604338893588019017e-03
3.627150000000000091e+03,3.359032406473214105e-02,1.150153541570194185e-02,1.573080000000000034e-01,1.091780000000000007e-02,1.237176759352678623e-01,3.617590369105661788e-03
3.645280000000000200e+03,4.011569232285713826e-02,1.178999130733841133e-02,1.649809999999999888e-01,1.122199999999999934e-02,1.248653076771428505e-01,3.615330002519179676e-03
3.663510000000000218e+03,3.961540248031250600e-02,1.190729432707526847e-02,1.673910000000000120e-01,1.133780000000000031e-02,1.277755975196875060e-01,3.638399284245596305e-03
3.681829999999999927e+03,1.991163696732142774e-02,1.136558171864158508e-02,1.501850000000000129e-01,1.076030000000000042e-02,1.302733630326785852e-01,3.659561683196473330e-03
3.700239999999999782e+03,2.133040367857144681e-02,1.147326720173972615e-02,1.528150000000000064e-01,1.087240000000000081e-02,1.314845963214285596e-01,3.664256885443006959e-03
3.718739999999999782e+03,1.684050705125000880e-02,1.129829758807903393e-02,1.473800000000000110e-01,1.069669999999999996e-02,1.305394929487500022e-01,3.637600513909206804e-03
3.737329999999999927e+03,1.316710948950894355e-02,1.119549871434803896e-02,1.432219999999999882e-01,1.059479999999999970e-02,1.300548905104910447e-01,3.617928194833142531e-03
3.756019999999999982e+03,2.991007271553572378e-02,1.175170807761867497e-02,1.592969999999999942e-01,1.118670000000000081e-02,1.293869272844642704e-01,3.600053590096683517e-03
3.774800000000000182e+03,2.865901792499997436e-02,1.175623037596302926e-02,1.579389999999999961e-01,1.119400000000000082e-02,1.292799820750000217e-01,3.592118685778047243e-03
3.793670000000000073e+03,1.677057417058033795e-02,1.141609160802561918e-02,1.464139999999999886e-01,1.083729999999999936e-02,1.296434258294196507e-01,3.588882320839312853e-03
3.812639999999999873e+03,9.884490948571439395e-03,1.114073403889875857e-02,1.384080000000000032e-01,1.055309999999999929e-02,1.285235090514285639e-01,3.570439092811620706e-03
3.831699999999999818e+03,1.532814041874999700e-02,1.127203553684662414e-02,1.423109999999999931e-01,1.069849999999999968e-02,1.269828595812499961e-01,3.549772231275290669e-03
3.850860000000000127e+03,2.500563666607144575e-02,1.172793382949677971e-02,1.535849999999999993e-01,1.116870000000000016e-02,1.285793633339285535e-01,3.578347693986010103e-03
3.870119999999999891e+03,8.729347800178560712e-03,1.127790441444164078e-02,1.393699999999999939e-01,1.068170000000000057e-02,1.306406521998214332e-01,3.618343970835587262e-03
3.889469999999999800e+03,-5.752488978839273570e-03,1.075894007127116934e-02,1.248800000000000049e-01,1.012779999999999930e-02,1.306324889788392785e-01,3.630765569023220677e-03
3.908920000000000073e+03,4.471082356250016820e-03,1.116262198021950557e-02,1.352520000000000111e-01,1.054929999999999930e-02,1.307809176437499943e-01,3.649164148579730430e-03
3.928460000000000036e+03,2.486124136062498047e-02,1.205956692522635459e-02,1.580290000000000028e-01,1.147630000000000004e-02,1.331677586393750223e-01,3.705090111456592512e-03
3.948099999999999909e+03,1.315659704017857479e-02,1.172947618119774167e-02,1.480660000000000032e-01,1.111320000000000016e-02,1.349094029598214284e-01,3.751985773598452006e-03
3.967840000000000146e+03,5.020962630000014304e-03,1.156044238748730330e-02,1.420490000000000086e-01,1.091600000000000036e-02,1.370280373699999943e-01,3.805886518856432289e-03
3.987679999999999836e+03,7.373680225714301928e-03,1.171199360017510099e-02,1.445039999999999936e-01,1.106689999999999931e-02,1.371303197742856916e-01,3.833342990203528547e-03
4.007619999999999891e+03,1.694511359749997781e-02,1.198474876703867729e-02,1.515569999999999973e-01,1.135760000000000068e-02,1.346118864025000195e-01,3.826110982320701098e-03
4.027659999999999854e+03,1.457921089750000010e-02,1.196493250137276032e-02,1.499250000000000027e-01,1.132149999999999997e-02,1.353457891025000026e-01,3.870820005167668020e-03
4.047800000000000182e+03,6.737700149999997778e-03,1.178559445482837802e-02,1.431860000000000077e-01,1.111460000000000052e-02,1.364482998500000099e-01,3.919936669600851929e-03
4.068039999999999964e+03,3.930311194821400900e-03,1.168168770995245583e-02,1.390369999999999939e-01,1.099649999999999933e-02,1.351066888051785930e-01,3.941930428464495394e-03
4.088380000000000109e+03,1.480456001910715469e-02,1.202247791612506139e-02,1.475849999999999940e-01,1.135399999999999951e-02,1.327804399808928393e-01,3.953056949212194887e-03
4.108819999999999709e+03,1.823486508401786499e-02,1.211193902459815203e-02,1.488530000000000131e-01,1.144359999999999995e-02,1.306181349159821481e-01,3.967755785779110075e-03
4.129359999999999673e+03,2.248932027892858176e-02,1.231265637196223874e-02,1.535670000000000091e-01,1.163310000000000038e-02,1.310776797210714273e-01,4.033917614927494920e-03
4.150010000000000218e+03,2.688418831450892221e-02,1.250949175775280600e-02,1.578219999999999901e-01,1.182449999999999994e-02,1.309378116854910679e-01,4.082717696251529117e-03
4.170760000000000218e+03,1.269484959071429109e-02,1.207758361668713996e-02,1.440390000000000004e-01,1.134180000000000084e-02,1.313441504092857093e-01,4.151096093572104878e-03
4.191609999999999673e+03,2.751572131705357083e-02,1.262062262711838648e-02,1.581359999999999988e-01,1.190030000000000081e-02,1.306202786829464280e-01,4.202734277364273546e-03
4.212569999999999709e+03,3.008880885352679946e-02,1.278183683335210909e-02,1.607760000000000022e-01,1.204969999999999999e-02,1.306871911464732028e-01,4.263810824184944073e-03
4.233630000000000109e+03,1.666056597758927560e-02,1.238260266128115780e-02,1.480660000000000032e-01,1.159490000000000000e-02,1.314054340224107276e-01,4.345934037369551112e-03
4.254800000000000182e+03,1.297317646428569615e-03,1.193136014951391363e-02,1.339259999999999895e-01,1.107430000000000046e-02,1.326286823535714199e-01,4.440409274763833410e-03
4.276079999999999927e+03,6.512109687142858538e-03,1.228913499169513764e-02,1.416630000000000111e-01,1.141310000000000067e-02,1.351508903128571526e-01,4.556751829330389462e-03
4.297460000000000036e+03,9.590733034553544645e-03,1.240372637167613985e-02,1.436679999999999902e-01,1.151300000000000066e-02,1.340772669654464455e-01,4.615545352763214017e-03
4.318939999999999600e+03,1.794319361732144014e-02,1.289075921681373180e-02,1.549830000000000096e-01,1.198199999999999960e-02,1.370398063826785695e-01,4.754297969823536793e-03
4.340539999999999964e+03,1.355539122062501822e-02,1.284708188459498385e-02,1.510710000000000108e-01,1.189699999999999959e-02,1.375156087793749926e-01,4.848598142709769319e-03
4.362239999999999782e+03,5.173335454999983263e-03,1.263854058144893606e-02,1.434620000000000062e-01,1.162569999999999923e-02,1.382886645450000229e-01,4.957399271687889554e-03
4.384050000000000182e+03,1.352168900156250353e-02,1.310197785947308548e-02,1.536079999999999945e-01,1.207560000000000057e-02,1.400863109984374910e-01,5.083474055222756208e-03
4.405970000000000255e+03,1.429164123799106512e-02,1.313304277583478112e-02,1.528990000000000071e-01,1.208060000000000037e-02,1.386073587620089420e-01,5.151302378224960864e-03
4.428000000000000000e+03,2.009568353571428156e-02,1.333312072308507658e-02,1.567959999999999909e-01,1.227119999999999947e-02,1.367003164642857094e-01,5.214379999229128149e-03
4.450140000000000327e+03,3.002182707205355849e-02,1.365977150514169000e-02,1.648969999999999880e-01,1.259689999999999942e-02,1.348751729279464295e-01,5.282751930829318598e-03
4.472390000000000327e+03,2.570107912522320848e-02,1.353998656824944441e-02,1.596829999999999916e-01,1.243230000000000030e-02,1.339819208747767831e-01,5.363688374465405868e-03
4.494750000000000000e+03,2.358953584374998136e-02,1.333361146015859394e-02,1.534719999999999973e-01,1.219950000000000027e-02,1.298824641562500160e-01,5.381207515091069454e-03
4.517229999999999563e+03,2.199312500000000226e-02,1.324131708033135860e-02,1.497080000000000077e-01,1.210319999999999972e-02,1.277148750000000055e-01,5.370756723393361673e-03
4.539810000000000400e+03,3.323275000000000534e-02,1.359968534259731535e-02,1.582560000000000078e-01,1.251230000000000050e-02,1.250232500000000024e-01,5.328582375046504380e-03
4.562510000000000218e+03,4.001937499999998205e-02,1.376840176230637383e-02,1.625659999999999883e-01,1.271240000000000044e-02,1.225466250000000062e-01,5.288078415481491969e-03
4.585329999999999927e+03,3.018637500000000140e-02,1.342590832337448373e-02,1.526949999999999974e-01,1.233579999999999920e-02,1.225086249999999960e-01,5.299344550758730392e-03
4.608250000000000000e+03,2.090200000000000391e-02,1.311595492563946870e-02,1.433520000000000072e-01,1.199300000000000019e-02,1.224500000000000033e-01,5.310011733641108699e-03
4.631289999999999964e+03,1.361025000000000429e-02,1.295679769807749418e-02,1.381890000000000063e-01,1.178910000000000027e-02,1.245787500000000020e-01,5.375474656149561645e-03
4.654449999999999818e+03,2.152187499999999587e-02,1.334767209886240751e-02,1.461500000000000021e-01,1.220919999999999991e-02,1.246281250000000063e-01,5.394050965531378868e-03
4.677720000000000255e+03,2.319087499999999968e-02,1.353285346965856992e-02,1.495849999999999957e-01,1.238599999999999944e-02,1.263941249999999961e-01,5.452075479232656834e-03
4.701109999999999673e+03,5.714375000000021521e-03,1.293067904385366250e-02,1.328660000000000119e-01,1.171020000000000047e-02,1.271516249999999904e-01,5.483947163782329146e-03
4.724619999999999891e+03,3.504312500000000830e-02,1.414826263787028610e-02,1.641890000000000016e-01,1.301760000000000070e-02,1.291458749999999933e-01,5.542149935733988245e-03
4.748239999999999782e+03,3.599600000000000022e-02,1.429746093829359702e-02,1.668560000000000043e-01,1.315689999999999915e-02,1.308600000000000041e-01,5.595835207726479639e-03
4.771979999999999563e+03,2.674762499999999710e-02,1.400673610257534112e-02,1.573559999999999959e-01,1.283519999999999973e-02,1.306083749999999988e-01,5.607699814289946079e-03
4.795840000000000146e+03,2.335499999999998688e-02,1.385849344169262642e-02,1.532070000000000098e-01,1.267290000000000083e-02,1.298520000000000230e-01,5.608515495515502443e-03
4.819819999999999709e+03,2.805700000000002636e-02,1.394113221182756955e-02,1.552280000000000049e-01,1.278439999999999958e-02,1.271709999999999785e-01,5.560061509341083889e-03
4.843920000000000073e+03,2.606337499999999974e-02,1.395848470040937130e-02,1.541980000000000017e-01,1.278900000000000002e-02,1.281346250000000020e-01,5.592921788436031570e-03
4.868140000000000327e+03,2.178000000000002156e-02,1.379993714703191092e-02,1.497930000000000095e-01,1.261239999999999931e-02,1.280129999999999879e-01,5.600502790110120817e-03
4.892479999999999563e+03,2.025299999999999323e-02,1.383474102186344618e-02,1.498079999999999967e-01,1.263159999999999977e-02,1.295550000000000035e-01,5.642937230027572290e-03
4.916939999999999600e+03,2.224462500000001786e-02,1.401735485454103092e-02,1.526669999999999972e-01,1.281900000000000053e-02,1.304223749999999793e-01,5.670932561592052432e-03
4.941529999999999745e+03,2.343150000000002176e-02,1.401280127453219913e-02,1.525680000000000092e-01,1.282200000000000006e-02,1.291364999999999874e-01,5.652867905721063908e-03
4.966229999999999563e+03,1.825087499999999974e-02,1.388086432506208286e-02,1.482249999999999956e-01,1.266349999999999941e-02,1.299741249999999959e-01,5.684554702066050777e-03
4.991069999999999709e+03,1.432012500000001687e-02,1.387393216569409587e-02,1.469880000000000075e-01,1.262180000000000073e-02,1.326678749999999907e-01,5.759874868283273303e-03
5.016020000000000437e+03,6.995249999999980650e-03,1.387374418317406481e-02,1.439749999999999919e-01,1.257119999999999939e-02,1.369797500000000112e-01,5.869046619354479320e-03
5.041100000000000364e+03,2.503562500000000579e-02,1.478066868223174360e-02,1.651469999999999883e-01,1.352970000000000041e-02,1.401113749999999825e-01,5.951082641327227335e-03
5.066310000000000400e+03,2.230537499999998841e-02,1.478314844885152482e-02,1.643380000000000118e-01,1.350699999999999991e-02,1.420326250000000234e-01,6.008529692094501801e-03
5.091640000000000327e+03,1.020112500000003308e-02,1.438296553008214761e-02,1.529300000000000104e-01,1.305229999999999932e-02,1.427288749999999773e-01,6.042115701435321964e-03
5.117100000000000364e+03,-5.603750000000018439e-04,1.407154146947616792e-02,1.437869999999999981e-01,1.268140000000000066e-02,1.443473750000000000e-01,6.098391047414677968e-03
5.142680000000000291e+03,-5.087125000000025654e-03,1.407327169100725667e-02,1.424429999999999863e-01,1.264440000000000008e-02,1.475301250000000119e-01,6.178683090182425681e-03
5.168399999999999636e+03,6.249250000000011740e-03,1.462911414502344326e-02,1.553009999999999946e-01,1.324039999999999939e-02,1.490517499999999829e-01,6.221156524965836682e-03
5.194239999999999782e+03,1.873712500000002112e-02,1.513563236430324165e-02,1.673890000000000100e-01,1.379700000000000024e-02,1.486518749999999889e-01,6.223355852539990719e-03
5.220210000000000036e+03,1.994162499999999061e-02,1.524890302078624194e-02,1.681769999999999932e-01,1.391990000000000068e-02,1.482353750000000026e-01,6.226188828436200404e-03
5.246310000000000400e+03,1.176462499999997302e-02,1.489443837308703292e-02,1.590679999999999872e-01,1.353350000000000039e-02,1.473033750000000142e-01,6.220021880965331124e-03
5.272539999999999964e+03,-1.769249999999999989e-03,1.434401194400253786e-02,1.446550000000000058e-01,1.292749999999999976e-02,1.464242500000000058e-01,6.215337673826539303e-03
5.298899999999999636e+03,1.551574999999999482e-02,1.506735150174148136e-02,1.627770000000000050e-01,1.370999999999999996e-02,1.472612500000000102e-01,6.249878500981538750e-03
5.325399999999999636e+03,2.410662499999999264e-02,1.549457045345340421e-02,1.721509999999999985e-01,1.416410000000000065e-02,1.480443750000000058e-01,6.281718294147808045e-03
5.352029999999999745e+03,2.169762499999999816e-02,1.550619207003487744e-02,1.714990000000000125e-01,1.415190000000000024e-02,1.498013750000000144e-01,6.337643008470302160e-03
5.378789999999999964e+03,1.416124999999990308e-03,1.473582680271750232e-02,1.515890000000000015e-01,1.329220000000000054e-02,1.501728750000000112e-01,6.360975610681706208e-03
5.405680000000000291e+03,-6.352124999999986255e-03,1.450794045783097147e-02,1.442120000000000068e-01,1.302689999999999924e-02,1.505641249999999931e-01,6.385938671641683967e-03
5.432710000000000036e+03,4.019500000000009177e-03,1.487540914751906036e-02,1.524820000000000064e-01,1.344509999999999976e-02,1.484624999999999972e-01,6.364517522648024776e-03
5.459869999999999891e+03,2.783749999999998725e-02,1.576228183334348054e-02,1.741729999999999945e-01,1.443099999999999938e-02,1.463355000000000072e-01,6.340013217158936044e-03
5.487170000000000073e+03,1.762500000000000178e-02,1.543160187817214923e-02,1.646370000000000056e-01,1.405539999999999914e-02,1.470120000000000038e-01,6.370248611036012816e-03
5.514609999999999673e+03,1.391375000000000250e-02,1.521997632100757433e-02,1.586319999999999952e-01,1.383900000000000061e-02,1.447182499999999927e-01,6.334805301825089004e-03
5.542180000000000291e+03,2.266212499999997743e-02,1.551148052277026394e-02,1.649950000000000028e-01,1.417320000000000038e-02,1.423328750000000253e-01,6.302890588315907504e-03
5.569890000000000327e+03,3.103212499999999374e-02,1.577183619219021948e-02,1.715319999999999900e-01,1.446790000000000055e-02,1.404998749999999963e-01,6.279385834879175517e-03
5.597739999999999782e+03,1.672162499999998997e-02,1.517653856486324455e-02,1.569609999999999894e-01,1.381210000000000077e-02,1.402393749999999994e-01,6.289134789522423177e-03
5.625729999999999563e+03,2.015412499999999496e-02,1.534206360242263041e-02,1.599039999999999906e-01,1.399350000000000073e-02,1.397498749999999956e-01,6.289743502781433224e-03
5.653859999999999673e+03,2.356087499999998114e-02,1.560402595951802633e-02,1.640199999999999991e-01,1.426889999999999929e-02,1.404591250000000180e-01,6.315387473093990629e-03
5.682130000000000109e+03,1.971637500000000820e-02,1.561120226600617306e-02,1.626080000000000025e-01,1.424770000000000029e-02,1.428916249999999943e-01,6.380648940363060038e-03
5.710539999999999964e+03,1.471824999999998829e-02,1.556968924433484863e-02,1.606339999999999990e-01,1.416240000000000034e-02,1.459157500000000107e-01,6.468512147716524822e-03
5.739090000000000146e+03,1.169325000000001613e-02,1.556099851988738784e-02,1.591930000000000012e-01,1.413009999999999960e-02,1.474997499999999850e-01,6.518047938296979080e-03
5.767789999999999964e+03,8.969124999999994463e-03,1.542426482251767553e-02,1.545799999999999952e-01,1.399259999999999914e-02,1.456108750000000007e-01,6.489614052866028715e-03
5.796619999999999891e+03,3.330124999999989344e-03,1.510854259806869090e-02,1.470339999999999980e-01,1.365629999999999969e-02,1.437038750000000087e-01,6.463244521728715719e-03
5.825609999999999673e+03,2.346712500000000534e-02,1.590948347402128260e-02,1.661310000000000009e-01,1.454100000000000011e-02,1.426638749999999956e-01,6.455306608531948855e-03
5.854739999999999782e+03,1.943274999999999864e-02,1.568734031747913080e-02,1.605989999999999918e-01,1.430559999999999991e-02,1.411662499999999931e-01,6.437581446195943420e-03
5.884010000000000218e+03,1.928500000000002434e-02,1.578786304289627254e-02,1.616410000000000069e-01,1.439430000000000050e-02,1.423559999999999826e-01,6.485425735543504100e-03
5.913430000000000291e+03,2.490337499999997761e-02,1.612976142258077533e-02,1.690669999999999951e-01,1.474400000000000016e-02,1.441636250000000175e-01,6.540922530452031487e-03
5.943000000000000000e+03,2.318124999999998659e-02,1.603922505645826932e-02,1.665909999999999891e-01,1.464900000000000056e-02,1.434097500000000025e-01,6.531733262444107749e-03
5.972710000000000036e+03,8.625249999999973216e-03,1.555952875074667965e-02,1.533289999999999931e-01,1.410250000000000045e-02,1.447037500000000199e-01,6.574072458933846036e-03
6.002569999999999709e+03,-7.923249999999992799e-03,1.506010072513108179e-02,1.397869999999999946e-01,1.350739999999999927e-02,1.477102499999999874e-01,6.660088519764114333e-03
6.032590000000000146e+03,1.170237499999998709e-02,1.592355423687461663e-02,1.590020000000000044e-01,1.446090000000000049e-02,1.472996250000000173e-01,6.666479635061334577e-03
6.062750000000000000e+03,1.783112500000003098e-02,1.628692530251931239e-02,1.667780000000000096e-01,1.483510000000000037e-02,1.489468749999999786e-01,6.721885434894271129e-03
6.093060000000000400e+03,1.398012499999998215e-02,1.623700731693844199e-02,1.645310000000000106e-01,1.475719999999999983e-02,1.505508750000000284e-01,6.772403913700991360e-03
6.123529999999999745e+03,1.707587500000001812e-02,1.626282197691928180e-02,1.651940000000000075e-01,1.480579999999999917e-02,1.481181249999999894e-01,6.728124925487691081e-03
6.154149999999999636e+03,2.877424999999997346e-02,1.651522544965610892e-02,1.720359999999999945e-01,1.512340000000000038e-02,1.432617500000000210e-01,6.635920741914324260e-03
6.184920000000000073e+03,2.454112500000002473e-02,1.618798013559655941e-02,1.633660000000000112e-01,1.480150000000000042e-02,1.388248749999999865e-01,6.554868314502492778e-03
6.215840000000000146e+03,2.088712499999997863e-02,1.596490352728838213e-02,1.570969999999999867e-01,1.457750000000000018e-02,1.362098750000000080e-01,6.509580507653699513e-03
6.246920000000000073e+03,2.719350000000000933e-02,1.614947966233645435e-02,1.613009999999999999e-01,1.479630000000000008e-02,1.341074999999999906e-01,6.471104980930131485e-03
6.278159999999999854e+03,2.973187499999999095e-02,1.642189231031913541e-02,1.665520000000000056e-01,1.506019999999999928e-02,1.368201250000000146e-01,6.547436369428782064e-03
6.309550000000000182e+03,2.312987500000002195e-02,1.624504473200020366e-02,1.613400000000000112e-01,1.484650000000000032e-02,1.382101249999999892e-01,6.594157724432097439e-03
6.341090000000000146e+03,6.003875000000019613e-03,1.582150599695612836e-02,1.491760000000000030e-01,1.431690000000000046e-02,1.431721249999999834e-01,6.733975527258675639e-03
6.372800000000000182e+03,2.705337499999999062e-02,1.686825695188117272e-02,1.733169999999999988e-01,1.542600000000000048e-02,1.462636250000000082e-01,6.824706337615377323e-03
6.404659999999999854e+03,2.510087500000002247e-02,1.709419274065574271e-02,1.764330000000000065e-01,1.561390000000000000e-02,1.513321249999999840e-01,6.958272216914735027e-03
6.436689999999999600e+03,1.606700000000002571e-02,1.709370278597684145e-02,1.736209999999999976e-01,1.554329999999999948e-02,1.575539999999999718e-01,7.113402845707003999e-03
6.468869999999999891e+03,3.495749999999991919e-03,1.689119619466195391e-02,1.661489999999999911e-01,1.525819999999999954e-02,1.626532499999999992e-01,7.245677445661137181e-03
6.501220000000000255e+03,1.544349999999999890e-02,1.758406611131758598e-02,1.814459999999999962e-01,1.598060000000000105e-02,1.660024999999999973e-01,7.336198242086121486e-03
6.533720000000000255e+03,1.351074999999998805e-02,1.756044511388627979e-02,1.800190000000000123e-01,1.594140000000000140e-02,1.665082500000000243e-01,7.364848853697711709e-03
6.566390000000000327e+03,1.359537499999999288e-02,1.759547641266339182e-02,1.799860000000000071e-01,1.597300000000000109e-02,1.663906250000000142e-01,7.379977045261981033e-03
6.599220000000000255e+03,1.328024999999999345e-02,1.757368569988770196e-02,1.785889999999999977e-01,1.595399999999999943e-02,1.653087500000000043e-01,7.369146020974037641e-03
6.632220000000000255e+03,1.253100000000001435e-02,1.780380626854742923e-02,1.820730000000000126e-01,1.615549999999999972e-02,1.695419999999999983e-01,7.481666752667399424e-03
6.665380000000000109e+03,2.983999999999986663e-03,1.748305414631461802e-02,1.733159999999999978e-01,1.578330000000000011e-02,1.703320000000000112e-01,7.519615907276697674e-03
6.698710000000000036e+03,4.502624999999982336e-03,1.743670347092502251e-02,1.723129999999999939e-01,1.575100000000000111e-02,1.678103750000000116e-01,7.479614089842386883e-03
6.732199999999999818e+03,7.384250000000008862e-03,1.748699112623616769e-02,1.731890000000000096e-01,1.582129999999999995e-02,1.658047500000000007e-01,7.448578720740118599e-03
6.765859999999999673e+03,1.484774999999999290e-02,1.791332740277647162e-02,1.818790000000000129e-01,1.627129999999999896e-02,1.670312500000000200e-01,7.492135539955380348e-03
6.799689999999999600e+03,2.448887500000002104e-02,1.849953076110564046e-02,1.938380000000000103e-01,1.688620000000000052e-02,1.693491249999999892e-01,7.555718889761168719e-03
6.833689999999999600e+03,1.253112500000000407e-02,1.814658251488934088e-02,1.835970000000000102e-01,1.647500000000000006e-02,1.710658750000000061e-01,7.607419534223645169e-03
6.867859999999999673e+03,3.786374999999980728e-03,1.779793643132803610e-02,1.745629999999999959e-01,1.608630000000000129e-02,1.707766250000000152e-01,7.615608545848044121e-03
6.902199999999999818e+03,-1.241249999999749498e-04,1.747977743711554358e-02,1.673040000000000083e-01,1.576369999999999855e-02,1.674281249999999832e-01,7.553037902797373609e-03
6.936710000000000036e+03,8.068875000000003128e-03,1.794681975354112113e-02,1.770559999999999912e-01,1.625829999999999984e-02,1.689871249999999880e-01,7.599738178127832776e-03
6.971390000000000327e+03,2.215449999999999364e-02,1.863515555604849244e-02,1.924669999999999992e-01,1.699619999999999950e-02,1.703125000000000056e-01,7.641872032304977344e-03
7.006250000000000000e+03,1.121437499999999865e-02,1.816964392857630881e-02,1.813190000000000079e-01,1.648140000000000022e-02,1.701046250000000093e-01,7.648490997003918636e-03
7.041279999999999745e+03,-1.725375000000001213e-03,1.754702547878485980e-02,1.668719999999999926e-01,1.580370000000000039e-02,1.685973749999999938e-01,7.625035702416415456e-03
7.076489999999999782e+03,-3.380999999999995120e-03,1.763529012868710055e-02,1.674299999999999955e-01,1.586740000000000025e-02,1.708109999999999906e-01,7.696042824917800028e-03
7.111869999999999891e+03,-5.779124999999996071e-03,1.786230294819581704e-02,1.693620000000000125e-01,1.606089999999999948e-02,1.751411250000000086e-01,7.817247456945763603e-03
7.147430000000000291e+03,6.211624999999998398e-03,1.863462296470939916e-02,1.853609999999999980e-01,1.686419999999999933e-02,1.791493749999999996e-01,7.927668723961351499e-03
7.183159999999999854e+03,1.031974999999998865e-02,1.901638310442389790e-02,1.926519999999999899e-01,1.724349999999999841e-02,1.823322500000000013e-01,8.017763661035334777e-03
7.219079999999999927e+03,-7.585249999999987836e-03,1.832741622119713615e-02,1.744670000000000110e-01,1.647339999999999915e-02,1.820522499999999988e-01,8.032513789904129758e-03
7.255180000000000291e+03,-8.425625000000019904e-03,1.827706246771482884e-02,1.740369999999999973e-01,1.640410000000000132e-02,1.824626250000000172e-01,8.059560511513640807e-03
7.291449999999999818e+03,-8.280124999999999291e-03,1.839907302226799490e-02,1.756570000000000076e-01,1.651489999999999903e-02,1.839371250000000069e-01,8.110731537213519693e-03
7.327909999999999854e+03,-7.206000000000017947e-03,1.857486746310387654e-02,1.781419999999999948e-01,1.668549999999999894e-02,1.853480000000000127e-01,8.162094769228975602e-03
7.364550000000000182e+03,-6.950874999999995252e-03,1.862460180623417422e-02,1.775190000000000101e-01,1.674360000000000084e-02,1.844698750000000054e-01,8.156448460008881851e-03
7.401369999999999891e+03,1.581637499999996588e-02,1.935634528370558036e-02,1.952419999999999989e-01,1.759859999999999897e-02,1.794256250000000330e-01,8.059614183199543744e-03
7.438380000000000109e+03,1.624012499999999415e-02,1.918936571550194231e-02,1.909750000000000059e-01,1.745620000000000158e-02,1.747348750000000117e-01,7.969494220041900209e-03
7.475569999999999709e+03,1.304362500000000313e-02,1.887881959487354433e-02,1.838210000000000122e-01,1.714910000000000045e-02,1.707773750000000090e-01,7.894187639382614988e-03
7.512949999999999818e+03,8.519499999999985418e-03,1.854282955577101280e-02,1.768679999999999974e-01,1.679829999999999865e-02,1.683485000000000120e-01,7.851983510195052751e-03
7.550510000000000218e+03,1.920837499999999975e-02,1.918162766850417880e-02,1.906220000000000137e-01,1.746150000000000133e-02,1.714136250000000139e-01,7.939197551587000301e-03
7.588260000000000218e+03,1.131725000000000092e-02,1.907682080623301912e-02,1.869649999999999923e-01,1.729359999999999925e-02,1.756477499999999914e-01,8.053352787077255534e-03
7.626210000000000036e+03,4.353749999999878550e-04,1.876482435809086191e-02,1.787060000000000037e-01,1.691170000000000173e-02,1.782706250000000159e-01,8.130992331812889745e-03
7.664340000000000146e+03,6.785125000000002959e-03,1.892024663383117672e-02,1.814330000000000109e-01,1.711309999999999915e-02,1.746478750000000080e-01,8.069544043810654432e-03
7.702659999999999854e+03,1.595150000000000734e-02,1.931115549433150627e-02,1.900020000000000042e-01,1.754479999999999928e-02,1.740504999999999969e-01,8.068501687813542725e-03
7.741170000000000073e+03,2.467175000000002005e-02,1.977432974111812194e-02,1.996350000000000069e-01,1.803739999999999857e-02,1.749632499999999868e-01,8.104092666700495398e-03
7.779880000000000109e+03,3.587174999999998004e-02,2.051022872094860131e-02,2.149659999999999904e-01,1.879149999999999918e-02,1.790942500000000104e-01,8.218820471066696012e-03
7.818779999999999745e+03,2.672499999999966569e-04,1.913283735036768948e-02,1.811470000000000025e-01,1.725049999999999847e-02,1.808797500000000058e-01,8.275609634681000207e-03
7.857869999999999891e+03,2.964749999999988228e-03,1.914888990909460048e-02,1.810609999999999997e-01,1.729119999999999963e-02,1.780962500000000115e-01,8.227659892741375630e-03
7.897159999999999854e+03,6.098624999999996410e-03,1.917243019181856870e-02,1.793609999999999927e-01,1.727940000000000031e-02,1.732623749999999963e-01,8.306889616466335904e-03
7.936649999999999636e+03,1.157199999999999895e-02,1.963375259122588853e-02,1.818410000000000026e-01,1.753029999999999866e-02,1.702690000000000037e-01,8.841539612729753042e-03
7.976329999999999927e+03,2.017333333333343193e-03,1.973492147849142606e-02,1.749040000000000039e-01,1.720800000000000107e-02,1.728866666666666607e-01,9.661876720504263688e-03
8.016210000000000036e+03,1.607020000000000670e-02,2.096225817270648897e-02,1.915300000000000058e-01,1.801209999999999964e-02,1.754597999999999991e-01,1.072289705672865336e-02
8.050869999999999891e+03,3.646250000000000879e-02,2.536599599428090643e-02,2.133780000000000121e-01,2.227329999999999935e-02,1.769155000000000033e-01,1.213811599433268704e-02
